material_id,composition_group,latent_arm,seed,resolved_target_seed,family,attempt,constructed,passed,rejection_stage,reason,sampled_A,sampled_B,sampled_X,source_AB_sampled,passed_source_AB,source_charge_neutral,source_deterministically_exportable
cmr_11dacddcba738021fcb7a8ad9b578f91,Cr:1|Cs:1|N:3,joint,0,1948311718,nitride,1,False,False,charge_compatible_A,no compatible A species,,Cr,N,False,False,False,False
cmr_11dacddcba738021fcb7a8ad9b578f91,Cr:1|Cs:1|N:3,joint,0,1948311718,nitride,2,False,False,charge_compatible_A,no compatible A species,,Zr,N,False,False,False,False
cmr_11dacddcba738021fcb7a8ad9b578f91,Cr:1|Cs:1|N:3,joint,0,1948311718,nitride,3,False,False,charge_compatible_A,no compatible A species,,Cr,N,False,False,False,False
cmr_11dacddcba738021fcb7a8ad9b578f91,Cr:1|Cs:1|N:3,joint,0,1948311718,nitride,4,False,False,charge_compatible_A,no compatible A species,,Cr,N,False,False,False,False
cmr_11dacddcba738021fcb7a8ad9b578f91,Cr:1|Cs:1|N:3,joint,0,1948311718,nitride,5,False,False,charge_compatible_A,no compatible A species,,Cr,N,False,False,False,False
cmr_11dacddcba738021fcb7a8ad9b578f91,Cr:1|Cs:1|N:3,joint,0,1948311718,nitride,6,False,False,charge_compatible_A,no compatible A species,,Cr,N,False,False,False,False
cmr_11dacddcba738021fcb7a8ad9b578f91,Cr:1|Cs:1|N:3,joint,0,1948311718,nitride,7,False,False,charge_compatible_A,no compatible A species,,Cr,N,False,False,False,False
cmr_11dacddcba738021fcb7a8ad9b578f91,Cr:1|Cs:1|N:3,joint,0,1948311718,nitride,8,False,False,charge_compatible_A,no compatible A species,,Cr,N,False,False,False,False
cmr_11dacddcba738021fcb7a8ad9b578f91,Cr:1|Cs:1|N:3,joint,0,1948311718,nitride,9,False,False,charge_compatible_A,no compatible A species,,Cr,N,False,False,False,False
cmr_11dacddcba738021fcb7a8ad9b578f91,Cr:1|Cs:1|N:3,joint,0,1948311718,nitride,10,False,False,charge_compatible_A,no compatible A species,,Cr,N,False,False,False,False
cmr_11dacddcba738021fcb7a8ad9b578f91,Cr:1|Cs:1|N:3,joint,0,1948311718,nitride,11,False,False,charge_compatible_A,no compatible A species,,Cr,N,False,False,False,False
cmr_11dacddcba738021fcb7a8ad9b578f91,Cr:1|Cs:1|N:3,joint,0,1948311718,nitride,12,False,False,charge_compatible_A,no compatible A species,,Cr,N,False,False,False,False
cmr_11dacddcba738021fcb7a8ad9b578f91,Cr:1|Cs:1|N:3,joint,1,173270119,nitride,1,False,False,charge_compatible_A,no compatible A species,,Cr,N,False,False,False,False
cmr_11dacddcba738021fcb7a8ad9b578f91,Cr:1|Cs:1|N:3,joint,1,173270119,nitride,2,False,False,charge_compatible_A,no compatible A species,,Cr,N,False,False,False,False
cmr_11dacddcba738021fcb7a8ad9b578f91,Cr:1|Cs:1|N:3,joint,1,173270119,nitride,3,False,False,charge_compatible_A,no compatible A species,,Cr,N,False,False,False,False
cmr_11dacddcba738021fcb7a8ad9b578f91,Cr:1|Cs:1|N:3,joint,1,173270119,nitride,4,False,False,charge_compatible_A,no compatible A species,,Cr,N,False,False,False,False
cmr_11dacddcba738021fcb7a8ad9b578f91,Cr:1|Cs:1|N:3,joint,1,173270119,nitride,5,False,False,charge_compatible_A,no compatible A species,,Cr,N,False,False,False,False
cmr_11dacddcba738021fcb7a8ad9b578f91,Cr:1|Cs:1|N:3,joint,1,173270119,nitride,6,False,False,charge_compatible_A,no compatible A species,,Cr,N,False,False,False,False
cmr_11dacddcba738021fcb7a8ad9b578f91,Cr:1|Cs:1|N:3,joint,1,173270119,nitride,7,False,False,charge_compatible_A,no compatible A species,,Zr,N,False,False,False,False
cmr_11dacddcba738021fcb7a8ad9b578f91,Cr:1|Cs:1|N:3,joint,1,173270119,nitride,8,False,False,charge_compatible_A,no compatible A species,,Cr,N,False,False,False,False
cmr_11dacddcba738021fcb7a8ad9b578f91,Cr:1|Cs:1|N:3,joint,1,173270119,nitride,9,False,False,charge_compatible_A,no compatible A species,,Zr,N,False,False,False,False
cmr_11dacddcba738021fcb7a8ad9b578f91,Cr:1|Cs:1|N:3,joint,1,173270119,nitride,10,False,False,charge_compatible_A,no compatible A species,,Cr,N,False,False,False,False
cmr_11dacddcba738021fcb7a8ad9b578f91,Cr:1|Cs:1|N:3,joint,1,173270119,nitride,11,False,False,charge_compatible_A,no compatible A species,,Zr,N,False,False,False,False
cmr_11dacddcba738021fcb7a8ad9b578f91,Cr:1|Cs:1|N:3,joint,1,173270119,nitride,12,False,False,charge_compatible_A,no compatible A species,,Cr,N,False,False,False,False
cmr_11dacddcba738021fcb7a8ad9b578f91,Cr:1|Cs:1|N:3,joint,2,1395338148,nitride,1,False,False,charge_compatible_A,no compatible A species,,Cr,N,False,False,False,False
cmr_11dacddcba738021fcb7a8ad9b578f91,Cr:1|Cs:1|N:3,joint,2,1395338148,nitride,2,False,False,charge_compatible_A,no compatible A species,,Cr,N,False,False,False,False
cmr_11dacddcba738021fcb7a8ad9b578f91,Cr:1|Cs:1|N:3,joint,2,1395338148,nitride,3,False,False,charge_compatible_A,no compatible A species,,Cr,N,False,False,False,False
cmr_11dacddcba738021fcb7a8ad9b578f91,Cr:1|Cs:1|N:3,joint,2,1395338148,nitride,4,False,False,charge_compatible_A,no compatible A species,,Cr,N,False,False,False,False
cmr_11dacddcba738021fcb7a8ad9b578f91,Cr:1|Cs:1|N:3,joint,2,1395338148,nitride,5,False,False,charge_compatible_A,no compatible A species,,Cr,N,False,False,False,False
cmr_11dacddcba738021fcb7a8ad9b578f91,Cr:1|Cs:1|N:3,joint,2,1395338148,nitride,6,False,False,charge_compatible_A,no compatible A species,,Zr,N,False,False,False,False
cmr_11dacddcba738021fcb7a8ad9b578f91,Cr:1|Cs:1|N:3,joint,2,1395338148,nitride,7,False,False,charge_compatible_A,no compatible A species,,Cr,N,False,False,False,False
cmr_11dacddcba738021fcb7a8ad9b578f91,Cr:1|Cs:1|N:3,joint,2,1395338148,nitride,8,False,False,charge_compatible_A,no compatible A species,,Cr,N,False,False,False,False
cmr_11dacddcba738021fcb7a8ad9b578f91,Cr:1|Cs:1|N:3,joint,2,1395338148,nitride,9,False,False,charge_compatible_A,no compatible A species,,Cr,N,False,False,False,False
cmr_11dacddcba738021fcb7a8ad9b578f91,Cr:1|Cs:1|N:3,joint,2,1395338148,nitride,10,False,False,charge_compatible_A,no compatible A species,,Cr,N,False,False,False,False
cmr_11dacddcba738021fcb7a8ad9b578f91,Cr:1|Cs:1|N:3,joint,2,1395338148,nitride,11,False,False,charge_compatible_A,no compatible A species,,Cr,N,False,False,False,False
cmr_11dacddcba738021fcb7a8ad9b578f91,Cr:1|Cs:1|N:3,joint,2,1395338148,nitride,12,False,False,charge_compatible_A,no compatible A species,,Cr,N,False,False,False,False
cmr_11dacddcba738021fcb7a8ad9b578f91,Cr:1|Cs:1|N:3,fixed_real,0,1948311718,nitride,1,False,False,charge_compatible_A,no compatible A species,,Cr,N,False,False,False,False
cmr_11dacddcba738021fcb7a8ad9b578f91,Cr:1|Cs:1|N:3,fixed_real,0,1948311718,nitride,2,False,False,charge_compatible_A,no compatible A species,,Zr,N,False,False,False,False
cmr_11dacddcba738021fcb7a8ad9b578f91,Cr:1|Cs:1|N:3,fixed_real,0,1948311718,nitride,3,False,False,charge_compatible_A,no compatible A species,,Cr,N,False,False,False,False
cmr_11dacddcba738021fcb7a8ad9b578f91,Cr:1|Cs:1|N:3,fixed_real,0,1948311718,nitride,4,False,False,charge_compatible_A,no compatible A species,,Cr,N,False,False,False,False
cmr_11dacddcba738021fcb7a8ad9b578f91,Cr:1|Cs:1|N:3,fixed_real,0,1948311718,nitride,5,False,False,charge_compatible_A,no compatible A species,,Cr,N,False,False,False,False
cmr_11dacddcba738021fcb7a8ad9b578f91,Cr:1|Cs:1|N:3,fixed_real,0,1948311718,nitride,6,False,False,charge_compatible_A,no compatible A species,,Cr,N,False,False,False,False
cmr_11dacddcba738021fcb7a8ad9b578f91,Cr:1|Cs:1|N:3,fixed_real,0,1948311718,nitride,7,False,False,charge_compatible_A,no compatible A species,,Cr,N,False,False,False,False
cmr_11dacddcba738021fcb7a8ad9b578f91,Cr:1|Cs:1|N:3,fixed_real,0,1948311718,nitride,8,False,False,charge_compatible_A,no compatible A species,,Cr,N,False,False,False,False
cmr_11dacddcba738021fcb7a8ad9b578f91,Cr:1|Cs:1|N:3,fixed_real,0,1948311718,nitride,9,False,False,charge_compatible_A,no compatible A species,,Cr,N,False,False,False,False
cmr_11dacddcba738021fcb7a8ad9b578f91,Cr:1|Cs:1|N:3,fixed_real,0,1948311718,nitride,10,False,False,charge_compatible_A,no compatible A species,,Cr,N,False,False,False,False
cmr_11dacddcba738021fcb7a8ad9b578f91,Cr:1|Cs:1|N:3,fixed_real,0,1948311718,nitride,11,False,False,charge_compatible_A,no compatible A species,,Cr,N,False,False,False,False
cmr_11dacddcba738021fcb7a8ad9b578f91,Cr:1|Cs:1|N:3,fixed_real,0,1948311718,nitride,12,False,False,charge_compatible_A,no compatible A species,,Cr,N,False,False,False,False
cmr_11dacddcba738021fcb7a8ad9b578f91,Cr:1|Cs:1|N:3,fixed_real,1,173270119,nitride,1,False,False,charge_compatible_A,no compatible A species,,Cr,N,False,False,False,False
cmr_11dacddcba738021fcb7a8ad9b578f91,Cr:1|Cs:1|N:3,fixed_real,1,173270119,nitride,2,False,False,charge_compatible_A,no compatible A species,,Cr,N,False,False,False,False
cmr_11dacddcba738021fcb7a8ad9b578f91,Cr:1|Cs:1|N:3,fixed_real,1,173270119,nitride,3,False,False,charge_compatible_A,no compatible A species,,Cr,N,False,False,False,False
cmr_11dacddcba738021fcb7a8ad9b578f91,Cr:1|Cs:1|N:3,fixed_real,1,173270119,nitride,4,False,False,charge_compatible_A,no compatible A species,,Cr,N,False,False,False,False
cmr_11dacddcba738021fcb7a8ad9b578f91,Cr:1|Cs:1|N:3,fixed_real,1,173270119,nitride,5,False,False,charge_compatible_A,no compatible A species,,Cr,N,False,False,False,False
cmr_11dacddcba738021fcb7a8ad9b578f91,Cr:1|Cs:1|N:3,fixed_real,1,173270119,nitride,6,False,False,charge_compatible_A,no compatible A species,,Cr,N,False,False,False,False
cmr_11dacddcba738021fcb7a8ad9b578f91,Cr:1|Cs:1|N:3,fixed_real,1,173270119,nitride,7,False,False,charge_compatible_A,no compatible A species,,Zr,N,False,False,False,False
cmr_11dacddcba738021fcb7a8ad9b578f91,Cr:1|Cs:1|N:3,fixed_real,1,173270119,nitride,8,False,False,charge_compatible_A,no compatible A species,,Cr,N,False,False,False,False
cmr_11dacddcba738021fcb7a8ad9b578f91,Cr:1|Cs:1|N:3,fixed_real,1,173270119,nitride,9,False,False,charge_compatible_A,no compatible A species,,Zr,N,False,False,False,False
cmr_11dacddcba738021fcb7a8ad9b578f91,Cr:1|Cs:1|N:3,fixed_real,1,173270119,nitride,10,False,False,charge_compatible_A,no compatible A species,,Cr,N,False,False,False,False
cmr_11dacddcba738021fcb7a8ad9b578f91,Cr:1|Cs:1|N:3,fixed_real,1,173270119,nitride,11,False,False,charge_compatible_A,no compatible A species,,Zr,N,False,False,False,False
cmr_11dacddcba738021fcb7a8ad9b578f91,Cr:1|Cs:1|N:3,fixed_real,1,173270119,nitride,12,False,False,charge_compatible_A,no compatible A species,,Cr,N,False,False,False,False
cmr_11dacddcba738021fcb7a8ad9b578f91,Cr:1|Cs:1|N:3,fixed_real,2,1395338148,nitride,1,False,False,charge_compatible_A,no compatible A species,,Cr,N,False,False,False,False
cmr_11dacddcba738021fcb7a8ad9b578f91,Cr:1|Cs:1|N:3,fixed_real,2,1395338148,nitride,2,False,False,charge_compatible_A,no compatible A species,,Cr,N,False,False,False,False
cmr_11dacddcba738021fcb7a8ad9b578f91,Cr:1|Cs:1|N:3,fixed_real,2,1395338148,nitride,3,False,False,charge_compatible_A,no compatible A species,,Cr,N,False,False,False,False
cmr_11dacddcba738021fcb7a8ad9b578f91,Cr:1|Cs:1|N:3,fixed_real,2,1395338148,nitride,4,False,False,charge_compatible_A,no compatible A species,,Cr,N,False,False,False,False
cmr_11dacddcba738021fcb7a8ad9b578f91,Cr:1|Cs:1|N:3,fixed_real,2,1395338148,nitride,5,False,False,charge_compatible_A,no compatible A species,,Cr,N,False,False,False,False
cmr_11dacddcba738021fcb7a8ad9b578f91,Cr:1|Cs:1|N:3,fixed_real,2,1395338148,nitride,6,False,False,charge_compatible_A,no compatible A species,,Zr,N,False,False,False,False
cmr_11dacddcba738021fcb7a8ad9b578f91,Cr:1|Cs:1|N:3,fixed_real,2,1395338148,nitride,7,False,False,charge_compatible_A,no compatible A species,,Cr,N,False,False,False,False
cmr_11dacddcba738021fcb7a8ad9b578f91,Cr:1|Cs:1|N:3,fixed_real,2,1395338148,nitride,8,False,False,charge_compatible_A,no compatible A species,,Cr,N,False,False,False,False
cmr_11dacddcba738021fcb7a8ad9b578f91,Cr:1|Cs:1|N:3,fixed_real,2,1395338148,nitride,9,False,False,charge_compatible_A,no compatible A species,,Cr,N,False,False,False,False
cmr_11dacddcba738021fcb7a8ad9b578f91,Cr:1|Cs:1|N:3,fixed_real,2,1395338148,nitride,10,False,False,charge_compatible_A,no compatible A species,,Cr,N,False,False,False,False
cmr_11dacddcba738021fcb7a8ad9b578f91,Cr:1|Cs:1|N:3,fixed_real,2,1395338148,nitride,11,False,False,charge_compatible_A,no compatible A species,,Cr,N,False,False,False,False
cmr_11dacddcba738021fcb7a8ad9b578f91,Cr:1|Cs:1|N:3,fixed_real,2,1395338148,nitride,12,False,False,charge_compatible_A,no compatible A species,,Cr,N,False,False,False,False
cmr_11dacddcba738021fcb7a8ad9b578f91,Cr:1|Cs:1|N:3,property,0,1948311718,nitride,1,False,False,charge_compatible_A,no compatible A species,,Ti,N,False,False,False,False
cmr_11dacddcba738021fcb7a8ad9b578f91,Cr:1|Cs:1|N:3,property,0,1948311718,nitride,2,False,False,charge_compatible_A,no compatible A species,,Ta,N,False,False,False,False
cmr_11dacddcba738021fcb7a8ad9b578f91,Cr:1|Cs:1|N:3,property,0,1948311718,nitride,3,False,False,charge_compatible_A,no compatible A species,,Ni,N,False,False,False,False
cmr_11dacddcba738021fcb7a8ad9b578f91,Cr:1|Cs:1|N:3,property,0,1948311718,nitride,4,False,False,charge_compatible_A,no compatible A species,,Mn,N,False,False,False,False
cmr_11dacddcba738021fcb7a8ad9b578f91,Cr:1|Cs:1|N:3,property,0,1948311718,nitride,5,False,False,charge_compatible_A,no compatible A species,,Hf,N,False,False,False,False
cmr_11dacddcba738021fcb7a8ad9b578f91,Cr:1|Cs:1|N:3,property,0,1948311718,nitride,6,False,False,charge_compatible_A,no compatible A species,,Ti,N,False,False,False,False
cmr_11dacddcba738021fcb7a8ad9b578f91,Cr:1|Cs:1|N:3,property,0,1948311718,nitride,7,False,False,charge_compatible_A,no compatible A species,,Ni,N,False,False,False,False
cmr_11dacddcba738021fcb7a8ad9b578f91,Cr:1|Cs:1|N:3,property,0,1948311718,nitride,8,False,False,charge_compatible_A,no compatible A species,,Cr,N,False,False,False,False
cmr_11dacddcba738021fcb7a8ad9b578f91,Cr:1|Cs:1|N:3,property,0,1948311718,nitride,9,False,False,charge_compatible_A,no compatible A species,,Cr,N,False,False,False,False
cmr_11dacddcba738021fcb7a8ad9b578f91,Cr:1|Cs:1|N:3,property,0,1948311718,nitride,10,True,False,tolerance/mu,"mu=1.22 outside [0.41,0.90]",La,W,N,False,False,False,False
cmr_11dacddcba738021fcb7a8ad9b578f91,Cr:1|Cs:1|N:3,property,0,1948311718,nitride,11,True,False,tolerance/mu,"mu=1.23 outside [0.41,0.90]",La,Mo,N,False,False,False,False
cmr_11dacddcba738021fcb7a8ad9b578f91,Cr:1|Cs:1|N:3,property,0,1948311718,nitride,12,False,False,charge_compatible_A,no compatible A species,,Fe,N,False,False,False,False
cmr_11dacddcba738021fcb7a8ad9b578f91,Cr:1|Cs:1|N:3,property,1,173270119,nitride,1,False,False,charge_compatible_A,no compatible A species,,Ti,N,False,False,False,False
cmr_11dacddcba738021fcb7a8ad9b578f91,Cr:1|Cs:1|N:3,property,1,173270119,nitride,2,True,False,tolerance/mu,"mu=1.23 outside [0.41,0.90]",La,Mo,N,False,False,False,False
cmr_11dacddcba738021fcb7a8ad9b578f91,Cr:1|Cs:1|N:3,property,1,173270119,nitride,3,False,False,charge_compatible_A,no compatible A species,,Ni,N,False,False,False,False
cmr_11dacddcba738021fcb7a8ad9b578f91,Cr:1|Cs:1|N:3,property,1,173270119,nitride,4,False,False,charge_compatible_A,no compatible A species,,Nb,N,False,False,False,False
cmr_11dacddcba738021fcb7a8ad9b578f91,Cr:1|Cs:1|N:3,property,1,173270119,nitride,5,True,False,tolerance/mu,"mu=1.23 outside [0.41,0.90]",La,Mo,N,False,False,False,False
cmr_11dacddcba738021fcb7a8ad9b578f91,Cr:1|Cs:1|N:3,property,1,173270119,nitride,6,False,False,charge_compatible_A,no compatible A species,,Zr,N,False,False,False,False
cmr_11dacddcba738021fcb7a8ad9b578f91,Cr:1|Cs:1|N:3,property,1,173270119,nitride,7,False,False,charge_compatible_A,no compatible A species,,Fe,N,False,False,False,False
cmr_11dacddcba738021fcb7a8ad9b578f91,Cr:1|Cs:1|N:3,property,1,173270119,nitride,8,False,False,charge_compatible_A,no compatible A species,,Zr,N,False,False,False,False
cmr_11dacddcba738021fcb7a8ad9b578f91,Cr:1|Cs:1|N:3,property,1,173270119,nitride,9,True,False,tolerance/mu,"mu=1.22 outside [0.41,0.90]",La,W,N,False,False,False,False
cmr_11dacddcba738021fcb7a8ad9b578f91,Cr:1|Cs:1|N:3,property,1,173270119,nitride,10,False,False,charge_compatible_A,no compatible A species,,Nb,N,False,False,False,False
cmr_11dacddcba738021fcb7a8ad9b578f91,Cr:1|Cs:1|N:3,property,1,173270119,nitride,11,False,False,charge_compatible_A,no compatible A species,,Ti,N,False,False,False,False
cmr_11dacddcba738021fcb7a8ad9b578f91,Cr:1|Cs:1|N:3,property,1,173270119,nitride,12,True,False,tolerance/mu,"mu=1.22 outside [0.41,0.90]",La,W,N,False,False,False,False
cmr_11dacddcba738021fcb7a8ad9b578f91,Cr:1|Cs:1|N:3,property,2,1395338148,nitride,1,True,False,tolerance/mu,"mu=1.22 outside [0.41,0.90]",La,W,N,False,False,False,False
cmr_11dacddcba738021fcb7a8ad9b578f91,Cr:1|Cs:1|N:3,property,2,1395338148,nitride,2,True,False,tolerance/mu,"mu=1.22 outside [0.41,0.90]",La,W,N,False,False,False,False
cmr_11dacddcba738021fcb7a8ad9b578f91,Cr:1|Cs:1|N:3,property,2,1395338148,nitride,3,False,False,charge_compatible_A,no compatible A species,,Hf,N,False,False,False,False
cmr_11dacddcba738021fcb7a8ad9b578f91,Cr:1|Cs:1|N:3,property,2,1395338148,nitride,4,False,False,charge_compatible_A,no compatible A species,,Co,N,False,False,False,False
cmr_11dacddcba738021fcb7a8ad9b578f91,Cr:1|Cs:1|N:3,property,2,1395338148,nitride,5,False,False,charge_compatible_A,no compatible A species,,Zr,N,False,False,False,False
cmr_11dacddcba738021fcb7a8ad9b578f91,Cr:1|Cs:1|N:3,property,2,1395338148,nitride,6,False,False,charge_compatible_A,no compatible A species,,Ni,N,False,False,False,False
cmr_11dacddcba738021fcb7a8ad9b578f91,Cr:1|Cs:1|N:3,property,2,1395338148,nitride,7,False,False,charge_compatible_A,no compatible A species,,Ni,N,False,False,False,False
cmr_11dacddcba738021fcb7a8ad9b578f91,Cr:1|Cs:1|N:3,property,2,1395338148,nitride,8,False,False,charge_compatible_A,no compatible A species,,Nb,N,False,False,False,False
cmr_11dacddcba738021fcb7a8ad9b578f91,Cr:1|Cs:1|N:3,property,2,1395338148,nitride,9,False,False,charge_compatible_A,no compatible A species,,Ni,N,False,False,False,False
cmr_11dacddcba738021fcb7a8ad9b578f91,Cr:1|Cs:1|N:3,property,2,1395338148,nitride,10,False,False,charge_compatible_A,no compatible A species,,Mn,N,False,False,False,False
cmr_11dacddcba738021fcb7a8ad9b578f91,Cr:1|Cs:1|N:3,property,2,1395338148,nitride,11,False,False,charge_compatible_A,no compatible A species,,Co,N,False,False,False,False
cmr_11dacddcba738021fcb7a8ad9b578f91,Cr:1|Cs:1|N:3,property,2,1395338148,nitride,12,False,False,charge_compatible_A,no compatible A species,,Ni,N,False,False,False,False
cmr_1ec1f206bf87de79380756d894cc7bc2,K:1|O:3|W:1,joint,0,2035650738,oxide,1,False,False,charge_compatible_A,no compatible A species,,W,O,False,False,False,False
cmr_1ec1f206bf87de79380756d894cc7bc2,K:1|O:3|W:1,joint,0,2035650738,oxide,2,False,False,charge_compatible_A,no compatible A species,,W,O,False,False,False,False
cmr_1ec1f206bf87de79380756d894cc7bc2,K:1|O:3|W:1,joint,0,2035650738,oxide,3,False,False,charge_compatible_A,no compatible A species,,W,O,False,False,False,False
cmr_1ec1f206bf87de79380756d894cc7bc2,K:1|O:3|W:1,joint,0,2035650738,oxide,4,False,False,charge_compatible_A,no compatible A species,,W,O,False,False,False,False
cmr_1ec1f206bf87de79380756d894cc7bc2,K:1|O:3|W:1,joint,0,2035650738,oxide,5,True,True,,,K,Ta,O,False,False,False,False
cmr_1ec1f206bf87de79380756d894cc7bc2,K:1|O:3|W:1,joint,1,1252868659,oxide,1,False,False,charge_compatible_A,no compatible A species,,W,O,False,False,False,False
cmr_1ec1f206bf87de79380756d894cc7bc2,K:1|O:3|W:1,joint,1,1252868659,oxide,2,False,False,charge_compatible_A,no compatible A species,,W,O,False,False,False,False
cmr_1ec1f206bf87de79380756d894cc7bc2,K:1|O:3|W:1,joint,1,1252868659,oxide,3,False,False,charge_compatible_A,no compatible A species,,W,O,False,False,False,False
cmr_1ec1f206bf87de79380756d894cc7bc2,K:1|O:3|W:1,joint,1,1252868659,oxide,4,False,False,charge_compatible_A,no compatible A species,,W,O,False,False,False,False
cmr_1ec1f206bf87de79380756d894cc7bc2,K:1|O:3|W:1,joint,1,1252868659,oxide,5,False,False,charge_compatible_A,no compatible A species,,W,O,False,False,False,False
cmr_1ec1f206bf87de79380756d894cc7bc2,K:1|O:3|W:1,joint,1,1252868659,oxide,6,True,True,,,K,Ta,O,False,False,False,False
cmr_1ec1f206bf87de79380756d894cc7bc2,K:1|O:3|W:1,joint,2,2111606377,oxide,1,False,False,charge_compatible_A,no compatible A species,,W,O,False,False,False,False
cmr_1ec1f206bf87de79380756d894cc7bc2,K:1|O:3|W:1,joint,2,2111606377,oxide,2,False,False,charge_compatible_A,no compatible A species,,W,O,False,False,False,False
cmr_1ec1f206bf87de79380756d894cc7bc2,K:1|O:3|W:1,joint,2,2111606377,oxide,3,True,True,,,K,Ta,O,False,False,False,False
cmr_1ec1f206bf87de79380756d894cc7bc2,K:1|O:3|W:1,fixed_real,0,2035650738,oxide,1,True,False,tolerance/mu,"t=0.78 outside [0.80,1.05]",La,Cr,O,False,False,False,False
cmr_1ec1f206bf87de79380756d894cc7bc2,K:1|O:3|W:1,fixed_real,0,2035650738,oxide,2,True,False,tolerance/mu,"t=0.78 outside [0.80,1.05]",La,Cr,O,False,False,False,False
cmr_1ec1f206bf87de79380756d894cc7bc2,K:1|O:3|W:1,fixed_real,0,2035650738,oxide,3,True,False,tolerance/mu,"t=0.78 outside [0.80,1.05]",La,Cr,O,False,False,False,False
cmr_1ec1f206bf87de79380756d894cc7bc2,K:1|O:3|W:1,fixed_real,0,2035650738,oxide,4,True,False,tolerance/mu,"t=0.78 outside [0.80,1.05]",La,Cr,O,False,False,False,False
cmr_1ec1f206bf87de79380756d894cc7bc2,K:1|O:3|W:1,fixed_real,0,2035650738,oxide,5,True,False,tolerance/mu,"t=0.78 outside [0.80,1.05]",La,Cr,O,False,False,False,False
cmr_1ec1f206bf87de79380756d894cc7bc2,K:1|O:3|W:1,fixed_real,0,2035650738,oxide,6,True,False,tolerance/mu,"t=0.78 outside [0.80,1.05]",La,Cr,O,False,False,False,False
cmr_1ec1f206bf87de79380756d894cc7bc2,K:1|O:3|W:1,fixed_real,0,2035650738,oxide,7,True,False,tolerance/mu,"t=0.78 outside [0.80,1.05]",La,Cr,O,False,False,False,False
cmr_1ec1f206bf87de79380756d894cc7bc2,K:1|O:3|W:1,fixed_real,0,2035650738,oxide,8,True,False,tolerance/mu,"t=0.78 outside [0.80,1.05]",La,Cr,O,False,False,False,False
cmr_1ec1f206bf87de79380756d894cc7bc2,K:1|O:3|W:1,fixed_real,0,2035650738,oxide,9,True,False,tolerance/mu,"t=0.78 outside [0.80,1.05]",La,Cr,O,False,False,False,False
cmr_1ec1f206bf87de79380756d894cc7bc2,K:1|O:3|W:1,fixed_real,0,2035650738,oxide,10,True,False,tolerance/mu,"t=0.78 outside [0.80,1.05]",La,Cr,O,False,False,False,False
cmr_1ec1f206bf87de79380756d894cc7bc2,K:1|O:3|W:1,fixed_real,0,2035650738,oxide,11,True,False,tolerance/mu,"t=0.78 outside [0.80,1.05]",La,Cr,O,False,False,False,False
cmr_1ec1f206bf87de79380756d894cc7bc2,K:1|O:3|W:1,fixed_real,0,2035650738,oxide,12,True,False,tolerance/mu,"t=0.78 outside [0.80,1.05]",La,Cr,O,False,False,False,False
cmr_1ec1f206bf87de79380756d894cc7bc2,K:1|O:3|W:1,fixed_real,1,1252868659,oxide,1,True,False,tolerance/mu,"t=0.78 outside [0.80,1.05]",La,Cr,O,False,False,False,False
cmr_1ec1f206bf87de79380756d894cc7bc2,K:1|O:3|W:1,fixed_real,1,1252868659,oxide,2,True,False,tolerance/mu,"t=0.78 outside [0.80,1.05]",La,Cr,O,False,False,False,False
cmr_1ec1f206bf87de79380756d894cc7bc2,K:1|O:3|W:1,fixed_real,1,1252868659,oxide,3,True,False,tolerance/mu,"t=0.78 outside [0.80,1.05]",La,Cr,O,False,False,False,False
cmr_1ec1f206bf87de79380756d894cc7bc2,K:1|O:3|W:1,fixed_real,1,1252868659,oxide,4,True,False,tolerance/mu,"t=0.78 outside [0.80,1.05]",La,Cr,O,False,False,False,False
cmr_1ec1f206bf87de79380756d894cc7bc2,K:1|O:3|W:1,fixed_real,1,1252868659,oxide,5,True,False,tolerance/mu,"t=0.78 outside [0.80,1.05]",La,Cr,O,False,False,False,False
cmr_1ec1f206bf87de79380756d894cc7bc2,K:1|O:3|W:1,fixed_real,1,1252868659,oxide,6,True,False,tolerance/mu,"t=0.78 outside [0.80,1.05]",La,Cr,O,False,False,False,False
cmr_1ec1f206bf87de79380756d894cc7bc2,K:1|O:3|W:1,fixed_real,1,1252868659,oxide,7,True,False,tolerance/mu,"t=0.78 outside [0.80,1.05]",La,Cr,O,False,False,False,False
cmr_1ec1f206bf87de79380756d894cc7bc2,K:1|O:3|W:1,fixed_real,1,1252868659,oxide,8,True,False,tolerance/mu,"t=0.78 outside [0.80,1.05]",La,Cr,O,False,False,False,False
cmr_1ec1f206bf87de79380756d894cc7bc2,K:1|O:3|W:1,fixed_real,1,1252868659,oxide,9,True,False,tolerance/mu,"t=0.78 outside [0.80,1.05]",La,Cr,O,False,False,False,False
cmr_1ec1f206bf87de79380756d894cc7bc2,K:1|O:3|W:1,fixed_real,1,1252868659,oxide,10,True,False,tolerance/mu,"t=0.78 outside [0.80,1.05]",La,Cr,O,False,False,False,False
cmr_1ec1f206bf87de79380756d894cc7bc2,K:1|O:3|W:1,fixed_real,1,1252868659,oxide,11,True,False,tolerance/mu,"t=0.78 outside [0.80,1.05]",La,Cr,O,False,False,False,False
cmr_1ec1f206bf87de79380756d894cc7bc2,K:1|O:3|W:1,fixed_real,1,1252868659,oxide,12,True,False,tolerance/mu,"t=0.78 outside [0.80,1.05]",La,Cr,O,False,False,False,False
cmr_1ec1f206bf87de79380756d894cc7bc2,K:1|O:3|W:1,fixed_real,2,2111606377,oxide,1,True,False,tolerance/mu,"t=0.78 outside [0.80,1.05]",La,Cr,O,False,False,False,False
cmr_1ec1f206bf87de79380756d894cc7bc2,K:1|O:3|W:1,fixed_real,2,2111606377,oxide,2,True,False,tolerance/mu,"t=0.78 outside [0.80,1.05]",La,Cr,O,False,False,False,False
cmr_1ec1f206bf87de79380756d894cc7bc2,K:1|O:3|W:1,fixed_real,2,2111606377,oxide,3,True,False,tolerance/mu,"t=0.78 outside [0.80,1.05]",La,Cr,O,False,False,False,False
cmr_1ec1f206bf87de79380756d894cc7bc2,K:1|O:3|W:1,fixed_real,2,2111606377,oxide,4,True,True,,,Ca,Zr,O,False,False,False,False
cmr_1ec1f206bf87de79380756d894cc7bc2,K:1|O:3|W:1,property,0,2035650738,oxide,1,True,True,,,Na,Nb,O,False,False,False,False
cmr_1ec1f206bf87de79380756d894cc7bc2,K:1|O:3|W:1,property,1,1252868659,oxide,1,False,False,charge_compatible_A,no compatible A species,,W,O,False,False,False,False
cmr_1ec1f206bf87de79380756d894cc7bc2,K:1|O:3|W:1,property,1,1252868659,oxide,2,False,False,charge_compatible_A,no compatible A species,,Mo,O,False,False,False,False
cmr_1ec1f206bf87de79380756d894cc7bc2,K:1|O:3|W:1,property,1,1252868659,oxide,3,False,False,charge_compatible_A,no compatible A species,,W,O,False,False,False,False
cmr_1ec1f206bf87de79380756d894cc7bc2,K:1|O:3|W:1,property,1,1252868659,oxide,4,False,False,charge_compatible_A,no compatible A species,,W,O,False,False,False,False
cmr_1ec1f206bf87de79380756d894cc7bc2,K:1|O:3|W:1,property,1,1252868659,oxide,5,True,True,,,Rb,V,O,False,False,False,False
cmr_1ec1f206bf87de79380756d894cc7bc2,K:1|O:3|W:1,property,2,2111606377,oxide,1,False,False,charge_compatible_A,no compatible A species,,W,O,False,False,False,False
cmr_1ec1f206bf87de79380756d894cc7bc2,K:1|O:3|W:1,property,2,2111606377,oxide,2,False,False,charge_compatible_A,no compatible A species,,W,O,False,False,False,False
cmr_1ec1f206bf87de79380756d894cc7bc2,K:1|O:3|W:1,property,2,2111606377,oxide,3,True,True,,,Ba,Ti,O,False,False,False,False
cmr_20c9853b450e146b0e608362fc2f56d9,Ba:1|O:3|Ta:1,joint,0,1693051458,oxide,1,True,True,,,Na,Ta,O,False,False,False,False
cmr_20c9853b450e146b0e608362fc2f56d9,Ba:1|O:3|Ta:1,joint,1,387943645,oxide,1,True,True,,,Na,Nb,O,False,False,False,False
cmr_20c9853b450e146b0e608362fc2f56d9,Ba:1|O:3|Ta:1,joint,2,664802364,oxide,1,True,True,,,Na,Ta,O,False,False,False,False
cmr_20c9853b450e146b0e608362fc2f56d9,Ba:1|O:3|Ta:1,fixed_real,0,1693051458,oxide,1,True,False,tolerance/mu,"t=0.78 outside [0.80,1.05]",La,Cr,O,False,False,False,False
cmr_20c9853b450e146b0e608362fc2f56d9,Ba:1|O:3|Ta:1,fixed_real,0,1693051458,oxide,2,True,False,tolerance/mu,"t=0.78 outside [0.80,1.05]",La,Cr,O,False,False,False,False
cmr_20c9853b450e146b0e608362fc2f56d9,Ba:1|O:3|Ta:1,fixed_real,0,1693051458,oxide,3,True,False,tolerance/mu,"t=0.78 outside [0.80,1.05]",La,Cr,O,False,False,False,False
cmr_20c9853b450e146b0e608362fc2f56d9,Ba:1|O:3|Ta:1,fixed_real,0,1693051458,oxide,4,True,False,tolerance/mu,"t=0.78 outside [0.80,1.05]",La,Cr,O,False,False,False,False
cmr_20c9853b450e146b0e608362fc2f56d9,Ba:1|O:3|Ta:1,fixed_real,0,1693051458,oxide,5,True,False,tolerance/mu,"t=0.78 outside [0.80,1.05]",La,Cr,O,False,False,False,False
cmr_20c9853b450e146b0e608362fc2f56d9,Ba:1|O:3|Ta:1,fixed_real,0,1693051458,oxide,6,True,False,tolerance/mu,"t=0.78 outside [0.80,1.05]",La,Cr,O,False,False,False,False
cmr_20c9853b450e146b0e608362fc2f56d9,Ba:1|O:3|Ta:1,fixed_real,0,1693051458,oxide,7,True,False,tolerance/mu,"t=0.78 outside [0.80,1.05]",La,Cr,O,False,False,False,False
cmr_20c9853b450e146b0e608362fc2f56d9,Ba:1|O:3|Ta:1,fixed_real,0,1693051458,oxide,8,True,False,tolerance/mu,"t=0.78 outside [0.80,1.05]",La,Cr,O,False,False,False,False
cmr_20c9853b450e146b0e608362fc2f56d9,Ba:1|O:3|Ta:1,fixed_real,0,1693051458,oxide,9,True,False,tolerance/mu,"t=0.78 outside [0.80,1.05]",La,Cr,O,False,False,False,False
cmr_20c9853b450e146b0e608362fc2f56d9,Ba:1|O:3|Ta:1,fixed_real,0,1693051458,oxide,10,True,False,tolerance/mu,"t=0.78 outside [0.80,1.05]",La,Cr,O,False,False,False,False
cmr_20c9853b450e146b0e608362fc2f56d9,Ba:1|O:3|Ta:1,fixed_real,0,1693051458,oxide,11,True,False,tolerance/mu,"t=0.78 outside [0.80,1.05]",La,Cr,O,False,False,False,False
cmr_20c9853b450e146b0e608362fc2f56d9,Ba:1|O:3|Ta:1,fixed_real,0,1693051458,oxide,12,True,False,tolerance/mu,"t=0.78 outside [0.80,1.05]",La,Cr,O,False,False,False,False
cmr_20c9853b450e146b0e608362fc2f56d9,Ba:1|O:3|Ta:1,fixed_real,1,387943645,oxide,1,True,False,tolerance/mu,"t=0.78 outside [0.80,1.05]",La,Cr,O,False,False,False,False
cmr_20c9853b450e146b0e608362fc2f56d9,Ba:1|O:3|Ta:1,fixed_real,1,387943645,oxide,2,True,False,tolerance/mu,"t=0.78 outside [0.80,1.05]",La,Cr,O,False,False,False,False
cmr_20c9853b450e146b0e608362fc2f56d9,Ba:1|O:3|Ta:1,fixed_real,1,387943645,oxide,3,True,False,tolerance/mu,"t=0.78 outside [0.80,1.05]",La,Cr,O,False,False,False,False
cmr_20c9853b450e146b0e608362fc2f56d9,Ba:1|O:3|Ta:1,fixed_real,1,387943645,oxide,4,True,False,tolerance/mu,"t=0.78 outside [0.80,1.05]",La,Cr,O,False,False,False,False
cmr_20c9853b450e146b0e608362fc2f56d9,Ba:1|O:3|Ta:1,fixed_real,1,387943645,oxide,5,True,False,tolerance/mu,"t=0.78 outside [0.80,1.05]",La,Cr,O,False,False,False,False
cmr_20c9853b450e146b0e608362fc2f56d9,Ba:1|O:3|Ta:1,fixed_real,1,387943645,oxide,6,True,False,tolerance/mu,"t=0.78 outside [0.80,1.05]",La,Cr,O,False,False,False,False
cmr_20c9853b450e146b0e608362fc2f56d9,Ba:1|O:3|Ta:1,fixed_real,1,387943645,oxide,7,True,False,tolerance/mu,"t=0.78 outside [0.80,1.05]",La,Cr,O,False,False,False,False
cmr_20c9853b450e146b0e608362fc2f56d9,Ba:1|O:3|Ta:1,fixed_real,1,387943645,oxide,8,True,False,tolerance/mu,"t=0.78 outside [0.80,1.05]",La,Cr,O,False,False,False,False
cmr_20c9853b450e146b0e608362fc2f56d9,Ba:1|O:3|Ta:1,fixed_real,1,387943645,oxide,9,True,False,tolerance/mu,"t=0.78 outside [0.80,1.05]",La,Cr,O,False,False,False,False
cmr_20c9853b450e146b0e608362fc2f56d9,Ba:1|O:3|Ta:1,fixed_real,1,387943645,oxide,10,True,True,,,Ca,Zr,O,False,False,False,False
cmr_20c9853b450e146b0e608362fc2f56d9,Ba:1|O:3|Ta:1,fixed_real,2,664802364,oxide,1,True,False,tolerance/mu,"t=0.78 outside [0.80,1.05]",La,Cr,O,False,False,False,False
cmr_20c9853b450e146b0e608362fc2f56d9,Ba:1|O:3|Ta:1,fixed_real,2,664802364,oxide,2,True,False,tolerance/mu,"t=0.78 outside [0.80,1.05]",La,Cr,O,False,False,False,False
cmr_20c9853b450e146b0e608362fc2f56d9,Ba:1|O:3|Ta:1,fixed_real,2,664802364,oxide,3,True,False,tolerance/mu,"t=0.78 outside [0.80,1.05]",La,Cr,O,False,False,False,False
cmr_20c9853b450e146b0e608362fc2f56d9,Ba:1|O:3|Ta:1,fixed_real,2,664802364,oxide,4,True,False,tolerance/mu,"t=0.78 outside [0.80,1.05]",La,Cr,O,False,False,False,False
cmr_20c9853b450e146b0e608362fc2f56d9,Ba:1|O:3|Ta:1,fixed_real,2,664802364,oxide,5,True,False,tolerance/mu,"t=0.78 outside [0.80,1.05]",La,Cr,O,False,False,False,False
cmr_20c9853b450e146b0e608362fc2f56d9,Ba:1|O:3|Ta:1,fixed_real,2,664802364,oxide,6,True,False,tolerance/mu,"t=0.78 outside [0.80,1.05]",La,Cr,O,False,False,False,False
cmr_20c9853b450e146b0e608362fc2f56d9,Ba:1|O:3|Ta:1,fixed_real,2,664802364,oxide,7,True,True,,,Ca,Zr,O,False,False,False,False
cmr_20c9853b450e146b0e608362fc2f56d9,Ba:1|O:3|Ta:1,property,0,1693051458,oxide,1,False,False,charge_compatible_A,no compatible A species,,W,O,False,False,False,False
cmr_20c9853b450e146b0e608362fc2f56d9,Ba:1|O:3|Ta:1,property,0,1693051458,oxide,2,True,True,,,K,V,O,False,False,False,False
cmr_20c9853b450e146b0e608362fc2f56d9,Ba:1|O:3|Ta:1,property,1,387943645,oxide,1,True,True,,,Ca,Zr,O,False,False,False,False
cmr_20c9853b450e146b0e608362fc2f56d9,Ba:1|O:3|Ta:1,property,2,664802364,oxide,1,False,False,charge_compatible_A,no compatible A species,,Mo,O,False,False,False,False
cmr_20c9853b450e146b0e608362fc2f56d9,Ba:1|O:3|Ta:1,property,2,664802364,oxide,2,True,True,,,Rb,Ta,O,False,False,False,False
cmr_46250f00f7e8fa01346da84ec7156cba,O:3|Sr:1|Zn:1,joint,0,2035020129,oxide,1,False,False,charge_compatible_A,no compatible A species,,Zn,O,False,False,False,False
cmr_46250f00f7e8fa01346da84ec7156cba,O:3|Sr:1|Zn:1,joint,0,2035020129,oxide,2,False,False,charge_compatible_A,no compatible A species,,Zn,O,False,False,False,False
cmr_46250f00f7e8fa01346da84ec7156cba,O:3|Sr:1|Zn:1,joint,0,2035020129,oxide,3,False,False,charge_compatible_A,no compatible A species,,Zn,O,False,False,False,False
cmr_46250f00f7e8fa01346da84ec7156cba,O:3|Sr:1|Zn:1,joint,0,2035020129,oxide,4,False,False,charge_compatible_A,no compatible A species,,Zn,O,False,False,False,False
cmr_46250f00f7e8fa01346da84ec7156cba,O:3|Sr:1|Zn:1,joint,0,2035020129,oxide,5,False,False,charge_compatible_A,no compatible A species,,Zn,O,False,False,False,False
cmr_46250f00f7e8fa01346da84ec7156cba,O:3|Sr:1|Zn:1,joint,0,2035020129,oxide,6,False,False,charge_compatible_A,no compatible A species,,Zn,O,False,False,False,False
cmr_46250f00f7e8fa01346da84ec7156cba,O:3|Sr:1|Zn:1,joint,0,2035020129,oxide,7,False,False,charge_compatible_A,no compatible A species,,Zn,O,False,False,False,False
cmr_46250f00f7e8fa01346da84ec7156cba,O:3|Sr:1|Zn:1,joint,0,2035020129,oxide,8,False,False,charge_compatible_A,no compatible A species,,Zn,O,False,False,False,False
cmr_46250f00f7e8fa01346da84ec7156cba,O:3|Sr:1|Zn:1,joint,0,2035020129,oxide,9,False,False,charge_compatible_A,no compatible A species,,Zn,O,False,False,False,False
cmr_46250f00f7e8fa01346da84ec7156cba,O:3|Sr:1|Zn:1,joint,0,2035020129,oxide,10,False,False,charge_compatible_A,no compatible A species,,Zn,O,False,False,False,False
cmr_46250f00f7e8fa01346da84ec7156cba,O:3|Sr:1|Zn:1,joint,0,2035020129,oxide,11,False,False,charge_compatible_A,no compatible A species,,Zn,O,False,False,False,False
cmr_46250f00f7e8fa01346da84ec7156cba,O:3|Sr:1|Zn:1,joint,0,2035020129,oxide,12,False,False,charge_compatible_A,no compatible A species,,Zn,O,False,False,False,False
cmr_46250f00f7e8fa01346da84ec7156cba,O:3|Sr:1|Zn:1,joint,1,2063331082,oxide,1,False,False,charge_compatible_A,no compatible A species,,Zn,O,False,False,False,False
cmr_46250f00f7e8fa01346da84ec7156cba,O:3|Sr:1|Zn:1,joint,1,2063331082,oxide,2,False,False,charge_compatible_A,no compatible A species,,Zn,O,False,False,False,False
cmr_46250f00f7e8fa01346da84ec7156cba,O:3|Sr:1|Zn:1,joint,1,2063331082,oxide,3,False,False,charge_compatible_A,no compatible A species,,Zn,O,False,False,False,False
cmr_46250f00f7e8fa01346da84ec7156cba,O:3|Sr:1|Zn:1,joint,1,2063331082,oxide,4,False,False,charge_compatible_A,no compatible A species,,Cu,O,False,False,False,False
cmr_46250f00f7e8fa01346da84ec7156cba,O:3|Sr:1|Zn:1,joint,1,2063331082,oxide,5,False,False,charge_compatible_A,no compatible A species,,Zn,O,False,False,False,False
cmr_46250f00f7e8fa01346da84ec7156cba,O:3|Sr:1|Zn:1,joint,1,2063331082,oxide,6,False,False,charge_compatible_A,no compatible A species,,Zn,O,False,False,False,False
cmr_46250f00f7e8fa01346da84ec7156cba,O:3|Sr:1|Zn:1,joint,1,2063331082,oxide,7,False,False,charge_compatible_A,no compatible A species,,Zn,O,False,False,False,False
cmr_46250f00f7e8fa01346da84ec7156cba,O:3|Sr:1|Zn:1,joint,1,2063331082,oxide,8,False,False,charge_compatible_A,no compatible A species,,Zn,O,False,False,False,False
cmr_46250f00f7e8fa01346da84ec7156cba,O:3|Sr:1|Zn:1,joint,1,2063331082,oxide,9,False,False,charge_compatible_A,no compatible A species,,Zn,O,False,False,False,False
cmr_46250f00f7e8fa01346da84ec7156cba,O:3|Sr:1|Zn:1,joint,1,2063331082,oxide,10,False,False,charge_compatible_A,no compatible A species,,Zn,O,False,False,False,False
cmr_46250f00f7e8fa01346da84ec7156cba,O:3|Sr:1|Zn:1,joint,1,2063331082,oxide,11,False,False,charge_compatible_A,no compatible A species,,Zn,O,False,False,False,False
cmr_46250f00f7e8fa01346da84ec7156cba,O:3|Sr:1|Zn:1,joint,1,2063331082,oxide,12,False,False,charge_compatible_A,no compatible A species,,Zn,O,False,False,False,False
cmr_46250f00f7e8fa01346da84ec7156cba,O:3|Sr:1|Zn:1,joint,2,1651481425,oxide,1,False,False,charge_compatible_A,no compatible A species,,Zn,O,False,False,False,False
cmr_46250f00f7e8fa01346da84ec7156cba,O:3|Sr:1|Zn:1,joint,2,1651481425,oxide,2,False,False,charge_compatible_A,no compatible A species,,Zn,O,False,False,False,False
cmr_46250f00f7e8fa01346da84ec7156cba,O:3|Sr:1|Zn:1,joint,2,1651481425,oxide,3,False,False,charge_compatible_A,no compatible A species,,Zn,O,False,False,False,False
cmr_46250f00f7e8fa01346da84ec7156cba,O:3|Sr:1|Zn:1,joint,2,1651481425,oxide,4,False,False,charge_compatible_A,no compatible A species,,Zn,O,False,False,False,False
cmr_46250f00f7e8fa01346da84ec7156cba,O:3|Sr:1|Zn:1,joint,2,1651481425,oxide,5,False,False,charge_compatible_A,no compatible A species,,Zn,O,False,False,False,False
cmr_46250f00f7e8fa01346da84ec7156cba,O:3|Sr:1|Zn:1,joint,2,1651481425,oxide,6,False,False,charge_compatible_A,no compatible A species,,Zn,O,False,False,False,False
cmr_46250f00f7e8fa01346da84ec7156cba,O:3|Sr:1|Zn:1,joint,2,1651481425,oxide,7,False,False,charge_compatible_A,no compatible A species,,Zn,O,False,False,False,False
cmr_46250f00f7e8fa01346da84ec7156cba,O:3|Sr:1|Zn:1,joint,2,1651481425,oxide,8,False,False,charge_compatible_A,no compatible A species,,Zn,O,False,False,False,False
cmr_46250f00f7e8fa01346da84ec7156cba,O:3|Sr:1|Zn:1,joint,2,1651481425,oxide,9,False,False,charge_compatible_A,no compatible A species,,Zn,O,False,False,False,False
cmr_46250f00f7e8fa01346da84ec7156cba,O:3|Sr:1|Zn:1,joint,2,1651481425,oxide,10,False,False,charge_compatible_A,no compatible A species,,Zn,O,False,False,False,False
cmr_46250f00f7e8fa01346da84ec7156cba,O:3|Sr:1|Zn:1,joint,2,1651481425,oxide,11,False,False,charge_compatible_A,no compatible A species,,Zn,O,False,False,False,False
cmr_46250f00f7e8fa01346da84ec7156cba,O:3|Sr:1|Zn:1,joint,2,1651481425,oxide,12,False,False,charge_compatible_A,no compatible A species,,Zn,O,False,False,False,False
cmr_46250f00f7e8fa01346da84ec7156cba,O:3|Sr:1|Zn:1,fixed_real,0,2035020129,oxide,1,True,False,tolerance/mu,"t=0.78 outside [0.80,1.05]",La,Cr,O,False,False,False,False
cmr_46250f00f7e8fa01346da84ec7156cba,O:3|Sr:1|Zn:1,fixed_real,0,2035020129,oxide,2,True,True,,,Ca,Zr,O,False,False,False,False
cmr_46250f00f7e8fa01346da84ec7156cba,O:3|Sr:1|Zn:1,fixed_real,1,2063331082,oxide,1,True,False,tolerance/mu,"t=0.78 outside [0.80,1.05]",La,Cr,O,False,False,False,False
cmr_46250f00f7e8fa01346da84ec7156cba,O:3|Sr:1|Zn:1,fixed_real,1,2063331082,oxide,2,True,False,tolerance/mu,"t=0.78 outside [0.80,1.05]",La,Cr,O,False,False,False,False
cmr_46250f00f7e8fa01346da84ec7156cba,O:3|Sr:1|Zn:1,fixed_real,1,2063331082,oxide,3,True,False,tolerance/mu,"t=1.07 outside [0.80,1.05]",Cs,V,O,False,False,False,False
cmr_46250f00f7e8fa01346da84ec7156cba,O:3|Sr:1|Zn:1,fixed_real,1,2063331082,oxide,4,True,False,tolerance/mu,"t=0.78 outside [0.80,1.05]",La,Cr,O,False,False,False,False
cmr_46250f00f7e8fa01346da84ec7156cba,O:3|Sr:1|Zn:1,fixed_real,1,2063331082,oxide,5,True,False,tolerance/mu,"t=0.78 outside [0.80,1.05]",La,Cr,O,False,False,False,False
cmr_46250f00f7e8fa01346da84ec7156cba,O:3|Sr:1|Zn:1,fixed_real,1,2063331082,oxide,6,True,False,tolerance/mu,"t=0.78 outside [0.80,1.05]",La,Cr,O,False,False,False,False
cmr_46250f00f7e8fa01346da84ec7156cba,O:3|Sr:1|Zn:1,fixed_real,1,2063331082,oxide,7,True,False,tolerance/mu,"t=0.78 outside [0.80,1.05]",La,Cr,O,False,False,False,False
cmr_46250f00f7e8fa01346da84ec7156cba,O:3|Sr:1|Zn:1,fixed_real,1,2063331082,oxide,8,True,False,tolerance/mu,"t=0.78 outside [0.80,1.05]",La,Cr,O,False,False,False,False
cmr_46250f00f7e8fa01346da84ec7156cba,O:3|Sr:1|Zn:1,fixed_real,1,2063331082,oxide,9,True,False,tolerance/mu,"t=0.78 outside [0.80,1.05]",La,Cr,O,False,False,False,False
cmr_46250f00f7e8fa01346da84ec7156cba,O:3|Sr:1|Zn:1,fixed_real,1,2063331082,oxide,10,True,False,tolerance/mu,"t=0.78 outside [0.80,1.05]",La,Cr,O,False,False,False,False
cmr_46250f00f7e8fa01346da84ec7156cba,O:3|Sr:1|Zn:1,fixed_real,1,2063331082,oxide,11,True,False,tolerance/mu,"t=0.78 outside [0.80,1.05]",La,Cr,O,False,False,False,False
cmr_46250f00f7e8fa01346da84ec7156cba,O:3|Sr:1|Zn:1,fixed_real,1,2063331082,oxide,12,True,False,tolerance/mu,"t=0.78 outside [0.80,1.05]",La,Cr,O,False,False,False,False
cmr_46250f00f7e8fa01346da84ec7156cba,O:3|Sr:1|Zn:1,fixed_real,2,1651481425,oxide,1,True,False,tolerance/mu,"t=0.78 outside [0.80,1.05]",La,Cr,O,False,False,False,False
cmr_46250f00f7e8fa01346da84ec7156cba,O:3|Sr:1|Zn:1,fixed_real,2,1651481425,oxide,2,True,False,tolerance/mu,"t=0.78 outside [0.80,1.05]",La,Cr,O,False,False,False,False
cmr_46250f00f7e8fa01346da84ec7156cba,O:3|Sr:1|Zn:1,fixed_real,2,1651481425,oxide,3,True,False,tolerance/mu,"t=0.78 outside [0.80,1.05]",La,Cr,O,False,False,False,False
cmr_46250f00f7e8fa01346da84ec7156cba,O:3|Sr:1|Zn:1,fixed_real,2,1651481425,oxide,4,True,False,tolerance/mu,"t=0.78 outside [0.80,1.05]",La,Cr,O,False,False,False,False
cmr_46250f00f7e8fa01346da84ec7156cba,O:3|Sr:1|Zn:1,fixed_real,2,1651481425,oxide,5,True,False,tolerance/mu,"t=0.78 outside [0.80,1.05]",La,Cr,O,False,False,False,False
cmr_46250f00f7e8fa01346da84ec7156cba,O:3|Sr:1|Zn:1,fixed_real,2,1651481425,oxide,6,True,False,tolerance/mu,"t=0.78 outside [0.80,1.05]",La,Cr,O,False,False,False,False
cmr_46250f00f7e8fa01346da84ec7156cba,O:3|Sr:1|Zn:1,fixed_real,2,1651481425,oxide,7,True,False,tolerance/mu,"t=0.78 outside [0.80,1.05]",La,Cr,O,False,False,False,False
cmr_46250f00f7e8fa01346da84ec7156cba,O:3|Sr:1|Zn:1,fixed_real,2,1651481425,oxide,8,True,False,tolerance/mu,"t=0.78 outside [0.80,1.05]",La,Cr,O,False,False,False,False
cmr_46250f00f7e8fa01346da84ec7156cba,O:3|Sr:1|Zn:1,fixed_real,2,1651481425,oxide,9,True,False,tolerance/mu,"t=0.78 outside [0.80,1.05]",La,Cr,O,False,False,False,False
cmr_46250f00f7e8fa01346da84ec7156cba,O:3|Sr:1|Zn:1,fixed_real,2,1651481425,oxide,10,True,False,tolerance/mu,"t=0.78 outside [0.80,1.05]",La,Cr,O,False,False,False,False
cmr_46250f00f7e8fa01346da84ec7156cba,O:3|Sr:1|Zn:1,fixed_real,2,1651481425,oxide,11,True,False,tolerance/mu,"t=0.78 outside [0.80,1.05]",La,Cr,O,False,False,False,False
cmr_46250f00f7e8fa01346da84ec7156cba,O:3|Sr:1|Zn:1,fixed_real,2,1651481425,oxide,12,True,False,tolerance/mu,"t=0.78 outside [0.80,1.05]",La,Cr,O,False,False,False,False
cmr_46250f00f7e8fa01346da84ec7156cba,O:3|Sr:1|Zn:1,property,0,2035020129,oxide,1,True,True,,,K,V,O,False,False,False,False
cmr_46250f00f7e8fa01346da84ec7156cba,O:3|Sr:1|Zn:1,property,1,2063331082,oxide,1,True,True,,,La,Co,O,False,False,False,False
cmr_46250f00f7e8fa01346da84ec7156cba,O:3|Sr:1|Zn:1,property,2,1651481425,oxide,1,True,True,,,Sr,Sn,O,False,False,False,False
cmr_48e3dd02e3ba06e1f0ac4ae4a0ccb197,In:1|O:3|Sr:1,joint,0,2028762028,oxide,1,True,False,tolerance/mu,"t=0.78 outside [0.80,1.05]",La,In,O,False,False,False,False
cmr_48e3dd02e3ba06e1f0ac4ae4a0ccb197,In:1|O:3|Sr:1,joint,0,2028762028,oxide,2,True,False,tolerance/mu,"t=0.78 outside [0.80,1.05]",La,In,O,False,False,False,False
cmr_48e3dd02e3ba06e1f0ac4ae4a0ccb197,In:1|O:3|Sr:1,joint,0,2028762028,oxide,3,True,False,tolerance/mu,"t=0.78 outside [0.80,1.05]",La,In,O,False,False,False,False
cmr_48e3dd02e3ba06e1f0ac4ae4a0ccb197,In:1|O:3|Sr:1,joint,0,2028762028,oxide,4,True,False,tolerance/mu,"t=0.78 outside [0.80,1.05]",La,In,O,False,False,False,False
cmr_48e3dd02e3ba06e1f0ac4ae4a0ccb197,In:1|O:3|Sr:1,joint,0,2028762028,oxide,5,True,False,tolerance/mu,"t=0.78 outside [0.80,1.05]",La,In,O,False,False,False,False
cmr_48e3dd02e3ba06e1f0ac4ae4a0ccb197,In:1|O:3|Sr:1,joint,0,2028762028,oxide,6,True,False,tolerance/mu,"t=0.78 outside [0.80,1.05]",La,In,O,False,False,False,False
cmr_48e3dd02e3ba06e1f0ac4ae4a0ccb197,In:1|O:3|Sr:1,joint,0,2028762028,oxide,7,True,False,tolerance/mu,"t=0.78 outside [0.80,1.05]",La,In,O,False,False,False,False
cmr_48e3dd02e3ba06e1f0ac4ae4a0ccb197,In:1|O:3|Sr:1,joint,0,2028762028,oxide,8,True,False,tolerance/mu,"t=0.78 outside [0.80,1.05]",La,In,O,False,False,False,False
cmr_48e3dd02e3ba06e1f0ac4ae4a0ccb197,In:1|O:3|Sr:1,joint,0,2028762028,oxide,9,True,False,tolerance/mu,"t=0.78 outside [0.80,1.05]",La,In,O,False,False,False,False
cmr_48e3dd02e3ba06e1f0ac4ae4a0ccb197,In:1|O:3|Sr:1,joint,0,2028762028,oxide,10,True,False,tolerance/mu,"t=0.78 outside [0.80,1.05]",La,In,O,False,False,False,False
cmr_48e3dd02e3ba06e1f0ac4ae4a0ccb197,In:1|O:3|Sr:1,joint,0,2028762028,oxide,11,True,False,tolerance/mu,"t=0.78 outside [0.80,1.05]",La,In,O,False,False,False,False
cmr_48e3dd02e3ba06e1f0ac4ae4a0ccb197,In:1|O:3|Sr:1,joint,0,2028762028,oxide,12,True,False,tolerance/mu,"t=0.78 outside [0.80,1.05]",La,In,O,False,False,False,False
cmr_48e3dd02e3ba06e1f0ac4ae4a0ccb197,In:1|O:3|Sr:1,joint,1,1802078460,oxide,1,True,False,tolerance/mu,"t=0.78 outside [0.80,1.05]",La,In,O,False,False,False,False
cmr_48e3dd02e3ba06e1f0ac4ae4a0ccb197,In:1|O:3|Sr:1,joint,1,1802078460,oxide,2,True,False,tolerance/mu,"t=0.78 outside [0.80,1.05]",La,In,O,False,False,False,False
cmr_48e3dd02e3ba06e1f0ac4ae4a0ccb197,In:1|O:3|Sr:1,joint,1,1802078460,oxide,3,True,False,tolerance/mu,"t=0.78 outside [0.80,1.05]",La,In,O,False,False,False,False
cmr_48e3dd02e3ba06e1f0ac4ae4a0ccb197,In:1|O:3|Sr:1,joint,1,1802078460,oxide,4,True,False,tolerance/mu,"t=0.78 outside [0.80,1.05]",La,In,O,False,False,False,False
cmr_48e3dd02e3ba06e1f0ac4ae4a0ccb197,In:1|O:3|Sr:1,joint,1,1802078460,oxide,5,True,False,tolerance/mu,"t=0.78 outside [0.80,1.05]",La,In,O,False,False,False,False
cmr_48e3dd02e3ba06e1f0ac4ae4a0ccb197,In:1|O:3|Sr:1,joint,1,1802078460,oxide,6,True,False,tolerance/mu,"t=0.78 outside [0.80,1.05]",La,In,O,False,False,False,False
cmr_48e3dd02e3ba06e1f0ac4ae4a0ccb197,In:1|O:3|Sr:1,joint,1,1802078460,oxide,7,True,False,tolerance/mu,"t=0.78 outside [0.80,1.05]",La,In,O,False,False,False,False
cmr_48e3dd02e3ba06e1f0ac4ae4a0ccb197,In:1|O:3|Sr:1,joint,1,1802078460,oxide,8,True,False,tolerance/mu,"t=0.78 outside [0.80,1.05]",La,In,O,False,False,False,False
cmr_48e3dd02e3ba06e1f0ac4ae4a0ccb197,In:1|O:3|Sr:1,joint,1,1802078460,oxide,9,True,False,tolerance/mu,"t=0.78 outside [0.80,1.05]",La,In,O,False,False,False,False
cmr_48e3dd02e3ba06e1f0ac4ae4a0ccb197,In:1|O:3|Sr:1,joint,1,1802078460,oxide,10,True,False,tolerance/mu,"t=0.78 outside [0.80,1.05]",La,In,O,False,False,False,False
cmr_48e3dd02e3ba06e1f0ac4ae4a0ccb197,In:1|O:3|Sr:1,joint,1,1802078460,oxide,11,True,False,tolerance/mu,"t=0.78 outside [0.80,1.05]",La,In,O,False,False,False,False
cmr_48e3dd02e3ba06e1f0ac4ae4a0ccb197,In:1|O:3|Sr:1,joint,1,1802078460,oxide,12,True,False,tolerance/mu,"t=0.78 outside [0.80,1.05]",La,In,O,False,False,False,False
cmr_48e3dd02e3ba06e1f0ac4ae4a0ccb197,In:1|O:3|Sr:1,joint,2,1149612613,oxide,1,True,False,tolerance/mu,"t=0.78 outside [0.80,1.05]",La,In,O,False,False,False,False
cmr_48e3dd02e3ba06e1f0ac4ae4a0ccb197,In:1|O:3|Sr:1,joint,2,1149612613,oxide,2,True,False,tolerance/mu,"t=0.78 outside [0.80,1.05]",La,In,O,False,False,False,False
cmr_48e3dd02e3ba06e1f0ac4ae4a0ccb197,In:1|O:3|Sr:1,joint,2,1149612613,oxide,3,True,False,tolerance/mu,"t=0.78 outside [0.80,1.05]",La,In,O,False,False,False,False
cmr_48e3dd02e3ba06e1f0ac4ae4a0ccb197,In:1|O:3|Sr:1,joint,2,1149612613,oxide,4,True,False,tolerance/mu,"t=0.78 outside [0.80,1.05]",La,In,O,False,False,False,False
cmr_48e3dd02e3ba06e1f0ac4ae4a0ccb197,In:1|O:3|Sr:1,joint,2,1149612613,oxide,5,True,False,tolerance/mu,"t=0.78 outside [0.80,1.05]",La,In,O,False,False,False,False
cmr_48e3dd02e3ba06e1f0ac4ae4a0ccb197,In:1|O:3|Sr:1,joint,2,1149612613,oxide,6,True,False,tolerance/mu,"t=0.78 outside [0.80,1.05]",La,In,O,False,False,False,False
cmr_48e3dd02e3ba06e1f0ac4ae4a0ccb197,In:1|O:3|Sr:1,joint,2,1149612613,oxide,7,True,False,tolerance/mu,"t=0.78 outside [0.80,1.05]",La,In,O,False,False,False,False
cmr_48e3dd02e3ba06e1f0ac4ae4a0ccb197,In:1|O:3|Sr:1,joint,2,1149612613,oxide,8,True,False,tolerance/mu,"t=0.78 outside [0.80,1.05]",La,In,O,False,False,False,False
cmr_48e3dd02e3ba06e1f0ac4ae4a0ccb197,In:1|O:3|Sr:1,joint,2,1149612613,oxide,9,True,False,tolerance/mu,"t=0.78 outside [0.80,1.05]",La,In,O,False,False,False,False
cmr_48e3dd02e3ba06e1f0ac4ae4a0ccb197,In:1|O:3|Sr:1,joint,2,1149612613,oxide,10,True,False,tolerance/mu,"t=0.78 outside [0.80,1.05]",La,In,O,False,False,False,False
cmr_48e3dd02e3ba06e1f0ac4ae4a0ccb197,In:1|O:3|Sr:1,joint,2,1149612613,oxide,11,True,False,tolerance/mu,"t=0.78 outside [0.80,1.05]",La,In,O,False,False,False,False
cmr_48e3dd02e3ba06e1f0ac4ae4a0ccb197,In:1|O:3|Sr:1,joint,2,1149612613,oxide,12,True,False,tolerance/mu,"t=0.78 outside [0.80,1.05]",La,In,O,False,False,False,False
cmr_48e3dd02e3ba06e1f0ac4ae4a0ccb197,In:1|O:3|Sr:1,fixed_real,0,2028762028,oxide,1,True,False,tolerance/mu,"t=0.78 outside [0.80,1.05]",La,Cr,O,False,False,False,False
cmr_48e3dd02e3ba06e1f0ac4ae4a0ccb197,In:1|O:3|Sr:1,fixed_real,0,2028762028,oxide,2,True,False,tolerance/mu,"t=0.78 outside [0.80,1.05]",La,Cr,O,False,False,False,False
cmr_48e3dd02e3ba06e1f0ac4ae4a0ccb197,In:1|O:3|Sr:1,fixed_real,0,2028762028,oxide,3,True,False,tolerance/mu,"t=0.78 outside [0.80,1.05]",La,Cr,O,False,False,False,False
cmr_48e3dd02e3ba06e1f0ac4ae4a0ccb197,In:1|O:3|Sr:1,fixed_real,0,2028762028,oxide,4,True,False,tolerance/mu,"t=0.78 outside [0.80,1.05]",La,Cr,O,False,False,False,False
cmr_48e3dd02e3ba06e1f0ac4ae4a0ccb197,In:1|O:3|Sr:1,fixed_real,0,2028762028,oxide,5,True,False,tolerance/mu,"t=0.78 outside [0.80,1.05]",La,Cr,O,False,False,False,False
cmr_48e3dd02e3ba06e1f0ac4ae4a0ccb197,In:1|O:3|Sr:1,fixed_real,0,2028762028,oxide,6,True,False,tolerance/mu,"t=0.78 outside [0.80,1.05]",La,Cr,O,False,False,False,False
cmr_48e3dd02e3ba06e1f0ac4ae4a0ccb197,In:1|O:3|Sr:1,fixed_real,0,2028762028,oxide,7,True,False,tolerance/mu,"t=0.78 outside [0.80,1.05]",La,Cr,O,False,False,False,False
cmr_48e3dd02e3ba06e1f0ac4ae4a0ccb197,In:1|O:3|Sr:1,fixed_real,0,2028762028,oxide,8,True,False,tolerance/mu,"t=0.78 outside [0.80,1.05]",La,Cr,O,False,False,False,False
cmr_48e3dd02e3ba06e1f0ac4ae4a0ccb197,In:1|O:3|Sr:1,fixed_real,0,2028762028,oxide,9,True,False,tolerance/mu,"t=0.78 outside [0.80,1.05]",La,Cr,O,False,False,False,False
cmr_48e3dd02e3ba06e1f0ac4ae4a0ccb197,In:1|O:3|Sr:1,fixed_real,0,2028762028,oxide,10,True,False,tolerance/mu,"t=0.78 outside [0.80,1.05]",La,Cr,O,False,False,False,False
cmr_48e3dd02e3ba06e1f0ac4ae4a0ccb197,In:1|O:3|Sr:1,fixed_real,0,2028762028,oxide,11,True,False,tolerance/mu,"t=0.78 outside [0.80,1.05]",La,Cr,O,False,False,False,False
cmr_48e3dd02e3ba06e1f0ac4ae4a0ccb197,In:1|O:3|Sr:1,fixed_real,0,2028762028,oxide,12,True,False,tolerance/mu,"t=0.78 outside [0.80,1.05]",La,Cr,O,False,False,False,False
cmr_48e3dd02e3ba06e1f0ac4ae4a0ccb197,In:1|O:3|Sr:1,fixed_real,1,1802078460,oxide,1,True,False,tolerance/mu,"t=0.78 outside [0.80,1.05]",La,Cr,O,False,False,False,False
cmr_48e3dd02e3ba06e1f0ac4ae4a0ccb197,In:1|O:3|Sr:1,fixed_real,1,1802078460,oxide,2,True,False,tolerance/mu,"t=0.78 outside [0.80,1.05]",La,Cr,O,False,False,False,False
cmr_48e3dd02e3ba06e1f0ac4ae4a0ccb197,In:1|O:3|Sr:1,fixed_real,1,1802078460,oxide,3,True,False,tolerance/mu,"t=0.78 outside [0.80,1.05]",La,Cr,O,False,False,False,False
cmr_48e3dd02e3ba06e1f0ac4ae4a0ccb197,In:1|O:3|Sr:1,fixed_real,1,1802078460,oxide,4,True,False,tolerance/mu,"t=0.78 outside [0.80,1.05]",La,Cr,O,False,False,False,False
cmr_48e3dd02e3ba06e1f0ac4ae4a0ccb197,In:1|O:3|Sr:1,fixed_real,1,1802078460,oxide,5,True,False,tolerance/mu,"t=0.78 outside [0.80,1.05]",La,Cr,O,False,False,False,False
cmr_48e3dd02e3ba06e1f0ac4ae4a0ccb197,In:1|O:3|Sr:1,fixed_real,1,1802078460,oxide,6,True,False,tolerance/mu,"t=0.78 outside [0.80,1.05]",La,Cr,O,False,False,False,False
cmr_48e3dd02e3ba06e1f0ac4ae4a0ccb197,In:1|O:3|Sr:1,fixed_real,1,1802078460,oxide,7,True,False,tolerance/mu,"t=0.78 outside [0.80,1.05]",La,Cr,O,False,False,False,False
cmr_48e3dd02e3ba06e1f0ac4ae4a0ccb197,In:1|O:3|Sr:1,fixed_real,1,1802078460,oxide,8,True,False,tolerance/mu,"t=0.78 outside [0.80,1.05]",La,Cr,O,False,False,False,False
cmr_48e3dd02e3ba06e1f0ac4ae4a0ccb197,In:1|O:3|Sr:1,fixed_real,1,1802078460,oxide,9,True,True,,,Ca,Zr,O,False,False,False,False
cmr_48e3dd02e3ba06e1f0ac4ae4a0ccb197,In:1|O:3|Sr:1,fixed_real,2,1149612613,oxide,1,True,False,tolerance/mu,"t=0.78 outside [0.80,1.05]",La,Cr,O,False,False,False,False
cmr_48e3dd02e3ba06e1f0ac4ae4a0ccb197,In:1|O:3|Sr:1,fixed_real,2,1149612613,oxide,2,True,False,tolerance/mu,"t=0.78 outside [0.80,1.05]",La,Cr,O,False,False,False,False
cmr_48e3dd02e3ba06e1f0ac4ae4a0ccb197,In:1|O:3|Sr:1,fixed_real,2,1149612613,oxide,3,True,False,tolerance/mu,"t=0.78 outside [0.80,1.05]",La,Cr,O,False,False,False,False
cmr_48e3dd02e3ba06e1f0ac4ae4a0ccb197,In:1|O:3|Sr:1,fixed_real,2,1149612613,oxide,4,True,False,tolerance/mu,"t=0.78 outside [0.80,1.05]",La,Cr,O,False,False,False,False
cmr_48e3dd02e3ba06e1f0ac4ae4a0ccb197,In:1|O:3|Sr:1,fixed_real,2,1149612613,oxide,5,True,False,tolerance/mu,"t=0.78 outside [0.80,1.05]",La,Cr,O,False,False,False,False
cmr_48e3dd02e3ba06e1f0ac4ae4a0ccb197,In:1|O:3|Sr:1,fixed_real,2,1149612613,oxide,6,True,False,tolerance/mu,"t=0.78 outside [0.80,1.05]",La,Cr,O,False,False,False,False
cmr_48e3dd02e3ba06e1f0ac4ae4a0ccb197,In:1|O:3|Sr:1,fixed_real,2,1149612613,oxide,7,True,False,tolerance/mu,"t=0.78 outside [0.80,1.05]",La,Cr,O,False,False,False,False
cmr_48e3dd02e3ba06e1f0ac4ae4a0ccb197,In:1|O:3|Sr:1,fixed_real,2,1149612613,oxide,8,True,False,tolerance/mu,"t=0.78 outside [0.80,1.05]",La,Cr,O,False,False,False,False
cmr_48e3dd02e3ba06e1f0ac4ae4a0ccb197,In:1|O:3|Sr:1,fixed_real,2,1149612613,oxide,9,True,False,tolerance/mu,"t=0.78 outside [0.80,1.05]",La,Cr,O,False,False,False,False
cmr_48e3dd02e3ba06e1f0ac4ae4a0ccb197,In:1|O:3|Sr:1,fixed_real,2,1149612613,oxide,10,True,False,tolerance/mu,"t=0.78 outside [0.80,1.05]",La,Cr,O,False,False,False,False
cmr_48e3dd02e3ba06e1f0ac4ae4a0ccb197,In:1|O:3|Sr:1,fixed_real,2,1149612613,oxide,11,True,True,,,Ca,Zr,O,False,False,False,False
cmr_48e3dd02e3ba06e1f0ac4ae4a0ccb197,In:1|O:3|Sr:1,property,0,2028762028,oxide,1,False,False,charge_compatible_A,no compatible A species,,W,O,False,False,False,False
cmr_48e3dd02e3ba06e1f0ac4ae4a0ccb197,In:1|O:3|Sr:1,property,0,2028762028,oxide,2,True,True,,,Ca,Ge,O,False,False,False,False
cmr_48e3dd02e3ba06e1f0ac4ae4a0ccb197,In:1|O:3|Sr:1,property,1,1802078460,oxide,1,True,True,,,Na,Nb,O,False,False,False,False
cmr_48e3dd02e3ba06e1f0ac4ae4a0ccb197,In:1|O:3|Sr:1,property,2,1149612613,oxide,1,True,True,,,K,Nb,O,False,False,False,False
cmr_4a1084fcbabc2f7e867be309d49cbe2b,Na:1|O:3|V:1,joint,0,532965547,oxide,1,True,False,tolerance/mu,"t=0.78 outside [0.80,1.05]",La,Cr,O,False,False,True,True
cmr_4a1084fcbabc2f7e867be309d49cbe2b,Na:1|O:3|V:1,joint,0,532965547,oxide,2,True,True,,,Na,V,O,True,True,True,True
cmr_4a1084fcbabc2f7e867be309d49cbe2b,Na:1|O:3|V:1,joint,1,1632524309,oxide,1,True,True,,,Na,V,O,True,True,True,True
cmr_4a1084fcbabc2f7e867be309d49cbe2b,Na:1|O:3|V:1,joint,2,1190155668,oxide,1,True,True,,,Na,V,O,True,True,True,True
cmr_4a1084fcbabc2f7e867be309d49cbe2b,Na:1|O:3|V:1,fixed_real,0,532965547,oxide,1,True,True,,,Ca,Zr,O,False,False,True,True
cmr_4a1084fcbabc2f7e867be309d49cbe2b,Na:1|O:3|V:1,fixed_real,1,1632524309,oxide,1,True,False,tolerance/mu,"t=0.78 outside [0.80,1.05]",La,Cr,O,False,False,True,True
cmr_4a1084fcbabc2f7e867be309d49cbe2b,Na:1|O:3|V:1,fixed_real,1,1632524309,oxide,2,True,False,tolerance/mu,"t=0.78 outside [0.80,1.05]",La,Cr,O,False,False,True,True
cmr_4a1084fcbabc2f7e867be309d49cbe2b,Na:1|O:3|V:1,fixed_real,1,1632524309,oxide,3,True,False,tolerance/mu,"t=0.78 outside [0.80,1.05]",La,Cr,O,False,False,True,True
cmr_4a1084fcbabc2f7e867be309d49cbe2b,Na:1|O:3|V:1,fixed_real,1,1632524309,oxide,4,True,False,tolerance/mu,"t=0.78 outside [0.80,1.05]",La,Cr,O,False,False,True,True
cmr_4a1084fcbabc2f7e867be309d49cbe2b,Na:1|O:3|V:1,fixed_real,1,1632524309,oxide,5,True,False,tolerance/mu,"t=0.78 outside [0.80,1.05]",La,Cr,O,False,False,True,True
cmr_4a1084fcbabc2f7e867be309d49cbe2b,Na:1|O:3|V:1,fixed_real,1,1632524309,oxide,6,True,False,tolerance/mu,"t=0.78 outside [0.80,1.05]",La,Cr,O,False,False,True,True
cmr_4a1084fcbabc2f7e867be309d49cbe2b,Na:1|O:3|V:1,fixed_real,1,1632524309,oxide,7,True,False,tolerance/mu,"t=0.78 outside [0.80,1.05]",La,Cr,O,False,False,True,True
cmr_4a1084fcbabc2f7e867be309d49cbe2b,Na:1|O:3|V:1,fixed_real,1,1632524309,oxide,8,True,False,tolerance/mu,"t=0.78 outside [0.80,1.05]",La,Cr,O,False,False,True,True
cmr_4a1084fcbabc2f7e867be309d49cbe2b,Na:1|O:3|V:1,fixed_real,1,1632524309,oxide,9,True,False,tolerance/mu,"t=0.78 outside [0.80,1.05]",La,Cr,O,False,False,True,True
cmr_4a1084fcbabc2f7e867be309d49cbe2b,Na:1|O:3|V:1,fixed_real,1,1632524309,oxide,10,True,False,tolerance/mu,"t=0.78 outside [0.80,1.05]",La,Cr,O,False,False,True,True
cmr_4a1084fcbabc2f7e867be309d49cbe2b,Na:1|O:3|V:1,fixed_real,1,1632524309,oxide,11,True,False,tolerance/mu,"t=0.78 outside [0.80,1.05]",La,Cr,O,False,False,True,True
cmr_4a1084fcbabc2f7e867be309d49cbe2b,Na:1|O:3|V:1,fixed_real,1,1632524309,oxide,12,True,False,tolerance/mu,"t=0.78 outside [0.80,1.05]",La,Cr,O,False,False,True,True
cmr_4a1084fcbabc2f7e867be309d49cbe2b,Na:1|O:3|V:1,fixed_real,2,1190155668,oxide,1,True,False,tolerance/mu,"t=0.78 outside [0.80,1.05]",La,Cr,O,False,False,True,True
cmr_4a1084fcbabc2f7e867be309d49cbe2b,Na:1|O:3|V:1,fixed_real,2,1190155668,oxide,2,True,False,tolerance/mu,"t=0.78 outside [0.80,1.05]",La,Cr,O,False,False,True,True
cmr_4a1084fcbabc2f7e867be309d49cbe2b,Na:1|O:3|V:1,fixed_real,2,1190155668,oxide,3,True,False,tolerance/mu,"t=0.78 outside [0.80,1.05]",La,Cr,O,False,False,True,True
cmr_4a1084fcbabc2f7e867be309d49cbe2b,Na:1|O:3|V:1,fixed_real,2,1190155668,oxide,4,True,False,tolerance/mu,"t=0.78 outside [0.80,1.05]",La,Cr,O,False,False,True,True
cmr_4a1084fcbabc2f7e867be309d49cbe2b,Na:1|O:3|V:1,fixed_real,2,1190155668,oxide,5,True,False,tolerance/mu,"t=0.78 outside [0.80,1.05]",La,Cr,O,False,False,True,True
cmr_4a1084fcbabc2f7e867be309d49cbe2b,Na:1|O:3|V:1,fixed_real,2,1190155668,oxide,6,True,False,tolerance/mu,"t=0.78 outside [0.80,1.05]",La,Cr,O,False,False,True,True
cmr_4a1084fcbabc2f7e867be309d49cbe2b,Na:1|O:3|V:1,fixed_real,2,1190155668,oxide,7,True,False,tolerance/mu,"t=0.78 outside [0.80,1.05]",La,Cr,O,False,False,True,True
cmr_4a1084fcbabc2f7e867be309d49cbe2b,Na:1|O:3|V:1,fixed_real,2,1190155668,oxide,8,True,False,tolerance/mu,"t=0.78 outside [0.80,1.05]",La,Cr,O,False,False,True,True
cmr_4a1084fcbabc2f7e867be309d49cbe2b,Na:1|O:3|V:1,fixed_real,2,1190155668,oxide,9,True,False,tolerance/mu,"t=0.78 outside [0.80,1.05]",La,Cr,O,False,False,True,True
cmr_4a1084fcbabc2f7e867be309d49cbe2b,Na:1|O:3|V:1,fixed_real,2,1190155668,oxide,10,True,False,tolerance/mu,"t=0.78 outside [0.80,1.05]",La,Cr,O,False,False,True,True
cmr_4a1084fcbabc2f7e867be309d49cbe2b,Na:1|O:3|V:1,fixed_real,2,1190155668,oxide,11,True,False,tolerance/mu,"t=0.78 outside [0.80,1.05]",La,Cr,O,False,False,True,True
cmr_4a1084fcbabc2f7e867be309d49cbe2b,Na:1|O:3|V:1,fixed_real,2,1190155668,oxide,12,True,False,tolerance/mu,"t=0.78 outside [0.80,1.05]",La,Cr,O,False,False,True,True
cmr_4a1084fcbabc2f7e867be309d49cbe2b,Na:1|O:3|V:1,property,0,532965547,oxide,1,True,True,,,La,Sc,O,False,False,True,True
cmr_4a1084fcbabc2f7e867be309d49cbe2b,Na:1|O:3|V:1,property,1,1632524309,oxide,1,True,True,,,Sr,Zr,O,False,False,True,True
cmr_4a1084fcbabc2f7e867be309d49cbe2b,Na:1|O:3|V:1,property,2,1190155668,oxide,1,True,True,,,Rb,Ta,O,False,False,True,True
cmr_5a86c2636813d6b401520d96410cc7c7,N:3|Na:1|Ti:1,joint,0,1299987885,nitride,1,False,False,charge_compatible_A,no compatible A species,,Ti,N,False,False,False,False
cmr_5a86c2636813d6b401520d96410cc7c7,N:3|Na:1|Ti:1,joint,0,1299987885,nitride,2,False,False,charge_compatible_A,no compatible A species,,Ti,N,False,False,False,False
cmr_5a86c2636813d6b401520d96410cc7c7,N:3|Na:1|Ti:1,joint,0,1299987885,nitride,3,False,False,charge_compatible_A,no compatible A species,,Zr,N,False,False,False,False
cmr_5a86c2636813d6b401520d96410cc7c7,N:3|Na:1|Ti:1,joint,0,1299987885,nitride,4,False,False,charge_compatible_A,no compatible A species,,Zr,N,False,False,False,False
cmr_5a86c2636813d6b401520d96410cc7c7,N:3|Na:1|Ti:1,joint,0,1299987885,nitride,5,False,False,charge_compatible_A,no compatible A species,,Zr,N,False,False,False,False
cmr_5a86c2636813d6b401520d96410cc7c7,N:3|Na:1|Ti:1,joint,0,1299987885,nitride,6,False,False,charge_compatible_A,no compatible A species,,Ti,N,False,False,False,False
cmr_5a86c2636813d6b401520d96410cc7c7,N:3|Na:1|Ti:1,joint,0,1299987885,nitride,7,False,False,charge_compatible_A,no compatible A species,,Zr,N,False,False,False,False
cmr_5a86c2636813d6b401520d96410cc7c7,N:3|Na:1|Ti:1,joint,0,1299987885,nitride,8,False,False,charge_compatible_A,no compatible A species,,Ti,N,False,False,False,False
cmr_5a86c2636813d6b401520d96410cc7c7,N:3|Na:1|Ti:1,joint,0,1299987885,nitride,9,False,False,charge_compatible_A,no compatible A species,,Ti,N,False,False,False,False
cmr_5a86c2636813d6b401520d96410cc7c7,N:3|Na:1|Ti:1,joint,0,1299987885,nitride,10,False,False,charge_compatible_A,no compatible A species,,Ti,N,False,False,False,False
cmr_5a86c2636813d6b401520d96410cc7c7,N:3|Na:1|Ti:1,joint,0,1299987885,nitride,11,False,False,charge_compatible_A,no compatible A species,,Ti,N,False,False,False,False
cmr_5a86c2636813d6b401520d96410cc7c7,N:3|Na:1|Ti:1,joint,0,1299987885,nitride,12,False,False,charge_compatible_A,no compatible A species,,Ti,N,False,False,False,False
cmr_5a86c2636813d6b401520d96410cc7c7,N:3|Na:1|Ti:1,joint,1,1483055558,nitride,1,False,False,charge_compatible_A,no compatible A species,,Ti,N,False,False,False,False
cmr_5a86c2636813d6b401520d96410cc7c7,N:3|Na:1|Ti:1,joint,1,1483055558,nitride,2,False,False,charge_compatible_A,no compatible A species,,Zr,N,False,False,False,False
cmr_5a86c2636813d6b401520d96410cc7c7,N:3|Na:1|Ti:1,joint,1,1483055558,nitride,3,False,False,charge_compatible_A,no compatible A species,,Ti,N,False,False,False,False
cmr_5a86c2636813d6b401520d96410cc7c7,N:3|Na:1|Ti:1,joint,1,1483055558,nitride,4,False,False,charge_compatible_A,no compatible A species,,Zr,N,False,False,False,False
cmr_5a86c2636813d6b401520d96410cc7c7,N:3|Na:1|Ti:1,joint,1,1483055558,nitride,5,False,False,charge_compatible_A,no compatible A species,,Ti,N,False,False,False,False
cmr_5a86c2636813d6b401520d96410cc7c7,N:3|Na:1|Ti:1,joint,1,1483055558,nitride,6,False,False,charge_compatible_A,no compatible A species,,Zr,N,False,False,False,False
cmr_5a86c2636813d6b401520d96410cc7c7,N:3|Na:1|Ti:1,joint,1,1483055558,nitride,7,False,False,charge_compatible_A,no compatible A species,,Ti,N,False,False,False,False
cmr_5a86c2636813d6b401520d96410cc7c7,N:3|Na:1|Ti:1,joint,1,1483055558,nitride,8,False,False,charge_compatible_A,no compatible A species,,Ti,N,False,False,False,False
cmr_5a86c2636813d6b401520d96410cc7c7,N:3|Na:1|Ti:1,joint,1,1483055558,nitride,9,False,False,charge_compatible_A,no compatible A species,,Ti,N,False,False,False,False
cmr_5a86c2636813d6b401520d96410cc7c7,N:3|Na:1|Ti:1,joint,1,1483055558,nitride,10,False,False,charge_compatible_A,no compatible A species,,Zr,N,False,False,False,False
cmr_5a86c2636813d6b401520d96410cc7c7,N:3|Na:1|Ti:1,joint,1,1483055558,nitride,11,False,False,charge_compatible_A,no compatible A species,,Ti,N,False,False,False,False
cmr_5a86c2636813d6b401520d96410cc7c7,N:3|Na:1|Ti:1,joint,1,1483055558,nitride,12,False,False,charge_compatible_A,no compatible A species,,Zr,N,False,False,False,False
cmr_5a86c2636813d6b401520d96410cc7c7,N:3|Na:1|Ti:1,joint,2,848109430,nitride,1,False,False,charge_compatible_A,no compatible A species,,Ti,N,False,False,False,False
cmr_5a86c2636813d6b401520d96410cc7c7,N:3|Na:1|Ti:1,joint,2,848109430,nitride,2,False,False,charge_compatible_A,no compatible A species,,Ti,N,False,False,False,False
cmr_5a86c2636813d6b401520d96410cc7c7,N:3|Na:1|Ti:1,joint,2,848109430,nitride,3,False,False,charge_compatible_A,no compatible A species,,Zr,N,False,False,False,False
cmr_5a86c2636813d6b401520d96410cc7c7,N:3|Na:1|Ti:1,joint,2,848109430,nitride,4,False,False,charge_compatible_A,no compatible A species,,Ti,N,False,False,False,False
cmr_5a86c2636813d6b401520d96410cc7c7,N:3|Na:1|Ti:1,joint,2,848109430,nitride,5,False,False,charge_compatible_A,no compatible A species,,Ti,N,False,False,False,False
cmr_5a86c2636813d6b401520d96410cc7c7,N:3|Na:1|Ti:1,joint,2,848109430,nitride,6,False,False,charge_compatible_A,no compatible A species,,Zr,N,False,False,False,False
cmr_5a86c2636813d6b401520d96410cc7c7,N:3|Na:1|Ti:1,joint,2,848109430,nitride,7,False,False,charge_compatible_A,no compatible A species,,Ti,N,False,False,False,False
cmr_5a86c2636813d6b401520d96410cc7c7,N:3|Na:1|Ti:1,joint,2,848109430,nitride,8,False,False,charge_compatible_A,no compatible A species,,Zr,N,False,False,False,False
cmr_5a86c2636813d6b401520d96410cc7c7,N:3|Na:1|Ti:1,joint,2,848109430,nitride,9,False,False,charge_compatible_A,no compatible A species,,Zr,N,False,False,False,False
cmr_5a86c2636813d6b401520d96410cc7c7,N:3|Na:1|Ti:1,joint,2,848109430,nitride,10,False,False,charge_compatible_A,no compatible A species,,Ti,N,False,False,False,False
cmr_5a86c2636813d6b401520d96410cc7c7,N:3|Na:1|Ti:1,joint,2,848109430,nitride,11,False,False,charge_compatible_A,no compatible A species,,Ti,N,False,False,False,False
cmr_5a86c2636813d6b401520d96410cc7c7,N:3|Na:1|Ti:1,joint,2,848109430,nitride,12,False,False,charge_compatible_A,no compatible A species,,Zr,N,False,False,False,False
cmr_5a86c2636813d6b401520d96410cc7c7,N:3|Na:1|Ti:1,fixed_real,0,1299987885,nitride,1,False,False,charge_compatible_A,no compatible A species,,Cr,N,False,False,False,False
cmr_5a86c2636813d6b401520d96410cc7c7,N:3|Na:1|Ti:1,fixed_real,0,1299987885,nitride,2,False,False,charge_compatible_A,no compatible A species,,Cr,N,False,False,False,False
cmr_5a86c2636813d6b401520d96410cc7c7,N:3|Na:1|Ti:1,fixed_real,0,1299987885,nitride,3,False,False,charge_compatible_A,no compatible A species,,Cr,N,False,False,False,False
cmr_5a86c2636813d6b401520d96410cc7c7,N:3|Na:1|Ti:1,fixed_real,0,1299987885,nitride,4,False,False,charge_compatible_A,no compatible A species,,Cr,N,False,False,False,False
cmr_5a86c2636813d6b401520d96410cc7c7,N:3|Na:1|Ti:1,fixed_real,0,1299987885,nitride,5,False,False,charge_compatible_A,no compatible A species,,Cr,N,False,False,False,False
cmr_5a86c2636813d6b401520d96410cc7c7,N:3|Na:1|Ti:1,fixed_real,0,1299987885,nitride,6,False,False,charge_compatible_A,no compatible A species,,Cr,N,False,False,False,False
cmr_5a86c2636813d6b401520d96410cc7c7,N:3|Na:1|Ti:1,fixed_real,0,1299987885,nitride,7,False,False,charge_compatible_A,no compatible A species,,Cr,N,False,False,False,False
cmr_5a86c2636813d6b401520d96410cc7c7,N:3|Na:1|Ti:1,fixed_real,0,1299987885,nitride,8,False,False,charge_compatible_A,no compatible A species,,Cr,N,False,False,False,False
cmr_5a86c2636813d6b401520d96410cc7c7,N:3|Na:1|Ti:1,fixed_real,0,1299987885,nitride,9,False,False,charge_compatible_A,no compatible A species,,Cr,N,False,False,False,False
cmr_5a86c2636813d6b401520d96410cc7c7,N:3|Na:1|Ti:1,fixed_real,0,1299987885,nitride,10,False,False,charge_compatible_A,no compatible A species,,Cr,N,False,False,False,False
cmr_5a86c2636813d6b401520d96410cc7c7,N:3|Na:1|Ti:1,fixed_real,0,1299987885,nitride,11,False,False,charge_compatible_A,no compatible A species,,Cr,N,False,False,False,False
cmr_5a86c2636813d6b401520d96410cc7c7,N:3|Na:1|Ti:1,fixed_real,0,1299987885,nitride,12,False,False,charge_compatible_A,no compatible A species,,Cr,N,False,False,False,False
cmr_5a86c2636813d6b401520d96410cc7c7,N:3|Na:1|Ti:1,fixed_real,1,1483055558,nitride,1,False,False,charge_compatible_A,no compatible A species,,Cr,N,False,False,False,False
cmr_5a86c2636813d6b401520d96410cc7c7,N:3|Na:1|Ti:1,fixed_real,1,1483055558,nitride,2,False,False,charge_compatible_A,no compatible A species,,Cr,N,False,False,False,False
cmr_5a86c2636813d6b401520d96410cc7c7,N:3|Na:1|Ti:1,fixed_real,1,1483055558,nitride,3,False,False,charge_compatible_A,no compatible A species,,Cr,N,False,False,False,False
cmr_5a86c2636813d6b401520d96410cc7c7,N:3|Na:1|Ti:1,fixed_real,1,1483055558,nitride,4,False,False,charge_compatible_A,no compatible A species,,Cr,N,False,False,False,False
cmr_5a86c2636813d6b401520d96410cc7c7,N:3|Na:1|Ti:1,fixed_real,1,1483055558,nitride,5,False,False,charge_compatible_A,no compatible A species,,Cr,N,False,False,False,False
cmr_5a86c2636813d6b401520d96410cc7c7,N:3|Na:1|Ti:1,fixed_real,1,1483055558,nitride,6,False,False,charge_compatible_A,no compatible A species,,Cr,N,False,False,False,False
cmr_5a86c2636813d6b401520d96410cc7c7,N:3|Na:1|Ti:1,fixed_real,1,1483055558,nitride,7,False,False,charge_compatible_A,no compatible A species,,Cr,N,False,False,False,False
cmr_5a86c2636813d6b401520d96410cc7c7,N:3|Na:1|Ti:1,fixed_real,1,1483055558,nitride,8,False,False,charge_compatible_A,no compatible A species,,Cr,N,False,False,False,False
cmr_5a86c2636813d6b401520d96410cc7c7,N:3|Na:1|Ti:1,fixed_real,1,1483055558,nitride,9,False,False,charge_compatible_A,no compatible A species,,Cr,N,False,False,False,False
cmr_5a86c2636813d6b401520d96410cc7c7,N:3|Na:1|Ti:1,fixed_real,1,1483055558,nitride,10,False,False,charge_compatible_A,no compatible A species,,Cr,N,False,False,False,False
cmr_5a86c2636813d6b401520d96410cc7c7,N:3|Na:1|Ti:1,fixed_real,1,1483055558,nitride,11,False,False,charge_compatible_A,no compatible A species,,Cr,N,False,False,False,False
cmr_5a86c2636813d6b401520d96410cc7c7,N:3|Na:1|Ti:1,fixed_real,1,1483055558,nitride,12,False,False,charge_compatible_A,no compatible A species,,Cr,N,False,False,False,False
cmr_5a86c2636813d6b401520d96410cc7c7,N:3|Na:1|Ti:1,fixed_real,2,848109430,nitride,1,False,False,charge_compatible_A,no compatible A species,,Cr,N,False,False,False,False
cmr_5a86c2636813d6b401520d96410cc7c7,N:3|Na:1|Ti:1,fixed_real,2,848109430,nitride,2,False,False,charge_compatible_A,no compatible A species,,Cr,N,False,False,False,False
cmr_5a86c2636813d6b401520d96410cc7c7,N:3|Na:1|Ti:1,fixed_real,2,848109430,nitride,3,False,False,charge_compatible_A,no compatible A species,,Cr,N,False,False,False,False
cmr_5a86c2636813d6b401520d96410cc7c7,N:3|Na:1|Ti:1,fixed_real,2,848109430,nitride,4,False,False,charge_compatible_A,no compatible A species,,Cr,N,False,False,False,False
cmr_5a86c2636813d6b401520d96410cc7c7,N:3|Na:1|Ti:1,fixed_real,2,848109430,nitride,5,False,False,charge_compatible_A,no compatible A species,,Cr,N,False,False,False,False
cmr_5a86c2636813d6b401520d96410cc7c7,N:3|Na:1|Ti:1,fixed_real,2,848109430,nitride,6,False,False,charge_compatible_A,no compatible A species,,Cr,N,False,False,False,False
cmr_5a86c2636813d6b401520d96410cc7c7,N:3|Na:1|Ti:1,fixed_real,2,848109430,nitride,7,False,False,charge_compatible_A,no compatible A species,,Cr,N,False,False,False,False
cmr_5a86c2636813d6b401520d96410cc7c7,N:3|Na:1|Ti:1,fixed_real,2,848109430,nitride,8,False,False,charge_compatible_A,no compatible A species,,Cr,N,False,False,False,False
cmr_5a86c2636813d6b401520d96410cc7c7,N:3|Na:1|Ti:1,fixed_real,2,848109430,nitride,9,False,False,charge_compatible_A,no compatible A species,,Cr,N,False,False,False,False
cmr_5a86c2636813d6b401520d96410cc7c7,N:3|Na:1|Ti:1,fixed_real,2,848109430,nitride,10,False,False,charge_compatible_A,no compatible A species,,Cr,N,False,False,False,False
cmr_5a86c2636813d6b401520d96410cc7c7,N:3|Na:1|Ti:1,fixed_real,2,848109430,nitride,11,False,False,charge_compatible_A,no compatible A species,,Cr,N,False,False,False,False
cmr_5a86c2636813d6b401520d96410cc7c7,N:3|Na:1|Ti:1,fixed_real,2,848109430,nitride,12,False,False,charge_compatible_A,no compatible A species,,Cr,N,False,False,False,False
cmr_5a86c2636813d6b401520d96410cc7c7,N:3|Na:1|Ti:1,property,0,1299987885,nitride,1,False,False,charge_compatible_A,no compatible A species,,Ni,N,False,False,False,False
cmr_5a86c2636813d6b401520d96410cc7c7,N:3|Na:1|Ti:1,property,0,1299987885,nitride,2,True,False,tolerance/mu,"mu=1.23 outside [0.41,0.90]",La,Mo,N,False,False,False,False
cmr_5a86c2636813d6b401520d96410cc7c7,N:3|Na:1|Ti:1,property,0,1299987885,nitride,3,True,False,tolerance/mu,"mu=1.22 outside [0.41,0.90]",La,W,N,False,False,False,False
cmr_5a86c2636813d6b401520d96410cc7c7,N:3|Na:1|Ti:1,property,0,1299987885,nitride,4,False,False,charge_compatible_A,no compatible A species,,Mn,N,False,False,False,False
cmr_5a86c2636813d6b401520d96410cc7c7,N:3|Na:1|Ti:1,property,0,1299987885,nitride,5,True,False,tolerance/mu,"mu=1.23 outside [0.41,0.90]",La,Mo,N,False,False,False,False
cmr_5a86c2636813d6b401520d96410cc7c7,N:3|Na:1|Ti:1,property,0,1299987885,nitride,6,True,False,tolerance/mu,"mu=1.23 outside [0.41,0.90]",La,Mo,N,False,False,False,False
cmr_5a86c2636813d6b401520d96410cc7c7,N:3|Na:1|Ti:1,property,0,1299987885,nitride,7,True,False,tolerance/mu,"mu=1.22 outside [0.41,0.90]",La,W,N,False,False,False,False
cmr_5a86c2636813d6b401520d96410cc7c7,N:3|Na:1|Ti:1,property,0,1299987885,nitride,8,False,False,charge_compatible_A,no compatible A species,,Co,N,False,False,False,False
cmr_5a86c2636813d6b401520d96410cc7c7,N:3|Na:1|Ti:1,property,0,1299987885,nitride,9,False,False,charge_compatible_A,no compatible A species,,Ni,N,False,False,False,False
cmr_5a86c2636813d6b401520d96410cc7c7,N:3|Na:1|Ti:1,property,0,1299987885,nitride,10,False,False,charge_compatible_A,no compatible A species,,Ni,N,False,False,False,False
cmr_5a86c2636813d6b401520d96410cc7c7,N:3|Na:1|Ti:1,property,0,1299987885,nitride,11,True,False,tolerance/mu,"mu=1.22 outside [0.41,0.90]",La,W,N,False,False,False,False
cmr_5a86c2636813d6b401520d96410cc7c7,N:3|Na:1|Ti:1,property,0,1299987885,nitride,12,False,False,charge_compatible_A,no compatible A species,,Ni,N,False,False,False,False
cmr_5a86c2636813d6b401520d96410cc7c7,N:3|Na:1|Ti:1,property,1,1483055558,nitride,1,True,False,tolerance/mu,"mu=1.22 outside [0.41,0.90]",La,W,N,False,False,False,False
cmr_5a86c2636813d6b401520d96410cc7c7,N:3|Na:1|Ti:1,property,1,1483055558,nitride,2,True,False,tolerance/mu,"mu=1.22 outside [0.41,0.90]",La,W,N,False,False,False,False
cmr_5a86c2636813d6b401520d96410cc7c7,N:3|Na:1|Ti:1,property,1,1483055558,nitride,3,False,False,charge_compatible_A,no compatible A species,,Mn,N,False,False,False,False
cmr_5a86c2636813d6b401520d96410cc7c7,N:3|Na:1|Ti:1,property,1,1483055558,nitride,4,False,False,charge_compatible_A,no compatible A species,,Ni,N,False,False,False,False
cmr_5a86c2636813d6b401520d96410cc7c7,N:3|Na:1|Ti:1,property,1,1483055558,nitride,5,False,False,charge_compatible_A,no compatible A species,,Mn,N,False,False,False,False
cmr_5a86c2636813d6b401520d96410cc7c7,N:3|Na:1|Ti:1,property,1,1483055558,nitride,6,False,False,charge_compatible_A,no compatible A species,,Co,N,False,False,False,False
cmr_5a86c2636813d6b401520d96410cc7c7,N:3|Na:1|Ti:1,property,1,1483055558,nitride,7,False,False,charge_compatible_A,no compatible A species,,Cr,N,False,False,False,False
cmr_5a86c2636813d6b401520d96410cc7c7,N:3|Na:1|Ti:1,property,1,1483055558,nitride,8,False,False,charge_compatible_A,no compatible A species,,Fe,N,False,False,False,False
cmr_5a86c2636813d6b401520d96410cc7c7,N:3|Na:1|Ti:1,property,1,1483055558,nitride,9,False,False,charge_compatible_A,no compatible A species,,Cr,N,False,False,False,False
cmr_5a86c2636813d6b401520d96410cc7c7,N:3|Na:1|Ti:1,property,1,1483055558,nitride,10,False,False,charge_compatible_A,no compatible A species,,Co,N,False,False,False,False
cmr_5a86c2636813d6b401520d96410cc7c7,N:3|Na:1|Ti:1,property,1,1483055558,nitride,11,False,False,charge_compatible_A,no compatible A species,,Cr,N,False,False,False,False
cmr_5a86c2636813d6b401520d96410cc7c7,N:3|Na:1|Ti:1,property,1,1483055558,nitride,12,False,False,charge_compatible_A,no compatible A species,,Cr,N,False,False,False,False
cmr_5a86c2636813d6b401520d96410cc7c7,N:3|Na:1|Ti:1,property,2,848109430,nitride,1,False,False,charge_compatible_A,no compatible A species,,Fe,N,False,False,False,False
cmr_5a86c2636813d6b401520d96410cc7c7,N:3|Na:1|Ti:1,property,2,848109430,nitride,2,False,False,charge_compatible_A,no compatible A species,,Fe,N,False,False,False,False
cmr_5a86c2636813d6b401520d96410cc7c7,N:3|Na:1|Ti:1,property,2,848109430,nitride,3,False,False,charge_compatible_A,no compatible A species,,Zr,N,False,False,False,False
cmr_5a86c2636813d6b401520d96410cc7c7,N:3|Na:1|Ti:1,property,2,848109430,nitride,4,False,False,charge_compatible_A,no compatible A species,,Ni,N,False,False,False,False
cmr_5a86c2636813d6b401520d96410cc7c7,N:3|Na:1|Ti:1,property,2,848109430,nitride,5,False,False,charge_compatible_A,no compatible A species,,Ni,N,False,False,False,False
cmr_5a86c2636813d6b401520d96410cc7c7,N:3|Na:1|Ti:1,property,2,848109430,nitride,6,False,False,charge_compatible_A,no compatible A species,,Mn,N,False,False,False,False
cmr_5a86c2636813d6b401520d96410cc7c7,N:3|Na:1|Ti:1,property,2,848109430,nitride,7,False,False,charge_compatible_A,no compatible A species,,Co,N,False,False,False,False
cmr_5a86c2636813d6b401520d96410cc7c7,N:3|Na:1|Ti:1,property,2,848109430,nitride,8,False,False,charge_compatible_A,no compatible A species,,Ti,N,False,False,False,False
cmr_5a86c2636813d6b401520d96410cc7c7,N:3|Na:1|Ti:1,property,2,848109430,nitride,9,False,False,charge_compatible_A,no compatible A species,,Nb,N,False,False,False,False
cmr_5a86c2636813d6b401520d96410cc7c7,N:3|Na:1|Ti:1,property,2,848109430,nitride,10,False,False,charge_compatible_A,no compatible A species,,Co,N,False,False,False,False
cmr_5a86c2636813d6b401520d96410cc7c7,N:3|Na:1|Ti:1,property,2,848109430,nitride,11,True,False,tolerance/mu,"mu=1.23 outside [0.41,0.90]",La,Mo,N,False,False,False,False
cmr_5a86c2636813d6b401520d96410cc7c7,N:3|Na:1|Ti:1,property,2,848109430,nitride,12,False,False,charge_compatible_A,no compatible A species,,Ti,N,False,False,False,False
cmr_64d9953c18e416a7e01500249a2bbe8d,Ca:1|O:3|Pb:1,joint,0,1420675282,oxide,1,True,False,tolerance/mu,"t=0.77 outside [0.80,1.05]",Sr,Pb,O,False,False,True,False
cmr_64d9953c18e416a7e01500249a2bbe8d,Ca:1|O:3|Pb:1,joint,0,1420675282,oxide,2,True,False,tolerance/mu,"t=0.77 outside [0.80,1.05]",Sr,Pb,O,False,False,True,False
cmr_64d9953c18e416a7e01500249a2bbe8d,Ca:1|O:3|Pb:1,joint,0,1420675282,oxide,3,True,False,tolerance/mu,"t=0.77 outside [0.80,1.05]",Sr,Pb,O,False,False,True,False
cmr_64d9953c18e416a7e01500249a2bbe8d,Ca:1|O:3|Pb:1,joint,0,1420675282,oxide,4,True,False,tolerance/mu,"t=0.77 outside [0.80,1.05]",Sr,Pb,O,False,False,True,False
cmr_64d9953c18e416a7e01500249a2bbe8d,Ca:1|O:3|Pb:1,joint,0,1420675282,oxide,5,True,False,tolerance/mu,"t=0.77 outside [0.80,1.05]",Sr,Pb,O,False,False,True,False
cmr_64d9953c18e416a7e01500249a2bbe8d,Ca:1|O:3|Pb:1,joint,0,1420675282,oxide,6,True,False,tolerance/mu,"t=0.77 outside [0.80,1.05]",Sr,Pb,O,False,False,True,False
cmr_64d9953c18e416a7e01500249a2bbe8d,Ca:1|O:3|Pb:1,joint,0,1420675282,oxide,7,True,False,tolerance/mu,"t=0.78 outside [0.80,1.05]",La,In,O,False,False,True,False
cmr_64d9953c18e416a7e01500249a2bbe8d,Ca:1|O:3|Pb:1,joint,0,1420675282,oxide,8,True,False,tolerance/mu,"t=0.77 outside [0.80,1.05]",Sr,Pb,O,False,False,True,False
cmr_64d9953c18e416a7e01500249a2bbe8d,Ca:1|O:3|Pb:1,joint,0,1420675282,oxide,9,True,False,tolerance/mu,"t=0.77 outside [0.80,1.05]",Sr,Pb,O,False,False,True,False
cmr_64d9953c18e416a7e01500249a2bbe8d,Ca:1|O:3|Pb:1,joint,0,1420675282,oxide,10,True,False,tolerance/mu,"t=0.77 outside [0.80,1.05]",Sr,Pb,O,False,False,True,False
cmr_64d9953c18e416a7e01500249a2bbe8d,Ca:1|O:3|Pb:1,joint,0,1420675282,oxide,11,True,False,tolerance/mu,"t=0.77 outside [0.80,1.05]",Sr,Pb,O,False,False,True,False
cmr_64d9953c18e416a7e01500249a2bbe8d,Ca:1|O:3|Pb:1,joint,0,1420675282,oxide,12,True,False,tolerance/mu,"t=0.77 outside [0.80,1.05]",Sr,Pb,O,False,False,True,False
cmr_64d9953c18e416a7e01500249a2bbe8d,Ca:1|O:3|Pb:1,joint,1,972299303,oxide,1,True,False,tolerance/mu,"t=0.77 outside [0.80,1.05]",Sr,Pb,O,False,False,True,False
cmr_64d9953c18e416a7e01500249a2bbe8d,Ca:1|O:3|Pb:1,joint,1,972299303,oxide,2,True,False,tolerance/mu,"t=0.77 outside [0.80,1.05]",Sr,Pb,O,False,False,True,False
cmr_64d9953c18e416a7e01500249a2bbe8d,Ca:1|O:3|Pb:1,joint,1,972299303,oxide,3,True,False,tolerance/mu,"t=0.77 outside [0.80,1.05]",Sr,Pb,O,False,False,True,False
cmr_64d9953c18e416a7e01500249a2bbe8d,Ca:1|O:3|Pb:1,joint,1,972299303,oxide,4,True,False,tolerance/mu,"t=0.77 outside [0.80,1.05]",Sr,Pb,O,False,False,True,False
cmr_64d9953c18e416a7e01500249a2bbe8d,Ca:1|O:3|Pb:1,joint,1,972299303,oxide,5,True,False,tolerance/mu,"t=0.77 outside [0.80,1.05]",Sr,Pb,O,False,False,True,False
cmr_64d9953c18e416a7e01500249a2bbe8d,Ca:1|O:3|Pb:1,joint,1,972299303,oxide,6,True,False,tolerance/mu,"t=0.77 outside [0.80,1.05]",Sr,Pb,O,False,False,True,False
cmr_64d9953c18e416a7e01500249a2bbe8d,Ca:1|O:3|Pb:1,joint,1,972299303,oxide,7,True,False,tolerance/mu,"t=0.77 outside [0.80,1.05]",Sr,Pb,O,False,False,True,False
cmr_64d9953c18e416a7e01500249a2bbe8d,Ca:1|O:3|Pb:1,joint,1,972299303,oxide,8,True,False,tolerance/mu,"t=0.77 outside [0.80,1.05]",Sr,Pb,O,False,False,True,False
cmr_64d9953c18e416a7e01500249a2bbe8d,Ca:1|O:3|Pb:1,joint,1,972299303,oxide,9,True,False,tolerance/mu,"t=0.77 outside [0.80,1.05]",Sr,Pb,O,False,False,True,False
cmr_64d9953c18e416a7e01500249a2bbe8d,Ca:1|O:3|Pb:1,joint,1,972299303,oxide,10,True,False,tolerance/mu,"t=0.77 outside [0.80,1.05]",Sr,Pb,O,False,False,True,False
cmr_64d9953c18e416a7e01500249a2bbe8d,Ca:1|O:3|Pb:1,joint,1,972299303,oxide,11,True,False,tolerance/mu,"t=0.77 outside [0.80,1.05]",Sr,Pb,O,False,False,True,False
cmr_64d9953c18e416a7e01500249a2bbe8d,Ca:1|O:3|Pb:1,joint,1,972299303,oxide,12,True,False,tolerance/mu,"t=0.77 outside [0.80,1.05]",Sr,Pb,O,False,False,True,False
cmr_64d9953c18e416a7e01500249a2bbe8d,Ca:1|O:3|Pb:1,joint,2,221293623,oxide,1,True,False,tolerance/mu,"t=0.77 outside [0.80,1.05]",Sr,Pb,O,False,False,True,False
cmr_64d9953c18e416a7e01500249a2bbe8d,Ca:1|O:3|Pb:1,joint,2,221293623,oxide,2,True,False,tolerance/mu,"t=0.77 outside [0.80,1.05]",Sr,Pb,O,False,False,True,False
cmr_64d9953c18e416a7e01500249a2bbe8d,Ca:1|O:3|Pb:1,joint,2,221293623,oxide,3,True,False,tolerance/mu,"t=0.77 outside [0.80,1.05]",Sr,Pb,O,False,False,True,False
cmr_64d9953c18e416a7e01500249a2bbe8d,Ca:1|O:3|Pb:1,joint,2,221293623,oxide,4,True,False,tolerance/mu,"t=0.77 outside [0.80,1.05]",Sr,Pb,O,False,False,True,False
cmr_64d9953c18e416a7e01500249a2bbe8d,Ca:1|O:3|Pb:1,joint,2,221293623,oxide,5,True,False,tolerance/mu,"t=0.77 outside [0.80,1.05]",Sr,Pb,O,False,False,True,False
cmr_64d9953c18e416a7e01500249a2bbe8d,Ca:1|O:3|Pb:1,joint,2,221293623,oxide,6,True,False,tolerance/mu,"t=0.77 outside [0.80,1.05]",Sr,Pb,O,False,False,True,False
cmr_64d9953c18e416a7e01500249a2bbe8d,Ca:1|O:3|Pb:1,joint,2,221293623,oxide,7,True,False,tolerance/mu,"t=0.77 outside [0.80,1.05]",Sr,Pb,O,False,False,True,False
cmr_64d9953c18e416a7e01500249a2bbe8d,Ca:1|O:3|Pb:1,joint,2,221293623,oxide,8,True,False,tolerance/mu,"t=0.77 outside [0.80,1.05]",Sr,Pb,O,False,False,True,False
cmr_64d9953c18e416a7e01500249a2bbe8d,Ca:1|O:3|Pb:1,joint,2,221293623,oxide,9,True,False,tolerance/mu,"t=0.77 outside [0.80,1.05]",Sr,Pb,O,False,False,True,False
cmr_64d9953c18e416a7e01500249a2bbe8d,Ca:1|O:3|Pb:1,joint,2,221293623,oxide,10,True,False,tolerance/mu,"t=0.77 outside [0.80,1.05]",Sr,Pb,O,False,False,True,False
cmr_64d9953c18e416a7e01500249a2bbe8d,Ca:1|O:3|Pb:1,joint,2,221293623,oxide,11,True,False,tolerance/mu,"t=0.77 outside [0.80,1.05]",Sr,Pb,O,False,False,True,False
cmr_64d9953c18e416a7e01500249a2bbe8d,Ca:1|O:3|Pb:1,joint,2,221293623,oxide,12,True,False,tolerance/mu,"t=0.77 outside [0.80,1.05]",Sr,Pb,O,False,False,True,False
cmr_64d9953c18e416a7e01500249a2bbe8d,Ca:1|O:3|Pb:1,fixed_real,0,1420675282,oxide,1,True,False,tolerance/mu,"t=0.78 outside [0.80,1.05]",La,Cr,O,False,False,True,False
cmr_64d9953c18e416a7e01500249a2bbe8d,Ca:1|O:3|Pb:1,fixed_real,0,1420675282,oxide,2,True,False,tolerance/mu,"t=0.78 outside [0.80,1.05]",La,Cr,O,False,False,True,False
cmr_64d9953c18e416a7e01500249a2bbe8d,Ca:1|O:3|Pb:1,fixed_real,0,1420675282,oxide,3,True,False,tolerance/mu,"t=0.78 outside [0.80,1.05]",La,Cr,O,False,False,True,False
cmr_64d9953c18e416a7e01500249a2bbe8d,Ca:1|O:3|Pb:1,fixed_real,0,1420675282,oxide,4,True,False,tolerance/mu,"t=0.78 outside [0.80,1.05]",La,Cr,O,False,False,True,False
cmr_64d9953c18e416a7e01500249a2bbe8d,Ca:1|O:3|Pb:1,fixed_real,0,1420675282,oxide,5,True,False,tolerance/mu,"t=0.78 outside [0.80,1.05]",La,Cr,O,False,False,True,False
cmr_64d9953c18e416a7e01500249a2bbe8d,Ca:1|O:3|Pb:1,fixed_real,0,1420675282,oxide,6,True,False,tolerance/mu,"t=0.78 outside [0.80,1.05]",La,Cr,O,False,False,True,False
cmr_64d9953c18e416a7e01500249a2bbe8d,Ca:1|O:3|Pb:1,fixed_real,0,1420675282,oxide,7,True,True,,,Ca,Zr,O,False,False,True,False
cmr_64d9953c18e416a7e01500249a2bbe8d,Ca:1|O:3|Pb:1,fixed_real,1,972299303,oxide,1,True,False,tolerance/mu,"t=0.78 outside [0.80,1.05]",La,Cr,O,False,False,True,False
cmr_64d9953c18e416a7e01500249a2bbe8d,Ca:1|O:3|Pb:1,fixed_real,1,972299303,oxide,2,True,False,tolerance/mu,"t=0.78 outside [0.80,1.05]",La,Cr,O,False,False,True,False
cmr_64d9953c18e416a7e01500249a2bbe8d,Ca:1|O:3|Pb:1,fixed_real,1,972299303,oxide,3,True,False,tolerance/mu,"t=0.78 outside [0.80,1.05]",La,Cr,O,False,False,True,False
cmr_64d9953c18e416a7e01500249a2bbe8d,Ca:1|O:3|Pb:1,fixed_real,1,972299303,oxide,4,True,False,tolerance/mu,"t=0.78 outside [0.80,1.05]",La,Cr,O,False,False,True,False
cmr_64d9953c18e416a7e01500249a2bbe8d,Ca:1|O:3|Pb:1,fixed_real,1,972299303,oxide,5,True,False,tolerance/mu,"t=0.78 outside [0.80,1.05]",La,Cr,O,False,False,True,False
cmr_64d9953c18e416a7e01500249a2bbe8d,Ca:1|O:3|Pb:1,fixed_real,1,972299303,oxide,6,True,False,tolerance/mu,"t=0.78 outside [0.80,1.05]",La,Cr,O,False,False,True,False
cmr_64d9953c18e416a7e01500249a2bbe8d,Ca:1|O:3|Pb:1,fixed_real,1,972299303,oxide,7,True,False,tolerance/mu,"t=0.78 outside [0.80,1.05]",La,Cr,O,False,False,True,False
cmr_64d9953c18e416a7e01500249a2bbe8d,Ca:1|O:3|Pb:1,fixed_real,1,972299303,oxide,8,True,False,tolerance/mu,"t=0.78 outside [0.80,1.05]",La,Cr,O,False,False,True,False
cmr_64d9953c18e416a7e01500249a2bbe8d,Ca:1|O:3|Pb:1,fixed_real,1,972299303,oxide,9,True,False,tolerance/mu,"t=0.78 outside [0.80,1.05]",La,Cr,O,False,False,True,False
cmr_64d9953c18e416a7e01500249a2bbe8d,Ca:1|O:3|Pb:1,fixed_real,1,972299303,oxide,10,True,False,tolerance/mu,"t=0.78 outside [0.80,1.05]",La,Cr,O,False,False,True,False
cmr_64d9953c18e416a7e01500249a2bbe8d,Ca:1|O:3|Pb:1,fixed_real,1,972299303,oxide,11,True,False,tolerance/mu,"t=0.78 outside [0.80,1.05]",La,Cr,O,False,False,True,False
cmr_64d9953c18e416a7e01500249a2bbe8d,Ca:1|O:3|Pb:1,fixed_real,1,972299303,oxide,12,True,False,tolerance/mu,"t=0.78 outside [0.80,1.05]",La,Cr,O,False,False,True,False
cmr_64d9953c18e416a7e01500249a2bbe8d,Ca:1|O:3|Pb:1,fixed_real,2,221293623,oxide,1,True,False,tolerance/mu,"t=0.78 outside [0.80,1.05]",La,Cr,O,False,False,True,False
cmr_64d9953c18e416a7e01500249a2bbe8d,Ca:1|O:3|Pb:1,fixed_real,2,221293623,oxide,2,True,False,tolerance/mu,"t=0.78 outside [0.80,1.05]",La,Cr,O,False,False,True,False
cmr_64d9953c18e416a7e01500249a2bbe8d,Ca:1|O:3|Pb:1,fixed_real,2,221293623,oxide,3,True,False,tolerance/mu,"t=0.78 outside [0.80,1.05]",La,Cr,O,False,False,True,False
cmr_64d9953c18e416a7e01500249a2bbe8d,Ca:1|O:3|Pb:1,fixed_real,2,221293623,oxide,4,True,False,tolerance/mu,"t=0.78 outside [0.80,1.05]",La,Cr,O,False,False,True,False
cmr_64d9953c18e416a7e01500249a2bbe8d,Ca:1|O:3|Pb:1,fixed_real,2,221293623,oxide,5,True,False,tolerance/mu,"t=0.78 outside [0.80,1.05]",La,Cr,O,False,False,True,False
cmr_64d9953c18e416a7e01500249a2bbe8d,Ca:1|O:3|Pb:1,fixed_real,2,221293623,oxide,6,True,False,tolerance/mu,"t=0.78 outside [0.80,1.05]",La,Cr,O,False,False,True,False
cmr_64d9953c18e416a7e01500249a2bbe8d,Ca:1|O:3|Pb:1,fixed_real,2,221293623,oxide,7,True,False,tolerance/mu,"t=0.78 outside [0.80,1.05]",La,Cr,O,False,False,True,False
cmr_64d9953c18e416a7e01500249a2bbe8d,Ca:1|O:3|Pb:1,fixed_real,2,221293623,oxide,8,True,False,tolerance/mu,"t=0.78 outside [0.80,1.05]",La,Cr,O,False,False,True,False
cmr_64d9953c18e416a7e01500249a2bbe8d,Ca:1|O:3|Pb:1,fixed_real,2,221293623,oxide,9,True,False,tolerance/mu,"t=0.78 outside [0.80,1.05]",La,Cr,O,False,False,True,False
cmr_64d9953c18e416a7e01500249a2bbe8d,Ca:1|O:3|Pb:1,fixed_real,2,221293623,oxide,10,True,False,tolerance/mu,"t=0.78 outside [0.80,1.05]",La,Cr,O,False,False,True,False
cmr_64d9953c18e416a7e01500249a2bbe8d,Ca:1|O:3|Pb:1,fixed_real,2,221293623,oxide,11,True,False,tolerance/mu,"t=0.78 outside [0.80,1.05]",La,Cr,O,False,False,True,False
cmr_64d9953c18e416a7e01500249a2bbe8d,Ca:1|O:3|Pb:1,fixed_real,2,221293623,oxide,12,True,False,tolerance/mu,"t=0.78 outside [0.80,1.05]",La,Cr,O,False,False,True,False
cmr_64d9953c18e416a7e01500249a2bbe8d,Ca:1|O:3|Pb:1,property,0,1420675282,oxide,1,False,False,charge_compatible_A,no compatible A species,,W,O,False,False,True,False
cmr_64d9953c18e416a7e01500249a2bbe8d,Ca:1|O:3|Pb:1,property,0,1420675282,oxide,2,True,False,tolerance/mu,"t=1.07 outside [0.80,1.05]",Cs,V,O,False,False,True,False
cmr_64d9953c18e416a7e01500249a2bbe8d,Ca:1|O:3|Pb:1,property,0,1420675282,oxide,3,True,True,,,La,Al,O,False,False,True,False
cmr_64d9953c18e416a7e01500249a2bbe8d,Ca:1|O:3|Pb:1,property,1,972299303,oxide,1,True,True,,,Sr,Sn,O,False,False,True,False
cmr_64d9953c18e416a7e01500249a2bbe8d,Ca:1|O:3|Pb:1,property,2,221293623,oxide,1,False,False,charge_compatible_A,no compatible A species,,W,O,False,False,True,False
cmr_64d9953c18e416a7e01500249a2bbe8d,Ca:1|O:3|Pb:1,property,2,221293623,oxide,2,True,False,tolerance/mu,"t=0.78 outside [0.80,1.05]",La,In,O,False,False,True,False
cmr_64d9953c18e416a7e01500249a2bbe8d,Ca:1|O:3|Pb:1,property,2,221293623,oxide,3,False,False,charge_compatible_A,no compatible A species,,W,O,False,False,True,False
cmr_64d9953c18e416a7e01500249a2bbe8d,Ca:1|O:3|Pb:1,property,2,221293623,oxide,4,True,True,,,K,Nb,O,False,False,True,False
cmr_682785369aa2b3971943559ce4e3b0ca,Ge:1|La:1|O:3,joint,0,212640199,oxide,1,True,True,,,Ca,Ge,O,False,False,False,False
cmr_682785369aa2b3971943559ce4e3b0ca,Ge:1|La:1|O:3,joint,1,2118421850,oxide,1,True,True,,,Ca,Ge,O,False,False,False,False
cmr_682785369aa2b3971943559ce4e3b0ca,Ge:1|La:1|O:3,joint,2,769161509,oxide,1,True,True,,,Ca,Ge,O,False,False,False,False
cmr_682785369aa2b3971943559ce4e3b0ca,Ge:1|La:1|O:3,fixed_real,0,212640199,oxide,1,True,False,tolerance/mu,"t=0.78 outside [0.80,1.05]",La,Cr,O,False,False,False,False
cmr_682785369aa2b3971943559ce4e3b0ca,Ge:1|La:1|O:3,fixed_real,0,212640199,oxide,2,True,False,tolerance/mu,"t=0.78 outside [0.80,1.05]",La,Cr,O,False,False,False,False
cmr_682785369aa2b3971943559ce4e3b0ca,Ge:1|La:1|O:3,fixed_real,0,212640199,oxide,3,True,False,tolerance/mu,"t=0.78 outside [0.80,1.05]",La,Cr,O,False,False,False,False
cmr_682785369aa2b3971943559ce4e3b0ca,Ge:1|La:1|O:3,fixed_real,0,212640199,oxide,4,True,False,tolerance/mu,"t=0.78 outside [0.80,1.05]",La,Cr,O,False,False,False,False
cmr_682785369aa2b3971943559ce4e3b0ca,Ge:1|La:1|O:3,fixed_real,0,212640199,oxide,5,True,False,tolerance/mu,"t=0.78 outside [0.80,1.05]",La,Cr,O,False,False,False,False
cmr_682785369aa2b3971943559ce4e3b0ca,Ge:1|La:1|O:3,fixed_real,0,212640199,oxide,6,True,False,tolerance/mu,"t=0.78 outside [0.80,1.05]",La,Cr,O,False,False,False,False
cmr_682785369aa2b3971943559ce4e3b0ca,Ge:1|La:1|O:3,fixed_real,0,212640199,oxide,7,True,True,,,Ca,Zr,O,False,False,False,False
cmr_682785369aa2b3971943559ce4e3b0ca,Ge:1|La:1|O:3,fixed_real,1,2118421850,oxide,1,True,False,tolerance/mu,"t=0.78 outside [0.80,1.05]",La,Cr,O,False,False,False,False
cmr_682785369aa2b3971943559ce4e3b0ca,Ge:1|La:1|O:3,fixed_real,1,2118421850,oxide,2,True,False,tolerance/mu,"t=0.78 outside [0.80,1.05]",La,Cr,O,False,False,False,False
cmr_682785369aa2b3971943559ce4e3b0ca,Ge:1|La:1|O:3,fixed_real,1,2118421850,oxide,3,True,False,tolerance/mu,"t=0.78 outside [0.80,1.05]",La,Cr,O,False,False,False,False
cmr_682785369aa2b3971943559ce4e3b0ca,Ge:1|La:1|O:3,fixed_real,1,2118421850,oxide,4,True,False,tolerance/mu,"t=0.78 outside [0.80,1.05]",La,Cr,O,False,False,False,False
cmr_682785369aa2b3971943559ce4e3b0ca,Ge:1|La:1|O:3,fixed_real,1,2118421850,oxide,5,True,False,tolerance/mu,"t=0.78 outside [0.80,1.05]",La,Cr,O,False,False,False,False
cmr_682785369aa2b3971943559ce4e3b0ca,Ge:1|La:1|O:3,fixed_real,1,2118421850,oxide,6,True,False,tolerance/mu,"t=0.78 outside [0.80,1.05]",La,Cr,O,False,False,False,False
cmr_682785369aa2b3971943559ce4e3b0ca,Ge:1|La:1|O:3,fixed_real,1,2118421850,oxide,7,True,False,tolerance/mu,"t=0.78 outside [0.80,1.05]",La,Cr,O,False,False,False,False
cmr_682785369aa2b3971943559ce4e3b0ca,Ge:1|La:1|O:3,fixed_real,1,2118421850,oxide,8,True,False,tolerance/mu,"t=0.78 outside [0.80,1.05]",La,Cr,O,False,False,False,False
cmr_682785369aa2b3971943559ce4e3b0ca,Ge:1|La:1|O:3,fixed_real,1,2118421850,oxide,9,True,False,tolerance/mu,"t=0.78 outside [0.80,1.05]",La,Cr,O,False,False,False,False
cmr_682785369aa2b3971943559ce4e3b0ca,Ge:1|La:1|O:3,fixed_real,1,2118421850,oxide,10,True,False,tolerance/mu,"t=0.78 outside [0.80,1.05]",La,Cr,O,False,False,False,False
cmr_682785369aa2b3971943559ce4e3b0ca,Ge:1|La:1|O:3,fixed_real,1,2118421850,oxide,11,True,False,tolerance/mu,"t=0.78 outside [0.80,1.05]",La,Cr,O,False,False,False,False
cmr_682785369aa2b3971943559ce4e3b0ca,Ge:1|La:1|O:3,fixed_real,1,2118421850,oxide,12,True,False,tolerance/mu,"t=0.78 outside [0.80,1.05]",La,Cr,O,False,False,False,False
cmr_682785369aa2b3971943559ce4e3b0ca,Ge:1|La:1|O:3,fixed_real,2,769161509,oxide,1,True,False,tolerance/mu,"t=0.78 outside [0.80,1.05]",La,Cr,O,False,False,False,False
cmr_682785369aa2b3971943559ce4e3b0ca,Ge:1|La:1|O:3,fixed_real,2,769161509,oxide,2,True,True,,,Ca,Zr,O,False,False,False,False
cmr_682785369aa2b3971943559ce4e3b0ca,Ge:1|La:1|O:3,property,0,212640199,oxide,1,True,True,,,Ba,Ge,O,False,False,False,False
cmr_682785369aa2b3971943559ce4e3b0ca,Ge:1|La:1|O:3,property,1,2118421850,oxide,1,False,False,charge_compatible_A,no compatible A species,,Mo,O,False,False,False,False
cmr_682785369aa2b3971943559ce4e3b0ca,Ge:1|La:1|O:3,property,1,2118421850,oxide,2,True,True,,,La,Fe,O,False,False,False,False
cmr_682785369aa2b3971943559ce4e3b0ca,Ge:1|La:1|O:3,property,2,769161509,oxide,1,False,False,charge_compatible_A,no compatible A species,,Mo,O,False,False,False,False
cmr_682785369aa2b3971943559ce4e3b0ca,Ge:1|La:1|O:3,property,2,769161509,oxide,2,True,True,,,Na,Nb,O,False,False,False,False
cmr_78c26d513a55ceb0d9345ce3cdf39c24,K:1|Ni:1|O:3,joint,0,839154196,oxide,1,True,True,,,La,Ni,O,False,False,False,False
cmr_78c26d513a55ceb0d9345ce3cdf39c24,K:1|Ni:1|O:3,joint,1,1564347484,oxide,1,True,True,,,La,Ni,O,False,False,False,False
cmr_78c26d513a55ceb0d9345ce3cdf39c24,K:1|Ni:1|O:3,joint,2,1450483559,oxide,1,True,True,,,La,Ni,O,False,False,False,False
cmr_78c26d513a55ceb0d9345ce3cdf39c24,K:1|Ni:1|O:3,fixed_real,0,839154196,oxide,1,True,False,tolerance/mu,"t=0.78 outside [0.80,1.05]",La,Cr,O,False,False,False,False
cmr_78c26d513a55ceb0d9345ce3cdf39c24,K:1|Ni:1|O:3,fixed_real,0,839154196,oxide,2,True,False,tolerance/mu,"t=0.78 outside [0.80,1.05]",La,Cr,O,False,False,False,False
cmr_78c26d513a55ceb0d9345ce3cdf39c24,K:1|Ni:1|O:3,fixed_real,0,839154196,oxide,3,True,False,tolerance/mu,"t=0.78 outside [0.80,1.05]",La,Cr,O,False,False,False,False
cmr_78c26d513a55ceb0d9345ce3cdf39c24,K:1|Ni:1|O:3,fixed_real,0,839154196,oxide,4,True,False,tolerance/mu,"t=0.78 outside [0.80,1.05]",La,Cr,O,False,False,False,False
cmr_78c26d513a55ceb0d9345ce3cdf39c24,K:1|Ni:1|O:3,fixed_real,0,839154196,oxide,5,True,False,tolerance/mu,"t=0.78 outside [0.80,1.05]",La,Cr,O,False,False,False,False
cmr_78c26d513a55ceb0d9345ce3cdf39c24,K:1|Ni:1|O:3,fixed_real,0,839154196,oxide,6,True,False,tolerance/mu,"t=0.78 outside [0.80,1.05]",La,Cr,O,False,False,False,False
cmr_78c26d513a55ceb0d9345ce3cdf39c24,K:1|Ni:1|O:3,fixed_real,0,839154196,oxide,7,True,False,tolerance/mu,"t=0.78 outside [0.80,1.05]",La,Cr,O,False,False,False,False
cmr_78c26d513a55ceb0d9345ce3cdf39c24,K:1|Ni:1|O:3,fixed_real,0,839154196,oxide,8,True,False,tolerance/mu,"t=0.78 outside [0.80,1.05]",La,Cr,O,False,False,False,False
cmr_78c26d513a55ceb0d9345ce3cdf39c24,K:1|Ni:1|O:3,fixed_real,0,839154196,oxide,9,True,False,tolerance/mu,"t=0.78 outside [0.80,1.05]",La,Cr,O,False,False,False,False
cmr_78c26d513a55ceb0d9345ce3cdf39c24,K:1|Ni:1|O:3,fixed_real,0,839154196,oxide,10,True,False,tolerance/mu,"t=0.78 outside [0.80,1.05]",La,Cr,O,False,False,False,False
cmr_78c26d513a55ceb0d9345ce3cdf39c24,K:1|Ni:1|O:3,fixed_real,0,839154196,oxide,11,True,False,tolerance/mu,"t=0.78 outside [0.80,1.05]",La,Cr,O,False,False,False,False
cmr_78c26d513a55ceb0d9345ce3cdf39c24,K:1|Ni:1|O:3,fixed_real,0,839154196,oxide,12,True,False,tolerance/mu,"t=0.78 outside [0.80,1.05]",La,Cr,O,False,False,False,False
cmr_78c26d513a55ceb0d9345ce3cdf39c24,K:1|Ni:1|O:3,fixed_real,1,1564347484,oxide,1,True,False,tolerance/mu,"t=0.78 outside [0.80,1.05]",La,Cr,O,False,False,False,False
cmr_78c26d513a55ceb0d9345ce3cdf39c24,K:1|Ni:1|O:3,fixed_real,1,1564347484,oxide,2,True,False,tolerance/mu,"t=0.78 outside [0.80,1.05]",La,Cr,O,False,False,False,False
cmr_78c26d513a55ceb0d9345ce3cdf39c24,K:1|Ni:1|O:3,fixed_real,1,1564347484,oxide,3,True,False,tolerance/mu,"t=0.78 outside [0.80,1.05]",La,Cr,O,False,False,False,False
cmr_78c26d513a55ceb0d9345ce3cdf39c24,K:1|Ni:1|O:3,fixed_real,1,1564347484,oxide,4,True,False,tolerance/mu,"t=0.78 outside [0.80,1.05]",La,Cr,O,False,False,False,False
cmr_78c26d513a55ceb0d9345ce3cdf39c24,K:1|Ni:1|O:3,fixed_real,1,1564347484,oxide,5,True,False,tolerance/mu,"t=0.78 outside [0.80,1.05]",La,Cr,O,False,False,False,False
cmr_78c26d513a55ceb0d9345ce3cdf39c24,K:1|Ni:1|O:3,fixed_real,1,1564347484,oxide,6,True,False,tolerance/mu,"t=0.78 outside [0.80,1.05]",La,Cr,O,False,False,False,False
cmr_78c26d513a55ceb0d9345ce3cdf39c24,K:1|Ni:1|O:3,fixed_real,1,1564347484,oxide,7,True,False,tolerance/mu,"t=0.78 outside [0.80,1.05]",La,Cr,O,False,False,False,False
cmr_78c26d513a55ceb0d9345ce3cdf39c24,K:1|Ni:1|O:3,fixed_real,1,1564347484,oxide,8,True,False,tolerance/mu,"t=0.78 outside [0.80,1.05]",La,Cr,O,False,False,False,False
cmr_78c26d513a55ceb0d9345ce3cdf39c24,K:1|Ni:1|O:3,fixed_real,1,1564347484,oxide,9,True,False,tolerance/mu,"t=0.78 outside [0.80,1.05]",La,Cr,O,False,False,False,False
cmr_78c26d513a55ceb0d9345ce3cdf39c24,K:1|Ni:1|O:3,fixed_real,1,1564347484,oxide,10,True,False,tolerance/mu,"t=0.78 outside [0.80,1.05]",La,Cr,O,False,False,False,False
cmr_78c26d513a55ceb0d9345ce3cdf39c24,K:1|Ni:1|O:3,fixed_real,1,1564347484,oxide,11,True,False,tolerance/mu,"t=0.78 outside [0.80,1.05]",La,Cr,O,False,False,False,False
cmr_78c26d513a55ceb0d9345ce3cdf39c24,K:1|Ni:1|O:3,fixed_real,1,1564347484,oxide,12,True,False,tolerance/mu,"t=0.78 outside [0.80,1.05]",La,Cr,O,False,False,False,False
cmr_78c26d513a55ceb0d9345ce3cdf39c24,K:1|Ni:1|O:3,fixed_real,2,1450483559,oxide,1,True,False,tolerance/mu,"t=0.78 outside [0.80,1.05]",La,Cr,O,False,False,False,False
cmr_78c26d513a55ceb0d9345ce3cdf39c24,K:1|Ni:1|O:3,fixed_real,2,1450483559,oxide,2,True,False,tolerance/mu,"t=0.78 outside [0.80,1.05]",La,Cr,O,False,False,False,False
cmr_78c26d513a55ceb0d9345ce3cdf39c24,K:1|Ni:1|O:3,fixed_real,2,1450483559,oxide,3,True,False,tolerance/mu,"t=0.78 outside [0.80,1.05]",La,Cr,O,False,False,False,False
cmr_78c26d513a55ceb0d9345ce3cdf39c24,K:1|Ni:1|O:3,fixed_real,2,1450483559,oxide,4,True,False,tolerance/mu,"t=0.78 outside [0.80,1.05]",La,Cr,O,False,False,False,False
cmr_78c26d513a55ceb0d9345ce3cdf39c24,K:1|Ni:1|O:3,fixed_real,2,1450483559,oxide,5,True,False,tolerance/mu,"t=0.78 outside [0.80,1.05]",La,Cr,O,False,False,False,False
cmr_78c26d513a55ceb0d9345ce3cdf39c24,K:1|Ni:1|O:3,fixed_real,2,1450483559,oxide,6,True,False,tolerance/mu,"t=0.78 outside [0.80,1.05]",La,Cr,O,False,False,False,False
cmr_78c26d513a55ceb0d9345ce3cdf39c24,K:1|Ni:1|O:3,fixed_real,2,1450483559,oxide,7,True,False,tolerance/mu,"t=0.78 outside [0.80,1.05]",La,Cr,O,False,False,False,False
cmr_78c26d513a55ceb0d9345ce3cdf39c24,K:1|Ni:1|O:3,fixed_real,2,1450483559,oxide,8,True,False,tolerance/mu,"t=0.78 outside [0.80,1.05]",La,Cr,O,False,False,False,False
cmr_78c26d513a55ceb0d9345ce3cdf39c24,K:1|Ni:1|O:3,fixed_real,2,1450483559,oxide,9,True,False,tolerance/mu,"t=0.78 outside [0.80,1.05]",La,Cr,O,False,False,False,False
cmr_78c26d513a55ceb0d9345ce3cdf39c24,K:1|Ni:1|O:3,fixed_real,2,1450483559,oxide,10,True,False,tolerance/mu,"t=0.78 outside [0.80,1.05]",La,Cr,O,False,False,False,False
cmr_78c26d513a55ceb0d9345ce3cdf39c24,K:1|Ni:1|O:3,fixed_real,2,1450483559,oxide,11,True,False,tolerance/mu,"t=0.78 outside [0.80,1.05]",La,Cr,O,False,False,False,False
cmr_78c26d513a55ceb0d9345ce3cdf39c24,K:1|Ni:1|O:3,fixed_real,2,1450483559,oxide,12,True,False,tolerance/mu,"t=0.78 outside [0.80,1.05]",La,Cr,O,False,False,False,False
cmr_78c26d513a55ceb0d9345ce3cdf39c24,K:1|Ni:1|O:3,property,0,839154196,oxide,1,True,True,,,La,Fe,O,False,False,False,False
cmr_78c26d513a55ceb0d9345ce3cdf39c24,K:1|Ni:1|O:3,property,1,1564347484,oxide,1,True,True,,,La,Co,O,False,False,False,False
cmr_78c26d513a55ceb0d9345ce3cdf39c24,K:1|Ni:1|O:3,property,2,1450483559,oxide,1,False,False,charge_compatible_A,no compatible A species,,W,O,False,False,False,False
cmr_78c26d513a55ceb0d9345ce3cdf39c24,K:1|Ni:1|O:3,property,2,1450483559,oxide,2,True,True,,,Ca,Ge,O,False,False,False,False
cmr_898ee445e8ccfce566bb0883e7821189,Mo:1|N:3|Na:1,joint,0,18939464,nitride,1,True,False,tolerance/mu,"mu=1.23 outside [0.41,0.90]",La,Mo,N,False,False,False,False
cmr_898ee445e8ccfce566bb0883e7821189,Mo:1|N:3|Na:1,joint,0,18939464,nitride,2,True,False,tolerance/mu,"mu=1.23 outside [0.41,0.90]",La,Mo,N,False,False,False,False
cmr_898ee445e8ccfce566bb0883e7821189,Mo:1|N:3|Na:1,joint,0,18939464,nitride,3,True,False,tolerance/mu,"mu=1.23 outside [0.41,0.90]",La,Mo,N,False,False,False,False
cmr_898ee445e8ccfce566bb0883e7821189,Mo:1|N:3|Na:1,joint,0,18939464,nitride,4,True,False,tolerance/mu,"mu=1.23 outside [0.41,0.90]",La,Mo,N,False,False,False,False
cmr_898ee445e8ccfce566bb0883e7821189,Mo:1|N:3|Na:1,joint,0,18939464,nitride,5,True,False,tolerance/mu,"mu=1.23 outside [0.41,0.90]",La,Mo,N,False,False,False,False
cmr_898ee445e8ccfce566bb0883e7821189,Mo:1|N:3|Na:1,joint,0,18939464,nitride,6,True,False,tolerance/mu,"mu=1.23 outside [0.41,0.90]",La,Mo,N,False,False,False,False
cmr_898ee445e8ccfce566bb0883e7821189,Mo:1|N:3|Na:1,joint,0,18939464,nitride,7,True,False,tolerance/mu,"mu=1.23 outside [0.41,0.90]",La,Mo,N,False,False,False,False
cmr_898ee445e8ccfce566bb0883e7821189,Mo:1|N:3|Na:1,joint,0,18939464,nitride,8,True,False,tolerance/mu,"mu=1.23 outside [0.41,0.90]",La,Mo,N,False,False,False,False
cmr_898ee445e8ccfce566bb0883e7821189,Mo:1|N:3|Na:1,joint,0,18939464,nitride,9,True,False,tolerance/mu,"mu=1.23 outside [0.41,0.90]",La,Mo,N,False,False,False,False
cmr_898ee445e8ccfce566bb0883e7821189,Mo:1|N:3|Na:1,joint,0,18939464,nitride,10,True,False,tolerance/mu,"mu=1.23 outside [0.41,0.90]",La,Mo,N,False,False,False,False
cmr_898ee445e8ccfce566bb0883e7821189,Mo:1|N:3|Na:1,joint,0,18939464,nitride,11,True,False,tolerance/mu,"mu=1.23 outside [0.41,0.90]",La,Mo,N,False,False,False,False
cmr_898ee445e8ccfce566bb0883e7821189,Mo:1|N:3|Na:1,joint,0,18939464,nitride,12,True,False,tolerance/mu,"mu=1.23 outside [0.41,0.90]",La,Mo,N,False,False,False,False
cmr_898ee445e8ccfce566bb0883e7821189,Mo:1|N:3|Na:1,joint,1,475830300,nitride,1,True,False,tolerance/mu,"mu=1.23 outside [0.41,0.90]",La,Mo,N,False,False,False,False
cmr_898ee445e8ccfce566bb0883e7821189,Mo:1|N:3|Na:1,joint,1,475830300,nitride,2,True,False,tolerance/mu,"mu=1.23 outside [0.41,0.90]",La,Mo,N,False,False,False,False
cmr_898ee445e8ccfce566bb0883e7821189,Mo:1|N:3|Na:1,joint,1,475830300,nitride,3,True,False,tolerance/mu,"mu=1.23 outside [0.41,0.90]",La,Mo,N,False,False,False,False
cmr_898ee445e8ccfce566bb0883e7821189,Mo:1|N:3|Na:1,joint,1,475830300,nitride,4,True,False,tolerance/mu,"mu=1.23 outside [0.41,0.90]",La,Mo,N,False,False,False,False
cmr_898ee445e8ccfce566bb0883e7821189,Mo:1|N:3|Na:1,joint,1,475830300,nitride,5,True,False,tolerance/mu,"mu=1.23 outside [0.41,0.90]",La,Mo,N,False,False,False,False
cmr_898ee445e8ccfce566bb0883e7821189,Mo:1|N:3|Na:1,joint,1,475830300,nitride,6,True,False,tolerance/mu,"mu=1.23 outside [0.41,0.90]",La,Mo,N,False,False,False,False
cmr_898ee445e8ccfce566bb0883e7821189,Mo:1|N:3|Na:1,joint,1,475830300,nitride,7,True,False,tolerance/mu,"mu=1.23 outside [0.41,0.90]",La,Mo,N,False,False,False,False
cmr_898ee445e8ccfce566bb0883e7821189,Mo:1|N:3|Na:1,joint,1,475830300,nitride,8,True,False,tolerance/mu,"mu=1.23 outside [0.41,0.90]",La,Mo,N,False,False,False,False
cmr_898ee445e8ccfce566bb0883e7821189,Mo:1|N:3|Na:1,joint,1,475830300,nitride,9,True,False,tolerance/mu,"mu=1.23 outside [0.41,0.90]",La,Mo,N,False,False,False,False
cmr_898ee445e8ccfce566bb0883e7821189,Mo:1|N:3|Na:1,joint,1,475830300,nitride,10,True,False,tolerance/mu,"mu=1.23 outside [0.41,0.90]",La,Mo,N,False,False,False,False
cmr_898ee445e8ccfce566bb0883e7821189,Mo:1|N:3|Na:1,joint,1,475830300,nitride,11,True,False,tolerance/mu,"mu=1.23 outside [0.41,0.90]",La,Mo,N,False,False,False,False
cmr_898ee445e8ccfce566bb0883e7821189,Mo:1|N:3|Na:1,joint,1,475830300,nitride,12,True,False,tolerance/mu,"mu=1.23 outside [0.41,0.90]",La,Mo,N,False,False,False,False
cmr_898ee445e8ccfce566bb0883e7821189,Mo:1|N:3|Na:1,joint,2,1564246596,nitride,1,True,False,tolerance/mu,"mu=1.23 outside [0.41,0.90]",La,Mo,N,False,False,False,False
cmr_898ee445e8ccfce566bb0883e7821189,Mo:1|N:3|Na:1,joint,2,1564246596,nitride,2,False,False,charge_compatible_A,no compatible A species,,Nb,N,False,False,False,False
cmr_898ee445e8ccfce566bb0883e7821189,Mo:1|N:3|Na:1,joint,2,1564246596,nitride,3,True,False,tolerance/mu,"mu=1.23 outside [0.41,0.90]",La,Mo,N,False,False,False,False
cmr_898ee445e8ccfce566bb0883e7821189,Mo:1|N:3|Na:1,joint,2,1564246596,nitride,4,True,False,tolerance/mu,"mu=1.23 outside [0.41,0.90]",La,Mo,N,False,False,False,False
cmr_898ee445e8ccfce566bb0883e7821189,Mo:1|N:3|Na:1,joint,2,1564246596,nitride,5,True,False,tolerance/mu,"mu=1.23 outside [0.41,0.90]",La,Mo,N,False,False,False,False
cmr_898ee445e8ccfce566bb0883e7821189,Mo:1|N:3|Na:1,joint,2,1564246596,nitride,6,True,False,tolerance/mu,"mu=1.23 outside [0.41,0.90]",La,Mo,N,False,False,False,False
cmr_898ee445e8ccfce566bb0883e7821189,Mo:1|N:3|Na:1,joint,2,1564246596,nitride,7,True,False,tolerance/mu,"mu=1.23 outside [0.41,0.90]",La,Mo,N,False,False,False,False
cmr_898ee445e8ccfce566bb0883e7821189,Mo:1|N:3|Na:1,joint,2,1564246596,nitride,8,True,False,tolerance/mu,"mu=1.23 outside [0.41,0.90]",La,Mo,N,False,False,False,False
cmr_898ee445e8ccfce566bb0883e7821189,Mo:1|N:3|Na:1,joint,2,1564246596,nitride,9,True,False,tolerance/mu,"mu=1.23 outside [0.41,0.90]",La,Mo,N,False,False,False,False
cmr_898ee445e8ccfce566bb0883e7821189,Mo:1|N:3|Na:1,joint,2,1564246596,nitride,10,True,False,tolerance/mu,"mu=1.23 outside [0.41,0.90]",La,Mo,N,False,False,False,False
cmr_898ee445e8ccfce566bb0883e7821189,Mo:1|N:3|Na:1,joint,2,1564246596,nitride,11,True,False,tolerance/mu,"mu=1.23 outside [0.41,0.90]",La,Mo,N,False,False,False,False
cmr_898ee445e8ccfce566bb0883e7821189,Mo:1|N:3|Na:1,joint,2,1564246596,nitride,12,True,False,tolerance/mu,"mu=1.23 outside [0.41,0.90]",La,Mo,N,False,False,False,False
cmr_898ee445e8ccfce566bb0883e7821189,Mo:1|N:3|Na:1,fixed_real,0,18939464,nitride,1,False,False,charge_compatible_A,no compatible A species,,Cr,N,False,False,False,False
cmr_898ee445e8ccfce566bb0883e7821189,Mo:1|N:3|Na:1,fixed_real,0,18939464,nitride,2,False,False,charge_compatible_A,no compatible A species,,Cr,N,False,False,False,False
cmr_898ee445e8ccfce566bb0883e7821189,Mo:1|N:3|Na:1,fixed_real,0,18939464,nitride,3,False,False,charge_compatible_A,no compatible A species,,Cr,N,False,False,False,False
cmr_898ee445e8ccfce566bb0883e7821189,Mo:1|N:3|Na:1,fixed_real,0,18939464,nitride,4,False,False,charge_compatible_A,no compatible A species,,Cr,N,False,False,False,False
cmr_898ee445e8ccfce566bb0883e7821189,Mo:1|N:3|Na:1,fixed_real,0,18939464,nitride,5,False,False,charge_compatible_A,no compatible A species,,Cr,N,False,False,False,False
cmr_898ee445e8ccfce566bb0883e7821189,Mo:1|N:3|Na:1,fixed_real,0,18939464,nitride,6,False,False,charge_compatible_A,no compatible A species,,Zr,N,False,False,False,False
cmr_898ee445e8ccfce566bb0883e7821189,Mo:1|N:3|Na:1,fixed_real,0,18939464,nitride,7,False,False,charge_compatible_A,no compatible A species,,Cr,N,False,False,False,False
cmr_898ee445e8ccfce566bb0883e7821189,Mo:1|N:3|Na:1,fixed_real,0,18939464,nitride,8,False,False,charge_compatible_A,no compatible A species,,Cr,N,False,False,False,False
cmr_898ee445e8ccfce566bb0883e7821189,Mo:1|N:3|Na:1,fixed_real,0,18939464,nitride,9,False,False,charge_compatible_A,no compatible A species,,Cr,N,False,False,False,False
cmr_898ee445e8ccfce566bb0883e7821189,Mo:1|N:3|Na:1,fixed_real,0,18939464,nitride,10,False,False,charge_compatible_A,no compatible A species,,Cr,N,False,False,False,False
cmr_898ee445e8ccfce566bb0883e7821189,Mo:1|N:3|Na:1,fixed_real,0,18939464,nitride,11,False,False,charge_compatible_A,no compatible A species,,Cr,N,False,False,False,False
cmr_898ee445e8ccfce566bb0883e7821189,Mo:1|N:3|Na:1,fixed_real,0,18939464,nitride,12,False,False,charge_compatible_A,no compatible A species,,Zr,N,False,False,False,False
cmr_898ee445e8ccfce566bb0883e7821189,Mo:1|N:3|Na:1,fixed_real,1,475830300,nitride,1,False,False,charge_compatible_A,no compatible A species,,Cr,N,False,False,False,False
cmr_898ee445e8ccfce566bb0883e7821189,Mo:1|N:3|Na:1,fixed_real,1,475830300,nitride,2,False,False,charge_compatible_A,no compatible A species,,Cr,N,False,False,False,False
cmr_898ee445e8ccfce566bb0883e7821189,Mo:1|N:3|Na:1,fixed_real,1,475830300,nitride,3,False,False,charge_compatible_A,no compatible A species,,Cr,N,False,False,False,False
cmr_898ee445e8ccfce566bb0883e7821189,Mo:1|N:3|Na:1,fixed_real,1,475830300,nitride,4,False,False,charge_compatible_A,no compatible A species,,Cr,N,False,False,False,False
cmr_898ee445e8ccfce566bb0883e7821189,Mo:1|N:3|Na:1,fixed_real,1,475830300,nitride,5,False,False,charge_compatible_A,no compatible A species,,Cr,N,False,False,False,False
cmr_898ee445e8ccfce566bb0883e7821189,Mo:1|N:3|Na:1,fixed_real,1,475830300,nitride,6,False,False,charge_compatible_A,no compatible A species,,Cr,N,False,False,False,False
cmr_898ee445e8ccfce566bb0883e7821189,Mo:1|N:3|Na:1,fixed_real,1,475830300,nitride,7,False,False,charge_compatible_A,no compatible A species,,Cr,N,False,False,False,False
cmr_898ee445e8ccfce566bb0883e7821189,Mo:1|N:3|Na:1,fixed_real,1,475830300,nitride,8,False,False,charge_compatible_A,no compatible A species,,Cr,N,False,False,False,False
cmr_898ee445e8ccfce566bb0883e7821189,Mo:1|N:3|Na:1,fixed_real,1,475830300,nitride,9,False,False,charge_compatible_A,no compatible A species,,Cr,N,False,False,False,False
cmr_898ee445e8ccfce566bb0883e7821189,Mo:1|N:3|Na:1,fixed_real,1,475830300,nitride,10,False,False,charge_compatible_A,no compatible A species,,Cr,N,False,False,False,False
cmr_898ee445e8ccfce566bb0883e7821189,Mo:1|N:3|Na:1,fixed_real,1,475830300,nitride,11,False,False,charge_compatible_A,no compatible A species,,Cr,N,False,False,False,False
cmr_898ee445e8ccfce566bb0883e7821189,Mo:1|N:3|Na:1,fixed_real,1,475830300,nitride,12,False,False,charge_compatible_A,no compatible A species,,Cr,N,False,False,False,False
cmr_898ee445e8ccfce566bb0883e7821189,Mo:1|N:3|Na:1,fixed_real,2,1564246596,nitride,1,False,False,charge_compatible_A,no compatible A species,,Cr,N,False,False,False,False
cmr_898ee445e8ccfce566bb0883e7821189,Mo:1|N:3|Na:1,fixed_real,2,1564246596,nitride,2,False,False,charge_compatible_A,no compatible A species,,Cr,N,False,False,False,False
cmr_898ee445e8ccfce566bb0883e7821189,Mo:1|N:3|Na:1,fixed_real,2,1564246596,nitride,3,False,False,charge_compatible_A,no compatible A species,,Cr,N,False,False,False,False
cmr_898ee445e8ccfce566bb0883e7821189,Mo:1|N:3|Na:1,fixed_real,2,1564246596,nitride,4,False,False,charge_compatible_A,no compatible A species,,Cr,N,False,False,False,False
cmr_898ee445e8ccfce566bb0883e7821189,Mo:1|N:3|Na:1,fixed_real,2,1564246596,nitride,5,False,False,charge_compatible_A,no compatible A species,,Cr,N,False,False,False,False
cmr_898ee445e8ccfce566bb0883e7821189,Mo:1|N:3|Na:1,fixed_real,2,1564246596,nitride,6,False,False,charge_compatible_A,no compatible A species,,Cr,N,False,False,False,False
cmr_898ee445e8ccfce566bb0883e7821189,Mo:1|N:3|Na:1,fixed_real,2,1564246596,nitride,7,False,False,charge_compatible_A,no compatible A species,,Cr,N,False,False,False,False
cmr_898ee445e8ccfce566bb0883e7821189,Mo:1|N:3|Na:1,fixed_real,2,1564246596,nitride,8,False,False,charge_compatible_A,no compatible A species,,Cr,N,False,False,False,False
cmr_898ee445e8ccfce566bb0883e7821189,Mo:1|N:3|Na:1,fixed_real,2,1564246596,nitride,9,False,False,charge_compatible_A,no compatible A species,,Cr,N,False,False,False,False
cmr_898ee445e8ccfce566bb0883e7821189,Mo:1|N:3|Na:1,fixed_real,2,1564246596,nitride,10,False,False,charge_compatible_A,no compatible A species,,Cr,N,False,False,False,False
cmr_898ee445e8ccfce566bb0883e7821189,Mo:1|N:3|Na:1,fixed_real,2,1564246596,nitride,11,False,False,charge_compatible_A,no compatible A species,,Cr,N,False,False,False,False
cmr_898ee445e8ccfce566bb0883e7821189,Mo:1|N:3|Na:1,fixed_real,2,1564246596,nitride,12,False,False,charge_compatible_A,no compatible A species,,Cr,N,False,False,False,False
cmr_898ee445e8ccfce566bb0883e7821189,Mo:1|N:3|Na:1,property,0,18939464,nitride,1,False,False,charge_compatible_A,no compatible A species,,Ni,N,False,False,False,False
cmr_898ee445e8ccfce566bb0883e7821189,Mo:1|N:3|Na:1,property,0,18939464,nitride,2,False,False,charge_compatible_A,no compatible A species,,Ni,N,False,False,False,False
cmr_898ee445e8ccfce566bb0883e7821189,Mo:1|N:3|Na:1,property,0,18939464,nitride,3,False,False,charge_compatible_A,no compatible A species,,Ni,N,False,False,False,False
cmr_898ee445e8ccfce566bb0883e7821189,Mo:1|N:3|Na:1,property,0,18939464,nitride,4,False,False,charge_compatible_A,no compatible A species,,Ni,N,False,False,False,False
cmr_898ee445e8ccfce566bb0883e7821189,Mo:1|N:3|Na:1,property,0,18939464,nitride,5,False,False,charge_compatible_A,no compatible A species,,Ta,N,False,False,False,False
cmr_898ee445e8ccfce566bb0883e7821189,Mo:1|N:3|Na:1,property,0,18939464,nitride,6,False,False,charge_compatible_A,no compatible A species,,Zr,N,False,False,False,False
cmr_898ee445e8ccfce566bb0883e7821189,Mo:1|N:3|Na:1,property,0,18939464,nitride,7,False,False,charge_compatible_A,no compatible A species,,Mn,N,False,False,False,False
cmr_898ee445e8ccfce566bb0883e7821189,Mo:1|N:3|Na:1,property,0,18939464,nitride,8,False,False,charge_compatible_A,no compatible A species,,Co,N,False,False,False,False
cmr_898ee445e8ccfce566bb0883e7821189,Mo:1|N:3|Na:1,property,0,18939464,nitride,9,False,False,charge_compatible_A,no compatible A species,,Ti,N,False,False,False,False
cmr_898ee445e8ccfce566bb0883e7821189,Mo:1|N:3|Na:1,property,0,18939464,nitride,10,True,False,tolerance/mu,"mu=1.23 outside [0.41,0.90]",La,Mo,N,False,False,False,False
cmr_898ee445e8ccfce566bb0883e7821189,Mo:1|N:3|Na:1,property,0,18939464,nitride,11,True,False,tolerance/mu,"mu=1.23 outside [0.41,0.90]",La,Mo,N,False,False,False,False
cmr_898ee445e8ccfce566bb0883e7821189,Mo:1|N:3|Na:1,property,0,18939464,nitride,12,False,False,charge_compatible_A,no compatible A species,,Fe,N,False,False,False,False
cmr_898ee445e8ccfce566bb0883e7821189,Mo:1|N:3|Na:1,property,1,475830300,nitride,1,True,False,tolerance/mu,"mu=1.22 outside [0.41,0.90]",La,W,N,False,False,False,False
cmr_898ee445e8ccfce566bb0883e7821189,Mo:1|N:3|Na:1,property,1,475830300,nitride,2,False,False,charge_compatible_A,no compatible A species,,Hf,N,False,False,False,False
cmr_898ee445e8ccfce566bb0883e7821189,Mo:1|N:3|Na:1,property,1,475830300,nitride,3,True,False,tolerance/mu,"mu=1.23 outside [0.41,0.90]",La,Mo,N,False,False,False,False
cmr_898ee445e8ccfce566bb0883e7821189,Mo:1|N:3|Na:1,property,1,475830300,nitride,4,False,False,charge_compatible_A,no compatible A species,,Co,N,False,False,False,False
cmr_898ee445e8ccfce566bb0883e7821189,Mo:1|N:3|Na:1,property,1,475830300,nitride,5,False,False,charge_compatible_A,no compatible A species,,Ni,N,False,False,False,False
cmr_898ee445e8ccfce566bb0883e7821189,Mo:1|N:3|Na:1,property,1,475830300,nitride,6,True,False,tolerance/mu,"mu=1.22 outside [0.41,0.90]",La,W,N,False,False,False,False
cmr_898ee445e8ccfce566bb0883e7821189,Mo:1|N:3|Na:1,property,1,475830300,nitride,7,False,False,charge_compatible_A,no compatible A species,,Co,N,False,False,False,False
cmr_898ee445e8ccfce566bb0883e7821189,Mo:1|N:3|Na:1,property,1,475830300,nitride,8,False,False,charge_compatible_A,no compatible A species,,Ta,N,False,False,False,False
cmr_898ee445e8ccfce566bb0883e7821189,Mo:1|N:3|Na:1,property,1,475830300,nitride,9,False,False,charge_compatible_A,no compatible A species,,Zr,N,False,False,False,False
cmr_898ee445e8ccfce566bb0883e7821189,Mo:1|N:3|Na:1,property,1,475830300,nitride,10,False,False,charge_compatible_A,no compatible A species,,Fe,N,False,False,False,False
cmr_898ee445e8ccfce566bb0883e7821189,Mo:1|N:3|Na:1,property,1,475830300,nitride,11,True,False,tolerance/mu,"mu=1.23 outside [0.41,0.90]",La,Mo,N,False,False,False,False
cmr_898ee445e8ccfce566bb0883e7821189,Mo:1|N:3|Na:1,property,1,475830300,nitride,12,False,False,charge_compatible_A,no compatible A species,,Fe,N,False,False,False,False
cmr_898ee445e8ccfce566bb0883e7821189,Mo:1|N:3|Na:1,property,2,1564246596,nitride,1,False,False,charge_compatible_A,no compatible A species,,Ni,N,False,False,False,False
cmr_898ee445e8ccfce566bb0883e7821189,Mo:1|N:3|Na:1,property,2,1564246596,nitride,2,False,False,charge_compatible_A,no compatible A species,,Ta,N,False,False,False,False
cmr_898ee445e8ccfce566bb0883e7821189,Mo:1|N:3|Na:1,property,2,1564246596,nitride,3,True,False,tolerance/mu,"mu=1.22 outside [0.41,0.90]",La,W,N,False,False,False,False
cmr_898ee445e8ccfce566bb0883e7821189,Mo:1|N:3|Na:1,property,2,1564246596,nitride,4,False,False,charge_compatible_A,no compatible A species,,Mn,N,False,False,False,False
cmr_898ee445e8ccfce566bb0883e7821189,Mo:1|N:3|Na:1,property,2,1564246596,nitride,5,False,False,charge_compatible_A,no compatible A species,,Ta,N,False,False,False,False
cmr_898ee445e8ccfce566bb0883e7821189,Mo:1|N:3|Na:1,property,2,1564246596,nitride,6,False,False,charge_compatible_A,no compatible A species,,Hf,N,False,False,False,False
cmr_898ee445e8ccfce566bb0883e7821189,Mo:1|N:3|Na:1,property,2,1564246596,nitride,7,False,False,charge_compatible_A,no compatible A species,,Nb,N,False,False,False,False
cmr_898ee445e8ccfce566bb0883e7821189,Mo:1|N:3|Na:1,property,2,1564246596,nitride,8,False,False,charge_compatible_A,no compatible A species,,Mn,N,False,False,False,False
cmr_898ee445e8ccfce566bb0883e7821189,Mo:1|N:3|Na:1,property,2,1564246596,nitride,9,False,False,charge_compatible_A,no compatible A species,,Hf,N,False,False,False,False
cmr_898ee445e8ccfce566bb0883e7821189,Mo:1|N:3|Na:1,property,2,1564246596,nitride,10,False,False,charge_compatible_A,no compatible A species,,Mn,N,False,False,False,False
cmr_898ee445e8ccfce566bb0883e7821189,Mo:1|N:3|Na:1,property,2,1564246596,nitride,11,False,False,charge_compatible_A,no compatible A species,,Zr,N,False,False,False,False
cmr_898ee445e8ccfce566bb0883e7821189,Mo:1|N:3|Na:1,property,2,1564246596,nitride,12,False,False,charge_compatible_A,no compatible A species,,Fe,N,False,False,False,False
cmr_92838ea148c813c166057e99bfae3d39,Ca:1|N:3|W:1,joint,0,561182679,nitride,1,True,False,tolerance/mu,"mu=1.22 outside [0.41,0.90]",La,W,N,False,False,False,False
cmr_92838ea148c813c166057e99bfae3d39,Ca:1|N:3|W:1,joint,0,561182679,nitride,2,True,False,tolerance/mu,"mu=1.22 outside [0.41,0.90]",La,W,N,False,False,False,False
cmr_92838ea148c813c166057e99bfae3d39,Ca:1|N:3|W:1,joint,0,561182679,nitride,3,True,False,tolerance/mu,"mu=1.22 outside [0.41,0.90]",La,W,N,False,False,False,False
cmr_92838ea148c813c166057e99bfae3d39,Ca:1|N:3|W:1,joint,0,561182679,nitride,4,True,False,tolerance/mu,"mu=1.22 outside [0.41,0.90]",La,W,N,False,False,False,False
cmr_92838ea148c813c166057e99bfae3d39,Ca:1|N:3|W:1,joint,0,561182679,nitride,5,True,False,tolerance/mu,"mu=1.22 outside [0.41,0.90]",La,W,N,False,False,False,False
cmr_92838ea148c813c166057e99bfae3d39,Ca:1|N:3|W:1,joint,0,561182679,nitride,6,True,False,tolerance/mu,"mu=1.22 outside [0.41,0.90]",La,W,N,False,False,False,False
cmr_92838ea148c813c166057e99bfae3d39,Ca:1|N:3|W:1,joint,0,561182679,nitride,7,True,False,tolerance/mu,"mu=1.22 outside [0.41,0.90]",La,W,N,False,False,False,False
cmr_92838ea148c813c166057e99bfae3d39,Ca:1|N:3|W:1,joint,0,561182679,nitride,8,True,False,tolerance/mu,"mu=1.22 outside [0.41,0.90]",La,W,N,False,False,False,False
cmr_92838ea148c813c166057e99bfae3d39,Ca:1|N:3|W:1,joint,0,561182679,nitride,9,True,False,tolerance/mu,"mu=1.22 outside [0.41,0.90]",La,W,N,False,False,False,False
cmr_92838ea148c813c166057e99bfae3d39,Ca:1|N:3|W:1,joint,0,561182679,nitride,10,True,False,tolerance/mu,"mu=1.22 outside [0.41,0.90]",La,W,N,False,False,False,False
cmr_92838ea148c813c166057e99bfae3d39,Ca:1|N:3|W:1,joint,0,561182679,nitride,11,True,False,tolerance/mu,"mu=1.22 outside [0.41,0.90]",La,W,N,False,False,False,False
cmr_92838ea148c813c166057e99bfae3d39,Ca:1|N:3|W:1,joint,0,561182679,nitride,12,True,False,tolerance/mu,"mu=1.22 outside [0.41,0.90]",La,W,N,False,False,False,False
cmr_92838ea148c813c166057e99bfae3d39,Ca:1|N:3|W:1,joint,1,1575805938,nitride,1,True,False,tolerance/mu,"mu=1.22 outside [0.41,0.90]",La,W,N,False,False,False,False
cmr_92838ea148c813c166057e99bfae3d39,Ca:1|N:3|W:1,joint,1,1575805938,nitride,2,True,False,tolerance/mu,"mu=1.22 outside [0.41,0.90]",La,W,N,False,False,False,False
cmr_92838ea148c813c166057e99bfae3d39,Ca:1|N:3|W:1,joint,1,1575805938,nitride,3,True,False,tolerance/mu,"mu=1.22 outside [0.41,0.90]",La,W,N,False,False,False,False
cmr_92838ea148c813c166057e99bfae3d39,Ca:1|N:3|W:1,joint,1,1575805938,nitride,4,True,False,tolerance/mu,"mu=1.22 outside [0.41,0.90]",La,W,N,False,False,False,False
cmr_92838ea148c813c166057e99bfae3d39,Ca:1|N:3|W:1,joint,1,1575805938,nitride,5,True,False,tolerance/mu,"mu=1.22 outside [0.41,0.90]",La,W,N,False,False,False,False
cmr_92838ea148c813c166057e99bfae3d39,Ca:1|N:3|W:1,joint,1,1575805938,nitride,6,True,False,tolerance/mu,"mu=1.22 outside [0.41,0.90]",La,W,N,False,False,False,False
cmr_92838ea148c813c166057e99bfae3d39,Ca:1|N:3|W:1,joint,1,1575805938,nitride,7,True,False,tolerance/mu,"mu=1.22 outside [0.41,0.90]",La,W,N,False,False,False,False
cmr_92838ea148c813c166057e99bfae3d39,Ca:1|N:3|W:1,joint,1,1575805938,nitride,8,True,False,tolerance/mu,"mu=1.22 outside [0.41,0.90]",La,W,N,False,False,False,False
cmr_92838ea148c813c166057e99bfae3d39,Ca:1|N:3|W:1,joint,1,1575805938,nitride,9,True,False,tolerance/mu,"mu=1.22 outside [0.41,0.90]",La,W,N,False,False,False,False
cmr_92838ea148c813c166057e99bfae3d39,Ca:1|N:3|W:1,joint,1,1575805938,nitride,10,True,False,tolerance/mu,"mu=1.22 outside [0.41,0.90]",La,W,N,False,False,False,False
cmr_92838ea148c813c166057e99bfae3d39,Ca:1|N:3|W:1,joint,1,1575805938,nitride,11,True,False,tolerance/mu,"mu=1.22 outside [0.41,0.90]",La,W,N,False,False,False,False
cmr_92838ea148c813c166057e99bfae3d39,Ca:1|N:3|W:1,joint,1,1575805938,nitride,12,True,False,tolerance/mu,"mu=1.22 outside [0.41,0.90]",La,W,N,False,False,False,False
cmr_92838ea148c813c166057e99bfae3d39,Ca:1|N:3|W:1,joint,2,50084768,nitride,1,True,False,tolerance/mu,"mu=1.22 outside [0.41,0.90]",La,W,N,False,False,False,False
cmr_92838ea148c813c166057e99bfae3d39,Ca:1|N:3|W:1,joint,2,50084768,nitride,2,True,False,tolerance/mu,"mu=1.22 outside [0.41,0.90]",La,W,N,False,False,False,False
cmr_92838ea148c813c166057e99bfae3d39,Ca:1|N:3|W:1,joint,2,50084768,nitride,3,True,False,tolerance/mu,"mu=1.22 outside [0.41,0.90]",La,W,N,False,False,False,False
cmr_92838ea148c813c166057e99bfae3d39,Ca:1|N:3|W:1,joint,2,50084768,nitride,4,True,False,tolerance/mu,"mu=1.22 outside [0.41,0.90]",La,W,N,False,False,False,False
cmr_92838ea148c813c166057e99bfae3d39,Ca:1|N:3|W:1,joint,2,50084768,nitride,5,True,False,tolerance/mu,"mu=1.22 outside [0.41,0.90]",La,W,N,False,False,False,False
cmr_92838ea148c813c166057e99bfae3d39,Ca:1|N:3|W:1,joint,2,50084768,nitride,6,True,False,tolerance/mu,"mu=1.22 outside [0.41,0.90]",La,W,N,False,False,False,False
cmr_92838ea148c813c166057e99bfae3d39,Ca:1|N:3|W:1,joint,2,50084768,nitride,7,True,False,tolerance/mu,"mu=1.22 outside [0.41,0.90]",La,W,N,False,False,False,False
cmr_92838ea148c813c166057e99bfae3d39,Ca:1|N:3|W:1,joint,2,50084768,nitride,8,True,False,tolerance/mu,"mu=1.22 outside [0.41,0.90]",La,W,N,False,False,False,False
cmr_92838ea148c813c166057e99bfae3d39,Ca:1|N:3|W:1,joint,2,50084768,nitride,9,True,False,tolerance/mu,"mu=1.22 outside [0.41,0.90]",La,W,N,False,False,False,False
cmr_92838ea148c813c166057e99bfae3d39,Ca:1|N:3|W:1,joint,2,50084768,nitride,10,True,False,tolerance/mu,"mu=1.22 outside [0.41,0.90]",La,W,N,False,False,False,False
cmr_92838ea148c813c166057e99bfae3d39,Ca:1|N:3|W:1,joint,2,50084768,nitride,11,True,False,tolerance/mu,"mu=1.22 outside [0.41,0.90]",La,W,N,False,False,False,False
cmr_92838ea148c813c166057e99bfae3d39,Ca:1|N:3|W:1,joint,2,50084768,nitride,12,True,False,tolerance/mu,"mu=1.22 outside [0.41,0.90]",La,W,N,False,False,False,False
cmr_92838ea148c813c166057e99bfae3d39,Ca:1|N:3|W:1,fixed_real,0,561182679,nitride,1,False,False,charge_compatible_A,no compatible A species,,Cr,N,False,False,False,False
cmr_92838ea148c813c166057e99bfae3d39,Ca:1|N:3|W:1,fixed_real,0,561182679,nitride,2,False,False,charge_compatible_A,no compatible A species,,Zr,N,False,False,False,False
cmr_92838ea148c813c166057e99bfae3d39,Ca:1|N:3|W:1,fixed_real,0,561182679,nitride,3,False,False,charge_compatible_A,no compatible A species,,Cr,N,False,False,False,False
cmr_92838ea148c813c166057e99bfae3d39,Ca:1|N:3|W:1,fixed_real,0,561182679,nitride,4,False,False,charge_compatible_A,no compatible A species,,Cr,N,False,False,False,False
cmr_92838ea148c813c166057e99bfae3d39,Ca:1|N:3|W:1,fixed_real,0,561182679,nitride,5,False,False,charge_compatible_A,no compatible A species,,Cr,N,False,False,False,False
cmr_92838ea148c813c166057e99bfae3d39,Ca:1|N:3|W:1,fixed_real,0,561182679,nitride,6,False,False,charge_compatible_A,no compatible A species,,Cr,N,False,False,False,False
cmr_92838ea148c813c166057e99bfae3d39,Ca:1|N:3|W:1,fixed_real,0,561182679,nitride,7,False,False,charge_compatible_A,no compatible A species,,Cr,N,False,False,False,False
cmr_92838ea148c813c166057e99bfae3d39,Ca:1|N:3|W:1,fixed_real,0,561182679,nitride,8,False,False,charge_compatible_A,no compatible A species,,Cr,N,False,False,False,False
cmr_92838ea148c813c166057e99bfae3d39,Ca:1|N:3|W:1,fixed_real,0,561182679,nitride,9,False,False,charge_compatible_A,no compatible A species,,Cr,N,False,False,False,False
cmr_92838ea148c813c166057e99bfae3d39,Ca:1|N:3|W:1,fixed_real,0,561182679,nitride,10,False,False,charge_compatible_A,no compatible A species,,Cr,N,False,False,False,False
cmr_92838ea148c813c166057e99bfae3d39,Ca:1|N:3|W:1,fixed_real,0,561182679,nitride,11,False,False,charge_compatible_A,no compatible A species,,Cr,N,False,False,False,False
cmr_92838ea148c813c166057e99bfae3d39,Ca:1|N:3|W:1,fixed_real,0,561182679,nitride,12,False,False,charge_compatible_A,no compatible A species,,Cr,N,False,False,False,False
cmr_92838ea148c813c166057e99bfae3d39,Ca:1|N:3|W:1,fixed_real,1,1575805938,nitride,1,False,False,charge_compatible_A,no compatible A species,,Cr,N,False,False,False,False
cmr_92838ea148c813c166057e99bfae3d39,Ca:1|N:3|W:1,fixed_real,1,1575805938,nitride,2,False,False,charge_compatible_A,no compatible A species,,Zr,N,False,False,False,False
cmr_92838ea148c813c166057e99bfae3d39,Ca:1|N:3|W:1,fixed_real,1,1575805938,nitride,3,False,False,charge_compatible_A,no compatible A species,,Cr,N,False,False,False,False
cmr_92838ea148c813c166057e99bfae3d39,Ca:1|N:3|W:1,fixed_real,1,1575805938,nitride,4,False,False,charge_compatible_A,no compatible A species,,Cr,N,False,False,False,False
cmr_92838ea148c813c166057e99bfae3d39,Ca:1|N:3|W:1,fixed_real,1,1575805938,nitride,5,False,False,charge_compatible_A,no compatible A species,,Cr,N,False,False,False,False
cmr_92838ea148c813c166057e99bfae3d39,Ca:1|N:3|W:1,fixed_real,1,1575805938,nitride,6,False,False,charge_compatible_A,no compatible A species,,Cr,N,False,False,False,False
cmr_92838ea148c813c166057e99bfae3d39,Ca:1|N:3|W:1,fixed_real,1,1575805938,nitride,7,False,False,charge_compatible_A,no compatible A species,,Zr,N,False,False,False,False
cmr_92838ea148c813c166057e99bfae3d39,Ca:1|N:3|W:1,fixed_real,1,1575805938,nitride,8,False,False,charge_compatible_A,no compatible A species,,Cr,N,False,False,False,False
cmr_92838ea148c813c166057e99bfae3d39,Ca:1|N:3|W:1,fixed_real,1,1575805938,nitride,9,False,False,charge_compatible_A,no compatible A species,,Cr,N,False,False,False,False
cmr_92838ea148c813c166057e99bfae3d39,Ca:1|N:3|W:1,fixed_real,1,1575805938,nitride,10,False,False,charge_compatible_A,no compatible A species,,Cr,N,False,False,False,False
cmr_92838ea148c813c166057e99bfae3d39,Ca:1|N:3|W:1,fixed_real,1,1575805938,nitride,11,False,False,charge_compatible_A,no compatible A species,,Cr,N,False,False,False,False
cmr_92838ea148c813c166057e99bfae3d39,Ca:1|N:3|W:1,fixed_real,1,1575805938,nitride,12,False,False,charge_compatible_A,no compatible A species,,Cr,N,False,False,False,False
cmr_92838ea148c813c166057e99bfae3d39,Ca:1|N:3|W:1,fixed_real,2,50084768,nitride,1,False,False,charge_compatible_A,no compatible A species,,Cr,N,False,False,False,False
cmr_92838ea148c813c166057e99bfae3d39,Ca:1|N:3|W:1,fixed_real,2,50084768,nitride,2,False,False,charge_compatible_A,no compatible A species,,Cr,N,False,False,False,False
cmr_92838ea148c813c166057e99bfae3d39,Ca:1|N:3|W:1,fixed_real,2,50084768,nitride,3,False,False,charge_compatible_A,no compatible A species,,Cr,N,False,False,False,False
cmr_92838ea148c813c166057e99bfae3d39,Ca:1|N:3|W:1,fixed_real,2,50084768,nitride,4,False,False,charge_compatible_A,no compatible A species,,Cr,N,False,False,False,False
cmr_92838ea148c813c166057e99bfae3d39,Ca:1|N:3|W:1,fixed_real,2,50084768,nitride,5,False,False,charge_compatible_A,no compatible A species,,Cr,N,False,False,False,False
cmr_92838ea148c813c166057e99bfae3d39,Ca:1|N:3|W:1,fixed_real,2,50084768,nitride,6,False,False,charge_compatible_A,no compatible A species,,Cr,N,False,False,False,False
cmr_92838ea148c813c166057e99bfae3d39,Ca:1|N:3|W:1,fixed_real,2,50084768,nitride,7,False,False,charge_compatible_A,no compatible A species,,Cr,N,False,False,False,False
cmr_92838ea148c813c166057e99bfae3d39,Ca:1|N:3|W:1,fixed_real,2,50084768,nitride,8,False,False,charge_compatible_A,no compatible A species,,Cr,N,False,False,False,False
cmr_92838ea148c813c166057e99bfae3d39,Ca:1|N:3|W:1,fixed_real,2,50084768,nitride,9,False,False,charge_compatible_A,no compatible A species,,Cr,N,False,False,False,False
cmr_92838ea148c813c166057e99bfae3d39,Ca:1|N:3|W:1,fixed_real,2,50084768,nitride,10,False,False,charge_compatible_A,no compatible A species,,Cr,N,False,False,False,False
cmr_92838ea148c813c166057e99bfae3d39,Ca:1|N:3|W:1,fixed_real,2,50084768,nitride,11,False,False,charge_compatible_A,no compatible A species,,Cr,N,False,False,False,False
cmr_92838ea148c813c166057e99bfae3d39,Ca:1|N:3|W:1,fixed_real,2,50084768,nitride,12,False,False,charge_compatible_A,no compatible A species,,Cr,N,False,False,False,False
cmr_92838ea148c813c166057e99bfae3d39,Ca:1|N:3|W:1,property,0,561182679,nitride,1,True,False,tolerance/mu,"mu=1.23 outside [0.41,0.90]",La,Mo,N,False,False,False,False
cmr_92838ea148c813c166057e99bfae3d39,Ca:1|N:3|W:1,property,0,561182679,nitride,2,False,False,charge_compatible_A,no compatible A species,,Fe,N,False,False,False,False
cmr_92838ea148c813c166057e99bfae3d39,Ca:1|N:3|W:1,property,0,561182679,nitride,3,True,False,tolerance/mu,"mu=1.22 outside [0.41,0.90]",La,W,N,False,False,False,False
cmr_92838ea148c813c166057e99bfae3d39,Ca:1|N:3|W:1,property,0,561182679,nitride,4,True,False,tolerance/mu,"mu=1.22 outside [0.41,0.90]",La,W,N,False,False,False,False
cmr_92838ea148c813c166057e99bfae3d39,Ca:1|N:3|W:1,property,0,561182679,nitride,5,True,False,tolerance/mu,"mu=1.23 outside [0.41,0.90]",La,Mo,N,False,False,False,False
cmr_92838ea148c813c166057e99bfae3d39,Ca:1|N:3|W:1,property,0,561182679,nitride,6,True,False,tolerance/mu,"mu=1.23 outside [0.41,0.90]",La,Mo,N,False,False,False,False
cmr_92838ea148c813c166057e99bfae3d39,Ca:1|N:3|W:1,property,0,561182679,nitride,7,False,False,charge_compatible_A,no compatible A species,,Zr,N,False,False,False,False
cmr_92838ea148c813c166057e99bfae3d39,Ca:1|N:3|W:1,property,0,561182679,nitride,8,False,False,charge_compatible_A,no compatible A species,,Ti,N,False,False,False,False
cmr_92838ea148c813c166057e99bfae3d39,Ca:1|N:3|W:1,property,0,561182679,nitride,9,False,False,charge_compatible_A,no compatible A species,,Nb,N,False,False,False,False
cmr_92838ea148c813c166057e99bfae3d39,Ca:1|N:3|W:1,property,0,561182679,nitride,10,True,False,tolerance/mu,"mu=1.22 outside [0.41,0.90]",La,W,N,False,False,False,False
cmr_92838ea148c813c166057e99bfae3d39,Ca:1|N:3|W:1,property,0,561182679,nitride,11,False,False,charge_compatible_A,no compatible A species,,Mn,N,False,False,False,False
cmr_92838ea148c813c166057e99bfae3d39,Ca:1|N:3|W:1,property,0,561182679,nitride,12,False,False,charge_compatible_A,no compatible A species,,Co,N,False,False,False,False
cmr_92838ea148c813c166057e99bfae3d39,Ca:1|N:3|W:1,property,1,1575805938,nitride,1,True,False,tolerance/mu,"mu=1.22 outside [0.41,0.90]",La,W,N,False,False,False,False
cmr_92838ea148c813c166057e99bfae3d39,Ca:1|N:3|W:1,property,1,1575805938,nitride,2,False,False,charge_compatible_A,no compatible A species,,Mn,N,False,False,False,False
cmr_92838ea148c813c166057e99bfae3d39,Ca:1|N:3|W:1,property,1,1575805938,nitride,3,False,False,charge_compatible_A,no compatible A species,,Fe,N,False,False,False,False
cmr_92838ea148c813c166057e99bfae3d39,Ca:1|N:3|W:1,property,1,1575805938,nitride,4,False,False,charge_compatible_A,no compatible A species,,Ti,N,False,False,False,False
cmr_92838ea148c813c166057e99bfae3d39,Ca:1|N:3|W:1,property,1,1575805938,nitride,5,False,False,charge_compatible_A,no compatible A species,,Nb,N,False,False,False,False
cmr_92838ea148c813c166057e99bfae3d39,Ca:1|N:3|W:1,property,1,1575805938,nitride,6,False,False,charge_compatible_A,no compatible A species,,Ti,N,False,False,False,False
cmr_92838ea148c813c166057e99bfae3d39,Ca:1|N:3|W:1,property,1,1575805938,nitride,7,True,False,tolerance/mu,"mu=1.23 outside [0.41,0.90]",La,Mo,N,False,False,False,False
cmr_92838ea148c813c166057e99bfae3d39,Ca:1|N:3|W:1,property,1,1575805938,nitride,8,False,False,charge_compatible_A,no compatible A species,,Mn,N,False,False,False,False
cmr_92838ea148c813c166057e99bfae3d39,Ca:1|N:3|W:1,property,1,1575805938,nitride,9,True,False,tolerance/mu,"mu=1.22 outside [0.41,0.90]",La,W,N,False,False,False,False
cmr_92838ea148c813c166057e99bfae3d39,Ca:1|N:3|W:1,property,1,1575805938,nitride,10,False,False,charge_compatible_A,no compatible A species,,Ti,N,False,False,False,False
cmr_92838ea148c813c166057e99bfae3d39,Ca:1|N:3|W:1,property,1,1575805938,nitride,11,True,False,tolerance/mu,"mu=1.23 outside [0.41,0.90]",La,Mo,N,False,False,False,False
cmr_92838ea148c813c166057e99bfae3d39,Ca:1|N:3|W:1,property,1,1575805938,nitride,12,True,False,tolerance/mu,"mu=1.23 outside [0.41,0.90]",La,Mo,N,False,False,False,False
cmr_92838ea148c813c166057e99bfae3d39,Ca:1|N:3|W:1,property,2,50084768,nitride,1,True,False,tolerance/mu,"mu=1.23 outside [0.41,0.90]",La,Mo,N,False,False,False,False
cmr_92838ea148c813c166057e99bfae3d39,Ca:1|N:3|W:1,property,2,50084768,nitride,2,False,False,charge_compatible_A,no compatible A species,,Nb,N,False,False,False,False
cmr_92838ea148c813c166057e99bfae3d39,Ca:1|N:3|W:1,property,2,50084768,nitride,3,False,False,charge_compatible_A,no compatible A species,,Fe,N,False,False,False,False
cmr_92838ea148c813c166057e99bfae3d39,Ca:1|N:3|W:1,property,2,50084768,nitride,4,True,False,tolerance/mu,"mu=1.22 outside [0.41,0.90]",La,W,N,False,False,False,False
cmr_92838ea148c813c166057e99bfae3d39,Ca:1|N:3|W:1,property,2,50084768,nitride,5,True,False,tolerance/mu,"mu=1.23 outside [0.41,0.90]",La,Mo,N,False,False,False,False
cmr_92838ea148c813c166057e99bfae3d39,Ca:1|N:3|W:1,property,2,50084768,nitride,6,True,False,tolerance/mu,"mu=1.22 outside [0.41,0.90]",La,W,N,False,False,False,False
cmr_92838ea148c813c166057e99bfae3d39,Ca:1|N:3|W:1,property,2,50084768,nitride,7,True,False,tolerance/mu,"mu=1.22 outside [0.41,0.90]",La,W,N,False,False,False,False
cmr_92838ea148c813c166057e99bfae3d39,Ca:1|N:3|W:1,property,2,50084768,nitride,8,True,False,tolerance/mu,"mu=1.22 outside [0.41,0.90]",La,W,N,False,False,False,False
cmr_92838ea148c813c166057e99bfae3d39,Ca:1|N:3|W:1,property,2,50084768,nitride,9,True,False,tolerance/mu,"mu=1.22 outside [0.41,0.90]",La,W,N,False,False,False,False
cmr_92838ea148c813c166057e99bfae3d39,Ca:1|N:3|W:1,property,2,50084768,nitride,10,False,False,charge_compatible_A,no compatible A species,,Nb,N,False,False,False,False
cmr_92838ea148c813c166057e99bfae3d39,Ca:1|N:3|W:1,property,2,50084768,nitride,11,True,False,tolerance/mu,"mu=1.23 outside [0.41,0.90]",La,Mo,N,False,False,False,False
cmr_92838ea148c813c166057e99bfae3d39,Ca:1|N:3|W:1,property,2,50084768,nitride,12,False,False,charge_compatible_A,no compatible A species,,Fe,N,False,False,False,False
cmr_9747df17e8f2ed98427d905413929dd6,K:1|N:3|Ni:1,joint,0,559444170,nitride,1,False,False,charge_compatible_A,no compatible A species,,Ni,N,False,False,False,False
cmr_9747df17e8f2ed98427d905413929dd6,K:1|N:3|Ni:1,joint,0,559444170,nitride,2,False,False,charge_compatible_A,no compatible A species,,Ni,N,False,False,False,False
cmr_9747df17e8f2ed98427d905413929dd6,K:1|N:3|Ni:1,joint,0,559444170,nitride,3,False,False,charge_compatible_A,no compatible A species,,Ni,N,False,False,False,False
cmr_9747df17e8f2ed98427d905413929dd6,K:1|N:3|Ni:1,joint,0,559444170,nitride,4,False,False,charge_compatible_A,no compatible A species,,Ni,N,False,False,False,False
cmr_9747df17e8f2ed98427d905413929dd6,K:1|N:3|Ni:1,joint,0,559444170,nitride,5,False,False,charge_compatible_A,no compatible A species,,Ni,N,False,False,False,False
cmr_9747df17e8f2ed98427d905413929dd6,K:1|N:3|Ni:1,joint,0,559444170,nitride,6,False,False,charge_compatible_A,no compatible A species,,Ni,N,False,False,False,False
cmr_9747df17e8f2ed98427d905413929dd6,K:1|N:3|Ni:1,joint,0,559444170,nitride,7,False,False,charge_compatible_A,no compatible A species,,Ni,N,False,False,False,False
cmr_9747df17e8f2ed98427d905413929dd6,K:1|N:3|Ni:1,joint,0,559444170,nitride,8,False,False,charge_compatible_A,no compatible A species,,Ni,N,False,False,False,False
cmr_9747df17e8f2ed98427d905413929dd6,K:1|N:3|Ni:1,joint,0,559444170,nitride,9,False,False,charge_compatible_A,no compatible A species,,Ni,N,False,False,False,False
cmr_9747df17e8f2ed98427d905413929dd6,K:1|N:3|Ni:1,joint,0,559444170,nitride,10,False,False,charge_compatible_A,no compatible A species,,Co,N,False,False,False,False
cmr_9747df17e8f2ed98427d905413929dd6,K:1|N:3|Ni:1,joint,0,559444170,nitride,11,False,False,charge_compatible_A,no compatible A species,,Ni,N,False,False,False,False
cmr_9747df17e8f2ed98427d905413929dd6,K:1|N:3|Ni:1,joint,0,559444170,nitride,12,False,False,charge_compatible_A,no compatible A species,,Ni,N,False,False,False,False
cmr_9747df17e8f2ed98427d905413929dd6,K:1|N:3|Ni:1,joint,1,1683872028,nitride,1,False,False,charge_compatible_A,no compatible A species,,Ni,N,False,False,False,False
cmr_9747df17e8f2ed98427d905413929dd6,K:1|N:3|Ni:1,joint,1,1683872028,nitride,2,False,False,charge_compatible_A,no compatible A species,,Ni,N,False,False,False,False
cmr_9747df17e8f2ed98427d905413929dd6,K:1|N:3|Ni:1,joint,1,1683872028,nitride,3,False,False,charge_compatible_A,no compatible A species,,Ni,N,False,False,False,False
cmr_9747df17e8f2ed98427d905413929dd6,K:1|N:3|Ni:1,joint,1,1683872028,nitride,4,False,False,charge_compatible_A,no compatible A species,,Ni,N,False,False,False,False
cmr_9747df17e8f2ed98427d905413929dd6,K:1|N:3|Ni:1,joint,1,1683872028,nitride,5,False,False,charge_compatible_A,no compatible A species,,Ni,N,False,False,False,False
cmr_9747df17e8f2ed98427d905413929dd6,K:1|N:3|Ni:1,joint,1,1683872028,nitride,6,False,False,charge_compatible_A,no compatible A species,,Ni,N,False,False,False,False
cmr_9747df17e8f2ed98427d905413929dd6,K:1|N:3|Ni:1,joint,1,1683872028,nitride,7,False,False,charge_compatible_A,no compatible A species,,Ni,N,False,False,False,False
cmr_9747df17e8f2ed98427d905413929dd6,K:1|N:3|Ni:1,joint,1,1683872028,nitride,8,False,False,charge_compatible_A,no compatible A species,,Ni,N,False,False,False,False
cmr_9747df17e8f2ed98427d905413929dd6,K:1|N:3|Ni:1,joint,1,1683872028,nitride,9,False,False,charge_compatible_A,no compatible A species,,Ni,N,False,False,False,False
cmr_9747df17e8f2ed98427d905413929dd6,K:1|N:3|Ni:1,joint,1,1683872028,nitride,10,False,False,charge_compatible_A,no compatible A species,,Ni,N,False,False,False,False
cmr_9747df17e8f2ed98427d905413929dd6,K:1|N:3|Ni:1,joint,1,1683872028,nitride,11,False,False,charge_compatible_A,no compatible A species,,Ni,N,False,False,False,False
cmr_9747df17e8f2ed98427d905413929dd6,K:1|N:3|Ni:1,joint,1,1683872028,nitride,12,False,False,charge_compatible_A,no compatible A species,,Ni,N,False,False,False,False
cmr_9747df17e8f2ed98427d905413929dd6,K:1|N:3|Ni:1,joint,2,2135997872,nitride,1,False,False,charge_compatible_A,no compatible A species,,Ni,N,False,False,False,False
cmr_9747df17e8f2ed98427d905413929dd6,K:1|N:3|Ni:1,joint,2,2135997872,nitride,2,False,False,charge_compatible_A,no compatible A species,,Ni,N,False,False,False,False
cmr_9747df17e8f2ed98427d905413929dd6,K:1|N:3|Ni:1,joint,2,2135997872,nitride,3,False,False,charge_compatible_A,no compatible A species,,Ni,N,False,False,False,False
cmr_9747df17e8f2ed98427d905413929dd6,K:1|N:3|Ni:1,joint,2,2135997872,nitride,4,False,False,charge_compatible_A,no compatible A species,,Co,N,False,False,False,False
cmr_9747df17e8f2ed98427d905413929dd6,K:1|N:3|Ni:1,joint,2,2135997872,nitride,5,False,False,charge_compatible_A,no compatible A species,,Ni,N,False,False,False,False
cmr_9747df17e8f2ed98427d905413929dd6,K:1|N:3|Ni:1,joint,2,2135997872,nitride,6,False,False,charge_compatible_A,no compatible A species,,Ni,N,False,False,False,False
cmr_9747df17e8f2ed98427d905413929dd6,K:1|N:3|Ni:1,joint,2,2135997872,nitride,7,False,False,charge_compatible_A,no compatible A species,,Ni,N,False,False,False,False
cmr_9747df17e8f2ed98427d905413929dd6,K:1|N:3|Ni:1,joint,2,2135997872,nitride,8,False,False,charge_compatible_A,no compatible A species,,Ni,N,False,False,False,False
cmr_9747df17e8f2ed98427d905413929dd6,K:1|N:3|Ni:1,joint,2,2135997872,nitride,9,False,False,charge_compatible_A,no compatible A species,,Ni,N,False,False,False,False
cmr_9747df17e8f2ed98427d905413929dd6,K:1|N:3|Ni:1,joint,2,2135997872,nitride,10,False,False,charge_compatible_A,no compatible A species,,Ni,N,False,False,False,False
cmr_9747df17e8f2ed98427d905413929dd6,K:1|N:3|Ni:1,joint,2,2135997872,nitride,11,False,False,charge_compatible_A,no compatible A species,,Ni,N,False,False,False,False
cmr_9747df17e8f2ed98427d905413929dd6,K:1|N:3|Ni:1,joint,2,2135997872,nitride,12,False,False,charge_compatible_A,no compatible A species,,Ni,N,False,False,False,False
cmr_9747df17e8f2ed98427d905413929dd6,K:1|N:3|Ni:1,fixed_real,0,559444170,nitride,1,False,False,charge_compatible_A,no compatible A species,,Cr,N,False,False,False,False
cmr_9747df17e8f2ed98427d905413929dd6,K:1|N:3|Ni:1,fixed_real,0,559444170,nitride,2,False,False,charge_compatible_A,no compatible A species,,Cr,N,False,False,False,False
cmr_9747df17e8f2ed98427d905413929dd6,K:1|N:3|Ni:1,fixed_real,0,559444170,nitride,3,False,False,charge_compatible_A,no compatible A species,,Cr,N,False,False,False,False
cmr_9747df17e8f2ed98427d905413929dd6,K:1|N:3|Ni:1,fixed_real,0,559444170,nitride,4,False,False,charge_compatible_A,no compatible A species,,Cr,N,False,False,False,False
cmr_9747df17e8f2ed98427d905413929dd6,K:1|N:3|Ni:1,fixed_real,0,559444170,nitride,5,False,False,charge_compatible_A,no compatible A species,,Cr,N,False,False,False,False
cmr_9747df17e8f2ed98427d905413929dd6,K:1|N:3|Ni:1,fixed_real,0,559444170,nitride,6,False,False,charge_compatible_A,no compatible A species,,Cr,N,False,False,False,False
cmr_9747df17e8f2ed98427d905413929dd6,K:1|N:3|Ni:1,fixed_real,0,559444170,nitride,7,False,False,charge_compatible_A,no compatible A species,,Cr,N,False,False,False,False
cmr_9747df17e8f2ed98427d905413929dd6,K:1|N:3|Ni:1,fixed_real,0,559444170,nitride,8,False,False,charge_compatible_A,no compatible A species,,Cr,N,False,False,False,False
cmr_9747df17e8f2ed98427d905413929dd6,K:1|N:3|Ni:1,fixed_real,0,559444170,nitride,9,False,False,charge_compatible_A,no compatible A species,,Cr,N,False,False,False,False
cmr_9747df17e8f2ed98427d905413929dd6,K:1|N:3|Ni:1,fixed_real,0,559444170,nitride,10,False,False,charge_compatible_A,no compatible A species,,Zr,N,False,False,False,False
cmr_9747df17e8f2ed98427d905413929dd6,K:1|N:3|Ni:1,fixed_real,0,559444170,nitride,11,False,False,charge_compatible_A,no compatible A species,,Cr,N,False,False,False,False
cmr_9747df17e8f2ed98427d905413929dd6,K:1|N:3|Ni:1,fixed_real,0,559444170,nitride,12,False,False,charge_compatible_A,no compatible A species,,Cr,N,False,False,False,False
cmr_9747df17e8f2ed98427d905413929dd6,K:1|N:3|Ni:1,fixed_real,1,1683872028,nitride,1,False,False,charge_compatible_A,no compatible A species,,Cr,N,False,False,False,False
cmr_9747df17e8f2ed98427d905413929dd6,K:1|N:3|Ni:1,fixed_real,1,1683872028,nitride,2,False,False,charge_compatible_A,no compatible A species,,Cr,N,False,False,False,False
cmr_9747df17e8f2ed98427d905413929dd6,K:1|N:3|Ni:1,fixed_real,1,1683872028,nitride,3,False,False,charge_compatible_A,no compatible A species,,Cr,N,False,False,False,False
cmr_9747df17e8f2ed98427d905413929dd6,K:1|N:3|Ni:1,fixed_real,1,1683872028,nitride,4,False,False,charge_compatible_A,no compatible A species,,Cr,N,False,False,False,False
cmr_9747df17e8f2ed98427d905413929dd6,K:1|N:3|Ni:1,fixed_real,1,1683872028,nitride,5,False,False,charge_compatible_A,no compatible A species,,Cr,N,False,False,False,False
cmr_9747df17e8f2ed98427d905413929dd6,K:1|N:3|Ni:1,fixed_real,1,1683872028,nitride,6,False,False,charge_compatible_A,no compatible A species,,Cr,N,False,False,False,False
cmr_9747df17e8f2ed98427d905413929dd6,K:1|N:3|Ni:1,fixed_real,1,1683872028,nitride,7,False,False,charge_compatible_A,no compatible A species,,Cr,N,False,False,False,False
cmr_9747df17e8f2ed98427d905413929dd6,K:1|N:3|Ni:1,fixed_real,1,1683872028,nitride,8,False,False,charge_compatible_A,no compatible A species,,Cr,N,False,False,False,False
cmr_9747df17e8f2ed98427d905413929dd6,K:1|N:3|Ni:1,fixed_real,1,1683872028,nitride,9,False,False,charge_compatible_A,no compatible A species,,Cr,N,False,False,False,False
cmr_9747df17e8f2ed98427d905413929dd6,K:1|N:3|Ni:1,fixed_real,1,1683872028,nitride,10,False,False,charge_compatible_A,no compatible A species,,Cr,N,False,False,False,False
cmr_9747df17e8f2ed98427d905413929dd6,K:1|N:3|Ni:1,fixed_real,1,1683872028,nitride,11,False,False,charge_compatible_A,no compatible A species,,Cr,N,False,False,False,False
cmr_9747df17e8f2ed98427d905413929dd6,K:1|N:3|Ni:1,fixed_real,1,1683872028,nitride,12,False,False,charge_compatible_A,no compatible A species,,Cr,N,False,False,False,False
cmr_9747df17e8f2ed98427d905413929dd6,K:1|N:3|Ni:1,fixed_real,2,2135997872,nitride,1,False,False,charge_compatible_A,no compatible A species,,Cr,N,False,False,False,False
cmr_9747df17e8f2ed98427d905413929dd6,K:1|N:3|Ni:1,fixed_real,2,2135997872,nitride,2,False,False,charge_compatible_A,no compatible A species,,Cr,N,False,False,False,False
cmr_9747df17e8f2ed98427d905413929dd6,K:1|N:3|Ni:1,fixed_real,2,2135997872,nitride,3,False,False,charge_compatible_A,no compatible A species,,Cr,N,False,False,False,False
cmr_9747df17e8f2ed98427d905413929dd6,K:1|N:3|Ni:1,fixed_real,2,2135997872,nitride,4,False,False,charge_compatible_A,no compatible A species,,Zr,N,False,False,False,False
cmr_9747df17e8f2ed98427d905413929dd6,K:1|N:3|Ni:1,fixed_real,2,2135997872,nitride,5,False,False,charge_compatible_A,no compatible A species,,Cr,N,False,False,False,False
cmr_9747df17e8f2ed98427d905413929dd6,K:1|N:3|Ni:1,fixed_real,2,2135997872,nitride,6,False,False,charge_compatible_A,no compatible A species,,Cr,N,False,False,False,False
cmr_9747df17e8f2ed98427d905413929dd6,K:1|N:3|Ni:1,fixed_real,2,2135997872,nitride,7,False,False,charge_compatible_A,no compatible A species,,Cr,N,False,False,False,False
cmr_9747df17e8f2ed98427d905413929dd6,K:1|N:3|Ni:1,fixed_real,2,2135997872,nitride,8,False,False,charge_compatible_A,no compatible A species,,Cr,N,False,False,False,False
cmr_9747df17e8f2ed98427d905413929dd6,K:1|N:3|Ni:1,fixed_real,2,2135997872,nitride,9,False,False,charge_compatible_A,no compatible A species,,Cr,N,False,False,False,False
cmr_9747df17e8f2ed98427d905413929dd6,K:1|N:3|Ni:1,fixed_real,2,2135997872,nitride,10,False,False,charge_compatible_A,no compatible A species,,Cr,N,False,False,False,False
cmr_9747df17e8f2ed98427d905413929dd6,K:1|N:3|Ni:1,fixed_real,2,2135997872,nitride,11,False,False,charge_compatible_A,no compatible A species,,Cr,N,False,False,False,False
cmr_9747df17e8f2ed98427d905413929dd6,K:1|N:3|Ni:1,fixed_real,2,2135997872,nitride,12,False,False,charge_compatible_A,no compatible A species,,Cr,N,False,False,False,False
cmr_9747df17e8f2ed98427d905413929dd6,K:1|N:3|Ni:1,property,0,559444170,nitride,1,True,False,tolerance/mu,"mu=1.23 outside [0.41,0.90]",La,Mo,N,False,False,False,False
cmr_9747df17e8f2ed98427d905413929dd6,K:1|N:3|Ni:1,property,0,559444170,nitride,2,False,False,charge_compatible_A,no compatible A species,,Mn,N,False,False,False,False
cmr_9747df17e8f2ed98427d905413929dd6,K:1|N:3|Ni:1,property,0,559444170,nitride,3,False,False,charge_compatible_A,no compatible A species,,Ti,N,False,False,False,False
cmr_9747df17e8f2ed98427d905413929dd6,K:1|N:3|Ni:1,property,0,559444170,nitride,4,False,False,charge_compatible_A,no compatible A species,,Hf,N,False,False,False,False
cmr_9747df17e8f2ed98427d905413929dd6,K:1|N:3|Ni:1,property,0,559444170,nitride,5,False,False,charge_compatible_A,no compatible A species,,Cr,N,False,False,False,False
cmr_9747df17e8f2ed98427d905413929dd6,K:1|N:3|Ni:1,property,0,559444170,nitride,6,False,False,charge_compatible_A,no compatible A species,,Ni,N,False,False,False,False
cmr_9747df17e8f2ed98427d905413929dd6,K:1|N:3|Ni:1,property,0,559444170,nitride,7,False,False,charge_compatible_A,no compatible A species,,Ni,N,False,False,False,False
cmr_9747df17e8f2ed98427d905413929dd6,K:1|N:3|Ni:1,property,0,559444170,nitride,8,False,False,charge_compatible_A,no compatible A species,,Ni,N,False,False,False,False
cmr_9747df17e8f2ed98427d905413929dd6,K:1|N:3|Ni:1,property,0,559444170,nitride,9,False,False,charge_compatible_A,no compatible A species,,Ni,N,False,False,False,False
cmr_9747df17e8f2ed98427d905413929dd6,K:1|N:3|Ni:1,property,0,559444170,nitride,10,True,False,tolerance/mu,"mu=1.23 outside [0.41,0.90]",La,Mo,N,False,False,False,False
cmr_9747df17e8f2ed98427d905413929dd6,K:1|N:3|Ni:1,property,0,559444170,nitride,11,False,False,charge_compatible_A,no compatible A species,,Ni,N,False,False,False,False
cmr_9747df17e8f2ed98427d905413929dd6,K:1|N:3|Ni:1,property,0,559444170,nitride,12,False,False,charge_compatible_A,no compatible A species,,Nb,N,False,False,False,False
cmr_9747df17e8f2ed98427d905413929dd6,K:1|N:3|Ni:1,property,1,1683872028,nitride,1,False,False,charge_compatible_A,no compatible A species,,Cr,N,False,False,False,False
cmr_9747df17e8f2ed98427d905413929dd6,K:1|N:3|Ni:1,property,1,1683872028,nitride,2,False,False,charge_compatible_A,no compatible A species,,Zr,N,False,False,False,False
cmr_9747df17e8f2ed98427d905413929dd6,K:1|N:3|Ni:1,property,1,1683872028,nitride,3,False,False,charge_compatible_A,no compatible A species,,Nb,N,False,False,False,False
cmr_9747df17e8f2ed98427d905413929dd6,K:1|N:3|Ni:1,property,1,1683872028,nitride,4,False,False,charge_compatible_A,no compatible A species,,Ni,N,False,False,False,False
cmr_9747df17e8f2ed98427d905413929dd6,K:1|N:3|Ni:1,property,1,1683872028,nitride,5,False,False,charge_compatible_A,no compatible A species,,Ni,N,False,False,False,False
cmr_9747df17e8f2ed98427d905413929dd6,K:1|N:3|Ni:1,property,1,1683872028,nitride,6,False,False,charge_compatible_A,no compatible A species,,Ni,N,False,False,False,False
cmr_9747df17e8f2ed98427d905413929dd6,K:1|N:3|Ni:1,property,1,1683872028,nitride,7,False,False,charge_compatible_A,no compatible A species,,Ti,N,False,False,False,False
cmr_9747df17e8f2ed98427d905413929dd6,K:1|N:3|Ni:1,property,1,1683872028,nitride,8,False,False,charge_compatible_A,no compatible A species,,Ni,N,False,False,False,False
cmr_9747df17e8f2ed98427d905413929dd6,K:1|N:3|Ni:1,property,1,1683872028,nitride,9,False,False,charge_compatible_A,no compatible A species,,Nb,N,False,False,False,False
cmr_9747df17e8f2ed98427d905413929dd6,K:1|N:3|Ni:1,property,1,1683872028,nitride,10,False,False,charge_compatible_A,no compatible A species,,Co,N,False,False,False,False
cmr_9747df17e8f2ed98427d905413929dd6,K:1|N:3|Ni:1,property,1,1683872028,nitride,11,False,False,charge_compatible_A,no compatible A species,,Hf,N,False,False,False,False
cmr_9747df17e8f2ed98427d905413929dd6,K:1|N:3|Ni:1,property,1,1683872028,nitride,12,False,False,charge_compatible_A,no compatible A species,,Co,N,False,False,False,False
cmr_9747df17e8f2ed98427d905413929dd6,K:1|N:3|Ni:1,property,2,2135997872,nitride,1,False,False,charge_compatible_A,no compatible A species,,Ti,N,False,False,False,False
cmr_9747df17e8f2ed98427d905413929dd6,K:1|N:3|Ni:1,property,2,2135997872,nitride,2,False,False,charge_compatible_A,no compatible A species,,Ti,N,False,False,False,False
cmr_9747df17e8f2ed98427d905413929dd6,K:1|N:3|Ni:1,property,2,2135997872,nitride,3,False,False,charge_compatible_A,no compatible A species,,Zr,N,False,False,False,False
cmr_9747df17e8f2ed98427d905413929dd6,K:1|N:3|Ni:1,property,2,2135997872,nitride,4,False,False,charge_compatible_A,no compatible A species,,Ta,N,False,False,False,False
cmr_9747df17e8f2ed98427d905413929dd6,K:1|N:3|Ni:1,property,2,2135997872,nitride,5,False,False,charge_compatible_A,no compatible A species,,Zr,N,False,False,False,False
cmr_9747df17e8f2ed98427d905413929dd6,K:1|N:3|Ni:1,property,2,2135997872,nitride,6,False,False,charge_compatible_A,no compatible A species,,Ti,N,False,False,False,False
cmr_9747df17e8f2ed98427d905413929dd6,K:1|N:3|Ni:1,property,2,2135997872,nitride,7,True,False,tolerance/mu,"mu=1.22 outside [0.41,0.90]",La,W,N,False,False,False,False
cmr_9747df17e8f2ed98427d905413929dd6,K:1|N:3|Ni:1,property,2,2135997872,nitride,8,False,False,charge_compatible_A,no compatible A species,,Hf,N,False,False,False,False
cmr_9747df17e8f2ed98427d905413929dd6,K:1|N:3|Ni:1,property,2,2135997872,nitride,9,False,False,charge_compatible_A,no compatible A species,,Ni,N,False,False,False,False
cmr_9747df17e8f2ed98427d905413929dd6,K:1|N:3|Ni:1,property,2,2135997872,nitride,10,False,False,charge_compatible_A,no compatible A species,,Ni,N,False,False,False,False
cmr_9747df17e8f2ed98427d905413929dd6,K:1|N:3|Ni:1,property,2,2135997872,nitride,11,False,False,charge_compatible_A,no compatible A species,,Cr,N,False,False,False,False
cmr_9747df17e8f2ed98427d905413929dd6,K:1|N:3|Ni:1,property,2,2135997872,nitride,12,False,False,charge_compatible_A,no compatible A species,,Nb,N,False,False,False,False
cmr_98f26503186c693384501157616036cb,Cr:1|N:3|Na:1,joint,0,324450895,nitride,1,False,False,charge_compatible_A,no compatible A species,,Cr,N,False,False,False,False
cmr_98f26503186c693384501157616036cb,Cr:1|N:3|Na:1,joint,0,324450895,nitride,2,False,False,charge_compatible_A,no compatible A species,,Cr,N,False,False,False,False
cmr_98f26503186c693384501157616036cb,Cr:1|N:3|Na:1,joint,0,324450895,nitride,3,False,False,charge_compatible_A,no compatible A species,,Cr,N,False,False,False,False
cmr_98f26503186c693384501157616036cb,Cr:1|N:3|Na:1,joint,0,324450895,nitride,4,False,False,charge_compatible_A,no compatible A species,,Cr,N,False,False,False,False
cmr_98f26503186c693384501157616036cb,Cr:1|N:3|Na:1,joint,0,324450895,nitride,5,False,False,charge_compatible_A,no compatible A species,,Cr,N,False,False,False,False
cmr_98f26503186c693384501157616036cb,Cr:1|N:3|Na:1,joint,0,324450895,nitride,6,False,False,charge_compatible_A,no compatible A species,,Cr,N,False,False,False,False
cmr_98f26503186c693384501157616036cb,Cr:1|N:3|Na:1,joint,0,324450895,nitride,7,False,False,charge_compatible_A,no compatible A species,,Cr,N,False,False,False,False
cmr_98f26503186c693384501157616036cb,Cr:1|N:3|Na:1,joint,0,324450895,nitride,8,False,False,charge_compatible_A,no compatible A species,,Cr,N,False,False,False,False
cmr_98f26503186c693384501157616036cb,Cr:1|N:3|Na:1,joint,0,324450895,nitride,9,False,False,charge_compatible_A,no compatible A species,,Cr,N,False,False,False,False
cmr_98f26503186c693384501157616036cb,Cr:1|N:3|Na:1,joint,0,324450895,nitride,10,False,False,charge_compatible_A,no compatible A species,,Cr,N,False,False,False,False
cmr_98f26503186c693384501157616036cb,Cr:1|N:3|Na:1,joint,0,324450895,nitride,11,False,False,charge_compatible_A,no compatible A species,,Cr,N,False,False,False,False
cmr_98f26503186c693384501157616036cb,Cr:1|N:3|Na:1,joint,0,324450895,nitride,12,False,False,charge_compatible_A,no compatible A species,,Cr,N,False,False,False,False
cmr_98f26503186c693384501157616036cb,Cr:1|N:3|Na:1,joint,1,1097403655,nitride,1,False,False,charge_compatible_A,no compatible A species,,Cr,N,False,False,False,False
cmr_98f26503186c693384501157616036cb,Cr:1|N:3|Na:1,joint,1,1097403655,nitride,2,False,False,charge_compatible_A,no compatible A species,,Cr,N,False,False,False,False
cmr_98f26503186c693384501157616036cb,Cr:1|N:3|Na:1,joint,1,1097403655,nitride,3,False,False,charge_compatible_A,no compatible A species,,Cr,N,False,False,False,False
cmr_98f26503186c693384501157616036cb,Cr:1|N:3|Na:1,joint,1,1097403655,nitride,4,False,False,charge_compatible_A,no compatible A species,,Cr,N,False,False,False,False
cmr_98f26503186c693384501157616036cb,Cr:1|N:3|Na:1,joint,1,1097403655,nitride,5,False,False,charge_compatible_A,no compatible A species,,Cr,N,False,False,False,False
cmr_98f26503186c693384501157616036cb,Cr:1|N:3|Na:1,joint,1,1097403655,nitride,6,False,False,charge_compatible_A,no compatible A species,,Cr,N,False,False,False,False
cmr_98f26503186c693384501157616036cb,Cr:1|N:3|Na:1,joint,1,1097403655,nitride,7,False,False,charge_compatible_A,no compatible A species,,Cr,N,False,False,False,False
cmr_98f26503186c693384501157616036cb,Cr:1|N:3|Na:1,joint,1,1097403655,nitride,8,False,False,charge_compatible_A,no compatible A species,,Cr,N,False,False,False,False
cmr_98f26503186c693384501157616036cb,Cr:1|N:3|Na:1,joint,1,1097403655,nitride,9,False,False,charge_compatible_A,no compatible A species,,Cr,N,False,False,False,False
cmr_98f26503186c693384501157616036cb,Cr:1|N:3|Na:1,joint,1,1097403655,nitride,10,False,False,charge_compatible_A,no compatible A species,,Cr,N,False,False,False,False
cmr_98f26503186c693384501157616036cb,Cr:1|N:3|Na:1,joint,1,1097403655,nitride,11,False,False,charge_compatible_A,no compatible A species,,Cr,N,False,False,False,False
cmr_98f26503186c693384501157616036cb,Cr:1|N:3|Na:1,joint,1,1097403655,nitride,12,False,False,charge_compatible_A,no compatible A species,,Cr,N,False,False,False,False
cmr_98f26503186c693384501157616036cb,Cr:1|N:3|Na:1,joint,2,1254319080,nitride,1,False,False,charge_compatible_A,no compatible A species,,Cr,N,False,False,False,False
cmr_98f26503186c693384501157616036cb,Cr:1|N:3|Na:1,joint,2,1254319080,nitride,2,False,False,charge_compatible_A,no compatible A species,,Cr,N,False,False,False,False
cmr_98f26503186c693384501157616036cb,Cr:1|N:3|Na:1,joint,2,1254319080,nitride,3,False,False,charge_compatible_A,no compatible A species,,Cr,N,False,False,False,False
cmr_98f26503186c693384501157616036cb,Cr:1|N:3|Na:1,joint,2,1254319080,nitride,4,False,False,charge_compatible_A,no compatible A species,,Cr,N,False,False,False,False
cmr_98f26503186c693384501157616036cb,Cr:1|N:3|Na:1,joint,2,1254319080,nitride,5,False,False,charge_compatible_A,no compatible A species,,Cr,N,False,False,False,False
cmr_98f26503186c693384501157616036cb,Cr:1|N:3|Na:1,joint,2,1254319080,nitride,6,False,False,charge_compatible_A,no compatible A species,,Cr,N,False,False,False,False
cmr_98f26503186c693384501157616036cb,Cr:1|N:3|Na:1,joint,2,1254319080,nitride,7,False,False,charge_compatible_A,no compatible A species,,Cr,N,False,False,False,False
cmr_98f26503186c693384501157616036cb,Cr:1|N:3|Na:1,joint,2,1254319080,nitride,8,False,False,charge_compatible_A,no compatible A species,,Cr,N,False,False,False,False
cmr_98f26503186c693384501157616036cb,Cr:1|N:3|Na:1,joint,2,1254319080,nitride,9,False,False,charge_compatible_A,no compatible A species,,Cr,N,False,False,False,False
cmr_98f26503186c693384501157616036cb,Cr:1|N:3|Na:1,joint,2,1254319080,nitride,10,False,False,charge_compatible_A,no compatible A species,,Cr,N,False,False,False,False
cmr_98f26503186c693384501157616036cb,Cr:1|N:3|Na:1,joint,2,1254319080,nitride,11,False,False,charge_compatible_A,no compatible A species,,Cr,N,False,False,False,False
cmr_98f26503186c693384501157616036cb,Cr:1|N:3|Na:1,joint,2,1254319080,nitride,12,False,False,charge_compatible_A,no compatible A species,,Cr,N,False,False,False,False
cmr_98f26503186c693384501157616036cb,Cr:1|N:3|Na:1,fixed_real,0,324450895,nitride,1,False,False,charge_compatible_A,no compatible A species,,Cr,N,False,False,False,False
cmr_98f26503186c693384501157616036cb,Cr:1|N:3|Na:1,fixed_real,0,324450895,nitride,2,False,False,charge_compatible_A,no compatible A species,,Cr,N,False,False,False,False
cmr_98f26503186c693384501157616036cb,Cr:1|N:3|Na:1,fixed_real,0,324450895,nitride,3,False,False,charge_compatible_A,no compatible A species,,Cr,N,False,False,False,False
cmr_98f26503186c693384501157616036cb,Cr:1|N:3|Na:1,fixed_real,0,324450895,nitride,4,False,False,charge_compatible_A,no compatible A species,,Cr,N,False,False,False,False
cmr_98f26503186c693384501157616036cb,Cr:1|N:3|Na:1,fixed_real,0,324450895,nitride,5,False,False,charge_compatible_A,no compatible A species,,Cr,N,False,False,False,False
cmr_98f26503186c693384501157616036cb,Cr:1|N:3|Na:1,fixed_real,0,324450895,nitride,6,False,False,charge_compatible_A,no compatible A species,,Cr,N,False,False,False,False
cmr_98f26503186c693384501157616036cb,Cr:1|N:3|Na:1,fixed_real,0,324450895,nitride,7,False,False,charge_compatible_A,no compatible A species,,Cr,N,False,False,False,False
cmr_98f26503186c693384501157616036cb,Cr:1|N:3|Na:1,fixed_real,0,324450895,nitride,8,False,False,charge_compatible_A,no compatible A species,,Cr,N,False,False,False,False
cmr_98f26503186c693384501157616036cb,Cr:1|N:3|Na:1,fixed_real,0,324450895,nitride,9,False,False,charge_compatible_A,no compatible A species,,Cr,N,False,False,False,False
cmr_98f26503186c693384501157616036cb,Cr:1|N:3|Na:1,fixed_real,0,324450895,nitride,10,False,False,charge_compatible_A,no compatible A species,,Cr,N,False,False,False,False
cmr_98f26503186c693384501157616036cb,Cr:1|N:3|Na:1,fixed_real,0,324450895,nitride,11,False,False,charge_compatible_A,no compatible A species,,Cr,N,False,False,False,False
cmr_98f26503186c693384501157616036cb,Cr:1|N:3|Na:1,fixed_real,0,324450895,nitride,12,False,False,charge_compatible_A,no compatible A species,,Cr,N,False,False,False,False
cmr_98f26503186c693384501157616036cb,Cr:1|N:3|Na:1,fixed_real,1,1097403655,nitride,1,False,False,charge_compatible_A,no compatible A species,,Cr,N,False,False,False,False
cmr_98f26503186c693384501157616036cb,Cr:1|N:3|Na:1,fixed_real,1,1097403655,nitride,2,False,False,charge_compatible_A,no compatible A species,,Zr,N,False,False,False,False
cmr_98f26503186c693384501157616036cb,Cr:1|N:3|Na:1,fixed_real,1,1097403655,nitride,3,False,False,charge_compatible_A,no compatible A species,,Cr,N,False,False,False,False
cmr_98f26503186c693384501157616036cb,Cr:1|N:3|Na:1,fixed_real,1,1097403655,nitride,4,False,False,charge_compatible_A,no compatible A species,,Cr,N,False,False,False,False
cmr_98f26503186c693384501157616036cb,Cr:1|N:3|Na:1,fixed_real,1,1097403655,nitride,5,False,False,charge_compatible_A,no compatible A species,,Cr,N,False,False,False,False
cmr_98f26503186c693384501157616036cb,Cr:1|N:3|Na:1,fixed_real,1,1097403655,nitride,6,False,False,charge_compatible_A,no compatible A species,,Cr,N,False,False,False,False
cmr_98f26503186c693384501157616036cb,Cr:1|N:3|Na:1,fixed_real,1,1097403655,nitride,7,False,False,charge_compatible_A,no compatible A species,,Cr,N,False,False,False,False
cmr_98f26503186c693384501157616036cb,Cr:1|N:3|Na:1,fixed_real,1,1097403655,nitride,8,False,False,charge_compatible_A,no compatible A species,,Cr,N,False,False,False,False
cmr_98f26503186c693384501157616036cb,Cr:1|N:3|Na:1,fixed_real,1,1097403655,nitride,9,False,False,charge_compatible_A,no compatible A species,,Cr,N,False,False,False,False
cmr_98f26503186c693384501157616036cb,Cr:1|N:3|Na:1,fixed_real,1,1097403655,nitride,10,False,False,charge_compatible_A,no compatible A species,,Cr,N,False,False,False,False
cmr_98f26503186c693384501157616036cb,Cr:1|N:3|Na:1,fixed_real,1,1097403655,nitride,11,False,False,charge_compatible_A,no compatible A species,,Cr,N,False,False,False,False
cmr_98f26503186c693384501157616036cb,Cr:1|N:3|Na:1,fixed_real,1,1097403655,nitride,12,False,False,charge_compatible_A,no compatible A species,,Cr,N,False,False,False,False
cmr_98f26503186c693384501157616036cb,Cr:1|N:3|Na:1,fixed_real,2,1254319080,nitride,1,False,False,charge_compatible_A,no compatible A species,,Cr,N,False,False,False,False
cmr_98f26503186c693384501157616036cb,Cr:1|N:3|Na:1,fixed_real,2,1254319080,nitride,2,False,False,charge_compatible_A,no compatible A species,,Cr,N,False,False,False,False
cmr_98f26503186c693384501157616036cb,Cr:1|N:3|Na:1,fixed_real,2,1254319080,nitride,3,False,False,charge_compatible_A,no compatible A species,,Cr,N,False,False,False,False
cmr_98f26503186c693384501157616036cb,Cr:1|N:3|Na:1,fixed_real,2,1254319080,nitride,4,False,False,charge_compatible_A,no compatible A species,,Cr,N,False,False,False,False
cmr_98f26503186c693384501157616036cb,Cr:1|N:3|Na:1,fixed_real,2,1254319080,nitride,5,False,False,charge_compatible_A,no compatible A species,,Cr,N,False,False,False,False
cmr_98f26503186c693384501157616036cb,Cr:1|N:3|Na:1,fixed_real,2,1254319080,nitride,6,False,False,charge_compatible_A,no compatible A species,,Cr,N,False,False,False,False
cmr_98f26503186c693384501157616036cb,Cr:1|N:3|Na:1,fixed_real,2,1254319080,nitride,7,False,False,charge_compatible_A,no compatible A species,,Cr,N,False,False,False,False
cmr_98f26503186c693384501157616036cb,Cr:1|N:3|Na:1,fixed_real,2,1254319080,nitride,8,False,False,charge_compatible_A,no compatible A species,,Cr,N,False,False,False,False
cmr_98f26503186c693384501157616036cb,Cr:1|N:3|Na:1,fixed_real,2,1254319080,nitride,9,False,False,charge_compatible_A,no compatible A species,,Cr,N,False,False,False,False
cmr_98f26503186c693384501157616036cb,Cr:1|N:3|Na:1,fixed_real,2,1254319080,nitride,10,False,False,charge_compatible_A,no compatible A species,,Cr,N,False,False,False,False
cmr_98f26503186c693384501157616036cb,Cr:1|N:3|Na:1,fixed_real,2,1254319080,nitride,11,False,False,charge_compatible_A,no compatible A species,,Cr,N,False,False,False,False
cmr_98f26503186c693384501157616036cb,Cr:1|N:3|Na:1,fixed_real,2,1254319080,nitride,12,False,False,charge_compatible_A,no compatible A species,,Cr,N,False,False,False,False
cmr_98f26503186c693384501157616036cb,Cr:1|N:3|Na:1,property,0,324450895,nitride,1,False,False,charge_compatible_A,no compatible A species,,Co,N,False,False,False,False
cmr_98f26503186c693384501157616036cb,Cr:1|N:3|Na:1,property,0,324450895,nitride,2,False,False,charge_compatible_A,no compatible A species,,Hf,N,False,False,False,False
cmr_98f26503186c693384501157616036cb,Cr:1|N:3|Na:1,property,0,324450895,nitride,3,True,False,tolerance/mu,"mu=1.23 outside [0.41,0.90]",La,Mo,N,False,False,False,False
cmr_98f26503186c693384501157616036cb,Cr:1|N:3|Na:1,property,0,324450895,nitride,4,True,False,tolerance/mu,"mu=1.23 outside [0.41,0.90]",La,Mo,N,False,False,False,False
cmr_98f26503186c693384501157616036cb,Cr:1|N:3|Na:1,property,0,324450895,nitride,5,False,False,charge_compatible_A,no compatible A species,,Ti,N,False,False,False,False
cmr_98f26503186c693384501157616036cb,Cr:1|N:3|Na:1,property,0,324450895,nitride,6,False,False,charge_compatible_A,no compatible A species,,Co,N,False,False,False,False
cmr_98f26503186c693384501157616036cb,Cr:1|N:3|Na:1,property,0,324450895,nitride,7,False,False,charge_compatible_A,no compatible A species,,Ni,N,False,False,False,False
cmr_98f26503186c693384501157616036cb,Cr:1|N:3|Na:1,property,0,324450895,nitride,8,False,False,charge_compatible_A,no compatible A species,,Mn,N,False,False,False,False
cmr_98f26503186c693384501157616036cb,Cr:1|N:3|Na:1,property,0,324450895,nitride,9,False,False,charge_compatible_A,no compatible A species,,Ni,N,False,False,False,False
cmr_98f26503186c693384501157616036cb,Cr:1|N:3|Na:1,property,0,324450895,nitride,10,False,False,charge_compatible_A,no compatible A species,,Ni,N,False,False,False,False
cmr_98f26503186c693384501157616036cb,Cr:1|N:3|Na:1,property,0,324450895,nitride,11,True,False,tolerance/mu,"mu=1.22 outside [0.41,0.90]",La,W,N,False,False,False,False
cmr_98f26503186c693384501157616036cb,Cr:1|N:3|Na:1,property,0,324450895,nitride,12,False,False,charge_compatible_A,no compatible A species,,Fe,N,False,False,False,False
cmr_98f26503186c693384501157616036cb,Cr:1|N:3|Na:1,property,1,1097403655,nitride,1,False,False,charge_compatible_A,no compatible A species,,Fe,N,False,False,False,False
cmr_98f26503186c693384501157616036cb,Cr:1|N:3|Na:1,property,1,1097403655,nitride,2,False,False,charge_compatible_A,no compatible A species,,Ta,N,False,False,False,False
cmr_98f26503186c693384501157616036cb,Cr:1|N:3|Na:1,property,1,1097403655,nitride,3,False,False,charge_compatible_A,no compatible A species,,Ni,N,False,False,False,False
cmr_98f26503186c693384501157616036cb,Cr:1|N:3|Na:1,property,1,1097403655,nitride,4,False,False,charge_compatible_A,no compatible A species,,Fe,N,False,False,False,False
cmr_98f26503186c693384501157616036cb,Cr:1|N:3|Na:1,property,1,1097403655,nitride,5,False,False,charge_compatible_A,no compatible A species,,Co,N,False,False,False,False
cmr_98f26503186c693384501157616036cb,Cr:1|N:3|Na:1,property,1,1097403655,nitride,6,False,False,charge_compatible_A,no compatible A species,,Fe,N,False,False,False,False
cmr_98f26503186c693384501157616036cb,Cr:1|N:3|Na:1,property,1,1097403655,nitride,7,True,False,tolerance/mu,"mu=1.23 outside [0.41,0.90]",La,Mo,N,False,False,False,False
cmr_98f26503186c693384501157616036cb,Cr:1|N:3|Na:1,property,1,1097403655,nitride,8,False,False,charge_compatible_A,no compatible A species,,Co,N,False,False,False,False
cmr_98f26503186c693384501157616036cb,Cr:1|N:3|Na:1,property,1,1097403655,nitride,9,True,False,tolerance/mu,"mu=1.23 outside [0.41,0.90]",La,Mo,N,False,False,False,False
cmr_98f26503186c693384501157616036cb,Cr:1|N:3|Na:1,property,1,1097403655,nitride,10,False,False,charge_compatible_A,no compatible A species,,Ni,N,False,False,False,False
cmr_98f26503186c693384501157616036cb,Cr:1|N:3|Na:1,property,1,1097403655,nitride,11,False,False,charge_compatible_A,no compatible A species,,Mn,N,False,False,False,False
cmr_98f26503186c693384501157616036cb,Cr:1|N:3|Na:1,property,1,1097403655,nitride,12,False,False,charge_compatible_A,no compatible A species,,Nb,N,False,False,False,False
cmr_98f26503186c693384501157616036cb,Cr:1|N:3|Na:1,property,2,1254319080,nitride,1,True,False,tolerance/mu,"mu=1.23 outside [0.41,0.90]",La,Mo,N,False,False,False,False
cmr_98f26503186c693384501157616036cb,Cr:1|N:3|Na:1,property,2,1254319080,nitride,2,False,False,charge_compatible_A,no compatible A species,,Cr,N,False,False,False,False
cmr_98f26503186c693384501157616036cb,Cr:1|N:3|Na:1,property,2,1254319080,nitride,3,False,False,charge_compatible_A,no compatible A species,,Co,N,False,False,False,False
cmr_98f26503186c693384501157616036cb,Cr:1|N:3|Na:1,property,2,1254319080,nitride,4,False,False,charge_compatible_A,no compatible A species,,Ni,N,False,False,False,False
cmr_98f26503186c693384501157616036cb,Cr:1|N:3|Na:1,property,2,1254319080,nitride,5,False,False,charge_compatible_A,no compatible A species,,Ti,N,False,False,False,False
cmr_98f26503186c693384501157616036cb,Cr:1|N:3|Na:1,property,2,1254319080,nitride,6,False,False,charge_compatible_A,no compatible A species,,Ni,N,False,False,False,False
cmr_98f26503186c693384501157616036cb,Cr:1|N:3|Na:1,property,2,1254319080,nitride,7,False,False,charge_compatible_A,no compatible A species,,Ta,N,False,False,False,False
cmr_98f26503186c693384501157616036cb,Cr:1|N:3|Na:1,property,2,1254319080,nitride,8,False,False,charge_compatible_A,no compatible A species,,Cr,N,False,False,False,False
cmr_98f26503186c693384501157616036cb,Cr:1|N:3|Na:1,property,2,1254319080,nitride,9,False,False,charge_compatible_A,no compatible A species,,Ni,N,False,False,False,False
cmr_98f26503186c693384501157616036cb,Cr:1|N:3|Na:1,property,2,1254319080,nitride,10,False,False,charge_compatible_A,no compatible A species,,Fe,N,False,False,False,False
cmr_98f26503186c693384501157616036cb,Cr:1|N:3|Na:1,property,2,1254319080,nitride,11,True,False,tolerance/mu,"mu=1.22 outside [0.41,0.90]",La,W,N,False,False,False,False
cmr_98f26503186c693384501157616036cb,Cr:1|N:3|Na:1,property,2,1254319080,nitride,12,False,False,charge_compatible_A,no compatible A species,,Nb,N,False,False,False,False
cmr_a36c62d0c7f3713321685a5cb6488f21,La:1|Ni:1|O:3,joint,0,1289465058,oxide,1,False,False,charge_compatible_A,no compatible A species,,Cu,O,False,False,True,True
cmr_a36c62d0c7f3713321685a5cb6488f21,La:1|Ni:1|O:3,joint,0,1289465058,oxide,2,False,False,charge_compatible_A,no compatible A species,,Cu,O,False,False,True,True
cmr_a36c62d0c7f3713321685a5cb6488f21,La:1|Ni:1|O:3,joint,0,1289465058,oxide,3,False,False,charge_compatible_A,no compatible A species,,Cu,O,False,False,True,True
cmr_a36c62d0c7f3713321685a5cb6488f21,La:1|Ni:1|O:3,joint,0,1289465058,oxide,4,False,False,charge_compatible_A,no compatible A species,,Cu,O,False,False,True,True
cmr_a36c62d0c7f3713321685a5cb6488f21,La:1|Ni:1|O:3,joint,0,1289465058,oxide,5,False,False,charge_compatible_A,no compatible A species,,Cu,O,False,False,True,True
cmr_a36c62d0c7f3713321685a5cb6488f21,La:1|Ni:1|O:3,joint,0,1289465058,oxide,6,False,False,charge_compatible_A,no compatible A species,,Cu,O,False,False,True,True
cmr_a36c62d0c7f3713321685a5cb6488f21,La:1|Ni:1|O:3,joint,0,1289465058,oxide,7,False,False,charge_compatible_A,no compatible A species,,Cu,O,False,False,True,True
cmr_a36c62d0c7f3713321685a5cb6488f21,La:1|Ni:1|O:3,joint,0,1289465058,oxide,8,False,False,charge_compatible_A,no compatible A species,,Cu,O,False,False,True,True
cmr_a36c62d0c7f3713321685a5cb6488f21,La:1|Ni:1|O:3,joint,0,1289465058,oxide,9,False,False,charge_compatible_A,no compatible A species,,Cu,O,False,False,True,True
cmr_a36c62d0c7f3713321685a5cb6488f21,La:1|Ni:1|O:3,joint,0,1289465058,oxide,10,False,False,charge_compatible_A,no compatible A species,,Cu,O,False,False,True,True
cmr_a36c62d0c7f3713321685a5cb6488f21,La:1|Ni:1|O:3,joint,0,1289465058,oxide,11,False,False,charge_compatible_A,no compatible A species,,Cu,O,False,False,True,True
cmr_a36c62d0c7f3713321685a5cb6488f21,La:1|Ni:1|O:3,joint,0,1289465058,oxide,12,False,False,charge_compatible_A,no compatible A species,,Cu,O,False,False,True,True
cmr_a36c62d0c7f3713321685a5cb6488f21,La:1|Ni:1|O:3,joint,1,824227129,oxide,1,False,False,charge_compatible_A,no compatible A species,,Cu,O,False,False,True,True
cmr_a36c62d0c7f3713321685a5cb6488f21,La:1|Ni:1|O:3,joint,1,824227129,oxide,2,False,False,charge_compatible_A,no compatible A species,,Cu,O,False,False,True,True
cmr_a36c62d0c7f3713321685a5cb6488f21,La:1|Ni:1|O:3,joint,1,824227129,oxide,3,False,False,charge_compatible_A,no compatible A species,,Cu,O,False,False,True,True
cmr_a36c62d0c7f3713321685a5cb6488f21,La:1|Ni:1|O:3,joint,1,824227129,oxide,4,False,False,charge_compatible_A,no compatible A species,,Cu,O,False,False,True,True
cmr_a36c62d0c7f3713321685a5cb6488f21,La:1|Ni:1|O:3,joint,1,824227129,oxide,5,False,False,charge_compatible_A,no compatible A species,,Cu,O,False,False,True,True
cmr_a36c62d0c7f3713321685a5cb6488f21,La:1|Ni:1|O:3,joint,1,824227129,oxide,6,False,False,charge_compatible_A,no compatible A species,,Cu,O,False,False,True,True
cmr_a36c62d0c7f3713321685a5cb6488f21,La:1|Ni:1|O:3,joint,1,824227129,oxide,7,False,False,charge_compatible_A,no compatible A species,,Cu,O,False,False,True,True
cmr_a36c62d0c7f3713321685a5cb6488f21,La:1|Ni:1|O:3,joint,1,824227129,oxide,8,False,False,charge_compatible_A,no compatible A species,,Cu,O,False,False,True,True
cmr_a36c62d0c7f3713321685a5cb6488f21,La:1|Ni:1|O:3,joint,1,824227129,oxide,9,False,False,charge_compatible_A,no compatible A species,,Cu,O,False,False,True,True
cmr_a36c62d0c7f3713321685a5cb6488f21,La:1|Ni:1|O:3,joint,1,824227129,oxide,10,False,False,charge_compatible_A,no compatible A species,,Cu,O,False,False,True,True
cmr_a36c62d0c7f3713321685a5cb6488f21,La:1|Ni:1|O:3,joint,1,824227129,oxide,11,False,False,charge_compatible_A,no compatible A species,,Cu,O,False,False,True,True
cmr_a36c62d0c7f3713321685a5cb6488f21,La:1|Ni:1|O:3,joint,1,824227129,oxide,12,False,False,charge_compatible_A,no compatible A species,,Cu,O,False,False,True,True
cmr_a36c62d0c7f3713321685a5cb6488f21,La:1|Ni:1|O:3,joint,2,722206096,oxide,1,False,False,charge_compatible_A,no compatible A species,,Cu,O,False,False,True,True
cmr_a36c62d0c7f3713321685a5cb6488f21,La:1|Ni:1|O:3,joint,2,722206096,oxide,2,False,False,charge_compatible_A,no compatible A species,,Cu,O,False,False,True,True
cmr_a36c62d0c7f3713321685a5cb6488f21,La:1|Ni:1|O:3,joint,2,722206096,oxide,3,False,False,charge_compatible_A,no compatible A species,,Cu,O,False,False,True,True
cmr_a36c62d0c7f3713321685a5cb6488f21,La:1|Ni:1|O:3,joint,2,722206096,oxide,4,False,False,charge_compatible_A,no compatible A species,,Cu,O,False,False,True,True
cmr_a36c62d0c7f3713321685a5cb6488f21,La:1|Ni:1|O:3,joint,2,722206096,oxide,5,False,False,charge_compatible_A,no compatible A species,,Cu,O,False,False,True,True
cmr_a36c62d0c7f3713321685a5cb6488f21,La:1|Ni:1|O:3,joint,2,722206096,oxide,6,False,False,charge_compatible_A,no compatible A species,,Cu,O,False,False,True,True
cmr_a36c62d0c7f3713321685a5cb6488f21,La:1|Ni:1|O:3,joint,2,722206096,oxide,7,False,False,charge_compatible_A,no compatible A species,,Cu,O,False,False,True,True
cmr_a36c62d0c7f3713321685a5cb6488f21,La:1|Ni:1|O:3,joint,2,722206096,oxide,8,False,False,charge_compatible_A,no compatible A species,,Cu,O,False,False,True,True
cmr_a36c62d0c7f3713321685a5cb6488f21,La:1|Ni:1|O:3,joint,2,722206096,oxide,9,False,False,charge_compatible_A,no compatible A species,,Cu,O,False,False,True,True
cmr_a36c62d0c7f3713321685a5cb6488f21,La:1|Ni:1|O:3,joint,2,722206096,oxide,10,False,False,charge_compatible_A,no compatible A species,,Cu,O,False,False,True,True
cmr_a36c62d0c7f3713321685a5cb6488f21,La:1|Ni:1|O:3,joint,2,722206096,oxide,11,False,False,charge_compatible_A,no compatible A species,,Cu,O,False,False,True,True
cmr_a36c62d0c7f3713321685a5cb6488f21,La:1|Ni:1|O:3,joint,2,722206096,oxide,12,False,False,charge_compatible_A,no compatible A species,,Cu,O,False,False,True,True
cmr_a36c62d0c7f3713321685a5cb6488f21,La:1|Ni:1|O:3,fixed_real,0,1289465058,oxide,1,True,False,tolerance/mu,"t=0.78 outside [0.80,1.05]",La,Cr,O,False,False,True,True
cmr_a36c62d0c7f3713321685a5cb6488f21,La:1|Ni:1|O:3,fixed_real,0,1289465058,oxide,2,True,False,tolerance/mu,"t=0.78 outside [0.80,1.05]",La,Cr,O,False,False,True,True
cmr_a36c62d0c7f3713321685a5cb6488f21,La:1|Ni:1|O:3,fixed_real,0,1289465058,oxide,3,True,False,tolerance/mu,"t=0.78 outside [0.80,1.05]",La,Cr,O,False,False,True,True
cmr_a36c62d0c7f3713321685a5cb6488f21,La:1|Ni:1|O:3,fixed_real,0,1289465058,oxide,4,True,False,tolerance/mu,"t=0.78 outside [0.80,1.05]",La,Cr,O,False,False,True,True
cmr_a36c62d0c7f3713321685a5cb6488f21,La:1|Ni:1|O:3,fixed_real,0,1289465058,oxide,5,True,False,tolerance/mu,"t=0.78 outside [0.80,1.05]",La,Cr,O,False,False,True,True
cmr_a36c62d0c7f3713321685a5cb6488f21,La:1|Ni:1|O:3,fixed_real,0,1289465058,oxide,6,True,False,tolerance/mu,"t=0.78 outside [0.80,1.05]",La,Cr,O,False,False,True,True
cmr_a36c62d0c7f3713321685a5cb6488f21,La:1|Ni:1|O:3,fixed_real,0,1289465058,oxide,7,True,False,tolerance/mu,"t=0.78 outside [0.80,1.05]",La,Cr,O,False,False,True,True
cmr_a36c62d0c7f3713321685a5cb6488f21,La:1|Ni:1|O:3,fixed_real,0,1289465058,oxide,8,True,False,tolerance/mu,"t=0.78 outside [0.80,1.05]",La,Cr,O,False,False,True,True
cmr_a36c62d0c7f3713321685a5cb6488f21,La:1|Ni:1|O:3,fixed_real,0,1289465058,oxide,9,True,False,tolerance/mu,"t=0.78 outside [0.80,1.05]",La,Cr,O,False,False,True,True
cmr_a36c62d0c7f3713321685a5cb6488f21,La:1|Ni:1|O:3,fixed_real,0,1289465058,oxide,10,True,False,tolerance/mu,"t=0.78 outside [0.80,1.05]",La,Cr,O,False,False,True,True
cmr_a36c62d0c7f3713321685a5cb6488f21,La:1|Ni:1|O:3,fixed_real,0,1289465058,oxide,11,True,False,tolerance/mu,"t=0.78 outside [0.80,1.05]",La,Cr,O,False,False,True,True
cmr_a36c62d0c7f3713321685a5cb6488f21,La:1|Ni:1|O:3,fixed_real,0,1289465058,oxide,12,True,False,tolerance/mu,"t=0.78 outside [0.80,1.05]",La,Cr,O,False,False,True,True
cmr_a36c62d0c7f3713321685a5cb6488f21,La:1|Ni:1|O:3,fixed_real,1,824227129,oxide,1,True,False,tolerance/mu,"t=0.78 outside [0.80,1.05]",La,Cr,O,False,False,True,True
cmr_a36c62d0c7f3713321685a5cb6488f21,La:1|Ni:1|O:3,fixed_real,1,824227129,oxide,2,True,True,,,Ca,Zr,O,False,False,True,True
cmr_a36c62d0c7f3713321685a5cb6488f21,La:1|Ni:1|O:3,fixed_real,2,722206096,oxide,1,True,False,tolerance/mu,"t=0.78 outside [0.80,1.05]",La,Cr,O,False,False,True,True
cmr_a36c62d0c7f3713321685a5cb6488f21,La:1|Ni:1|O:3,fixed_real,2,722206096,oxide,2,True,False,tolerance/mu,"t=0.78 outside [0.80,1.05]",La,Cr,O,False,False,True,True
cmr_a36c62d0c7f3713321685a5cb6488f21,La:1|Ni:1|O:3,fixed_real,2,722206096,oxide,3,True,False,tolerance/mu,"t=0.78 outside [0.80,1.05]",La,Cr,O,False,False,True,True
cmr_a36c62d0c7f3713321685a5cb6488f21,La:1|Ni:1|O:3,fixed_real,2,722206096,oxide,4,True,False,tolerance/mu,"t=0.78 outside [0.80,1.05]",La,Cr,O,False,False,True,True
cmr_a36c62d0c7f3713321685a5cb6488f21,La:1|Ni:1|O:3,fixed_real,2,722206096,oxide,5,True,False,tolerance/mu,"t=0.78 outside [0.80,1.05]",La,Cr,O,False,False,True,True
cmr_a36c62d0c7f3713321685a5cb6488f21,La:1|Ni:1|O:3,fixed_real,2,722206096,oxide,6,True,False,tolerance/mu,"t=0.78 outside [0.80,1.05]",La,Cr,O,False,False,True,True
cmr_a36c62d0c7f3713321685a5cb6488f21,La:1|Ni:1|O:3,fixed_real,2,722206096,oxide,7,True,False,tolerance/mu,"t=0.78 outside [0.80,1.05]",La,Cr,O,False,False,True,True
cmr_a36c62d0c7f3713321685a5cb6488f21,La:1|Ni:1|O:3,fixed_real,2,722206096,oxide,8,True,False,tolerance/mu,"t=0.78 outside [0.80,1.05]",La,Cr,O,False,False,True,True
cmr_a36c62d0c7f3713321685a5cb6488f21,La:1|Ni:1|O:3,fixed_real,2,722206096,oxide,9,True,False,tolerance/mu,"t=0.78 outside [0.80,1.05]",La,Cr,O,False,False,True,True
cmr_a36c62d0c7f3713321685a5cb6488f21,La:1|Ni:1|O:3,fixed_real,2,722206096,oxide,10,True,False,tolerance/mu,"t=0.78 outside [0.80,1.05]",La,Cr,O,False,False,True,True
cmr_a36c62d0c7f3713321685a5cb6488f21,La:1|Ni:1|O:3,fixed_real,2,722206096,oxide,11,True,False,tolerance/mu,"t=0.78 outside [0.80,1.05]",La,Cr,O,False,False,True,True
cmr_a36c62d0c7f3713321685a5cb6488f21,La:1|Ni:1|O:3,fixed_real,2,722206096,oxide,12,True,False,tolerance/mu,"t=0.78 outside [0.80,1.05]",La,Cr,O,False,False,True,True
cmr_a36c62d0c7f3713321685a5cb6488f21,La:1|Ni:1|O:3,property,0,1289465058,oxide,1,True,False,tolerance/mu,"t=0.78 outside [0.80,1.05]",La,Cr,O,False,False,True,True
cmr_a36c62d0c7f3713321685a5cb6488f21,La:1|Ni:1|O:3,property,0,1289465058,oxide,2,False,False,charge_compatible_A,no compatible A species,,Mo,O,False,False,True,True
cmr_a36c62d0c7f3713321685a5cb6488f21,La:1|Ni:1|O:3,property,0,1289465058,oxide,3,True,False,tolerance/mu,"t=0.78 outside [0.80,1.05]",La,Cr,O,False,False,True,True
cmr_a36c62d0c7f3713321685a5cb6488f21,La:1|Ni:1|O:3,property,0,1289465058,oxide,4,True,True,,,Na,V,O,False,False,True,True
cmr_a36c62d0c7f3713321685a5cb6488f21,La:1|Ni:1|O:3,property,1,824227129,oxide,1,True,True,,,Sr,V,O,False,False,True,True
cmr_a36c62d0c7f3713321685a5cb6488f21,La:1|Ni:1|O:3,property,2,722206096,oxide,1,True,True,,,K,Ta,O,False,False,True,True
cmr_bd8c8bb480ad1e9422f4b5cd79215eba,Cs:1|O:3|W:1,joint,0,1735735411,oxide,1,False,False,charge_compatible_A,no compatible A species,,W,O,False,False,False,False
cmr_bd8c8bb480ad1e9422f4b5cd79215eba,Cs:1|O:3|W:1,joint,0,1735735411,oxide,2,False,False,charge_compatible_A,no compatible A species,,W,O,False,False,False,False
cmr_bd8c8bb480ad1e9422f4b5cd79215eba,Cs:1|O:3|W:1,joint,0,1735735411,oxide,3,False,False,charge_compatible_A,no compatible A species,,W,O,False,False,False,False
cmr_bd8c8bb480ad1e9422f4b5cd79215eba,Cs:1|O:3|W:1,joint,0,1735735411,oxide,4,False,False,charge_compatible_A,no compatible A species,,W,O,False,False,False,False
cmr_bd8c8bb480ad1e9422f4b5cd79215eba,Cs:1|O:3|W:1,joint,0,1735735411,oxide,5,False,False,charge_compatible_A,no compatible A species,,W,O,False,False,False,False
cmr_bd8c8bb480ad1e9422f4b5cd79215eba,Cs:1|O:3|W:1,joint,0,1735735411,oxide,6,False,False,charge_compatible_A,no compatible A species,,W,O,False,False,False,False
cmr_bd8c8bb480ad1e9422f4b5cd79215eba,Cs:1|O:3|W:1,joint,0,1735735411,oxide,7,False,False,charge_compatible_A,no compatible A species,,W,O,False,False,False,False
cmr_bd8c8bb480ad1e9422f4b5cd79215eba,Cs:1|O:3|W:1,joint,0,1735735411,oxide,8,False,False,charge_compatible_A,no compatible A species,,W,O,False,False,False,False
cmr_bd8c8bb480ad1e9422f4b5cd79215eba,Cs:1|O:3|W:1,joint,0,1735735411,oxide,9,False,False,charge_compatible_A,no compatible A species,,W,O,False,False,False,False
cmr_bd8c8bb480ad1e9422f4b5cd79215eba,Cs:1|O:3|W:1,joint,0,1735735411,oxide,10,False,False,charge_compatible_A,no compatible A species,,W,O,False,False,False,False
cmr_bd8c8bb480ad1e9422f4b5cd79215eba,Cs:1|O:3|W:1,joint,0,1735735411,oxide,11,False,False,charge_compatible_A,no compatible A species,,W,O,False,False,False,False
cmr_bd8c8bb480ad1e9422f4b5cd79215eba,Cs:1|O:3|W:1,joint,0,1735735411,oxide,12,False,False,charge_compatible_A,no compatible A species,,W,O,False,False,False,False
cmr_bd8c8bb480ad1e9422f4b5cd79215eba,Cs:1|O:3|W:1,joint,1,1498718546,oxide,1,False,False,charge_compatible_A,no compatible A species,,W,O,False,False,False,False
cmr_bd8c8bb480ad1e9422f4b5cd79215eba,Cs:1|O:3|W:1,joint,1,1498718546,oxide,2,False,False,charge_compatible_A,no compatible A species,,W,O,False,False,False,False
cmr_bd8c8bb480ad1e9422f4b5cd79215eba,Cs:1|O:3|W:1,joint,1,1498718546,oxide,3,False,False,charge_compatible_A,no compatible A species,,W,O,False,False,False,False
cmr_bd8c8bb480ad1e9422f4b5cd79215eba,Cs:1|O:3|W:1,joint,1,1498718546,oxide,4,False,False,charge_compatible_A,no compatible A species,,W,O,False,False,False,False
cmr_bd8c8bb480ad1e9422f4b5cd79215eba,Cs:1|O:3|W:1,joint,1,1498718546,oxide,5,False,False,charge_compatible_A,no compatible A species,,W,O,False,False,False,False
cmr_bd8c8bb480ad1e9422f4b5cd79215eba,Cs:1|O:3|W:1,joint,1,1498718546,oxide,6,False,False,charge_compatible_A,no compatible A species,,W,O,False,False,False,False
cmr_bd8c8bb480ad1e9422f4b5cd79215eba,Cs:1|O:3|W:1,joint,1,1498718546,oxide,7,False,False,charge_compatible_A,no compatible A species,,W,O,False,False,False,False
cmr_bd8c8bb480ad1e9422f4b5cd79215eba,Cs:1|O:3|W:1,joint,1,1498718546,oxide,8,False,False,charge_compatible_A,no compatible A species,,W,O,False,False,False,False
cmr_bd8c8bb480ad1e9422f4b5cd79215eba,Cs:1|O:3|W:1,joint,1,1498718546,oxide,9,False,False,charge_compatible_A,no compatible A species,,W,O,False,False,False,False
cmr_bd8c8bb480ad1e9422f4b5cd79215eba,Cs:1|O:3|W:1,joint,1,1498718546,oxide,10,False,False,charge_compatible_A,no compatible A species,,W,O,False,False,False,False
cmr_bd8c8bb480ad1e9422f4b5cd79215eba,Cs:1|O:3|W:1,joint,1,1498718546,oxide,11,False,False,charge_compatible_A,no compatible A species,,W,O,False,False,False,False
cmr_bd8c8bb480ad1e9422f4b5cd79215eba,Cs:1|O:3|W:1,joint,1,1498718546,oxide,12,False,False,charge_compatible_A,no compatible A species,,W,O,False,False,False,False
cmr_bd8c8bb480ad1e9422f4b5cd79215eba,Cs:1|O:3|W:1,joint,2,939238687,oxide,1,False,False,charge_compatible_A,no compatible A species,,W,O,False,False,False,False
cmr_bd8c8bb480ad1e9422f4b5cd79215eba,Cs:1|O:3|W:1,joint,2,939238687,oxide,2,False,False,charge_compatible_A,no compatible A species,,W,O,False,False,False,False
cmr_bd8c8bb480ad1e9422f4b5cd79215eba,Cs:1|O:3|W:1,joint,2,939238687,oxide,3,False,False,charge_compatible_A,no compatible A species,,W,O,False,False,False,False
cmr_bd8c8bb480ad1e9422f4b5cd79215eba,Cs:1|O:3|W:1,joint,2,939238687,oxide,4,False,False,charge_compatible_A,no compatible A species,,W,O,False,False,False,False
cmr_bd8c8bb480ad1e9422f4b5cd79215eba,Cs:1|O:3|W:1,joint,2,939238687,oxide,5,False,False,charge_compatible_A,no compatible A species,,W,O,False,False,False,False
cmr_bd8c8bb480ad1e9422f4b5cd79215eba,Cs:1|O:3|W:1,joint,2,939238687,oxide,6,False,False,charge_compatible_A,no compatible A species,,W,O,False,False,False,False
cmr_bd8c8bb480ad1e9422f4b5cd79215eba,Cs:1|O:3|W:1,joint,2,939238687,oxide,7,False,False,charge_compatible_A,no compatible A species,,W,O,False,False,False,False
cmr_bd8c8bb480ad1e9422f4b5cd79215eba,Cs:1|O:3|W:1,joint,2,939238687,oxide,8,False,False,charge_compatible_A,no compatible A species,,W,O,False,False,False,False
cmr_bd8c8bb480ad1e9422f4b5cd79215eba,Cs:1|O:3|W:1,joint,2,939238687,oxide,9,False,False,charge_compatible_A,no compatible A species,,W,O,False,False,False,False
cmr_bd8c8bb480ad1e9422f4b5cd79215eba,Cs:1|O:3|W:1,joint,2,939238687,oxide,10,False,False,charge_compatible_A,no compatible A species,,W,O,False,False,False,False
cmr_bd8c8bb480ad1e9422f4b5cd79215eba,Cs:1|O:3|W:1,joint,2,939238687,oxide,11,False,False,charge_compatible_A,no compatible A species,,W,O,False,False,False,False
cmr_bd8c8bb480ad1e9422f4b5cd79215eba,Cs:1|O:3|W:1,joint,2,939238687,oxide,12,False,False,charge_compatible_A,no compatible A species,,W,O,False,False,False,False
cmr_bd8c8bb480ad1e9422f4b5cd79215eba,Cs:1|O:3|W:1,fixed_real,0,1735735411,oxide,1,True,False,tolerance/mu,"t=0.78 outside [0.80,1.05]",La,Cr,O,False,False,False,False
cmr_bd8c8bb480ad1e9422f4b5cd79215eba,Cs:1|O:3|W:1,fixed_real,0,1735735411,oxide,2,True,False,tolerance/mu,"t=0.78 outside [0.80,1.05]",La,Cr,O,False,False,False,False
cmr_bd8c8bb480ad1e9422f4b5cd79215eba,Cs:1|O:3|W:1,fixed_real,0,1735735411,oxide,3,True,False,tolerance/mu,"t=0.78 outside [0.80,1.05]",La,Cr,O,False,False,False,False
cmr_bd8c8bb480ad1e9422f4b5cd79215eba,Cs:1|O:3|W:1,fixed_real,0,1735735411,oxide,4,True,False,tolerance/mu,"t=0.78 outside [0.80,1.05]",La,Cr,O,False,False,False,False
cmr_bd8c8bb480ad1e9422f4b5cd79215eba,Cs:1|O:3|W:1,fixed_real,0,1735735411,oxide,5,True,False,tolerance/mu,"t=0.78 outside [0.80,1.05]",La,Cr,O,False,False,False,False
cmr_bd8c8bb480ad1e9422f4b5cd79215eba,Cs:1|O:3|W:1,fixed_real,0,1735735411,oxide,6,True,False,tolerance/mu,"t=0.78 outside [0.80,1.05]",La,Cr,O,False,False,False,False
cmr_bd8c8bb480ad1e9422f4b5cd79215eba,Cs:1|O:3|W:1,fixed_real,0,1735735411,oxide,7,True,False,tolerance/mu,"t=0.78 outside [0.80,1.05]",La,Cr,O,False,False,False,False
cmr_bd8c8bb480ad1e9422f4b5cd79215eba,Cs:1|O:3|W:1,fixed_real,0,1735735411,oxide,8,True,False,tolerance/mu,"t=0.78 outside [0.80,1.05]",La,Cr,O,False,False,False,False
cmr_bd8c8bb480ad1e9422f4b5cd79215eba,Cs:1|O:3|W:1,fixed_real,0,1735735411,oxide,9,True,False,tolerance/mu,"t=0.78 outside [0.80,1.05]",La,Cr,O,False,False,False,False
cmr_bd8c8bb480ad1e9422f4b5cd79215eba,Cs:1|O:3|W:1,fixed_real,0,1735735411,oxide,10,True,False,tolerance/mu,"t=0.78 outside [0.80,1.05]",La,Cr,O,False,False,False,False
cmr_bd8c8bb480ad1e9422f4b5cd79215eba,Cs:1|O:3|W:1,fixed_real,0,1735735411,oxide,11,True,False,tolerance/mu,"t=0.78 outside [0.80,1.05]",La,Cr,O,False,False,False,False
cmr_bd8c8bb480ad1e9422f4b5cd79215eba,Cs:1|O:3|W:1,fixed_real,0,1735735411,oxide,12,True,False,tolerance/mu,"t=0.78 outside [0.80,1.05]",La,Cr,O,False,False,False,False
cmr_bd8c8bb480ad1e9422f4b5cd79215eba,Cs:1|O:3|W:1,fixed_real,1,1498718546,oxide,1,True,False,tolerance/mu,"t=0.78 outside [0.80,1.05]",La,Cr,O,False,False,False,False
cmr_bd8c8bb480ad1e9422f4b5cd79215eba,Cs:1|O:3|W:1,fixed_real,1,1498718546,oxide,2,True,False,tolerance/mu,"t=0.78 outside [0.80,1.05]",La,Cr,O,False,False,False,False
cmr_bd8c8bb480ad1e9422f4b5cd79215eba,Cs:1|O:3|W:1,fixed_real,1,1498718546,oxide,3,True,False,tolerance/mu,"t=0.78 outside [0.80,1.05]",La,Cr,O,False,False,False,False
cmr_bd8c8bb480ad1e9422f4b5cd79215eba,Cs:1|O:3|W:1,fixed_real,1,1498718546,oxide,4,True,False,tolerance/mu,"t=0.78 outside [0.80,1.05]",La,Cr,O,False,False,False,False
cmr_bd8c8bb480ad1e9422f4b5cd79215eba,Cs:1|O:3|W:1,fixed_real,1,1498718546,oxide,5,True,False,tolerance/mu,"t=0.78 outside [0.80,1.05]",La,Cr,O,False,False,False,False
cmr_bd8c8bb480ad1e9422f4b5cd79215eba,Cs:1|O:3|W:1,fixed_real,1,1498718546,oxide,6,True,False,tolerance/mu,"t=0.78 outside [0.80,1.05]",La,Cr,O,False,False,False,False
cmr_bd8c8bb480ad1e9422f4b5cd79215eba,Cs:1|O:3|W:1,fixed_real,1,1498718546,oxide,7,True,False,tolerance/mu,"t=0.78 outside [0.80,1.05]",La,Cr,O,False,False,False,False
cmr_bd8c8bb480ad1e9422f4b5cd79215eba,Cs:1|O:3|W:1,fixed_real,1,1498718546,oxide,8,True,True,,,Ca,Zr,O,False,False,False,False
cmr_bd8c8bb480ad1e9422f4b5cd79215eba,Cs:1|O:3|W:1,fixed_real,2,939238687,oxide,1,True,False,tolerance/mu,"t=0.78 outside [0.80,1.05]",La,Cr,O,False,False,False,False
cmr_bd8c8bb480ad1e9422f4b5cd79215eba,Cs:1|O:3|W:1,fixed_real,2,939238687,oxide,2,True,False,tolerance/mu,"t=0.78 outside [0.80,1.05]",La,Cr,O,False,False,False,False
cmr_bd8c8bb480ad1e9422f4b5cd79215eba,Cs:1|O:3|W:1,fixed_real,2,939238687,oxide,3,True,False,tolerance/mu,"t=0.78 outside [0.80,1.05]",La,Cr,O,False,False,False,False
cmr_bd8c8bb480ad1e9422f4b5cd79215eba,Cs:1|O:3|W:1,fixed_real,2,939238687,oxide,4,True,False,tolerance/mu,"t=0.78 outside [0.80,1.05]",La,Cr,O,False,False,False,False
cmr_bd8c8bb480ad1e9422f4b5cd79215eba,Cs:1|O:3|W:1,fixed_real,2,939238687,oxide,5,True,False,tolerance/mu,"t=0.78 outside [0.80,1.05]",La,Cr,O,False,False,False,False
cmr_bd8c8bb480ad1e9422f4b5cd79215eba,Cs:1|O:3|W:1,fixed_real,2,939238687,oxide,6,True,False,tolerance/mu,"t=0.78 outside [0.80,1.05]",La,Cr,O,False,False,False,False
cmr_bd8c8bb480ad1e9422f4b5cd79215eba,Cs:1|O:3|W:1,fixed_real,2,939238687,oxide,7,True,False,tolerance/mu,"t=0.78 outside [0.80,1.05]",La,Cr,O,False,False,False,False
cmr_bd8c8bb480ad1e9422f4b5cd79215eba,Cs:1|O:3|W:1,fixed_real,2,939238687,oxide,8,True,False,tolerance/mu,"t=0.78 outside [0.80,1.05]",La,Cr,O,False,False,False,False
cmr_bd8c8bb480ad1e9422f4b5cd79215eba,Cs:1|O:3|W:1,fixed_real,2,939238687,oxide,9,True,False,tolerance/mu,"t=0.78 outside [0.80,1.05]",La,Cr,O,False,False,False,False
cmr_bd8c8bb480ad1e9422f4b5cd79215eba,Cs:1|O:3|W:1,fixed_real,2,939238687,oxide,10,True,False,tolerance/mu,"t=0.78 outside [0.80,1.05]",La,Cr,O,False,False,False,False
cmr_bd8c8bb480ad1e9422f4b5cd79215eba,Cs:1|O:3|W:1,fixed_real,2,939238687,oxide,11,True,False,tolerance/mu,"t=0.78 outside [0.80,1.05]",La,Cr,O,False,False,False,False
cmr_bd8c8bb480ad1e9422f4b5cd79215eba,Cs:1|O:3|W:1,fixed_real,2,939238687,oxide,12,True,False,tolerance/mu,"t=0.78 outside [0.80,1.05]",La,Cr,O,False,False,False,False
cmr_bd8c8bb480ad1e9422f4b5cd79215eba,Cs:1|O:3|W:1,property,0,1735735411,oxide,1,False,False,charge_compatible_A,no compatible A species,,W,O,False,False,False,False
cmr_bd8c8bb480ad1e9422f4b5cd79215eba,Cs:1|O:3|W:1,property,0,1735735411,oxide,2,True,True,,,Rb,Nb,O,False,False,False,False
cmr_bd8c8bb480ad1e9422f4b5cd79215eba,Cs:1|O:3|W:1,property,1,1498718546,oxide,1,True,True,,,Sr,V,O,False,False,False,False
cmr_bd8c8bb480ad1e9422f4b5cd79215eba,Cs:1|O:3|W:1,property,2,939238687,oxide,1,False,False,charge_compatible_A,no compatible A species,,W,O,False,False,False,False
cmr_bd8c8bb480ad1e9422f4b5cd79215eba,Cs:1|O:3|W:1,property,2,939238687,oxide,2,True,True,,,Ba,Ti,O,False,False,False,False
cmr_bf604be7ac3009a8fed955cf6716a2df,Fe:1|N:3|Rb:1,joint,0,902995535,nitride,1,False,False,charge_compatible_A,no compatible A species,,Fe,N,False,False,False,False
cmr_bf604be7ac3009a8fed955cf6716a2df,Fe:1|N:3|Rb:1,joint,0,902995535,nitride,2,False,False,charge_compatible_A,no compatible A species,,Fe,N,False,False,False,False
cmr_bf604be7ac3009a8fed955cf6716a2df,Fe:1|N:3|Rb:1,joint,0,902995535,nitride,3,False,False,charge_compatible_A,no compatible A species,,Fe,N,False,False,False,False
cmr_bf604be7ac3009a8fed955cf6716a2df,Fe:1|N:3|Rb:1,joint,0,902995535,nitride,4,False,False,charge_compatible_A,no compatible A species,,Fe,N,False,False,False,False
cmr_bf604be7ac3009a8fed955cf6716a2df,Fe:1|N:3|Rb:1,joint,0,902995535,nitride,5,False,False,charge_compatible_A,no compatible A species,,Fe,N,False,False,False,False
cmr_bf604be7ac3009a8fed955cf6716a2df,Fe:1|N:3|Rb:1,joint,0,902995535,nitride,6,False,False,charge_compatible_A,no compatible A species,,Fe,N,False,False,False,False
cmr_bf604be7ac3009a8fed955cf6716a2df,Fe:1|N:3|Rb:1,joint,0,902995535,nitride,7,False,False,charge_compatible_A,no compatible A species,,Fe,N,False,False,False,False
cmr_bf604be7ac3009a8fed955cf6716a2df,Fe:1|N:3|Rb:1,joint,0,902995535,nitride,8,False,False,charge_compatible_A,no compatible A species,,Fe,N,False,False,False,False
cmr_bf604be7ac3009a8fed955cf6716a2df,Fe:1|N:3|Rb:1,joint,0,902995535,nitride,9,False,False,charge_compatible_A,no compatible A species,,Fe,N,False,False,False,False
cmr_bf604be7ac3009a8fed955cf6716a2df,Fe:1|N:3|Rb:1,joint,0,902995535,nitride,10,False,False,charge_compatible_A,no compatible A species,,Fe,N,False,False,False,False
cmr_bf604be7ac3009a8fed955cf6716a2df,Fe:1|N:3|Rb:1,joint,0,902995535,nitride,11,False,False,charge_compatible_A,no compatible A species,,Fe,N,False,False,False,False
cmr_bf604be7ac3009a8fed955cf6716a2df,Fe:1|N:3|Rb:1,joint,0,902995535,nitride,12,False,False,charge_compatible_A,no compatible A species,,Fe,N,False,False,False,False
cmr_bf604be7ac3009a8fed955cf6716a2df,Fe:1|N:3|Rb:1,joint,1,816950790,nitride,1,False,False,charge_compatible_A,no compatible A species,,Fe,N,False,False,False,False
cmr_bf604be7ac3009a8fed955cf6716a2df,Fe:1|N:3|Rb:1,joint,1,816950790,nitride,2,False,False,charge_compatible_A,no compatible A species,,Fe,N,False,False,False,False
cmr_bf604be7ac3009a8fed955cf6716a2df,Fe:1|N:3|Rb:1,joint,1,816950790,nitride,3,False,False,charge_compatible_A,no compatible A species,,Fe,N,False,False,False,False
cmr_bf604be7ac3009a8fed955cf6716a2df,Fe:1|N:3|Rb:1,joint,1,816950790,nitride,4,False,False,charge_compatible_A,no compatible A species,,Fe,N,False,False,False,False
cmr_bf604be7ac3009a8fed955cf6716a2df,Fe:1|N:3|Rb:1,joint,1,816950790,nitride,5,False,False,charge_compatible_A,no compatible A species,,Fe,N,False,False,False,False
cmr_bf604be7ac3009a8fed955cf6716a2df,Fe:1|N:3|Rb:1,joint,1,816950790,nitride,6,False,False,charge_compatible_A,no compatible A species,,Fe,N,False,False,False,False
cmr_bf604be7ac3009a8fed955cf6716a2df,Fe:1|N:3|Rb:1,joint,1,816950790,nitride,7,False,False,charge_compatible_A,no compatible A species,,Fe,N,False,False,False,False
cmr_bf604be7ac3009a8fed955cf6716a2df,Fe:1|N:3|Rb:1,joint,1,816950790,nitride,8,False,False,charge_compatible_A,no compatible A species,,Fe,N,False,False,False,False
cmr_bf604be7ac3009a8fed955cf6716a2df,Fe:1|N:3|Rb:1,joint,1,816950790,nitride,9,False,False,charge_compatible_A,no compatible A species,,Fe,N,False,False,False,False
cmr_bf604be7ac3009a8fed955cf6716a2df,Fe:1|N:3|Rb:1,joint,1,816950790,nitride,10,False,False,charge_compatible_A,no compatible A species,,Fe,N,False,False,False,False
cmr_bf604be7ac3009a8fed955cf6716a2df,Fe:1|N:3|Rb:1,joint,1,816950790,nitride,11,False,False,charge_compatible_A,no compatible A species,,Fe,N,False,False,False,False
cmr_bf604be7ac3009a8fed955cf6716a2df,Fe:1|N:3|Rb:1,joint,1,816950790,nitride,12,False,False,charge_compatible_A,no compatible A species,,Fe,N,False,False,False,False
cmr_bf604be7ac3009a8fed955cf6716a2df,Fe:1|N:3|Rb:1,joint,2,682041290,nitride,1,False,False,charge_compatible_A,no compatible A species,,Fe,N,False,False,False,False
cmr_bf604be7ac3009a8fed955cf6716a2df,Fe:1|N:3|Rb:1,joint,2,682041290,nitride,2,False,False,charge_compatible_A,no compatible A species,,Fe,N,False,False,False,False
cmr_bf604be7ac3009a8fed955cf6716a2df,Fe:1|N:3|Rb:1,joint,2,682041290,nitride,3,False,False,charge_compatible_A,no compatible A species,,Fe,N,False,False,False,False
cmr_bf604be7ac3009a8fed955cf6716a2df,Fe:1|N:3|Rb:1,joint,2,682041290,nitride,4,False,False,charge_compatible_A,no compatible A species,,Fe,N,False,False,False,False
cmr_bf604be7ac3009a8fed955cf6716a2df,Fe:1|N:3|Rb:1,joint,2,682041290,nitride,5,False,False,charge_compatible_A,no compatible A species,,Fe,N,False,False,False,False
cmr_bf604be7ac3009a8fed955cf6716a2df,Fe:1|N:3|Rb:1,joint,2,682041290,nitride,6,False,False,charge_compatible_A,no compatible A species,,Fe,N,False,False,False,False
cmr_bf604be7ac3009a8fed955cf6716a2df,Fe:1|N:3|Rb:1,joint,2,682041290,nitride,7,False,False,charge_compatible_A,no compatible A species,,Fe,N,False,False,False,False
cmr_bf604be7ac3009a8fed955cf6716a2df,Fe:1|N:3|Rb:1,joint,2,682041290,nitride,8,False,False,charge_compatible_A,no compatible A species,,Fe,N,False,False,False,False
cmr_bf604be7ac3009a8fed955cf6716a2df,Fe:1|N:3|Rb:1,joint,2,682041290,nitride,9,False,False,charge_compatible_A,no compatible A species,,Fe,N,False,False,False,False
cmr_bf604be7ac3009a8fed955cf6716a2df,Fe:1|N:3|Rb:1,joint,2,682041290,nitride,10,False,False,charge_compatible_A,no compatible A species,,Fe,N,False,False,False,False
cmr_bf604be7ac3009a8fed955cf6716a2df,Fe:1|N:3|Rb:1,joint,2,682041290,nitride,11,False,False,charge_compatible_A,no compatible A species,,Fe,N,False,False,False,False
cmr_bf604be7ac3009a8fed955cf6716a2df,Fe:1|N:3|Rb:1,joint,2,682041290,nitride,12,False,False,charge_compatible_A,no compatible A species,,Fe,N,False,False,False,False
cmr_bf604be7ac3009a8fed955cf6716a2df,Fe:1|N:3|Rb:1,fixed_real,0,902995535,nitride,1,False,False,charge_compatible_A,no compatible A species,,Cr,N,False,False,False,False
cmr_bf604be7ac3009a8fed955cf6716a2df,Fe:1|N:3|Rb:1,fixed_real,0,902995535,nitride,2,False,False,charge_compatible_A,no compatible A species,,Cr,N,False,False,False,False
cmr_bf604be7ac3009a8fed955cf6716a2df,Fe:1|N:3|Rb:1,fixed_real,0,902995535,nitride,3,False,False,charge_compatible_A,no compatible A species,,Cr,N,False,False,False,False
cmr_bf604be7ac3009a8fed955cf6716a2df,Fe:1|N:3|Rb:1,fixed_real,0,902995535,nitride,4,False,False,charge_compatible_A,no compatible A species,,Cr,N,False,False,False,False
cmr_bf604be7ac3009a8fed955cf6716a2df,Fe:1|N:3|Rb:1,fixed_real,0,902995535,nitride,5,False,False,charge_compatible_A,no compatible A species,,Cr,N,False,False,False,False
cmr_bf604be7ac3009a8fed955cf6716a2df,Fe:1|N:3|Rb:1,fixed_real,0,902995535,nitride,6,False,False,charge_compatible_A,no compatible A species,,Cr,N,False,False,False,False
cmr_bf604be7ac3009a8fed955cf6716a2df,Fe:1|N:3|Rb:1,fixed_real,0,902995535,nitride,7,False,False,charge_compatible_A,no compatible A species,,Cr,N,False,False,False,False
cmr_bf604be7ac3009a8fed955cf6716a2df,Fe:1|N:3|Rb:1,fixed_real,0,902995535,nitride,8,False,False,charge_compatible_A,no compatible A species,,Cr,N,False,False,False,False
cmr_bf604be7ac3009a8fed955cf6716a2df,Fe:1|N:3|Rb:1,fixed_real,0,902995535,nitride,9,False,False,charge_compatible_A,no compatible A species,,Cr,N,False,False,False,False
cmr_bf604be7ac3009a8fed955cf6716a2df,Fe:1|N:3|Rb:1,fixed_real,0,902995535,nitride,10,False,False,charge_compatible_A,no compatible A species,,Cr,N,False,False,False,False
cmr_bf604be7ac3009a8fed955cf6716a2df,Fe:1|N:3|Rb:1,fixed_real,0,902995535,nitride,11,False,False,charge_compatible_A,no compatible A species,,Cr,N,False,False,False,False
cmr_bf604be7ac3009a8fed955cf6716a2df,Fe:1|N:3|Rb:1,fixed_real,0,902995535,nitride,12,False,False,charge_compatible_A,no compatible A species,,Cr,N,False,False,False,False
cmr_bf604be7ac3009a8fed955cf6716a2df,Fe:1|N:3|Rb:1,fixed_real,1,816950790,nitride,1,False,False,charge_compatible_A,no compatible A species,,Zr,N,False,False,False,False
cmr_bf604be7ac3009a8fed955cf6716a2df,Fe:1|N:3|Rb:1,fixed_real,1,816950790,nitride,2,False,False,charge_compatible_A,no compatible A species,,Cr,N,False,False,False,False
cmr_bf604be7ac3009a8fed955cf6716a2df,Fe:1|N:3|Rb:1,fixed_real,1,816950790,nitride,3,False,False,charge_compatible_A,no compatible A species,,Cr,N,False,False,False,False
cmr_bf604be7ac3009a8fed955cf6716a2df,Fe:1|N:3|Rb:1,fixed_real,1,816950790,nitride,4,False,False,charge_compatible_A,no compatible A species,,Cr,N,False,False,False,False
cmr_bf604be7ac3009a8fed955cf6716a2df,Fe:1|N:3|Rb:1,fixed_real,1,816950790,nitride,5,False,False,charge_compatible_A,no compatible A species,,Cr,N,False,False,False,False
cmr_bf604be7ac3009a8fed955cf6716a2df,Fe:1|N:3|Rb:1,fixed_real,1,816950790,nitride,6,False,False,charge_compatible_A,no compatible A species,,Zr,N,False,False,False,False
cmr_bf604be7ac3009a8fed955cf6716a2df,Fe:1|N:3|Rb:1,fixed_real,1,816950790,nitride,7,False,False,charge_compatible_A,no compatible A species,,Cr,N,False,False,False,False
cmr_bf604be7ac3009a8fed955cf6716a2df,Fe:1|N:3|Rb:1,fixed_real,1,816950790,nitride,8,False,False,charge_compatible_A,no compatible A species,,Cr,N,False,False,False,False
cmr_bf604be7ac3009a8fed955cf6716a2df,Fe:1|N:3|Rb:1,fixed_real,1,816950790,nitride,9,False,False,charge_compatible_A,no compatible A species,,Cr,N,False,False,False,False
cmr_bf604be7ac3009a8fed955cf6716a2df,Fe:1|N:3|Rb:1,fixed_real,1,816950790,nitride,10,False,False,charge_compatible_A,no compatible A species,,Cr,N,False,False,False,False
cmr_bf604be7ac3009a8fed955cf6716a2df,Fe:1|N:3|Rb:1,fixed_real,1,816950790,nitride,11,False,False,charge_compatible_A,no compatible A species,,Cr,N,False,False,False,False
cmr_bf604be7ac3009a8fed955cf6716a2df,Fe:1|N:3|Rb:1,fixed_real,1,816950790,nitride,12,False,False,charge_compatible_A,no compatible A species,,Cr,N,False,False,False,False
cmr_bf604be7ac3009a8fed955cf6716a2df,Fe:1|N:3|Rb:1,fixed_real,2,682041290,nitride,1,False,False,charge_compatible_A,no compatible A species,,Cr,N,False,False,False,False
cmr_bf604be7ac3009a8fed955cf6716a2df,Fe:1|N:3|Rb:1,fixed_real,2,682041290,nitride,2,False,False,charge_compatible_A,no compatible A species,,Cr,N,False,False,False,False
cmr_bf604be7ac3009a8fed955cf6716a2df,Fe:1|N:3|Rb:1,fixed_real,2,682041290,nitride,3,False,False,charge_compatible_A,no compatible A species,,Cr,N,False,False,False,False
cmr_bf604be7ac3009a8fed955cf6716a2df,Fe:1|N:3|Rb:1,fixed_real,2,682041290,nitride,4,False,False,charge_compatible_A,no compatible A species,,Cr,N,False,False,False,False
cmr_bf604be7ac3009a8fed955cf6716a2df,Fe:1|N:3|Rb:1,fixed_real,2,682041290,nitride,5,False,False,charge_compatible_A,no compatible A species,,Cr,N,False,False,False,False
cmr_bf604be7ac3009a8fed955cf6716a2df,Fe:1|N:3|Rb:1,fixed_real,2,682041290,nitride,6,False,False,charge_compatible_A,no compatible A species,,Cr,N,False,False,False,False
cmr_bf604be7ac3009a8fed955cf6716a2df,Fe:1|N:3|Rb:1,fixed_real,2,682041290,nitride,7,False,False,charge_compatible_A,no compatible A species,,Cr,N,False,False,False,False
cmr_bf604be7ac3009a8fed955cf6716a2df,Fe:1|N:3|Rb:1,fixed_real,2,682041290,nitride,8,False,False,charge_compatible_A,no compatible A species,,Cr,N,False,False,False,False
cmr_bf604be7ac3009a8fed955cf6716a2df,Fe:1|N:3|Rb:1,fixed_real,2,682041290,nitride,9,False,False,charge_compatible_A,no compatible A species,,Cr,N,False,False,False,False
cmr_bf604be7ac3009a8fed955cf6716a2df,Fe:1|N:3|Rb:1,fixed_real,2,682041290,nitride,10,False,False,charge_compatible_A,no compatible A species,,Cr,N,False,False,False,False
cmr_bf604be7ac3009a8fed955cf6716a2df,Fe:1|N:3|Rb:1,fixed_real,2,682041290,nitride,11,False,False,charge_compatible_A,no compatible A species,,Cr,N,False,False,False,False
cmr_bf604be7ac3009a8fed955cf6716a2df,Fe:1|N:3|Rb:1,fixed_real,2,682041290,nitride,12,False,False,charge_compatible_A,no compatible A species,,Cr,N,False,False,False,False
cmr_bf604be7ac3009a8fed955cf6716a2df,Fe:1|N:3|Rb:1,property,0,902995535,nitride,1,True,False,tolerance/mu,"mu=1.23 outside [0.41,0.90]",La,Mo,N,False,False,False,False
cmr_bf604be7ac3009a8fed955cf6716a2df,Fe:1|N:3|Rb:1,property,0,902995535,nitride,2,False,False,charge_compatible_A,no compatible A species,,Ti,N,False,False,False,False
cmr_bf604be7ac3009a8fed955cf6716a2df,Fe:1|N:3|Rb:1,property,0,902995535,nitride,3,False,False,charge_compatible_A,no compatible A species,,Ni,N,False,False,False,False
cmr_bf604be7ac3009a8fed955cf6716a2df,Fe:1|N:3|Rb:1,property,0,902995535,nitride,4,True,False,tolerance/mu,"mu=1.22 outside [0.41,0.90]",La,W,N,False,False,False,False
cmr_bf604be7ac3009a8fed955cf6716a2df,Fe:1|N:3|Rb:1,property,0,902995535,nitride,5,False,False,charge_compatible_A,no compatible A species,,Zr,N,False,False,False,False
cmr_bf604be7ac3009a8fed955cf6716a2df,Fe:1|N:3|Rb:1,property,0,902995535,nitride,6,False,False,charge_compatible_A,no compatible A species,,Ni,N,False,False,False,False
cmr_bf604be7ac3009a8fed955cf6716a2df,Fe:1|N:3|Rb:1,property,0,902995535,nitride,7,False,False,charge_compatible_A,no compatible A species,,Ni,N,False,False,False,False
cmr_bf604be7ac3009a8fed955cf6716a2df,Fe:1|N:3|Rb:1,property,0,902995535,nitride,8,False,False,charge_compatible_A,no compatible A species,,Ni,N,False,False,False,False
cmr_bf604be7ac3009a8fed955cf6716a2df,Fe:1|N:3|Rb:1,property,0,902995535,nitride,9,False,False,charge_compatible_A,no compatible A species,,Ni,N,False,False,False,False
cmr_bf604be7ac3009a8fed955cf6716a2df,Fe:1|N:3|Rb:1,property,0,902995535,nitride,10,True,False,tolerance/mu,"mu=1.23 outside [0.41,0.90]",La,Mo,N,False,False,False,False
cmr_bf604be7ac3009a8fed955cf6716a2df,Fe:1|N:3|Rb:1,property,0,902995535,nitride,11,False,False,charge_compatible_A,no compatible A species,,Ti,N,False,False,False,False
cmr_bf604be7ac3009a8fed955cf6716a2df,Fe:1|N:3|Rb:1,property,0,902995535,nitride,12,False,False,charge_compatible_A,no compatible A species,,Cr,N,False,False,False,False
cmr_bf604be7ac3009a8fed955cf6716a2df,Fe:1|N:3|Rb:1,property,1,816950790,nitride,1,False,False,charge_compatible_A,no compatible A species,,Ta,N,False,False,False,False
cmr_bf604be7ac3009a8fed955cf6716a2df,Fe:1|N:3|Rb:1,property,1,816950790,nitride,2,False,False,charge_compatible_A,no compatible A species,,Fe,N,False,False,False,False
cmr_bf604be7ac3009a8fed955cf6716a2df,Fe:1|N:3|Rb:1,property,1,816950790,nitride,3,False,False,charge_compatible_A,no compatible A species,,Ni,N,False,False,False,False
cmr_bf604be7ac3009a8fed955cf6716a2df,Fe:1|N:3|Rb:1,property,1,816950790,nitride,4,False,False,charge_compatible_A,no compatible A species,,Zr,N,False,False,False,False
cmr_bf604be7ac3009a8fed955cf6716a2df,Fe:1|N:3|Rb:1,property,1,816950790,nitride,5,False,False,charge_compatible_A,no compatible A species,,Zr,N,False,False,False,False
cmr_bf604be7ac3009a8fed955cf6716a2df,Fe:1|N:3|Rb:1,property,1,816950790,nitride,6,False,False,charge_compatible_A,no compatible A species,,Nb,N,False,False,False,False
cmr_bf604be7ac3009a8fed955cf6716a2df,Fe:1|N:3|Rb:1,property,1,816950790,nitride,7,False,False,charge_compatible_A,no compatible A species,,Ni,N,False,False,False,False
cmr_bf604be7ac3009a8fed955cf6716a2df,Fe:1|N:3|Rb:1,property,1,816950790,nitride,8,False,False,charge_compatible_A,no compatible A species,,Ni,N,False,False,False,False
cmr_bf604be7ac3009a8fed955cf6716a2df,Fe:1|N:3|Rb:1,property,1,816950790,nitride,9,False,False,charge_compatible_A,no compatible A species,,Ni,N,False,False,False,False
cmr_bf604be7ac3009a8fed955cf6716a2df,Fe:1|N:3|Rb:1,property,1,816950790,nitride,10,False,False,charge_compatible_A,no compatible A species,,Mn,N,False,False,False,False
cmr_bf604be7ac3009a8fed955cf6716a2df,Fe:1|N:3|Rb:1,property,1,816950790,nitride,11,False,False,charge_compatible_A,no compatible A species,,Ni,N,False,False,False,False
cmr_bf604be7ac3009a8fed955cf6716a2df,Fe:1|N:3|Rb:1,property,1,816950790,nitride,12,False,False,charge_compatible_A,no compatible A species,,Co,N,False,False,False,False
cmr_bf604be7ac3009a8fed955cf6716a2df,Fe:1|N:3|Rb:1,property,2,682041290,nitride,1,False,False,charge_compatible_A,no compatible A species,,Mn,N,False,False,False,False
cmr_bf604be7ac3009a8fed955cf6716a2df,Fe:1|N:3|Rb:1,property,2,682041290,nitride,2,False,False,charge_compatible_A,no compatible A species,,Cr,N,False,False,False,False
cmr_bf604be7ac3009a8fed955cf6716a2df,Fe:1|N:3|Rb:1,property,2,682041290,nitride,3,True,False,tolerance/mu,"mu=1.23 outside [0.41,0.90]",La,Mo,N,False,False,False,False
cmr_bf604be7ac3009a8fed955cf6716a2df,Fe:1|N:3|Rb:1,property,2,682041290,nitride,4,False,False,charge_compatible_A,no compatible A species,,Ni,N,False,False,False,False
cmr_bf604be7ac3009a8fed955cf6716a2df,Fe:1|N:3|Rb:1,property,2,682041290,nitride,5,False,False,charge_compatible_A,no compatible A species,,Co,N,False,False,False,False
cmr_bf604be7ac3009a8fed955cf6716a2df,Fe:1|N:3|Rb:1,property,2,682041290,nitride,6,True,False,tolerance/mu,"mu=1.22 outside [0.41,0.90]",La,W,N,False,False,False,False
cmr_bf604be7ac3009a8fed955cf6716a2df,Fe:1|N:3|Rb:1,property,2,682041290,nitride,7,False,False,charge_compatible_A,no compatible A species,,Ti,N,False,False,False,False
cmr_bf604be7ac3009a8fed955cf6716a2df,Fe:1|N:3|Rb:1,property,2,682041290,nitride,8,True,False,tolerance/mu,"mu=1.23 outside [0.41,0.90]",La,Mo,N,False,False,False,False
cmr_bf604be7ac3009a8fed955cf6716a2df,Fe:1|N:3|Rb:1,property,2,682041290,nitride,9,False,False,charge_compatible_A,no compatible A species,,Co,N,False,False,False,False
cmr_bf604be7ac3009a8fed955cf6716a2df,Fe:1|N:3|Rb:1,property,2,682041290,nitride,10,False,False,charge_compatible_A,no compatible A species,,Co,N,False,False,False,False
cmr_bf604be7ac3009a8fed955cf6716a2df,Fe:1|N:3|Rb:1,property,2,682041290,nitride,11,False,False,charge_compatible_A,no compatible A species,,Hf,N,False,False,False,False
cmr_bf604be7ac3009a8fed955cf6716a2df,Fe:1|N:3|Rb:1,property,2,682041290,nitride,12,False,False,charge_compatible_A,no compatible A species,,Hf,N,False,False,False,False
cmr_dbcef27061099822569740c11818d051,Cs:1|O:3|Pb:1,joint,0,788741404,oxide,1,True,False,tolerance/mu,"t=0.71 outside [0.80,1.05]",Ca,Pb,O,False,False,False,False
cmr_dbcef27061099822569740c11818d051,Cs:1|O:3|Pb:1,joint,0,788741404,oxide,2,True,False,tolerance/mu,"t=0.71 outside [0.80,1.05]",Ca,Pb,O,False,False,False,False
cmr_dbcef27061099822569740c11818d051,Cs:1|O:3|Pb:1,joint,0,788741404,oxide,3,True,False,tolerance/mu,"t=0.71 outside [0.80,1.05]",Ca,Pb,O,False,False,False,False
cmr_dbcef27061099822569740c11818d051,Cs:1|O:3|Pb:1,joint,0,788741404,oxide,4,True,False,tolerance/mu,"t=0.78 outside [0.80,1.05]",La,In,O,False,False,False,False
cmr_dbcef27061099822569740c11818d051,Cs:1|O:3|Pb:1,joint,0,788741404,oxide,5,True,False,tolerance/mu,"t=0.78 outside [0.80,1.05]",La,In,O,False,False,False,False
cmr_dbcef27061099822569740c11818d051,Cs:1|O:3|Pb:1,joint,0,788741404,oxide,6,True,False,tolerance/mu,"t=0.78 outside [0.80,1.05]",La,In,O,False,False,False,False
cmr_dbcef27061099822569740c11818d051,Cs:1|O:3|Pb:1,joint,0,788741404,oxide,7,True,False,tolerance/mu,"t=0.78 outside [0.80,1.05]",La,In,O,False,False,False,False
cmr_dbcef27061099822569740c11818d051,Cs:1|O:3|Pb:1,joint,0,788741404,oxide,8,True,False,tolerance/mu,"t=0.78 outside [0.80,1.05]",La,In,O,False,False,False,False
cmr_dbcef27061099822569740c11818d051,Cs:1|O:3|Pb:1,joint,0,788741404,oxide,9,True,False,tolerance/mu,"t=0.78 outside [0.80,1.05]",La,In,O,False,False,False,False
cmr_dbcef27061099822569740c11818d051,Cs:1|O:3|Pb:1,joint,0,788741404,oxide,10,True,False,tolerance/mu,"t=0.71 outside [0.80,1.05]",Ca,Pb,O,False,False,False,False
cmr_dbcef27061099822569740c11818d051,Cs:1|O:3|Pb:1,joint,0,788741404,oxide,11,True,False,tolerance/mu,"t=0.78 outside [0.80,1.05]",La,In,O,False,False,False,False
cmr_dbcef27061099822569740c11818d051,Cs:1|O:3|Pb:1,joint,0,788741404,oxide,12,True,False,tolerance/mu,"t=0.78 outside [0.80,1.05]",La,In,O,False,False,False,False
cmr_dbcef27061099822569740c11818d051,Cs:1|O:3|Pb:1,joint,1,858619172,oxide,1,True,False,tolerance/mu,"t=0.78 outside [0.80,1.05]",La,In,O,False,False,False,False
cmr_dbcef27061099822569740c11818d051,Cs:1|O:3|Pb:1,joint,1,858619172,oxide,2,True,False,tolerance/mu,"t=0.78 outside [0.80,1.05]",La,In,O,False,False,False,False
cmr_dbcef27061099822569740c11818d051,Cs:1|O:3|Pb:1,joint,1,858619172,oxide,3,True,False,tolerance/mu,"t=0.71 outside [0.80,1.05]",Ca,Pb,O,False,False,False,False
cmr_dbcef27061099822569740c11818d051,Cs:1|O:3|Pb:1,joint,1,858619172,oxide,4,True,False,tolerance/mu,"t=0.78 outside [0.80,1.05]",La,In,O,False,False,False,False
cmr_dbcef27061099822569740c11818d051,Cs:1|O:3|Pb:1,joint,1,858619172,oxide,5,True,False,tolerance/mu,"t=0.78 outside [0.80,1.05]",La,In,O,False,False,False,False
cmr_dbcef27061099822569740c11818d051,Cs:1|O:3|Pb:1,joint,1,858619172,oxide,6,True,False,tolerance/mu,"t=0.71 outside [0.80,1.05]",Ca,Pb,O,False,False,False,False
cmr_dbcef27061099822569740c11818d051,Cs:1|O:3|Pb:1,joint,1,858619172,oxide,7,True,False,tolerance/mu,"t=0.71 outside [0.80,1.05]",Ca,Pb,O,False,False,False,False
cmr_dbcef27061099822569740c11818d051,Cs:1|O:3|Pb:1,joint,1,858619172,oxide,8,True,False,tolerance/mu,"t=0.71 outside [0.80,1.05]",Ca,Pb,O,False,False,False,False
cmr_dbcef27061099822569740c11818d051,Cs:1|O:3|Pb:1,joint,1,858619172,oxide,9,True,False,tolerance/mu,"t=0.71 outside [0.80,1.05]",Ca,Pb,O,False,False,False,False
cmr_dbcef27061099822569740c11818d051,Cs:1|O:3|Pb:1,joint,1,858619172,oxide,10,True,False,tolerance/mu,"t=0.78 outside [0.80,1.05]",La,In,O,False,False,False,False
cmr_dbcef27061099822569740c11818d051,Cs:1|O:3|Pb:1,joint,1,858619172,oxide,11,True,False,tolerance/mu,"t=0.77 outside [0.80,1.05]",Sr,Pb,O,False,False,False,False
cmr_dbcef27061099822569740c11818d051,Cs:1|O:3|Pb:1,joint,1,858619172,oxide,12,True,False,tolerance/mu,"t=0.71 outside [0.80,1.05]",Ca,Pb,O,False,False,False,False
cmr_dbcef27061099822569740c11818d051,Cs:1|O:3|Pb:1,joint,2,25749433,oxide,1,True,False,tolerance/mu,"t=0.77 outside [0.80,1.05]",Sr,Pb,O,False,False,False,False
cmr_dbcef27061099822569740c11818d051,Cs:1|O:3|Pb:1,joint,2,25749433,oxide,2,True,False,tolerance/mu,"t=0.78 outside [0.80,1.05]",La,In,O,False,False,False,False
cmr_dbcef27061099822569740c11818d051,Cs:1|O:3|Pb:1,joint,2,25749433,oxide,3,True,False,tolerance/mu,"t=0.71 outside [0.80,1.05]",Ca,Pb,O,False,False,False,False
cmr_dbcef27061099822569740c11818d051,Cs:1|O:3|Pb:1,joint,2,25749433,oxide,4,True,False,tolerance/mu,"t=0.78 outside [0.80,1.05]",La,In,O,False,False,False,False
cmr_dbcef27061099822569740c11818d051,Cs:1|O:3|Pb:1,joint,2,25749433,oxide,5,True,False,tolerance/mu,"t=0.78 outside [0.80,1.05]",La,In,O,False,False,False,False
cmr_dbcef27061099822569740c11818d051,Cs:1|O:3|Pb:1,joint,2,25749433,oxide,6,True,False,tolerance/mu,"t=0.78 outside [0.80,1.05]",La,In,O,False,False,False,False
cmr_dbcef27061099822569740c11818d051,Cs:1|O:3|Pb:1,joint,2,25749433,oxide,7,True,False,tolerance/mu,"t=0.71 outside [0.80,1.05]",Ca,Pb,O,False,False,False,False
cmr_dbcef27061099822569740c11818d051,Cs:1|O:3|Pb:1,joint,2,25749433,oxide,8,True,False,tolerance/mu,"t=0.71 outside [0.80,1.05]",Ca,Pb,O,False,False,False,False
cmr_dbcef27061099822569740c11818d051,Cs:1|O:3|Pb:1,joint,2,25749433,oxide,9,True,False,tolerance/mu,"t=0.71 outside [0.80,1.05]",Ca,Pb,O,False,False,False,False
cmr_dbcef27061099822569740c11818d051,Cs:1|O:3|Pb:1,joint,2,25749433,oxide,10,True,False,tolerance/mu,"t=0.71 outside [0.80,1.05]",Ca,Pb,O,False,False,False,False
cmr_dbcef27061099822569740c11818d051,Cs:1|O:3|Pb:1,joint,2,25749433,oxide,11,True,False,tolerance/mu,"t=0.78 outside [0.80,1.05]",La,In,O,False,False,False,False
cmr_dbcef27061099822569740c11818d051,Cs:1|O:3|Pb:1,joint,2,25749433,oxide,12,True,False,tolerance/mu,"t=0.78 outside [0.80,1.05]",La,In,O,False,False,False,False
cmr_dbcef27061099822569740c11818d051,Cs:1|O:3|Pb:1,fixed_real,0,788741404,oxide,1,True,False,tolerance/mu,"t=0.78 outside [0.80,1.05]",La,Cr,O,False,False,False,False
cmr_dbcef27061099822569740c11818d051,Cs:1|O:3|Pb:1,fixed_real,0,788741404,oxide,2,True,False,tolerance/mu,"t=0.78 outside [0.80,1.05]",La,Cr,O,False,False,False,False
cmr_dbcef27061099822569740c11818d051,Cs:1|O:3|Pb:1,fixed_real,0,788741404,oxide,3,True,False,tolerance/mu,"t=0.78 outside [0.80,1.05]",La,Cr,O,False,False,False,False
cmr_dbcef27061099822569740c11818d051,Cs:1|O:3|Pb:1,fixed_real,0,788741404,oxide,4,True,False,tolerance/mu,"t=0.78 outside [0.80,1.05]",La,Cr,O,False,False,False,False
cmr_dbcef27061099822569740c11818d051,Cs:1|O:3|Pb:1,fixed_real,0,788741404,oxide,5,True,False,tolerance/mu,"t=0.78 outside [0.80,1.05]",La,Cr,O,False,False,False,False
cmr_dbcef27061099822569740c11818d051,Cs:1|O:3|Pb:1,fixed_real,0,788741404,oxide,6,True,False,tolerance/mu,"t=0.78 outside [0.80,1.05]",La,Cr,O,False,False,False,False
cmr_dbcef27061099822569740c11818d051,Cs:1|O:3|Pb:1,fixed_real,0,788741404,oxide,7,True,False,tolerance/mu,"t=0.78 outside [0.80,1.05]",La,Cr,O,False,False,False,False
cmr_dbcef27061099822569740c11818d051,Cs:1|O:3|Pb:1,fixed_real,0,788741404,oxide,8,True,False,tolerance/mu,"t=0.78 outside [0.80,1.05]",La,Cr,O,False,False,False,False
cmr_dbcef27061099822569740c11818d051,Cs:1|O:3|Pb:1,fixed_real,0,788741404,oxide,9,True,True,,,Ca,Zr,O,False,False,False,False
cmr_dbcef27061099822569740c11818d051,Cs:1|O:3|Pb:1,fixed_real,1,858619172,oxide,1,True,False,tolerance/mu,"t=0.78 outside [0.80,1.05]",La,Cr,O,False,False,False,False
cmr_dbcef27061099822569740c11818d051,Cs:1|O:3|Pb:1,fixed_real,1,858619172,oxide,2,True,True,,,Ca,Zr,O,False,False,False,False
cmr_dbcef27061099822569740c11818d051,Cs:1|O:3|Pb:1,fixed_real,2,25749433,oxide,1,True,False,tolerance/mu,"t=0.78 outside [0.80,1.05]",La,Cr,O,False,False,False,False
cmr_dbcef27061099822569740c11818d051,Cs:1|O:3|Pb:1,fixed_real,2,25749433,oxide,2,True,False,tolerance/mu,"t=0.78 outside [0.80,1.05]",La,Cr,O,False,False,False,False
cmr_dbcef27061099822569740c11818d051,Cs:1|O:3|Pb:1,fixed_real,2,25749433,oxide,3,True,False,tolerance/mu,"t=0.78 outside [0.80,1.05]",La,Cr,O,False,False,False,False
cmr_dbcef27061099822569740c11818d051,Cs:1|O:3|Pb:1,fixed_real,2,25749433,oxide,4,True,True,,,Sr,Zr,O,False,False,False,False
cmr_dbcef27061099822569740c11818d051,Cs:1|O:3|Pb:1,property,0,788741404,oxide,1,False,False,charge_compatible_A,no compatible A species,,Mo,O,False,False,False,False
cmr_dbcef27061099822569740c11818d051,Cs:1|O:3|Pb:1,property,0,788741404,oxide,2,True,False,tolerance/mu,"t=0.78 outside [0.80,1.05]",La,Cr,O,False,False,False,False
cmr_dbcef27061099822569740c11818d051,Cs:1|O:3|Pb:1,property,0,788741404,oxide,3,False,False,charge_compatible_A,no compatible A species,,W,O,False,False,False,False
cmr_dbcef27061099822569740c11818d051,Cs:1|O:3|Pb:1,property,0,788741404,oxide,4,True,True,,,La,Co,O,False,False,False,False
cmr_dbcef27061099822569740c11818d051,Cs:1|O:3|Pb:1,property,1,858619172,oxide,1,True,True,,,La,Al,O,False,False,False,False
cmr_dbcef27061099822569740c11818d051,Cs:1|O:3|Pb:1,property,2,25749433,oxide,1,False,False,charge_compatible_A,no compatible A species,,Mo,O,False,False,False,False
cmr_dbcef27061099822569740c11818d051,Cs:1|O:3|Pb:1,property,2,25749433,oxide,2,True,True,,,Sr,V,O,False,False,False,False
cmr_e8bb6f6ece3b11691f6fbdf699fa676a,Ca:1|Co:1|N:3,joint,0,1625558961,nitride,1,False,False,charge_compatible_A,no compatible A species,,Co,N,False,False,False,False
cmr_e8bb6f6ece3b11691f6fbdf699fa676a,Ca:1|Co:1|N:3,joint,0,1625558961,nitride,2,False,False,charge_compatible_A,no compatible A species,,Co,N,False,False,False,False
cmr_e8bb6f6ece3b11691f6fbdf699fa676a,Ca:1|Co:1|N:3,joint,0,1625558961,nitride,3,False,False,charge_compatible_A,no compatible A species,,Co,N,False,False,False,False
cmr_e8bb6f6ece3b11691f6fbdf699fa676a,Ca:1|Co:1|N:3,joint,0,1625558961,nitride,4,False,False,charge_compatible_A,no compatible A species,,Co,N,False,False,False,False
cmr_e8bb6f6ece3b11691f6fbdf699fa676a,Ca:1|Co:1|N:3,joint,0,1625558961,nitride,5,False,False,charge_compatible_A,no compatible A species,,Co,N,False,False,False,False
cmr_e8bb6f6ece3b11691f6fbdf699fa676a,Ca:1|Co:1|N:3,joint,0,1625558961,nitride,6,False,False,charge_compatible_A,no compatible A species,,Co,N,False,False,False,False
cmr_e8bb6f6ece3b11691f6fbdf699fa676a,Ca:1|Co:1|N:3,joint,0,1625558961,nitride,7,False,False,charge_compatible_A,no compatible A species,,Co,N,False,False,False,False
cmr_e8bb6f6ece3b11691f6fbdf699fa676a,Ca:1|Co:1|N:3,joint,0,1625558961,nitride,8,False,False,charge_compatible_A,no compatible A species,,Co,N,False,False,False,False
cmr_e8bb6f6ece3b11691f6fbdf699fa676a,Ca:1|Co:1|N:3,joint,0,1625558961,nitride,9,False,False,charge_compatible_A,no compatible A species,,Co,N,False,False,False,False
cmr_e8bb6f6ece3b11691f6fbdf699fa676a,Ca:1|Co:1|N:3,joint,0,1625558961,nitride,10,False,False,charge_compatible_A,no compatible A species,,Co,N,False,False,False,False
cmr_e8bb6f6ece3b11691f6fbdf699fa676a,Ca:1|Co:1|N:3,joint,0,1625558961,nitride,11,False,False,charge_compatible_A,no compatible A species,,Co,N,False,False,False,False
cmr_e8bb6f6ece3b11691f6fbdf699fa676a,Ca:1|Co:1|N:3,joint,0,1625558961,nitride,12,False,False,charge_compatible_A,no compatible A species,,Co,N,False,False,False,False
cmr_e8bb6f6ece3b11691f6fbdf699fa676a,Ca:1|Co:1|N:3,joint,1,1911842536,nitride,1,False,False,charge_compatible_A,no compatible A species,,Co,N,False,False,False,False
cmr_e8bb6f6ece3b11691f6fbdf699fa676a,Ca:1|Co:1|N:3,joint,1,1911842536,nitride,2,False,False,charge_compatible_A,no compatible A species,,Ni,N,False,False,False,False
cmr_e8bb6f6ece3b11691f6fbdf699fa676a,Ca:1|Co:1|N:3,joint,1,1911842536,nitride,3,False,False,charge_compatible_A,no compatible A species,,Co,N,False,False,False,False
cmr_e8bb6f6ece3b11691f6fbdf699fa676a,Ca:1|Co:1|N:3,joint,1,1911842536,nitride,4,False,False,charge_compatible_A,no compatible A species,,Co,N,False,False,False,False
cmr_e8bb6f6ece3b11691f6fbdf699fa676a,Ca:1|Co:1|N:3,joint,1,1911842536,nitride,5,False,False,charge_compatible_A,no compatible A species,,Co,N,False,False,False,False
cmr_e8bb6f6ece3b11691f6fbdf699fa676a,Ca:1|Co:1|N:3,joint,1,1911842536,nitride,6,False,False,charge_compatible_A,no compatible A species,,Co,N,False,False,False,False
cmr_e8bb6f6ece3b11691f6fbdf699fa676a,Ca:1|Co:1|N:3,joint,1,1911842536,nitride,7,False,False,charge_compatible_A,no compatible A species,,Co,N,False,False,False,False
cmr_e8bb6f6ece3b11691f6fbdf699fa676a,Ca:1|Co:1|N:3,joint,1,1911842536,nitride,8,False,False,charge_compatible_A,no compatible A species,,Co,N,False,False,False,False
cmr_e8bb6f6ece3b11691f6fbdf699fa676a,Ca:1|Co:1|N:3,joint,1,1911842536,nitride,9,False,False,charge_compatible_A,no compatible A species,,Co,N,False,False,False,False
cmr_e8bb6f6ece3b11691f6fbdf699fa676a,Ca:1|Co:1|N:3,joint,1,1911842536,nitride,10,False,False,charge_compatible_A,no compatible A species,,Co,N,False,False,False,False
cmr_e8bb6f6ece3b11691f6fbdf699fa676a,Ca:1|Co:1|N:3,joint,1,1911842536,nitride,11,False,False,charge_compatible_A,no compatible A species,,Co,N,False,False,False,False
cmr_e8bb6f6ece3b11691f6fbdf699fa676a,Ca:1|Co:1|N:3,joint,1,1911842536,nitride,12,False,False,charge_compatible_A,no compatible A species,,Co,N,False,False,False,False
cmr_e8bb6f6ece3b11691f6fbdf699fa676a,Ca:1|Co:1|N:3,joint,2,1388362105,nitride,1,False,False,charge_compatible_A,no compatible A species,,Co,N,False,False,False,False
cmr_e8bb6f6ece3b11691f6fbdf699fa676a,Ca:1|Co:1|N:3,joint,2,1388362105,nitride,2,False,False,charge_compatible_A,no compatible A species,,Co,N,False,False,False,False
cmr_e8bb6f6ece3b11691f6fbdf699fa676a,Ca:1|Co:1|N:3,joint,2,1388362105,nitride,3,False,False,charge_compatible_A,no compatible A species,,Co,N,False,False,False,False
cmr_e8bb6f6ece3b11691f6fbdf699fa676a,Ca:1|Co:1|N:3,joint,2,1388362105,nitride,4,False,False,charge_compatible_A,no compatible A species,,Co,N,False,False,False,False
cmr_e8bb6f6ece3b11691f6fbdf699fa676a,Ca:1|Co:1|N:3,joint,2,1388362105,nitride,5,False,False,charge_compatible_A,no compatible A species,,Co,N,False,False,False,False
cmr_e8bb6f6ece3b11691f6fbdf699fa676a,Ca:1|Co:1|N:3,joint,2,1388362105,nitride,6,False,False,charge_compatible_A,no compatible A species,,Co,N,False,False,False,False
cmr_e8bb6f6ece3b11691f6fbdf699fa676a,Ca:1|Co:1|N:3,joint,2,1388362105,nitride,7,False,False,charge_compatible_A,no compatible A species,,Ni,N,False,False,False,False
cmr_e8bb6f6ece3b11691f6fbdf699fa676a,Ca:1|Co:1|N:3,joint,2,1388362105,nitride,8,False,False,charge_compatible_A,no compatible A species,,Co,N,False,False,False,False
cmr_e8bb6f6ece3b11691f6fbdf699fa676a,Ca:1|Co:1|N:3,joint,2,1388362105,nitride,9,False,False,charge_compatible_A,no compatible A species,,Co,N,False,False,False,False
cmr_e8bb6f6ece3b11691f6fbdf699fa676a,Ca:1|Co:1|N:3,joint,2,1388362105,nitride,10,False,False,charge_compatible_A,no compatible A species,,Co,N,False,False,False,False
cmr_e8bb6f6ece3b11691f6fbdf699fa676a,Ca:1|Co:1|N:3,joint,2,1388362105,nitride,11,False,False,charge_compatible_A,no compatible A species,,Co,N,False,False,False,False
cmr_e8bb6f6ece3b11691f6fbdf699fa676a,Ca:1|Co:1|N:3,joint,2,1388362105,nitride,12,False,False,charge_compatible_A,no compatible A species,,Co,N,False,False,False,False
cmr_e8bb6f6ece3b11691f6fbdf699fa676a,Ca:1|Co:1|N:3,fixed_real,0,1625558961,nitride,1,False,False,charge_compatible_A,no compatible A species,,Cr,N,False,False,False,False
cmr_e8bb6f6ece3b11691f6fbdf699fa676a,Ca:1|Co:1|N:3,fixed_real,0,1625558961,nitride,2,False,False,charge_compatible_A,no compatible A species,,Cr,N,False,False,False,False
cmr_e8bb6f6ece3b11691f6fbdf699fa676a,Ca:1|Co:1|N:3,fixed_real,0,1625558961,nitride,3,False,False,charge_compatible_A,no compatible A species,,Cr,N,False,False,False,False
cmr_e8bb6f6ece3b11691f6fbdf699fa676a,Ca:1|Co:1|N:3,fixed_real,0,1625558961,nitride,4,False,False,charge_compatible_A,no compatible A species,,Cr,N,False,False,False,False
cmr_e8bb6f6ece3b11691f6fbdf699fa676a,Ca:1|Co:1|N:3,fixed_real,0,1625558961,nitride,5,False,False,charge_compatible_A,no compatible A species,,Cr,N,False,False,False,False
cmr_e8bb6f6ece3b11691f6fbdf699fa676a,Ca:1|Co:1|N:3,fixed_real,0,1625558961,nitride,6,False,False,charge_compatible_A,no compatible A species,,Cr,N,False,False,False,False
cmr_e8bb6f6ece3b11691f6fbdf699fa676a,Ca:1|Co:1|N:3,fixed_real,0,1625558961,nitride,7,False,False,charge_compatible_A,no compatible A species,,Cr,N,False,False,False,False
cmr_e8bb6f6ece3b11691f6fbdf699fa676a,Ca:1|Co:1|N:3,fixed_real,0,1625558961,nitride,8,False,False,charge_compatible_A,no compatible A species,,Cr,N,False,False,False,False
cmr_e8bb6f6ece3b11691f6fbdf699fa676a,Ca:1|Co:1|N:3,fixed_real,0,1625558961,nitride,9,False,False,charge_compatible_A,no compatible A species,,Cr,N,False,False,False,False
cmr_e8bb6f6ece3b11691f6fbdf699fa676a,Ca:1|Co:1|N:3,fixed_real,0,1625558961,nitride,10,False,False,charge_compatible_A,no compatible A species,,Zr,N,False,False,False,False
cmr_e8bb6f6ece3b11691f6fbdf699fa676a,Ca:1|Co:1|N:3,fixed_real,0,1625558961,nitride,11,False,False,charge_compatible_A,no compatible A species,,Cr,N,False,False,False,False
cmr_e8bb6f6ece3b11691f6fbdf699fa676a,Ca:1|Co:1|N:3,fixed_real,0,1625558961,nitride,12,False,False,charge_compatible_A,no compatible A species,,Cr,N,False,False,False,False
cmr_e8bb6f6ece3b11691f6fbdf699fa676a,Ca:1|Co:1|N:3,fixed_real,1,1911842536,nitride,1,False,False,charge_compatible_A,no compatible A species,,Cr,N,False,False,False,False
cmr_e8bb6f6ece3b11691f6fbdf699fa676a,Ca:1|Co:1|N:3,fixed_real,1,1911842536,nitride,2,False,False,charge_compatible_A,no compatible A species,,Fe,N,False,False,False,False
cmr_e8bb6f6ece3b11691f6fbdf699fa676a,Ca:1|Co:1|N:3,fixed_real,1,1911842536,nitride,3,False,False,charge_compatible_A,no compatible A species,,Cr,N,False,False,False,False
cmr_e8bb6f6ece3b11691f6fbdf699fa676a,Ca:1|Co:1|N:3,fixed_real,1,1911842536,nitride,4,False,False,charge_compatible_A,no compatible A species,,Cr,N,False,False,False,False
cmr_e8bb6f6ece3b11691f6fbdf699fa676a,Ca:1|Co:1|N:3,fixed_real,1,1911842536,nitride,5,False,False,charge_compatible_A,no compatible A species,,Cr,N,False,False,False,False
cmr_e8bb6f6ece3b11691f6fbdf699fa676a,Ca:1|Co:1|N:3,fixed_real,1,1911842536,nitride,6,False,False,charge_compatible_A,no compatible A species,,Cr,N,False,False,False,False
cmr_e8bb6f6ece3b11691f6fbdf699fa676a,Ca:1|Co:1|N:3,fixed_real,1,1911842536,nitride,7,False,False,charge_compatible_A,no compatible A species,,Cr,N,False,False,False,False
cmr_e8bb6f6ece3b11691f6fbdf699fa676a,Ca:1|Co:1|N:3,fixed_real,1,1911842536,nitride,8,False,False,charge_compatible_A,no compatible A species,,Cr,N,False,False,False,False
cmr_e8bb6f6ece3b11691f6fbdf699fa676a,Ca:1|Co:1|N:3,fixed_real,1,1911842536,nitride,9,False,False,charge_compatible_A,no compatible A species,,Cr,N,False,False,False,False
cmr_e8bb6f6ece3b11691f6fbdf699fa676a,Ca:1|Co:1|N:3,fixed_real,1,1911842536,nitride,10,False,False,charge_compatible_A,no compatible A species,,Cr,N,False,False,False,False
cmr_e8bb6f6ece3b11691f6fbdf699fa676a,Ca:1|Co:1|N:3,fixed_real,1,1911842536,nitride,11,False,False,charge_compatible_A,no compatible A species,,Cr,N,False,False,False,False
cmr_e8bb6f6ece3b11691f6fbdf699fa676a,Ca:1|Co:1|N:3,fixed_real,1,1911842536,nitride,12,False,False,charge_compatible_A,no compatible A species,,Cr,N,False,False,False,False
cmr_e8bb6f6ece3b11691f6fbdf699fa676a,Ca:1|Co:1|N:3,fixed_real,2,1388362105,nitride,1,False,False,charge_compatible_A,no compatible A species,,Cr,N,False,False,False,False
cmr_e8bb6f6ece3b11691f6fbdf699fa676a,Ca:1|Co:1|N:3,fixed_real,2,1388362105,nitride,2,False,False,charge_compatible_A,no compatible A species,,Cr,N,False,False,False,False
cmr_e8bb6f6ece3b11691f6fbdf699fa676a,Ca:1|Co:1|N:3,fixed_real,2,1388362105,nitride,3,False,False,charge_compatible_A,no compatible A species,,Cr,N,False,False,False,False
cmr_e8bb6f6ece3b11691f6fbdf699fa676a,Ca:1|Co:1|N:3,fixed_real,2,1388362105,nitride,4,False,False,charge_compatible_A,no compatible A species,,Cr,N,False,False,False,False
cmr_e8bb6f6ece3b11691f6fbdf699fa676a,Ca:1|Co:1|N:3,fixed_real,2,1388362105,nitride,5,False,False,charge_compatible_A,no compatible A species,,Cr,N,False,False,False,False
cmr_e8bb6f6ece3b11691f6fbdf699fa676a,Ca:1|Co:1|N:3,fixed_real,2,1388362105,nitride,6,False,False,charge_compatible_A,no compatible A species,,Cr,N,False,False,False,False
cmr_e8bb6f6ece3b11691f6fbdf699fa676a,Ca:1|Co:1|N:3,fixed_real,2,1388362105,nitride,7,False,False,charge_compatible_A,no compatible A species,,Zr,N,False,False,False,False
cmr_e8bb6f6ece3b11691f6fbdf699fa676a,Ca:1|Co:1|N:3,fixed_real,2,1388362105,nitride,8,False,False,charge_compatible_A,no compatible A species,,Cr,N,False,False,False,False
cmr_e8bb6f6ece3b11691f6fbdf699fa676a,Ca:1|Co:1|N:3,fixed_real,2,1388362105,nitride,9,False,False,charge_compatible_A,no compatible A species,,Cr,N,False,False,False,False
cmr_e8bb6f6ece3b11691f6fbdf699fa676a,Ca:1|Co:1|N:3,fixed_real,2,1388362105,nitride,10,False,False,charge_compatible_A,no compatible A species,,Cr,N,False,False,False,False
cmr_e8bb6f6ece3b11691f6fbdf699fa676a,Ca:1|Co:1|N:3,fixed_real,2,1388362105,nitride,11,False,False,charge_compatible_A,no compatible A species,,Cr,N,False,False,False,False
cmr_e8bb6f6ece3b11691f6fbdf699fa676a,Ca:1|Co:1|N:3,fixed_real,2,1388362105,nitride,12,False,False,charge_compatible_A,no compatible A species,,Zr,N,False,False,False,False
cmr_e8bb6f6ece3b11691f6fbdf699fa676a,Ca:1|Co:1|N:3,property,0,1625558961,nitride,1,False,False,charge_compatible_A,no compatible A species,,Co,N,False,False,False,False
cmr_e8bb6f6ece3b11691f6fbdf699fa676a,Ca:1|Co:1|N:3,property,0,1625558961,nitride,2,False,False,charge_compatible_A,no compatible A species,,Mn,N,False,False,False,False
cmr_e8bb6f6ece3b11691f6fbdf699fa676a,Ca:1|Co:1|N:3,property,0,1625558961,nitride,3,False,False,charge_compatible_A,no compatible A species,,Hf,N,False,False,False,False
cmr_e8bb6f6ece3b11691f6fbdf699fa676a,Ca:1|Co:1|N:3,property,0,1625558961,nitride,4,False,False,charge_compatible_A,no compatible A species,,Ti,N,False,False,False,False
cmr_e8bb6f6ece3b11691f6fbdf699fa676a,Ca:1|Co:1|N:3,property,0,1625558961,nitride,5,False,False,charge_compatible_A,no compatible A species,,Co,N,False,False,False,False
cmr_e8bb6f6ece3b11691f6fbdf699fa676a,Ca:1|Co:1|N:3,property,0,1625558961,nitride,6,False,False,charge_compatible_A,no compatible A species,,Nb,N,False,False,False,False
cmr_e8bb6f6ece3b11691f6fbdf699fa676a,Ca:1|Co:1|N:3,property,0,1625558961,nitride,7,True,False,tolerance/mu,"mu=1.22 outside [0.41,0.90]",La,W,N,False,False,False,False
cmr_e8bb6f6ece3b11691f6fbdf699fa676a,Ca:1|Co:1|N:3,property,0,1625558961,nitride,8,False,False,charge_compatible_A,no compatible A species,,Hf,N,False,False,False,False
cmr_e8bb6f6ece3b11691f6fbdf699fa676a,Ca:1|Co:1|N:3,property,0,1625558961,nitride,9,False,False,charge_compatible_A,no compatible A species,,Ni,N,False,False,False,False
cmr_e8bb6f6ece3b11691f6fbdf699fa676a,Ca:1|Co:1|N:3,property,0,1625558961,nitride,10,True,False,tolerance/mu,"mu=1.23 outside [0.41,0.90]",La,Mo,N,False,False,False,False
cmr_e8bb6f6ece3b11691f6fbdf699fa676a,Ca:1|Co:1|N:3,property,0,1625558961,nitride,11,False,False,charge_compatible_A,no compatible A species,,Fe,N,False,False,False,False
cmr_e8bb6f6ece3b11691f6fbdf699fa676a,Ca:1|Co:1|N:3,property,0,1625558961,nitride,12,False,False,charge_compatible_A,no compatible A species,,Fe,N,False,False,False,False
cmr_e8bb6f6ece3b11691f6fbdf699fa676a,Ca:1|Co:1|N:3,property,1,1911842536,nitride,1,False,False,charge_compatible_A,no compatible A species,,Co,N,False,False,False,False
cmr_e8bb6f6ece3b11691f6fbdf699fa676a,Ca:1|Co:1|N:3,property,1,1911842536,nitride,2,False,False,charge_compatible_A,no compatible A species,,Zr,N,False,False,False,False
cmr_e8bb6f6ece3b11691f6fbdf699fa676a,Ca:1|Co:1|N:3,property,1,1911842536,nitride,3,False,False,charge_compatible_A,no compatible A species,,Ni,N,False,False,False,False
cmr_e8bb6f6ece3b11691f6fbdf699fa676a,Ca:1|Co:1|N:3,property,1,1911842536,nitride,4,False,False,charge_compatible_A,no compatible A species,,Mn,N,False,False,False,False
cmr_e8bb6f6ece3b11691f6fbdf699fa676a,Ca:1|Co:1|N:3,property,1,1911842536,nitride,5,False,False,charge_compatible_A,no compatible A species,,Ti,N,False,False,False,False
cmr_e8bb6f6ece3b11691f6fbdf699fa676a,Ca:1|Co:1|N:3,property,1,1911842536,nitride,6,False,False,charge_compatible_A,no compatible A species,,Ti,N,False,False,False,False
cmr_e8bb6f6ece3b11691f6fbdf699fa676a,Ca:1|Co:1|N:3,property,1,1911842536,nitride,7,False,False,charge_compatible_A,no compatible A species,,Fe,N,False,False,False,False
cmr_e8bb6f6ece3b11691f6fbdf699fa676a,Ca:1|Co:1|N:3,property,1,1911842536,nitride,8,False,False,charge_compatible_A,no compatible A species,,Nb,N,False,False,False,False
cmr_e8bb6f6ece3b11691f6fbdf699fa676a,Ca:1|Co:1|N:3,property,1,1911842536,nitride,9,False,False,charge_compatible_A,no compatible A species,,Ti,N,False,False,False,False
cmr_e8bb6f6ece3b11691f6fbdf699fa676a,Ca:1|Co:1|N:3,property,1,1911842536,nitride,10,False,False,charge_compatible_A,no compatible A species,,Ni,N,False,False,False,False
cmr_e8bb6f6ece3b11691f6fbdf699fa676a,Ca:1|Co:1|N:3,property,1,1911842536,nitride,11,False,False,charge_compatible_A,no compatible A species,,Ni,N,False,False,False,False
cmr_e8bb6f6ece3b11691f6fbdf699fa676a,Ca:1|Co:1|N:3,property,1,1911842536,nitride,12,False,False,charge_compatible_A,no compatible A species,,Co,N,False,False,False,False
cmr_e8bb6f6ece3b11691f6fbdf699fa676a,Ca:1|Co:1|N:3,property,2,1388362105,nitride,1,False,False,charge_compatible_A,no compatible A species,,Ni,N,False,False,False,False
cmr_e8bb6f6ece3b11691f6fbdf699fa676a,Ca:1|Co:1|N:3,property,2,1388362105,nitride,2,False,False,charge_compatible_A,no compatible A species,,Fe,N,False,False,False,False
cmr_e8bb6f6ece3b11691f6fbdf699fa676a,Ca:1|Co:1|N:3,property,2,1388362105,nitride,3,True,False,tolerance/mu,"mu=1.22 outside [0.41,0.90]",La,W,N,False,False,False,False
cmr_e8bb6f6ece3b11691f6fbdf699fa676a,Ca:1|Co:1|N:3,property,2,1388362105,nitride,4,False,False,charge_compatible_A,no compatible A species,,Fe,N,False,False,False,False
cmr_e8bb6f6ece3b11691f6fbdf699fa676a,Ca:1|Co:1|N:3,property,2,1388362105,nitride,5,True,False,tolerance/mu,"mu=1.23 outside [0.41,0.90]",La,Mo,N,False,False,False,False
cmr_e8bb6f6ece3b11691f6fbdf699fa676a,Ca:1|Co:1|N:3,property,2,1388362105,nitride,6,False,False,charge_compatible_A,no compatible A species,,Zr,N,False,False,False,False
cmr_e8bb6f6ece3b11691f6fbdf699fa676a,Ca:1|Co:1|N:3,property,2,1388362105,nitride,7,False,False,charge_compatible_A,no compatible A species,,Co,N,False,False,False,False
cmr_e8bb6f6ece3b11691f6fbdf699fa676a,Ca:1|Co:1|N:3,property,2,1388362105,nitride,8,False,False,charge_compatible_A,no compatible A species,,Ti,N,False,False,False,False
cmr_e8bb6f6ece3b11691f6fbdf699fa676a,Ca:1|Co:1|N:3,property,2,1388362105,nitride,9,False,False,charge_compatible_A,no compatible A species,,Co,N,False,False,False,False
cmr_e8bb6f6ece3b11691f6fbdf699fa676a,Ca:1|Co:1|N:3,property,2,1388362105,nitride,10,True,False,tolerance/mu,"mu=1.22 outside [0.41,0.90]",La,W,N,False,False,False,False
cmr_e8bb6f6ece3b11691f6fbdf699fa676a,Ca:1|Co:1|N:3,property,2,1388362105,nitride,11,False,False,charge_compatible_A,no compatible A species,,Zr,N,False,False,False,False
cmr_e8bb6f6ece3b11691f6fbdf699fa676a,Ca:1|Co:1|N:3,property,2,1388362105,nitride,12,False,False,charge_compatible_A,no compatible A species,,Ta,N,False,False,False,False
cmr_fa3beecfda0e2ee6c4c5dd7cb9227cca,Ca:1|N:3|Zr:1,joint,0,1987583405,nitride,1,False,False,charge_compatible_A,no compatible A species,,Zr,N,False,False,False,False
cmr_fa3beecfda0e2ee6c4c5dd7cb9227cca,Ca:1|N:3|Zr:1,joint,0,1987583405,nitride,2,False,False,charge_compatible_A,no compatible A species,,Zr,N,False,False,False,False
cmr_fa3beecfda0e2ee6c4c5dd7cb9227cca,Ca:1|N:3|Zr:1,joint,0,1987583405,nitride,3,False,False,charge_compatible_A,no compatible A species,,Zr,N,False,False,False,False
cmr_fa3beecfda0e2ee6c4c5dd7cb9227cca,Ca:1|N:3|Zr:1,joint,0,1987583405,nitride,4,False,False,charge_compatible_A,no compatible A species,,Zr,N,False,False,False,False
cmr_fa3beecfda0e2ee6c4c5dd7cb9227cca,Ca:1|N:3|Zr:1,joint,0,1987583405,nitride,5,False,False,charge_compatible_A,no compatible A species,,Zr,N,False,False,False,False
cmr_fa3beecfda0e2ee6c4c5dd7cb9227cca,Ca:1|N:3|Zr:1,joint,0,1987583405,nitride,6,False,False,charge_compatible_A,no compatible A species,,Zr,N,False,False,False,False
cmr_fa3beecfda0e2ee6c4c5dd7cb9227cca,Ca:1|N:3|Zr:1,joint,0,1987583405,nitride,7,False,False,charge_compatible_A,no compatible A species,,Hf,N,False,False,False,False
cmr_fa3beecfda0e2ee6c4c5dd7cb9227cca,Ca:1|N:3|Zr:1,joint,0,1987583405,nitride,8,False,False,charge_compatible_A,no compatible A species,,Zr,N,False,False,False,False
cmr_fa3beecfda0e2ee6c4c5dd7cb9227cca,Ca:1|N:3|Zr:1,joint,0,1987583405,nitride,9,False,False,charge_compatible_A,no compatible A species,,Zr,N,False,False,False,False
cmr_fa3beecfda0e2ee6c4c5dd7cb9227cca,Ca:1|N:3|Zr:1,joint,0,1987583405,nitride,10,False,False,charge_compatible_A,no compatible A species,,Zr,N,False,False,False,False
cmr_fa3beecfda0e2ee6c4c5dd7cb9227cca,Ca:1|N:3|Zr:1,joint,0,1987583405,nitride,11,False,False,charge_compatible_A,no compatible A species,,Zr,N,False,False,False,False
cmr_fa3beecfda0e2ee6c4c5dd7cb9227cca,Ca:1|N:3|Zr:1,joint,0,1987583405,nitride,12,False,False,charge_compatible_A,no compatible A species,,Zr,N,False,False,False,False
cmr_fa3beecfda0e2ee6c4c5dd7cb9227cca,Ca:1|N:3|Zr:1,joint,1,694388398,nitride,1,False,False,charge_compatible_A,no compatible A species,,Zr,N,False,False,False,False
cmr_fa3beecfda0e2ee6c4c5dd7cb9227cca,Ca:1|N:3|Zr:1,joint,1,694388398,nitride,2,False,False,charge_compatible_A,no compatible A species,,Zr,N,False,False,False,False
cmr_fa3beecfda0e2ee6c4c5dd7cb9227cca,Ca:1|N:3|Zr:1,joint,1,694388398,nitride,3,False,False,charge_compatible_A,no compatible A species,,Zr,N,False,False,False,False
cmr_fa3beecfda0e2ee6c4c5dd7cb9227cca,Ca:1|N:3|Zr:1,joint,1,694388398,nitride,4,False,False,charge_compatible_A,no compatible A species,,Hf,N,False,False,False,False
cmr_fa3beecfda0e2ee6c4c5dd7cb9227cca,Ca:1|N:3|Zr:1,joint,1,694388398,nitride,5,False,False,charge_compatible_A,no compatible A species,,Zr,N,False,False,False,False
cmr_fa3beecfda0e2ee6c4c5dd7cb9227cca,Ca:1|N:3|Zr:1,joint,1,694388398,nitride,6,False,False,charge_compatible_A,no compatible A species,,Zr,N,False,False,False,False
cmr_fa3beecfda0e2ee6c4c5dd7cb9227cca,Ca:1|N:3|Zr:1,joint,1,694388398,nitride,7,False,False,charge_compatible_A,no compatible A species,,Zr,N,False,False,False,False
cmr_fa3beecfda0e2ee6c4c5dd7cb9227cca,Ca:1|N:3|Zr:1,joint,1,694388398,nitride,8,False,False,charge_compatible_A,no compatible A species,,Zr,N,False,False,False,False
cmr_fa3beecfda0e2ee6c4c5dd7cb9227cca,Ca:1|N:3|Zr:1,joint,1,694388398,nitride,9,False,False,charge_compatible_A,no compatible A species,,Ti,N,False,False,False,False
cmr_fa3beecfda0e2ee6c4c5dd7cb9227cca,Ca:1|N:3|Zr:1,joint,1,694388398,nitride,10,False,False,charge_compatible_A,no compatible A species,,Zr,N,False,False,False,False
cmr_fa3beecfda0e2ee6c4c5dd7cb9227cca,Ca:1|N:3|Zr:1,joint,1,694388398,nitride,11,False,False,charge_compatible_A,no compatible A species,,Hf,N,False,False,False,False
cmr_fa3beecfda0e2ee6c4c5dd7cb9227cca,Ca:1|N:3|Zr:1,joint,1,694388398,nitride,12,False,False,charge_compatible_A,no compatible A species,,Zr,N,False,False,False,False
cmr_fa3beecfda0e2ee6c4c5dd7cb9227cca,Ca:1|N:3|Zr:1,joint,2,1380185573,nitride,1,False,False,charge_compatible_A,no compatible A species,,Zr,N,False,False,False,False
cmr_fa3beecfda0e2ee6c4c5dd7cb9227cca,Ca:1|N:3|Zr:1,joint,2,1380185573,nitride,2,False,False,charge_compatible_A,no compatible A species,,Zr,N,False,False,False,False
cmr_fa3beecfda0e2ee6c4c5dd7cb9227cca,Ca:1|N:3|Zr:1,joint,2,1380185573,nitride,3,False,False,charge_compatible_A,no compatible A species,,Zr,N,False,False,False,False
cmr_fa3beecfda0e2ee6c4c5dd7cb9227cca,Ca:1|N:3|Zr:1,joint,2,1380185573,nitride,4,False,False,charge_compatible_A,no compatible A species,,Zr,N,False,False,False,False
cmr_fa3beecfda0e2ee6c4c5dd7cb9227cca,Ca:1|N:3|Zr:1,joint,2,1380185573,nitride,5,False,False,charge_compatible_A,no compatible A species,,Zr,N,False,False,False,False
cmr_fa3beecfda0e2ee6c4c5dd7cb9227cca,Ca:1|N:3|Zr:1,joint,2,1380185573,nitride,6,False,False,charge_compatible_A,no compatible A species,,Zr,N,False,False,False,False
cmr_fa3beecfda0e2ee6c4c5dd7cb9227cca,Ca:1|N:3|Zr:1,joint,2,1380185573,nitride,7,False,False,charge_compatible_A,no compatible A species,,Hf,N,False,False,False,False
cmr_fa3beecfda0e2ee6c4c5dd7cb9227cca,Ca:1|N:3|Zr:1,joint,2,1380185573,nitride,8,False,False,charge_compatible_A,no compatible A species,,Zr,N,False,False,False,False
cmr_fa3beecfda0e2ee6c4c5dd7cb9227cca,Ca:1|N:3|Zr:1,joint,2,1380185573,nitride,9,False,False,charge_compatible_A,no compatible A species,,Hf,N,False,False,False,False
cmr_fa3beecfda0e2ee6c4c5dd7cb9227cca,Ca:1|N:3|Zr:1,joint,2,1380185573,nitride,10,False,False,charge_compatible_A,no compatible A species,,Zr,N,False,False,False,False
cmr_fa3beecfda0e2ee6c4c5dd7cb9227cca,Ca:1|N:3|Zr:1,joint,2,1380185573,nitride,11,False,False,charge_compatible_A,no compatible A species,,Zr,N,False,False,False,False
cmr_fa3beecfda0e2ee6c4c5dd7cb9227cca,Ca:1|N:3|Zr:1,joint,2,1380185573,nitride,12,False,False,charge_compatible_A,no compatible A species,,Hf,N,False,False,False,False
cmr_fa3beecfda0e2ee6c4c5dd7cb9227cca,Ca:1|N:3|Zr:1,fixed_real,0,1987583405,nitride,1,False,False,charge_compatible_A,no compatible A species,,Cr,N,False,False,False,False
cmr_fa3beecfda0e2ee6c4c5dd7cb9227cca,Ca:1|N:3|Zr:1,fixed_real,0,1987583405,nitride,2,False,False,charge_compatible_A,no compatible A species,,Cr,N,False,False,False,False
cmr_fa3beecfda0e2ee6c4c5dd7cb9227cca,Ca:1|N:3|Zr:1,fixed_real,0,1987583405,nitride,3,False,False,charge_compatible_A,no compatible A species,,Cr,N,False,False,False,False
cmr_fa3beecfda0e2ee6c4c5dd7cb9227cca,Ca:1|N:3|Zr:1,fixed_real,0,1987583405,nitride,4,False,False,charge_compatible_A,no compatible A species,,Cr,N,False,False,False,False
cmr_fa3beecfda0e2ee6c4c5dd7cb9227cca,Ca:1|N:3|Zr:1,fixed_real,0,1987583405,nitride,5,False,False,charge_compatible_A,no compatible A species,,Cr,N,False,False,False,False
cmr_fa3beecfda0e2ee6c4c5dd7cb9227cca,Ca:1|N:3|Zr:1,fixed_real,0,1987583405,nitride,6,False,False,charge_compatible_A,no compatible A species,,Cr,N,False,False,False,False
cmr_fa3beecfda0e2ee6c4c5dd7cb9227cca,Ca:1|N:3|Zr:1,fixed_real,0,1987583405,nitride,7,False,False,charge_compatible_A,no compatible A species,,Cr,N,False,False,False,False
cmr_fa3beecfda0e2ee6c4c5dd7cb9227cca,Ca:1|N:3|Zr:1,fixed_real,0,1987583405,nitride,8,False,False,charge_compatible_A,no compatible A species,,Cr,N,False,False,False,False
cmr_fa3beecfda0e2ee6c4c5dd7cb9227cca,Ca:1|N:3|Zr:1,fixed_real,0,1987583405,nitride,9,False,False,charge_compatible_A,no compatible A species,,Cr,N,False,False,False,False
cmr_fa3beecfda0e2ee6c4c5dd7cb9227cca,Ca:1|N:3|Zr:1,fixed_real,0,1987583405,nitride,10,False,False,charge_compatible_A,no compatible A species,,Cr,N,False,False,False,False
cmr_fa3beecfda0e2ee6c4c5dd7cb9227cca,Ca:1|N:3|Zr:1,fixed_real,0,1987583405,nitride,11,False,False,charge_compatible_A,no compatible A species,,Cr,N,False,False,False,False
cmr_fa3beecfda0e2ee6c4c5dd7cb9227cca,Ca:1|N:3|Zr:1,fixed_real,0,1987583405,nitride,12,False,False,charge_compatible_A,no compatible A species,,Cr,N,False,False,False,False
cmr_fa3beecfda0e2ee6c4c5dd7cb9227cca,Ca:1|N:3|Zr:1,fixed_real,1,694388398,nitride,1,False,False,charge_compatible_A,no compatible A species,,Cr,N,False,False,False,False
cmr_fa3beecfda0e2ee6c4c5dd7cb9227cca,Ca:1|N:3|Zr:1,fixed_real,1,694388398,nitride,2,False,False,charge_compatible_A,no compatible A species,,Cr,N,False,False,False,False
cmr_fa3beecfda0e2ee6c4c5dd7cb9227cca,Ca:1|N:3|Zr:1,fixed_real,1,694388398,nitride,3,False,False,charge_compatible_A,no compatible A species,,Cr,N,False,False,False,False
cmr_fa3beecfda0e2ee6c4c5dd7cb9227cca,Ca:1|N:3|Zr:1,fixed_real,1,694388398,nitride,4,False,False,charge_compatible_A,no compatible A species,,Cr,N,False,False,False,False
cmr_fa3beecfda0e2ee6c4c5dd7cb9227cca,Ca:1|N:3|Zr:1,fixed_real,1,694388398,nitride,5,False,False,charge_compatible_A,no compatible A species,,Cr,N,False,False,False,False
cmr_fa3beecfda0e2ee6c4c5dd7cb9227cca,Ca:1|N:3|Zr:1,fixed_real,1,694388398,nitride,6,False,False,charge_compatible_A,no compatible A species,,Cr,N,False,False,False,False
cmr_fa3beecfda0e2ee6c4c5dd7cb9227cca,Ca:1|N:3|Zr:1,fixed_real,1,694388398,nitride,7,False,False,charge_compatible_A,no compatible A species,,Cr,N,False,False,False,False
cmr_fa3beecfda0e2ee6c4c5dd7cb9227cca,Ca:1|N:3|Zr:1,fixed_real,1,694388398,nitride,8,False,False,charge_compatible_A,no compatible A species,,Cr,N,False,False,False,False
cmr_fa3beecfda0e2ee6c4c5dd7cb9227cca,Ca:1|N:3|Zr:1,fixed_real,1,694388398,nitride,9,False,False,charge_compatible_A,no compatible A species,,Fe,N,False,False,False,False
cmr_fa3beecfda0e2ee6c4c5dd7cb9227cca,Ca:1|N:3|Zr:1,fixed_real,1,694388398,nitride,10,False,False,charge_compatible_A,no compatible A species,,Cr,N,False,False,False,False
cmr_fa3beecfda0e2ee6c4c5dd7cb9227cca,Ca:1|N:3|Zr:1,fixed_real,1,694388398,nitride,11,False,False,charge_compatible_A,no compatible A species,,Cr,N,False,False,False,False
cmr_fa3beecfda0e2ee6c4c5dd7cb9227cca,Ca:1|N:3|Zr:1,fixed_real,1,694388398,nitride,12,False,False,charge_compatible_A,no compatible A species,,Cr,N,False,False,False,False
cmr_fa3beecfda0e2ee6c4c5dd7cb9227cca,Ca:1|N:3|Zr:1,fixed_real,2,1380185573,nitride,1,False,False,charge_compatible_A,no compatible A species,,Cr,N,False,False,False,False
cmr_fa3beecfda0e2ee6c4c5dd7cb9227cca,Ca:1|N:3|Zr:1,fixed_real,2,1380185573,nitride,2,False,False,charge_compatible_A,no compatible A species,,Cr,N,False,False,False,False
cmr_fa3beecfda0e2ee6c4c5dd7cb9227cca,Ca:1|N:3|Zr:1,fixed_real,2,1380185573,nitride,3,False,False,charge_compatible_A,no compatible A species,,Cr,N,False,False,False,False
cmr_fa3beecfda0e2ee6c4c5dd7cb9227cca,Ca:1|N:3|Zr:1,fixed_real,2,1380185573,nitride,4,False,False,charge_compatible_A,no compatible A species,,Cr,N,False,False,False,False
cmr_fa3beecfda0e2ee6c4c5dd7cb9227cca,Ca:1|N:3|Zr:1,fixed_real,2,1380185573,nitride,5,False,False,charge_compatible_A,no compatible A species,,Cr,N,False,False,False,False
cmr_fa3beecfda0e2ee6c4c5dd7cb9227cca,Ca:1|N:3|Zr:1,fixed_real,2,1380185573,nitride,6,False,False,charge_compatible_A,no compatible A species,,Cr,N,False,False,False,False
cmr_fa3beecfda0e2ee6c4c5dd7cb9227cca,Ca:1|N:3|Zr:1,fixed_real,2,1380185573,nitride,7,False,False,charge_compatible_A,no compatible A species,,Cr,N,False,False,False,False
cmr_fa3beecfda0e2ee6c4c5dd7cb9227cca,Ca:1|N:3|Zr:1,fixed_real,2,1380185573,nitride,8,False,False,charge_compatible_A,no compatible A species,,Cr,N,False,False,False,False
cmr_fa3beecfda0e2ee6c4c5dd7cb9227cca,Ca:1|N:3|Zr:1,fixed_real,2,1380185573,nitride,9,False,False,charge_compatible_A,no compatible A species,,Cr,N,False,False,False,False
cmr_fa3beecfda0e2ee6c4c5dd7cb9227cca,Ca:1|N:3|Zr:1,fixed_real,2,1380185573,nitride,10,False,False,charge_compatible_A,no compatible A species,,Cr,N,False,False,False,False
cmr_fa3beecfda0e2ee6c4c5dd7cb9227cca,Ca:1|N:3|Zr:1,fixed_real,2,1380185573,nitride,11,False,False,charge_compatible_A,no compatible A species,,Cr,N,False,False,False,False
cmr_fa3beecfda0e2ee6c4c5dd7cb9227cca,Ca:1|N:3|Zr:1,fixed_real,2,1380185573,nitride,12,False,False,charge_compatible_A,no compatible A species,,Cr,N,False,False,False,False
cmr_fa3beecfda0e2ee6c4c5dd7cb9227cca,Ca:1|N:3|Zr:1,property,0,1987583405,nitride,1,True,False,tolerance/mu,"mu=1.23 outside [0.41,0.90]",La,Mo,N,False,False,False,False
cmr_fa3beecfda0e2ee6c4c5dd7cb9227cca,Ca:1|N:3|Zr:1,property,0,1987583405,nitride,2,False,False,charge_compatible_A,no compatible A species,,Ni,N,False,False,False,False
cmr_fa3beecfda0e2ee6c4c5dd7cb9227cca,Ca:1|N:3|Zr:1,property,0,1987583405,nitride,3,True,False,tolerance/mu,"mu=1.22 outside [0.41,0.90]",La,W,N,False,False,False,False
cmr_fa3beecfda0e2ee6c4c5dd7cb9227cca,Ca:1|N:3|Zr:1,property,0,1987583405,nitride,4,False,False,charge_compatible_A,no compatible A species,,Fe,N,False,False,False,False
cmr_fa3beecfda0e2ee6c4c5dd7cb9227cca,Ca:1|N:3|Zr:1,property,0,1987583405,nitride,5,False,False,charge_compatible_A,no compatible A species,,Ni,N,False,False,False,False
cmr_fa3beecfda0e2ee6c4c5dd7cb9227cca,Ca:1|N:3|Zr:1,property,0,1987583405,nitride,6,False,False,charge_compatible_A,no compatible A species,,Cr,N,False,False,False,False
cmr_fa3beecfda0e2ee6c4c5dd7cb9227cca,Ca:1|N:3|Zr:1,property,0,1987583405,nitride,7,False,False,charge_compatible_A,no compatible A species,,Ni,N,False,False,False,False
cmr_fa3beecfda0e2ee6c4c5dd7cb9227cca,Ca:1|N:3|Zr:1,property,0,1987583405,nitride,8,True,False,tolerance/mu,"mu=1.23 outside [0.41,0.90]",La,Mo,N,False,False,False,False
cmr_fa3beecfda0e2ee6c4c5dd7cb9227cca,Ca:1|N:3|Zr:1,property,0,1987583405,nitride,9,False,False,charge_compatible_A,no compatible A species,,Ni,N,False,False,False,False
cmr_fa3beecfda0e2ee6c4c5dd7cb9227cca,Ca:1|N:3|Zr:1,property,0,1987583405,nitride,10,False,False,charge_compatible_A,no compatible A species,,Ni,N,False,False,False,False
cmr_fa3beecfda0e2ee6c4c5dd7cb9227cca,Ca:1|N:3|Zr:1,property,0,1987583405,nitride,11,False,False,charge_compatible_A,no compatible A species,,Co,N,False,False,False,False
cmr_fa3beecfda0e2ee6c4c5dd7cb9227cca,Ca:1|N:3|Zr:1,property,0,1987583405,nitride,12,True,False,tolerance/mu,"mu=1.23 outside [0.41,0.90]",La,Mo,N,False,False,False,False
cmr_fa3beecfda0e2ee6c4c5dd7cb9227cca,Ca:1|N:3|Zr:1,property,1,694388398,nitride,1,False,False,charge_compatible_A,no compatible A species,,Fe,N,False,False,False,False
cmr_fa3beecfda0e2ee6c4c5dd7cb9227cca,Ca:1|N:3|Zr:1,property,1,694388398,nitride,2,False,False,charge_compatible_A,no compatible A species,,Ni,N,False,False,False,False
cmr_fa3beecfda0e2ee6c4c5dd7cb9227cca,Ca:1|N:3|Zr:1,property,1,694388398,nitride,3,False,False,charge_compatible_A,no compatible A species,,Ni,N,False,False,False,False
cmr_fa3beecfda0e2ee6c4c5dd7cb9227cca,Ca:1|N:3|Zr:1,property,1,694388398,nitride,4,False,False,charge_compatible_A,no compatible A species,,Nb,N,False,False,False,False
cmr_fa3beecfda0e2ee6c4c5dd7cb9227cca,Ca:1|N:3|Zr:1,property,1,694388398,nitride,5,False,False,charge_compatible_A,no compatible A species,,Ni,N,False,False,False,False
cmr_fa3beecfda0e2ee6c4c5dd7cb9227cca,Ca:1|N:3|Zr:1,property,1,694388398,nitride,6,False,False,charge_compatible_A,no compatible A species,,Ni,N,False,False,False,False
cmr_fa3beecfda0e2ee6c4c5dd7cb9227cca,Ca:1|N:3|Zr:1,property,1,694388398,nitride,7,False,False,charge_compatible_A,no compatible A species,,Fe,N,False,False,False,False
cmr_fa3beecfda0e2ee6c4c5dd7cb9227cca,Ca:1|N:3|Zr:1,property,1,694388398,nitride,8,True,False,tolerance/mu,"mu=1.22 outside [0.41,0.90]",La,W,N,False,False,False,False
cmr_fa3beecfda0e2ee6c4c5dd7cb9227cca,Ca:1|N:3|Zr:1,property,1,694388398,nitride,9,False,False,charge_compatible_A,no compatible A species,,Co,N,False,False,False,False
cmr_fa3beecfda0e2ee6c4c5dd7cb9227cca,Ca:1|N:3|Zr:1,property,1,694388398,nitride,10,False,False,charge_compatible_A,no compatible A species,,Fe,N,False,False,False,False
cmr_fa3beecfda0e2ee6c4c5dd7cb9227cca,Ca:1|N:3|Zr:1,property,1,694388398,nitride,11,False,False,charge_compatible_A,no compatible A species,,Ni,N,False,False,False,False
cmr_fa3beecfda0e2ee6c4c5dd7cb9227cca,Ca:1|N:3|Zr:1,property,1,694388398,nitride,12,False,False,charge_compatible_A,no compatible A species,,Ti,N,False,False,False,False
cmr_fa3beecfda0e2ee6c4c5dd7cb9227cca,Ca:1|N:3|Zr:1,property,2,1380185573,nitride,1,False,False,charge_compatible_A,no compatible A species,,Fe,N,False,False,False,False
cmr_fa3beecfda0e2ee6c4c5dd7cb9227cca,Ca:1|N:3|Zr:1,property,2,1380185573,nitride,2,False,False,charge_compatible_A,no compatible A species,,Fe,N,False,False,False,False
cmr_fa3beecfda0e2ee6c4c5dd7cb9227cca,Ca:1|N:3|Zr:1,property,2,1380185573,nitride,3,True,False,tolerance/mu,"mu=1.23 outside [0.41,0.90]",La,Mo,N,False,False,False,False
cmr_fa3beecfda0e2ee6c4c5dd7cb9227cca,Ca:1|N:3|Zr:1,property,2,1380185573,nitride,4,False,False,charge_compatible_A,no compatible A species,,Fe,N,False,False,False,False
cmr_fa3beecfda0e2ee6c4c5dd7cb9227cca,Ca:1|N:3|Zr:1,property,2,1380185573,nitride,5,False,False,charge_compatible_A,no compatible A species,,Mn,N,False,False,False,False
cmr_fa3beecfda0e2ee6c4c5dd7cb9227cca,Ca:1|N:3|Zr:1,property,2,1380185573,nitride,6,False,False,charge_compatible_A,no compatible A species,,Fe,N,False,False,False,False
cmr_fa3beecfda0e2ee6c4c5dd7cb9227cca,Ca:1|N:3|Zr:1,property,2,1380185573,nitride,7,False,False,charge_compatible_A,no compatible A species,,Fe,N,False,False,False,False
cmr_fa3beecfda0e2ee6c4c5dd7cb9227cca,Ca:1|N:3|Zr:1,property,2,1380185573,nitride,8,True,False,tolerance/mu,"mu=1.23 outside [0.41,0.90]",La,Mo,N,False,False,False,False
cmr_fa3beecfda0e2ee6c4c5dd7cb9227cca,Ca:1|N:3|Zr:1,property,2,1380185573,nitride,9,False,False,charge_compatible_A,no compatible A species,,Ni,N,False,False,False,False
cmr_fa3beecfda0e2ee6c4c5dd7cb9227cca,Ca:1|N:3|Zr:1,property,2,1380185573,nitride,10,False,False,charge_compatible_A,no compatible A species,,Ni,N,False,False,False,False
cmr_fa3beecfda0e2ee6c4c5dd7cb9227cca,Ca:1|N:3|Zr:1,property,2,1380185573,nitride,11,False,False,charge_compatible_A,no compatible A species,,Mn,N,False,False,False,False
cmr_fa3beecfda0e2ee6c4c5dd7cb9227cca,Ca:1|N:3|Zr:1,property,2,1380185573,nitride,12,False,False,charge_compatible_A,no compatible A species,,Mn,N,False,False,False,False
