material_id,composition_group,latent_arm,geometry_mode,family,source_A,source_B,source_X,source_charge_neutral,source_deterministically_exportable,decode_temperature,decode_topk,x_prior_strength,source_B_rank_in_family_pool,source_B_in_actual_topk,source_B_raw_all_species_probability,source_B_raw_family_pool_probability,source_B_temperature_family_pool_probability,source_B_actual_post_topk_probability,B_actual_topk_symbols_json,B_actual_topk_probabilities_json,B_choices_without_compatible_A_json,B_raw_all_species_mass_without_compatible_A,B_raw_family_pool_mass_without_compatible_A,B_temperature_pre_topk_mass_without_compatible_A,B_actual_post_topk_mass_without_compatible_A,source_conditional_compatible_A_json,source_A_charge_compatible_given_source_B_X,source_A_rank_in_conditional_pool,source_A_in_actual_conditional_topk,source_A_raw_all_species_probability,source_A_actual_conditional_post_topk_probability,A_actual_topk_symbols_json,A_actual_topk_probabilities_json,source_AB_actual_sampling_probability,source_AB_topk_reachable,anti_repeat_state
cmr_11dacddcba738021fcb7a8ad9b578f91,Cr:1|Cs:1|N:3,joint,zero,nitride,Cs,Cr,N,False,False,1.25,12,0.0,3,True,9.409520316694397e-06,1.6926691387197934e-05,0.00015224651724565774,0.00015224651724565774,"[""Ti"", ""Zr"", ""Cr"", ""Fe"", ""Mn"", ""Hf"", ""Mo"", ""Nb"", ""Co"", ""Ta"", ""W"", ""Ni""]","[0.9991829991340637, 0.0006586649687960744, 0.00015224651724565774, 5.727816642320249e-06, 3.767168550439237e-07, 2.4442443624650423e-09, 1.6225630838917482e-09, 1.1190737225774683e-09, 1.9822163387691466e-13, 4.849864817900073e-17, 2.6944885262177437e-18, 4.984188671659574e-19]","[""Ta"", ""Nb"", ""Ti"", ""Zr"", ""Hf"", ""Cr"", ""Mn"", ""Fe"", ""Co"", ""Ni""]",0.5558984279632568,1.0,1.0,1.0000000187171192,[],False,,False,1.407769660633069e-39,0.0,[],[],0.0,False,fresh empty counts; all B weights equal 1
cmr_11dacddcba738021fcb7a8ad9b578f91,Cr:1|Cs:1|N:3,joint,template,nitride,Cs,Cr,N,False,False,1.25,12,0.0,1,True,0.975352942943573,0.9755889177322388,0.947472095489502,0.9474719762802124,"[""Cr"", ""Zr"", ""Fe"", ""Ti"", ""Mn"", ""Mo"", ""Hf"", ""Nb"", ""Co"", ""Ta"", ""Ni"", ""W""]","[0.9474719762802124, 0.04755198210477829, 0.004242220427840948, 0.0004636100202333182, 0.00026087937294505537, 5.3972007663105614e-06, 3.7468842037924333e-06, 5.907771694069197e-08, 2.1393256055546317e-09, 6.288150881071652e-13, 3.8038644930802275e-17, 2.6637434222610358e-17]","[""Ta"", ""Nb"", ""Ti"", ""Zr"", ""Hf"", ""Cr"", ""Mn"", ""Fe"", ""Co"", ""Ni""]",0.999757707118988,0.9999996423721313,0.9999946355819702,0.9999944763078852,[],False,,False,0.9945764541625977,0.0,[],[],0.0,False,fresh empty counts; all B weights equal 1
cmr_11dacddcba738021fcb7a8ad9b578f91,Cr:1|Cs:1|N:3,fixed_real,zero,nitride,Cs,Cr,N,False,False,1.25,12,0.0,3,True,9.409520316694397e-06,1.6926691387197934e-05,0.00015224651724565774,0.00015224651724565774,"[""Ti"", ""Zr"", ""Cr"", ""Fe"", ""Mn"", ""Hf"", ""Mo"", ""Nb"", ""Co"", ""Ta"", ""W"", ""Ni""]","[0.9991829991340637, 0.0006586649687960744, 0.00015224651724565774, 5.727816642320249e-06, 3.767168550439237e-07, 2.4442443624650423e-09, 1.6225630838917482e-09, 1.1190737225774683e-09, 1.9822163387691466e-13, 4.849864817900073e-17, 2.6944885262177437e-18, 4.984188671659574e-19]","[""Ta"", ""Nb"", ""Ti"", ""Zr"", ""Hf"", ""Cr"", ""Mn"", ""Fe"", ""Co"", ""Ni""]",0.5558984279632568,1.0,1.0,1.0000000187171192,[],False,,False,1.407769660633069e-39,0.0,[],[],0.0,False,fresh empty counts; all B weights equal 1
cmr_11dacddcba738021fcb7a8ad9b578f91,Cr:1|Cs:1|N:3,fixed_real,template,nitride,Cs,Cr,N,False,False,1.25,12,0.0,1,True,0.975352942943573,0.9755889177322388,0.947472095489502,0.9474719762802124,"[""Cr"", ""Zr"", ""Fe"", ""Ti"", ""Mn"", ""Mo"", ""Hf"", ""Nb"", ""Co"", ""Ta"", ""Ni"", ""W""]","[0.9474719762802124, 0.04755198210477829, 0.004242220427840948, 0.0004636100202333182, 0.00026087937294505537, 5.3972007663105614e-06, 3.7468842037924333e-06, 5.907771694069197e-08, 2.1393256055546317e-09, 6.288150881071652e-13, 3.8038644930802275e-17, 2.6637434222610358e-17]","[""Ta"", ""Nb"", ""Ti"", ""Zr"", ""Hf"", ""Cr"", ""Mn"", ""Fe"", ""Co"", ""Ni""]",0.999757707118988,0.9999996423721313,0.9999946355819702,0.9999944763078852,[],False,,False,0.9945764541625977,0.0,[],[],0.0,False,fresh empty counts; all B weights equal 1
cmr_11dacddcba738021fcb7a8ad9b578f91,Cr:1|Cs:1|N:3,property,zero,nitride,Cs,Cr,N,False,False,1.25,12,0.0,3,True,5.10482891513675e-08,6.15707176621072e-06,6.76418057992123e-05,6.76418057992123e-05,"[""Ti"", ""Zr"", ""Cr"", ""Fe"", ""Nb"", ""Mo"", ""Mn"", ""Hf"", ""Co"", ""Ni"", ""Ta"", ""W""]","[0.9963405132293701, 0.0035746346693485975, 6.76418057992123e-05, 1.1940308468183503e-05, 2.6962650281348033e-06, 1.6773196875874419e-06, 7.769791636746959e-07, 3.2271618710666417e-09, 3.125010250570881e-09, 9.764152377259028e-13, 3.2898624146085464e-14, 5.781444980824382e-15]","[""Ta"", ""Nb"", ""Ti"", ""Zr"", ""Hf"", ""Cr"", ""Mn"", ""Fe"", ""Co"", ""Ni""]",0.008291001431643963,0.9999999403953552,0.999998152256012,0.9999982096103593,[],False,,False,1.3588543116927247e-19,0.0,[],[],0.0,False,fresh empty counts; all B weights equal 1
cmr_11dacddcba738021fcb7a8ad9b578f91,Cr:1|Cs:1|N:3,property,template,nitride,Cs,Cr,N,False,False,1.25,12,0.0,6,True,0.005809728521853685,0.06361570209264755,0.07015801221132278,0.07015801221132278,"[""Ni"", ""Co"", ""Mo"", ""Fe"", ""W"", ""Cr"", ""Ti"", ""Mn"", ""Hf"", ""Nb"", ""Zr"", ""Ta""]","[0.22621746361255646, 0.14846020936965942, 0.0994228795170784, 0.09319522231817245, 0.08199822157621384, 0.07015801221132278, 0.06438625603914261, 0.05769670382142067, 0.055594056844711304, 0.03914240002632141, 0.03604278713464737, 0.027685821056365967]","[""Ta"", ""Nb"", ""Ti"", ""Zr"", ""Hf"", ""Cr"", ""Mn"", ""Fe"", ""Co"", ""Ni""]",0.07528230547904968,0.8243306279182434,0.8185789585113525,0.8185789324343204,[],False,,False,0.05270063504576683,0.0,[],[],0.0,False,fresh empty counts; all B weights equal 1
cmr_1ec1f206bf87de79380756d894cc7bc2,K:1|O:3|W:1,joint,zero,oxide,K,W,O,False,False,1.25,12,0.0,21,False,7.977311897708319e-41,7.977311897708319e-41,8.302606965986036e-33,0.0,"[""V"", ""Cr"", ""Ti"", ""Zr"", ""Mo"", ""Mn"", ""Nb"", ""Ge"", ""Fe"", ""Hf"", ""Sc"", ""Al""]","[0.993458092212677, 0.005171239376068115, 0.0013688418548554182, 1.949904799403157e-06, 1.6593110885310125e-08, 2.4081654448337986e-09, 1.3262270170955048e-09, 8.637255407423217e-13, 5.091385026388196e-15, 7.137396075096274e-17, 1.7902097174910985e-18, 2.4182056521316634e-19]","[""Cu"", ""Zn"", ""W"", ""Mo""]",1.8956182457063875e-10,1.8956182457063875e-10,1.6593109108953286e-08,1.6593110885310125e-08,[],False,,False,8.335847902042614e-29,0.0,[],[],0.0,False,fresh empty counts; all B weights equal 1
cmr_1ec1f206bf87de79380756d894cc7bc2,K:1|O:3|W:1,joint,template,oxide,K,W,O,False,False,1.25,12,0.0,1,True,0.8671820163726807,0.8738846182823181,0.8159748911857605,0.8159748911857605,"[""W"", ""Ta"", ""Mo"", ""Nb"", ""Hf"", ""Ti"", ""Y"", ""Pb"", ""V"", ""In"", ""Zr"", ""Sc""]","[0.8159748911857605, 0.16661030054092407, 0.0125215332955122, 0.004864963237196207, 1.7983178622671403e-05, 3.691744268508046e-06, 2.7604253318713745e-06, 1.9724898265849333e-06, 1.3454471172735794e-06, 5.87704960253177e-07, 2.2159939661037242e-08, 1.3695610867614505e-08]","[""Cu"", ""Zn"", ""W"", ""Mo""]",0.8718656897544861,0.8786044716835022,0.8284963965415955,0.8284964244812727,[],False,,False,0.9852039813995361,0.0,[],[],0.0,False,fresh empty counts; all B weights equal 1
cmr_1ec1f206bf87de79380756d894cc7bc2,K:1|O:3|W:1,fixed_real,zero,oxide,K,W,O,False,False,1.25,12,0.0,18,False,6.074054789713918e-23,1.0926345790793052e-22,2.6940331632905332e-18,0.0,"[""Ti"", ""Zr"", ""V"", ""Cr"", ""Fe"", ""Mn"", ""Ge"", ""Hf"", ""Mo"", ""Nb"", ""Al"", ""Sc""]","[0.999014139175415, 0.0006585536757484078, 0.0001688971824478358, 0.000152220789459534, 5.726848485210212e-06, 3.766531904147996e-07, 1.5183258028628188e-07, 2.4438313594998817e-09, 1.6222888588046658e-09, 1.1188846515963746e-09, 7.334074458853479e-10, 1.577127178853388e-10]","[""Cu"", ""Zn"", ""W"", ""Mo""]",5.7297448036175425e-12,1.0306980963159518e-11,1.6222888588046658e-09,1.6222888588046658e-09,[],False,,False,2.8553517150823995e-31,0.0,[],[],0.0,False,fresh empty counts; all B weights equal 1
cmr_1ec1f206bf87de79380756d894cc7bc2,K:1|O:3|W:1,fixed_real,template,oxide,K,W,O,False,False,1.25,12,0.0,20,False,1.9967281706365208e-21,1.9967277667397373e-21,2.6604530632204224e-17,0.0,"[""Cr"", ""Zr"", ""Fe"", ""V"", ""Ti"", ""Mn"", ""Mo"", ""Hf"", ""Nb"", ""Sc"", ""Ge"", ""Co""]","[0.9463015198707581, 0.047493238002061844, 0.004236979875713587, 0.001235314877703786, 0.00046303728595376015, 0.00026055710623040795, 5.390533260651864e-06, 3.7422555578814354e-06, 5.900473354358837e-08, 3.645410728836396e-08, 5.0333848200523335e-09, 2.136682830666814e-09]","[""Cu"", ""Zn"", ""W"", ""Mo""]",2.714334357278858e-07,2.714334073061764e-07,5.390534170146566e-06,5.390533260651864e-06,[],False,,False,1.1363992598489858e-05,0.0,[],[],0.0,False,fresh empty counts; all B weights equal 1
cmr_1ec1f206bf87de79380756d894cc7bc2,K:1|O:3|W:1,property,zero,oxide,K,W,O,False,False,1.25,12,0.0,3,True,2.3083170930249253e-08,0.003772745607420802,0.011083507910370827,0.011083507910370827,"[""Ge"", ""V"", ""W"", ""Mo"", ""Zr"", ""Cr"", ""Ti"", ""Nb"", ""Sn"", ""Mn"", ""Hf"", ""Sc""]","[0.9463471174240112, 0.030915360897779465, 0.011083507910370827, 0.00842269416898489, 0.0028375901747494936, 0.00032812677090987563, 5.6525237596360967e-05, 9.082491487788502e-06, 7.758253067757792e-11, 5.6977960544157824e-11, 3.707654669393712e-11, 4.166321367765624e-12]","[""Cu"", ""Zn"", ""W"", ""Mo""]",3.946133375620775e-08,0.006449615582823753,0.019506201148033142,0.019506202079355717,[],False,,False,1.8588434473507792e-30,0.0,[],[],0.0,False,fresh empty counts; all B weights equal 1
cmr_1ec1f206bf87de79380756d894cc7bc2,K:1|O:3|W:1,property,template,oxide,K,W,O,False,False,1.25,12,0.0,1,True,0.3473304510116577,0.3480832278728485,0.30463075637817383,0.30473601818084717,"[""W"", ""Mo"", ""Nb"", ""V"", ""Ta"", ""Ti"", ""Cr"", ""Zr"", ""Mn"", ""Ge"", ""Hf"", ""Fe""]","[0.30473601818084717, 0.29162344336509705, 0.12836553156375885, 0.09336236119270325, 0.06456329673528671, 0.04891980066895485, 0.03735368698835373, 0.011494651436805725, 0.010663001798093319, 0.004002715926617384, 0.0027569751255214214, 0.0021585950162261724]","[""Cu"", ""Zn"", ""W"", ""Mo""]",0.6760809421539307,0.6775462627410889,0.596153736114502,0.5963594615459442,[],False,,False,0.08016198873519897,0.0,[],[],0.0,False,fresh empty counts; all B weights equal 1
cmr_20c9853b450e146b0e608362fc2f56d9,Ba:1|O:3|Ta:1,joint,zero,oxide,Ba,Ta,O,False,False,1.25,12,0.0,10,True,1.515649653825813e-17,1.5156527971121407e-17,3.0644344212790026e-14,3.0644347600921815e-14,"[""V"", ""Mo"", ""Ti"", ""Nb"", ""Zr"", ""Cr"", ""Ge"", ""W"", ""Hf"", ""Ta"", ""Mn"", ""Fe""]","[0.6039753556251526, 0.3952484428882599, 0.0003726419236045331, 0.00028071244014427066, 0.00010874737927224487, 1.4139837730908766e-05, 4.706094403061911e-10, 2.8267038015838963e-11, 1.4846831446549413e-12, 3.0644347600921815e-14, 2.7836266091766726e-16, 1.3286499408723216e-19]","[""Cu"", ""Zn"", ""W"", ""Mo""]",0.3704654574394226,0.3704662322998047,0.3952484130859375,0.39524844291652694,"[""K"", ""Na"", ""Rb"", ""Cs""]",False,,False,8.783309090056354e-21,0.0,"[""Na"", ""K"", ""Rb"", ""Cs""]","[0.9491209387779236, 0.04889177158474922, 0.001984142931178212, 3.209208443877287e-06]",0.0,False,fresh empty counts; all B weights equal 1
cmr_20c9853b450e146b0e608362fc2f56d9,Ba:1|O:3|Ta:1,joint,template,oxide,Ba,Ta,O,False,False,1.25,12,0.0,1,True,0.951684296131134,0.9516931772232056,0.9090883135795593,0.9090883135795593,"[""Ta"", ""Nb"", ""W"", ""Mo"", ""V"", ""Ti"", ""Hf"", ""Pb"", ""In"", ""Zn"", ""Y"", ""Zr""]","[0.9090883135795593, 0.07605824619531631, 0.014646768569946289, 0.0001423868234269321, 2.9549933969974518e-05, 2.9530890969908796e-05, 3.6479711980064167e-06, 7.048375891827163e-07, 5.479672608998953e-07, 8.561608666468601e-08, 5.586851159478101e-08, 4.323108626635985e-08]","[""Cu"", ""Zn"", ""W"", ""Mo""]",0.005479441490024328,0.005479492712765932,0.01478924136608839,0.014789241009459886,"[""K"", ""Na"", ""Rb"", ""Cs""]",False,,False,0.016368268057703972,0.0,"[""Na"", ""K"", ""Rb"", ""Cs""]","[0.9758089780807495, 0.024186329916119576, 4.6844584176142234e-06, 6.954056175345613e-08]",0.0,False,fresh empty counts; all B weights equal 1
cmr_20c9853b450e146b0e608362fc2f56d9,Ba:1|O:3|Ta:1,fixed_real,zero,oxide,Ba,Ta,O,False,False,1.25,12,0.0,17,False,2.251893194769956e-21,4.0508298793654036e-21,4.8490452473491554e-17,0.0,"[""Ti"", ""Zr"", ""V"", ""Cr"", ""Fe"", ""Mn"", ""Ge"", ""Hf"", ""Mo"", ""Nb"", ""Al"", ""Sc""]","[0.999014139175415, 0.0006585536757484078, 0.0001688971824478358, 0.000152220789459534, 5.726848485210212e-06, 3.766531904147996e-07, 1.5183258028628188e-07, 2.4438313594998817e-09, 1.6222888588046658e-09, 1.1188846515963746e-09, 7.334074458853479e-10, 1.577127178853388e-10]","[""Cu"", ""Zn"", ""W"", ""Mo""]",5.7297448036175425e-12,1.0306980963159518e-11,1.6222888588046658e-09,1.6222888588046658e-09,"[""K"", ""Na"", ""Rb"", ""Cs""]",False,,False,4.5500726641170206e-27,0.0,"[""Na"", ""K"", ""Rb"", ""Cs""]","[1.0, 1.2230047703731817e-12, 7.497131836334818e-19, 2.765183103679282e-19]",0.0,False,fresh empty counts; all B weights equal 1
cmr_20c9853b450e146b0e608362fc2f56d9,Ba:1|O:3|Ta:1,fixed_real,template,oxide,Ba,Ta,O,False,False,1.25,12,0.0,15,False,5.842612512198286e-16,5.842611982802694e-16,6.28038311460688e-13,0.0,"[""Cr"", ""Zr"", ""Fe"", ""V"", ""Ti"", ""Mn"", ""Mo"", ""Hf"", ""Nb"", ""Sc"", ""Ge"", ""Co""]","[0.9463015198707581, 0.047493238002061844, 0.004236979875713587, 0.001235314877703786, 0.00046303728595376015, 0.00026055710623040795, 5.390533260651864e-06, 3.7422555578814354e-06, 5.900473354358837e-08, 3.645410728836396e-08, 5.0333848200523335e-09, 2.136682830666814e-09]","[""Cu"", ""Zn"", ""W"", ""Mo""]",2.714334357278858e-07,2.714334073061764e-07,5.390534170146566e-06,5.390533260651864e-06,"[""K"", ""Na"", ""Rb"", ""Cs""]",False,,False,1.564864557379586e-11,0.0,"[""Cs"", ""Rb"", ""K"", ""Na""]","[0.9852347373962402, 0.014655516482889652, 0.0001096109626814723, 1.1945800793000672e-07]",0.0,False,fresh empty counts; all B weights equal 1
cmr_20c9853b450e146b0e608362fc2f56d9,Ba:1|O:3|Ta:1,property,zero,oxide,Ba,Ta,O,False,False,1.25,12,0.0,12,True,9.010670847837835e-16,3.3654802035487652e-12,5.87157988896081e-10,5.871580444072322e-10,"[""Ti"", ""Zr"", ""Ge"", ""V"", ""Nb"", ""Mo"", ""Cr"", ""Hf"", ""Mn"", ""Sc"", ""Fe"", ""Ta""]","[0.716952383518219, 0.27179038524627686, 0.005791054107248783, 0.002881075721234083, 0.002539128763601184, 3.8793332350905985e-05, 4.4716794036503416e-06, 2.6016496121883392e-06, 1.9147746854741854e-07, 3.698335149238119e-08, 2.3686096639607968e-08, 5.871580444072322e-10]","[""Cu"", ""Zn"", ""W"", ""Mo""]",9.544686152551662e-10,3.5649345591082238e-06,3.879371433868073e-05,3.8793332350905985e-05,"[""K"", ""Na"", ""Rb"", ""Cs""]",False,,False,8.518775135572944e-29,0.0,"[""Cs"", ""Rb"", ""K"", ""Na""]","[0.9999557733535767, 4.2840783862629905e-05, 1.3914250303059816e-06, 2.729369230625167e-10]",0.0,False,fresh empty counts; all B weights equal 1
cmr_20c9853b450e146b0e608362fc2f56d9,Ba:1|O:3|Ta:1,property,template,oxide,Ba,Ta,O,False,False,1.25,12,0.0,3,True,0.09105042368173599,0.10589916259050369,0.09710376709699631,0.11507081985473633,"[""W"", ""Mo"", ""Ta"", ""Nb"", ""V"", ""Cr"", ""Al"", ""Sn"", ""Ti"", ""Ge"", ""Zr"", ""Mn""]","[0.1889587938785553, 0.12662971019744873, 0.11507081985473633, 0.10537822544574738, 0.0897379145026207, 0.08646924793720245, 0.05149662867188454, 0.05133618786931038, 0.048810508102178574, 0.0478215292096138, 0.04618752747774124, 0.04210294038057327]","[""Cu"", ""Zn"", ""W"", ""Mo""]",0.2727399468421936,0.3172190487384796,0.268860399723053,0.31558850407600403,"[""K"", ""Na"", ""Rb"", ""Cs""]",False,,False,0.2574944794178009,0.0,"[""Na"", ""K"", ""Rb"", ""Cs""]","[0.3193863332271576, 0.30206766724586487, 0.27360695600509644, 0.1049390360713005]",0.0,False,fresh empty counts; all B weights equal 1
cmr_46250f00f7e8fa01346da84ec7156cba,O:3|Sr:1|Zn:1,joint,zero,oxide,Sr,Zn,O,False,False,1.25,12,0.0,15,False,1.7345208526735453e-22,1.7154542218157653e-13,4.77537454024457e-11,0.0,"[""Fe"", ""Mn"", ""Ge"", ""Co"", ""Ni"", ""Sc"", ""Cr"", ""Ga"", ""Al"", ""Zr"", ""Cu"", ""Ti""]","[0.41954267024993896, 0.3132356107234955, 0.179286926984787, 0.07412716001272202, 0.012758133932948112, 0.0007860444020479918, 0.00021552472026087344, 1.7892103642225266e-05, 1.3538578059524298e-05, 1.3363607649807818e-05, 3.0659796266263584e-06, 1.6455041496055145e-10]","[""Cu"", ""Zn"", ""W"", ""Mo""]",1.7726831251591106e-16,1.7531969831452443e-07,3.0660280572192278e-06,3.0659796266263584e-06,[],False,,False,1.2400284836211879e-26,0.0,[],[],0.0,False,fresh empty counts; all B weights equal 1
cmr_46250f00f7e8fa01346da84ec7156cba,O:3|Sr:1|Zn:1,joint,template,oxide,Sr,Zn,O,False,False,1.25,12,0.0,1,True,0.9979982972145081,0.9984254837036133,0.9942454695701599,0.9942455887794495,"[""Zn"", ""Cu"", ""Ga"", ""In"", ""Y"", ""Pb"", ""Sn"", ""Sc"", ""Ni"", ""Mn"", ""Ge"", ""Fe""]","[0.9942455887794495, 0.005680377129465342, 6.498729635495692e-05, 7.757747880532406e-06, 1.2621543419299996e-06, 6.532722807151004e-08, 3.809978110780321e-09, 2.7191109364110844e-09, 3.480353852336471e-11, 1.5768892268341883e-12, 3.2283985275822222e-15, 1.949439763600431e-15]","[""Cu"", ""Zn"", ""W"", ""Mo""]",0.9995658993721008,0.9999937415122986,0.9999258518218994,0.9999259659089148,[],False,,False,0.9985198378562927,0.0,[],[],0.0,False,fresh empty counts; all B weights equal 1
cmr_46250f00f7e8fa01346da84ec7156cba,O:3|Sr:1|Zn:1,fixed_real,zero,oxide,Sr,Zn,O,False,False,1.25,12,0.0,23,False,7.525442541061709e-32,1.3537181023165595e-31,2.0176457481971088e-25,0.0,"[""Ti"", ""Zr"", ""V"", ""Cr"", ""Fe"", ""Mn"", ""Ge"", ""Hf"", ""Mo"", ""Nb"", ""Al"", ""Sc""]","[0.999014139175415, 0.0006585536757484078, 0.0001688971824478358, 0.000152220789459534, 5.726848485210212e-06, 3.766531904147996e-07, 1.5183258028628188e-07, 2.4438313594998817e-09, 1.6222888588046658e-09, 1.1188846515963746e-09, 7.334074458853479e-10, 1.577127178853388e-10]","[""Cu"", ""Zn"", ""W"", ""Mo""]",5.7297448036175425e-12,1.0306980963159518e-11,1.6222888588046658e-09,1.6222888588046658e-09,[],False,,False,1.3763405272710624e-16,0.0,[],[],0.0,False,fresh empty counts; all B weights equal 1
cmr_46250f00f7e8fa01346da84ec7156cba,O:3|Sr:1|Zn:1,fixed_real,template,oxide,Sr,Zn,O,False,False,1.25,12,0.0,22,False,2.6033443798920806e-33,2.603344012550096e-33,8.262721714279316e-27,0.0,"[""Cr"", ""Zr"", ""Fe"", ""V"", ""Ti"", ""Mn"", ""Mo"", ""Hf"", ""Nb"", ""Sc"", ""Ge"", ""Co""]","[0.9463015198707581, 0.047493238002061844, 0.004236979875713587, 0.001235314877703786, 0.00046303728595376015, 0.00026055710623040795, 5.390533260651864e-06, 3.7422555578814354e-06, 5.900473354358837e-08, 3.645410728836396e-08, 5.0333848200523335e-09, 2.136682830666814e-09]","[""Cu"", ""Zn"", ""W"", ""Mo""]",2.714334357278858e-07,2.714334073061764e-07,5.390534170146566e-06,5.390533260651864e-06,[],False,,False,9.481804230659918e-10,0.0,[],[],0.0,False,fresh empty counts; all B weights equal 1
cmr_46250f00f7e8fa01346da84ec7156cba,O:3|Sr:1|Zn:1,property,zero,oxide,Sr,Zn,O,False,False,1.25,12,0.0,23,False,6.84497879515066e-35,3.0002961947840454e-34,1.5086315773960592e-27,0.0,"[""Ti"", ""Zr"", ""V"", ""Ge"", ""Cr"", ""Nb"", ""Mo"", ""Mn"", ""Sc"", ""Hf"", ""Fe"", ""Al""]","[0.990565299987793, 0.008644470945000648, 0.0007126140408217907, 7.451537385350093e-05, 2.1693883809348335e-06, 7.798597607688862e-07, 7.392155509933218e-08, 3.9195526824187255e-09, 4.849960988373425e-10, 2.000101473331739e-10, 3.622694852434272e-11, 6.386239464768045e-14]","[""Cu"", ""Zn"", ""W"", ""Mo""]",2.8061139523138934e-10,1.2299780083324663e-09,7.392155509933218e-08,7.392155509933218e-08,[],False,,False,0.0,0.0,[],[],0.0,False,fresh empty counts; all B weights equal 1
cmr_46250f00f7e8fa01346da84ec7156cba,O:3|Sr:1|Zn:1,property,template,oxide,Sr,Zn,O,False,False,1.25,12,0.0,18,False,0.01343461126089096,0.019334377720952034,0.023454520851373672,0.0,"[""W"", ""Mo"", ""Fe"", ""Ge"", ""Al"", ""Sn"", ""Ga"", ""Cr"", ""In"", ""V"", ""Co"", ""Mn""]","[0.14566120505332947, 0.11845549196004868, 0.09547184407711029, 0.09439610689878464, 0.08341239392757416, 0.0738213062286377, 0.07292398065328598, 0.07183627039194107, 0.06383238732814789, 0.06377951055765152, 0.0614190399646759, 0.054990604519844055]","[""Cu"", ""Zn"", ""W"", ""Mo""]",0.1756327599287033,0.2527613341808319,0.22909532487392426,0.26411669701337814,[],False,,False,0.08604612946510315,0.0,[],[],0.0,False,fresh empty counts; all B weights equal 1
cmr_48e3dd02e3ba06e1f0ac4ae4a0ccb197,In:1|O:3|Sr:1,joint,zero,oxide,Sr,In,O,False,False,1.25,12,0.0,6,True,0.0003915488487109542,0.000726992089767009,0.002543029375374317,0.002543036825954914,"[""Mo"", ""Nb"", ""V"", ""W"", ""Ta"", ""In"", ""Ti"", ""Cr"", ""Zr"", ""Sn"", ""Pb"", ""Y""]","[0.6287075877189636, 0.23248720169067383, 0.06377413123846054, 0.049240048974752426, 0.021034888923168182, 0.002543036825954914, 0.0018909061327576637, 0.00021056704281363636, 6.279680383158848e-05, 1.7799826309783384e-05, 1.6967811461654492e-05, 1.4012663086759858e-05]","[""Cu"", ""Zn"", ""W"", ""Mo""]",0.39974939823150635,0.7422180771827698,0.677945613861084,0.677947636693716,"[""Yb"", ""Pr"", ""Tb"", ""Tm"", ""Er"", ""Ho"", ""Gd"", ""Dy"", ""Nd"", ""La"", ""Eu"", ""Sm"", ""Lu"", ""Ce""]",False,,False,1.0911775384369804e-17,0.0,"[""La"", ""Er"", ""Nd"", ""Lu"", ""Yb"", ""Ho"", ""Tb"", ""Dy"", ""Ce"", ""Eu"", ""Sm"", ""Tm""]","[1.0, 5.584594839244687e-24, 5.216825124217483e-24, 3.606565956878714e-24, 3.3917792483401154e-24, 2.3502237126410147e-24, 2.0104214832866112e-24, 1.9440086641826384e-24, 1.4195461270448007e-24, 1.3538482131361844e-24, 9.642502238234493e-25, 6.836879971846835e-25]",0.0,False,fresh empty counts; all B weights equal 1
cmr_48e3dd02e3ba06e1f0ac4ae4a0ccb197,In:1|O:3|Sr:1,joint,template,oxide,Sr,In,O,False,False,1.25,12,0.0,1,True,0.9235115051269531,0.9981122016906738,0.9931039214134216,0.9931039214134216,"[""In"", ""Pb"", ""Sn"", ""Zn"", ""Ga"", ""Y"", ""Cu"", ""Mn"", ""Sc"", ""Cr"", ""Ta"", ""Nb""]","[0.9931039214134216, 0.006351168733090162, 0.0005369989667087793, 7.5128978096472565e-06, 3.7281009213074867e-07, 1.358106516136104e-07, 1.4636675552126555e-11, 1.4814906029378405e-12, 1.3253579006847205e-12, 4.4040864840633534e-14, 2.2915048290416025e-14, 1.5450777118776633e-14]","[""Cu"", ""Zn"", ""W"", ""Mo""]",3.664024461613735e-07,3.960002175062982e-07,7.512912361562485e-06,7.512912446322809e-06,"[""Yb"", ""Pr"", ""Tb"", ""Tm"", ""Er"", ""Ho"", ""Gd"", ""Dy"", ""Nd"", ""La"", ""Eu"", ""Sm"", ""Lu"", ""Ce""]",False,,False,0.9980803728103638,0.0,"[""La"", ""Er"", ""Sm"", ""Nd"", ""Lu"", ""Ce"", ""Dy"", ""Ho"", ""Yb"", ""Tb"", ""Pr"", ""Tm""]","[1.0, 2.5481489748097053e-12, 2.0222367617256376e-12, 1.5887498565000935e-12, 1.4058103639524866e-12, 1.266772927874249e-12, 1.2310203854545843e-12, 1.2066992370607377e-12, 1.1214683695581762e-12, 8.928752919315497e-13, 8.309443085864621e-13, 7.781828024848447e-13]",0.0,False,fresh empty counts; all B weights equal 1
cmr_48e3dd02e3ba06e1f0ac4ae4a0ccb197,In:1|O:3|Sr:1,fixed_real,zero,oxide,Sr,In,O,False,False,1.25,12,0.0,15,False,6.271450139444316e-18,1.1281430819591176e-17,2.7638449593748483e-14,0.0,"[""Ti"", ""Zr"", ""V"", ""Cr"", ""Fe"", ""Mn"", ""Ge"", ""Hf"", ""Mo"", ""Nb"", ""Al"", ""Sc""]","[0.999014139175415, 0.0006585536757484078, 0.0001688971824478358, 0.000152220789459534, 5.726848485210212e-06, 3.766531904147996e-07, 1.5183258028628188e-07, 2.4438313594998817e-09, 1.6222888588046658e-09, 1.1188846515963746e-09, 7.334074458853479e-10, 1.577127178853388e-10]","[""Cu"", ""Zn"", ""W"", ""Mo""]",5.7297448036175425e-12,1.0306980963159518e-11,1.6222888588046658e-09,1.6222888588046658e-09,"[""Yb"", ""Pr"", ""Tb"", ""Tm"", ""Er"", ""Ho"", ""Gd"", ""Dy"", ""Nd"", ""La"", ""Eu"", ""Sm"", ""Lu"", ""Ce""]",False,,False,1.3763405272710624e-16,0.0,"[""La"", ""Dy"", ""Lu"", ""Yb"", ""Sm"", ""Er"", ""Eu"", ""Tb"", ""Gd"", ""Tm"", ""Ho"", ""Nd""]","[1.0, 1.5178048054509397e-11, 1.1642741458428585e-11, 7.680483853078623e-12, 7.66204807933768e-12, 5.479496197058342e-12, 3.46139002876944e-12, 2.9703899930011435e-12, 1.281052737847621e-12, 1.1415497453565182e-12, 1.1159738497884542e-12, 1.0429118506294355e-12]",0.0,False,fresh empty counts; all B weights equal 1
cmr_48e3dd02e3ba06e1f0ac4ae4a0ccb197,In:1|O:3|Sr:1,fixed_real,template,oxide,Sr,In,O,False,False,1.25,12,0.0,18,False,1.2468784844305092e-20,1.2468783228717958e-20,1.1517576822404652e-16,0.0,"[""Cr"", ""Zr"", ""Fe"", ""V"", ""Ti"", ""Mn"", ""Mo"", ""Hf"", ""Nb"", ""Sc"", ""Ge"", ""Co""]","[0.9463015198707581, 0.047493238002061844, 0.004236979875713587, 0.001235314877703786, 0.00046303728595376015, 0.00026055710623040795, 5.390533260651864e-06, 3.7422555578814354e-06, 5.900473354358837e-08, 3.645410728836396e-08, 5.0333848200523335e-09, 2.136682830666814e-09]","[""Cu"", ""Zn"", ""W"", ""Mo""]",2.714334357278858e-07,2.714334073061764e-07,5.390534170146566e-06,5.390533260651864e-06,"[""Yb"", ""Pr"", ""Tb"", ""Tm"", ""Er"", ""Ho"", ""Gd"", ""Dy"", ""Nd"", ""La"", ""Eu"", ""Sm"", ""Lu"", ""Ce""]",False,,False,9.481804230659918e-10,0.0,"[""La"", ""Ce"", ""Yb"", ""Ho"", ""Tb"", ""Er"", ""Gd"", ""Eu"", ""Nd"", ""Pr"", ""Tm"", ""Dy""]","[1.0, 3.893677741340085e-11, 2.9257679612371135e-11, 2.78771138118028e-11, 2.6172845141170242e-11, 2.6111912979076557e-11, 2.5776904916119392e-11, 2.557211213616295e-11, 2.3315935987477943e-11, 2.3267780063784826e-11, 2.2969610588563505e-11, 1.9738523315826484e-11]",0.0,False,fresh empty counts; all B weights equal 1
cmr_48e3dd02e3ba06e1f0ac4ae4a0ccb197,In:1|O:3|Sr:1,property,zero,oxide,Sr,In,O,False,False,1.25,12,0.0,15,False,2.011495280750798e-23,2.042928712007665e-21,2.5092872952014592e-17,0.0,"[""Ti"", ""Zr"", ""Ge"", ""Nb"", ""V"", ""Cr"", ""Sc"", ""Mo"", ""Mn"", ""Hf"", ""Al"", ""Ta""]","[0.7638289928436279, 0.2170564830303192, 0.01909555122256279, 9.36878495849669e-06, 9.246998160961084e-06, 3.639274268607551e-07, 1.1702801394619655e-08, 4.748025084211349e-09, 3.1819384904707704e-09, 6.422714027287668e-10, 4.853242113744827e-11, 5.779125008403829e-13]","[""Cu"", ""Zn"", ""W"", ""Mo""]",4.463980183763705e-13,4.533737968381857e-11,4.748025084211349e-09,4.748025084211349e-09,"[""Yb"", ""Pr"", ""Tb"", ""Tm"", ""Er"", ""Ho"", ""Gd"", ""Dy"", ""Nd"", ""La"", ""Eu"", ""Sm"", ""Lu"", ""Ce""]",False,,False,0.0,0.0,"[""La"", ""Er"", ""Yb"", ""Dy"", ""Tb"", ""Lu"", ""Nd"", ""Eu"", ""Gd"", ""Ce"", ""Pr"", ""Ho""]","[1.0, 2.6764800668604006e-43, 1.975830834697992e-43, 1.1210387714598537e-43, 6.445972935894159e-44, 6.445972935894159e-44, 5.74532370373175e-44, 3.0828566215145976e-44, 1.2611686178923354e-44, 1.1210387714598537e-44, 9.80908925027372e-45, 8.407790785948902e-45]",0.0,False,fresh empty counts; all B weights equal 1
cmr_48e3dd02e3ba06e1f0ac4ae4a0ccb197,In:1|O:3|Sr:1,property,template,oxide,Sr,In,O,False,False,1.25,12,0.0,18,False,0.012109655886888504,0.014988121576607227,0.02017872966825962,0.0,"[""W"", ""Mo"", ""Ge"", ""Cr"", ""Sn"", ""Fe"", ""Nb"", ""Al"", ""V"", ""Ta"", ""Ti"", ""Sc""]","[0.2424692064523697, 0.1711764633655548, 0.08166523277759552, 0.06440726667642593, 0.06331632286310196, 0.059887610375881195, 0.05831582844257355, 0.05489116534590721, 0.05416042357683182, 0.05396512150764465, 0.05335833504796028, 0.042387086898088455]","[""Cu"", ""Zn"", ""W"", ""Mo""]",0.341458797454834,0.42262354493141174,0.34207844734191895,0.4136456698179245,"[""Yb"", ""Pr"", ""Tb"", ""Tm"", ""Er"", ""Ho"", ""Gd"", ""Dy"", ""Nd"", ""La"", ""Eu"", ""Sm"", ""Lu"", ""Ce""]",False,,False,0.10262006521224976,0.0,"[""La"", ""Er"", ""Dy"", ""Tb"", ""Tm"", ""Yb"", ""Pr"", ""Nd"", ""Sm"", ""Ho"", ""Lu"", ""Ce""]","[1.0, 2.2917447453640882e-11, 1.7544290673021656e-11, 1.7439929708706892e-11, 1.7321248602097938e-11, 1.7034894328471495e-11, 1.6736089944457966e-11, 1.6351829612570867e-11, 1.6276464551157055e-11, 1.5796947083757118e-11, 1.4583062188378015e-11, 1.4077886426044905e-11]",0.0,False,fresh empty counts; all B weights equal 1
cmr_4a1084fcbabc2f7e867be309d49cbe2b,Na:1|O:3|V:1,joint,zero,oxide,Na,V,O,True,True,1.25,12,0.0,1,True,0.9757391214370728,0.9757394790649414,0.9433343410491943,0.9433343410491943,"[""V"", ""Cr"", ""Ti"", ""Nb"", ""Mo"", ""Zr"", ""Hf"", ""Ta"", ""Mn"", ""Ge"", ""Sc"", ""Fe""]","[0.9433343410491943, 0.04226469621062279, 0.00801106821745634, 0.00475615169852972, 0.0014830126892775297, 0.00012737726501654834, 2.297397077200003e-05, 3.1282581858249614e-07, 6.02791772053024e-08, 1.7426568521550223e-10, 9.536584846467355e-13, 5.19090555316324e-14]","[""Cu"", ""Zn"", ""W"", ""Mo""]",0.0003054442349821329,0.0003054443222936243,0.0014830126892775297,0.0014830126892775297,"[""Yb"", ""Pr"", ""Tb"", ""Tm"", ""Er"", ""K"", ""Ba"", ""Sr"", ""Ho"", ""Gd"", ""Na"", ""Ca"", ""Rb"", ""Dy"", ""Nd"", ""Cs"", ""La"", ""Eu"", ""Sm"", ""Lu"", ""Ce""]",True,4,True,4.2859275203844224e-27,2.72001778739428e-11,"[""Ba"", ""Sr"", ""La"", ""Na"", ""Rb"", ""K"", ""Cs"", ""Ca"", ""Er"", ""Nd"", ""Lu"", ""Yb""]","[0.9999992847442627, 7.054019306451664e-07, 1.221835299602958e-09, 2.72001778739428e-11, 5.451863461548856e-13, 2.4889221204318045e-14, 4.730191966470596e-15, 3.457297271417647e-19, 3.3589124189865865e-42, 2.2616957214202548e-42, 1.1602751284609485e-42, 1.1210387714598537e-42]",2.5658861871136706e-11,True,fresh empty counts; all B weights equal 1
cmr_4a1084fcbabc2f7e867be309d49cbe2b,Na:1|O:3|V:1,joint,template,oxide,Na,V,O,True,True,1.25,12,0.0,1,True,0.9662644863128662,0.9662688374519348,0.9322645664215088,0.9322644472122192,"[""V"", ""Cr"", ""Ti"", ""Nb"", ""Mo"", ""Zr"", ""Mn"", ""Fe"", ""Hf"", ""Ta"", ""Y"", ""Sc""]","[0.9322644472122192, 0.06145843118429184, 0.003860439406707883, 0.0012915028491988778, 0.0007407711236737669, 0.00033781526144593954, 1.915225038828794e-05, 1.408077878295444e-05, 1.2615020750672556e-05, 6.097233153923298e-07, 3.257436276271619e-08, 9.414775625771199e-09]","[""Cu"", ""Zn"", ""W"", ""Mo""]",0.00012890707876067609,0.00012890766083728522,0.0007407714729197323,0.0007407711236737669,"[""Yb"", ""Pr"", ""Tb"", ""Tm"", ""Er"", ""K"", ""Ba"", ""Sr"", ""Ho"", ""Gd"", ""Na"", ""Ca"", ""Rb"", ""Dy"", ""Nd"", ""Cs"", ""La"", ""Eu"", ""Sm"", ""Lu"", ""Ce""]",True,1,True,0.9968312382698059,0.9885240197181702,"[""Na"", ""K"", ""Ba"", ""Sr"", ""Ca"", ""Rb"", ""Cs"", ""La"", ""Er"", ""Tb"", ""Yb"", ""Ho""]","[0.9885240197181702, 0.007823348045349121, 0.002037435071542859, 0.0016104900278151035, 1.5115554106159834e-06, 1.4909647916283575e-06, 9.123929203269654e-07, 6.430539656321344e-07, 3.0277792405549067e-18, 2.8813347713182124e-18, 2.7689238212044e-18, 2.5125121001785278e-18]",0.9215657987985608,True,fresh empty counts; all B weights equal 1
cmr_4a1084fcbabc2f7e867be309d49cbe2b,Na:1|O:3|V:1,fixed_real,zero,oxide,Na,V,O,True,True,1.25,12,0.0,3,True,1.0715308235376142e-05,1.9275288650533184e-05,0.0001688971824478358,0.0001688971824478358,"[""Ti"", ""Zr"", ""V"", ""Cr"", ""Fe"", ""Mn"", ""Ge"", ""Hf"", ""Mo"", ""Nb"", ""Al"", ""Sc""]","[0.999014139175415, 0.0006585536757484078, 0.0001688971824478358, 0.000152220789459534, 5.726848485210212e-06, 3.766531904147996e-07, 1.5183258028628188e-07, 2.4438313594998817e-09, 1.6222888588046658e-09, 1.1188846515963746e-09, 7.334074458853479e-10, 1.577127178853388e-10]","[""Cu"", ""Zn"", ""W"", ""Mo""]",5.7297448036175425e-12,1.0306980963159518e-11,1.6222888588046658e-09,1.6222888588046658e-09,"[""Yb"", ""Pr"", ""Tb"", ""Tm"", ""Er"", ""K"", ""Ba"", ""Sr"", ""Ho"", ""Gd"", ""Na"", ""Ca"", ""Rb"", ""Dy"", ""Nd"", ""Cs"", ""La"", ""Eu"", ""Sm"", ""Lu"", ""Ce""]",True,2,True,2.2201224561946823e-16,0.042436204850673676,"[""Ca"", ""Na"", ""Sr"", ""Ba"", ""La"", ""K"", ""Rb"", ""Cs"", ""Dy"", ""Lu"", ""Yb"", ""Sm""]","[0.9286159873008728, 0.042436204850673676, 0.02894781157374382, 1.194126603154544e-10, 3.2910181524403725e-11, 5.189968395910398e-14, 3.181498194592334e-20, 1.1734388208645085e-20, 4.995123292538154e-22, 3.8316476157748084e-22, 2.527661296750945e-22, 2.521594009756709e-22]",7.1673554330579665e-06,True,fresh empty counts; all B weights equal 1
cmr_4a1084fcbabc2f7e867be309d49cbe2b,Na:1|O:3|V:1,fixed_real,template,oxide,Na,V,O,True,True,1.25,12,0.0,4,True,0.0002420176169835031,0.00024201758787967265,0.0012353149941191077,0.001235314877703786,"[""Cr"", ""Zr"", ""Fe"", ""V"", ""Ti"", ""Mn"", ""Mo"", ""Hf"", ""Nb"", ""Sc"", ""Ge"", ""Co""]","[0.9463015198707581, 0.047493238002061844, 0.004236979875713587, 0.001235314877703786, 0.00046303728595376015, 0.00026055710623040795, 5.390533260651864e-06, 3.7422555578814354e-06, 5.900473354358837e-08, 3.645410728836396e-08, 5.0333848200523335e-09, 2.136682830666814e-09]","[""Cu"", ""Zn"", ""W"", ""Mo""]",2.714334357278858e-07,2.714334073061764e-07,5.390534170146566e-06,5.390533260651864e-06,"[""Yb"", ""Pr"", ""Tb"", ""Tm"", ""Er"", ""K"", ""Ba"", ""Sr"", ""Ho"", ""Gd"", ""Na"", ""Ca"", ""Rb"", ""Dy"", ""Nd"", ""Cs"", ""La"", ""Eu"", ""Sm"", ""Lu"", ""Ce""]",True,5,True,2.250263531067276e-09,1.1945778055633127e-07,"[""Cs"", ""Rb"", ""K"", ""Ca"", ""Na"", ""Sr"", ""Ba"", ""La"", ""Ce"", ""Yb"", ""Ho"", ""Tb""]","[0.9852327704429626, 0.01465548761188984, 0.00010961074440274388, 1.836017872847151e-06, 1.1945778055633127e-07, 5.98328995238262e-08, 2.243933927559283e-09, 1.1527276910783257e-09, 4.4883498583723517e-20, 3.372613751478736e-20, 3.213471956441776e-20, 3.017016560960432e-20]",1.4756797357871006e-10,True,fresh empty counts; all B weights equal 1
cmr_4a1084fcbabc2f7e867be309d49cbe2b,Na:1|O:3|V:1,property,zero,oxide,Na,V,O,True,True,1.25,12,0.0,7,True,1.1778084452310672e-16,1.1209793910893495e-06,1.5232967598421965e-05,1.5232969417411368e-05,"[""W"", ""Ge"", ""Nb"", ""Mo"", ""Cr"", ""Zr"", ""V"", ""Ti"", ""Ta"", ""Mn"", ""In"", ""Sn""]","[0.643592894077301, 0.352600634098053, 0.002502027666196227, 0.0012227912666276097, 3.1183139071799815e-05, 2.173001121263951e-05, 1.5232969417411368e-05, 7.322253622987773e-06, 5.091361799713923e-06, 9.905737670123926e-07, 1.2338563237790368e-07, 2.127142906260815e-08]","[""Cu"", ""Zn"", ""W"", ""Mo""]",7.137197777229431e-11,0.6792829632759094,0.6448156237602234,0.6448156853439286,"[""Yb"", ""Pr"", ""Tb"", ""Tm"", ""Er"", ""K"", ""Ba"", ""Sr"", ""Ho"", ""Gd"", ""Na"", ""Ca"", ""Rb"", ""Dy"", ""Nd"", ""Cs"", ""La"", ""Eu"", ""Sm"", ""Lu"", ""Ce""]",True,5,True,7.287133983572331e-32,9.171651577045883e-16,"[""Cs"", ""La"", ""Ba"", ""Rb"", ""Na"", ""K"", ""Sr"", ""Ca"", ""Er"", ""Yb"", ""Dy"", ""Ho""]","[1.0, 3.0487087854247363e-10, 2.4524444974804993e-11, 5.660617374142474e-13, 9.171651577045883e-16, 7.384359589239079e-20, 3.018437611524109e-24, 7.45141951628365e-36, 0.0, 0.0, 0.0, 0.0]",1.3971148798029268e-20,True,fresh empty counts; all B weights equal 1
cmr_4a1084fcbabc2f7e867be309d49cbe2b,Na:1|O:3|V:1,property,template,oxide,Na,V,O,True,True,1.25,12,0.0,10,True,0.002330658258870244,0.0023515375796705484,0.005519789177924395,0.005548856221139431,"[""Ta"", ""Nb"", ""Ge"", ""Sn"", ""Zr"", ""Hf"", ""Ti"", ""Ga"", ""Sc"", ""V"", ""In"", ""Cr""]","[0.2846180498600006, 0.23112311959266663, 0.1705310195684433, 0.12578259408473969, 0.1103406623005867, 0.02441881038248539, 0.017686929553747177, 0.012452512048184872, 0.00997574720531702, 0.005548856221139431, 0.0046493844129145145, 0.0028724726289510727]","[""Cu"", ""Zn"", ""W"", ""Mo""]",0.00033734028693288565,0.00034036237047985196,0.0013577393256127834,0.0,"[""Yb"", ""Pr"", ""Tb"", ""Tm"", ""Er"", ""K"", ""Ba"", ""Sr"", ""Ho"", ""Gd"", ""Na"", ""Ca"", ""Rb"", ""Dy"", ""Nd"", ""Cs"", ""La"", ""Eu"", ""Sm"", ""Lu"", ""Ce""]",True,3,True,0.17328289151191711,0.17254599928855896,"[""Sr"", ""Ba"", ""Na"", ""Ca"", ""K"", ""Rb"", ""La"", ""Cs"", ""Er"", ""Tb"", ""Tm"", ""Yb""]","[0.19151730835437775, 0.17697520554065704, 0.17254599928855896, 0.14326532185077667, 0.11610640585422516, 0.09195434302091599, 0.07795275747776031, 0.029682645574212074, 5.737602131958026e-15, 4.3485832949418e-15, 3.8706771417055565e-15, 3.754309214312919e-15]",0.0009574329415850402,True,fresh empty counts; all B weights equal 1
cmr_5a86c2636813d6b401520d96410cc7c7,N:3|Na:1|Ti:1,joint,zero,nitride,Na,Ti,N,False,False,1.25,12,0.0,1,True,0.40104249119758606,0.99955815076828,0.9977329969406128,0.9977329969406128,"[""Ti"", ""Zr"", ""Cr"", ""Mn"", ""Fe"", ""Mo"", ""Nb"", ""Hf"", ""Ta"", ""Co"", ""W"", ""Ni""]","[0.9977329969406128, 0.0018319196533411741, 0.00042741012293845415, 6.51617529001669e-06, 1.0210203527094563e-06, 7.72412889205043e-09, 6.358690018970492e-09, 8.758893610405494e-10, 2.6048590351092317e-15, 3.466087142828771e-16, 1.3539513950672121e-17, 1.4271228362723045e-21]","[""Ta"", ""Nb"", ""Ti"", ""Zr"", ""Hf"", ""Cr"", ""Mn"", ""Fe"", ""Co"", ""Ni""]",0.40121975541114807,1.0,0.9999998807907104,0.9999998711471174,[],False,,False,0.0,0.0,[],[],0.0,False,fresh empty counts; all B weights equal 1
cmr_5a86c2636813d6b401520d96410cc7c7,N:3|Na:1|Ti:1,joint,template,nitride,Na,Ti,N,False,False,1.25,12,0.0,1,True,0.739507794380188,0.7395418882369995,0.6806318759918213,0.6806318759918213,"[""Ti"", ""Zr"", ""Hf"", ""Mo"", ""Fe"", ""Cr"", ""Nb"", ""Co"", ""Mn"", ""Ta"", ""W"", ""Ni""]","[0.6806318759918213, 0.26993075013160706, 0.04912504926323891, 0.0002483510470483452, 3.9001242839731276e-05, 2.174260043830145e-05, 3.222442501282785e-06, 1.5283690757428303e-08, 1.1453026971253166e-08, 6.609307545701881e-11, 1.366650221538545e-14, 6.364087287384212e-16]","[""Ta"", ""Nb"", ""Ti"", ""Zr"", ""Hf"", ""Cr"", ""Mn"", ""Fe"", ""Co"", ""Ni""]",0.999916672706604,0.9999627470970154,0.999751627445221,0.9997516684752581,[],False,,False,0.9997460246086121,0.0,[],[],0.0,False,fresh empty counts; all B weights equal 1
cmr_5a86c2636813d6b401520d96410cc7c7,N:3|Na:1|Ti:1,fixed_real,zero,nitride,Na,Ti,N,False,False,1.25,12,0.0,1,True,0.5558301210403442,0.9998772144317627,0.9991829991340637,0.9991829991340637,"[""Ti"", ""Zr"", ""Cr"", ""Fe"", ""Mn"", ""Hf"", ""Mo"", ""Nb"", ""Co"", ""Ta"", ""W"", ""Ni""]","[0.9991829991340637, 0.0006586649687960744, 0.00015224651724565774, 5.727816642320249e-06, 3.767168550439237e-07, 2.4442443624650423e-09, 1.6225630838917482e-09, 1.1190737225774683e-09, 1.9822163387691466e-13, 4.849864817900073e-17, 2.6944885262177437e-18, 4.984188671659574e-19]","[""Ta"", ""Nb"", ""Ti"", ""Zr"", ""Hf"", ""Cr"", ""Mn"", ""Fe"", ""Co"", ""Ni""]",0.5558984279632568,1.0,1.0,1.0000000187171192,[],False,,False,2.2201224561946823e-16,0.0,[],[],0.0,False,fresh empty counts; all B weights equal 1
cmr_5a86c2636813d6b401520d96410cc7c7,N:3|Na:1|Ti:1,fixed_real,template,nitride,Na,Ti,N,False,False,1.25,12,0.0,4,True,7.09813684807159e-05,7.099853974068537e-05,0.0004636100784409791,0.0004636100202333182,"[""Cr"", ""Zr"", ""Fe"", ""Ti"", ""Mn"", ""Mo"", ""Hf"", ""Nb"", ""Co"", ""Ta"", ""Ni"", ""W""]","[0.9474719762802124, 0.04755198210477829, 0.004242220427840948, 0.0004636100202333182, 0.00026087937294505537, 5.3972007663105614e-06, 3.7468842037924333e-06, 5.907771694069197e-08, 2.1393256055546317e-09, 6.288150881071652e-13, 3.8038644930802275e-17, 2.6637434222610358e-17]","[""Ta"", ""Nb"", ""Ti"", ""Zr"", ""Hf"", ""Cr"", ""Mn"", ""Fe"", ""Co"", ""Ni""]",0.999757707118988,0.9999996423721313,0.9999946355819702,0.9999944763078852,[],False,,False,2.250263531067276e-09,0.0,[],[],0.0,False,fresh empty counts; all B weights equal 1
cmr_5a86c2636813d6b401520d96410cc7c7,N:3|Na:1|Ti:1,property,zero,nitride,Na,Ti,N,False,False,1.25,12,0.0,1,True,0.017024749889969826,0.9982176423072815,0.9935371279716492,0.9935371279716492,"[""Ti"", ""Zr"", ""Cr"", ""Fe"", ""Nb"", ""Mo"", ""Mn"", ""Hf"", ""Co"", ""Ni"", ""Ta"", ""W""]","[0.9935371279716492, 0.006215445231646299, 0.0001821273472160101, 4.3103373172925785e-05, 1.2102337677788455e-05, 6.863189355499344e-06, 3.1739286896481644e-06, 3.13083923231261e-08, 2.806808652167092e-08, 1.975700159029259e-11, 1.0665214371374798e-12, 2.2365911748513378e-13]","[""Ta"", ""Nb"", ""Ti"", ""Zr"", ""Hf"", ""Cr"", ""Mn"", ""Fe"", ""Co"", ""Ni""]",0.017055140808224678,0.9999995231628418,0.9999932050704956,0.9999931395873541,[],False,,False,9.229891947428942e-20,0.0,[],[],0.0,False,fresh empty counts; all B weights equal 1
cmr_5a86c2636813d6b401520d96410cc7c7,N:3|Na:1|Ti:1,property,template,nitride,Na,Ti,N,False,False,1.25,12,0.0,8,True,0.005867724306881428,0.050885461270809174,0.059074483811855316,0.059074483811855316,"[""Ni"", ""Co"", ""Fe"", ""Mo"", ""W"", ""Cr"", ""Mn"", ""Ti"", ""Hf"", ""Nb"", ""Zr"", ""Ta""]","[0.24750223755836487, 0.1466332972049713, 0.10182853043079376, 0.08484987169504166, 0.07956865429878235, 0.06797901540994644, 0.06114206090569496, 0.059074483811855316, 0.04983692243695259, 0.03679390624165535, 0.03647604584693909, 0.02831493504345417]","[""Ta"", ""Nb"", ""Ti"", ""Zr"", ""Hf"", ""Cr"", ""Mn"", ""Fe"", ""Co"", ""Ni""]",0.09757170081138611,0.8461510539054871,0.8355814814567566,0.8355814348906279,[],False,,False,0.04345744103193283,0.0,[],[],0.0,False,fresh empty counts; all B weights equal 1
cmr_64d9953c18e416a7e01500249a2bbe8d,Ca:1|O:3|Pb:1,joint,zero,oxide,Ca,Pb,O,True,False,1.25,12,0.0,12,True,1.256377640812545e-10,6.666964202928227e-10,4.050043145298332e-08,4.0500435005697e-08,"[""Mo"", ""Nb"", ""Ta"", ""W"", ""Ti"", ""V"", ""Zr"", ""Hf"", ""In"", ""Cr"", ""Sc"", ""Pb""]","[0.7106256484985352, 0.28532373905181885, 0.0021904564928263426, 0.0012474942486733198, 0.0004525438416749239, 0.00012944643094670027, 1.727656854200177e-05, 1.0547346391831525e-05, 2.6358184186392464e-06, 1.9481689150779857e-07, 7.901035559143565e-08, 4.0500435005697e-08]","[""Cu"", ""Zn"", ""W"", ""Mo""]",0.14272643625736237,0.7573773264884949,0.7118730545043945,0.7118731427472085,"[""Ba"", ""Sr"", ""Ca""]",True,3,True,7.387424954532693e-15,9.468117262434461e-12,"[""Ba"", ""Sr"", ""Ca""]","[0.9999998807907104, 1.2984379793579137e-07, 9.468117262434461e-12]",3.834628678135447e-19,True,fresh empty counts; all B weights equal 1
cmr_64d9953c18e416a7e01500249a2bbe8d,Ca:1|O:3|Pb:1,joint,template,oxide,Ca,Pb,O,True,False,1.25,12,0.0,1,True,0.9914630055427551,0.9915372133255005,0.978350043296814,0.978350043296814,"[""Pb"", ""In"", ""Sn"", ""Y"", ""Zn"", ""V"", ""Ta"", ""Ga"", ""Nb"", ""Cr"", ""Sc"", ""Mn""]","[0.978350043296814, 0.021649928763508797, 3.907108236944623e-08, 1.0489676682823301e-08, 3.911141376045091e-12, 2.491806132091934e-13, 2.458711131827357e-13, 1.0970185941290914e-13, 7.24656405303066e-14, 4.766590242763534e-15, 2.809935717216187e-16, 6.515323167231895e-17]","[""Cu"", ""Zn"", ""W"", ""Mo""]",5.604523515065482e-15,5.604942796374373e-15,3.911181708365907e-12,3.911141376045091e-12,"[""Ba"", ""Sr"", ""Ca""]",True,2,True,0.005363932345062494,0.015111003071069717,"[""Sr"", ""Ca"", ""Ba""]","[0.9841267466545105, 0.015111003071069717, 0.0007622629054822028]",0.014783850508839347,True,fresh empty counts; all B weights equal 1
cmr_64d9953c18e416a7e01500249a2bbe8d,Ca:1|O:3|Pb:1,fixed_real,zero,oxide,Ca,Pb,O,True,False,1.25,12,0.0,22,False,7.853691110068377e-32,1.4127652994481944e-31,2.087752679660715e-25,0.0,"[""Ti"", ""Zr"", ""V"", ""Cr"", ""Fe"", ""Mn"", ""Ge"", ""Hf"", ""Mo"", ""Nb"", ""Al"", ""Sc""]","[0.999014139175415, 0.0006585536757484078, 0.0001688971824478358, 0.000152220789459534, 5.726848485210212e-06, 3.766531904147996e-07, 1.5183258028628188e-07, 2.4438313594998817e-09, 1.6222888588046658e-09, 1.1188846515963746e-09, 7.334074458853479e-10, 1.577127178853388e-10]","[""Cu"", ""Zn"", ""W"", ""Mo""]",5.7297448036175425e-12,1.0306980963159518e-11,1.6222888588046658e-09,1.6222888588046658e-09,"[""Ba"", ""Sr"", ""Ca""]",True,1,True,1.0507548742775055e-14,0.969769299030304,"[""Ca"", ""Sr"", ""Ba""]","[0.969769299030304, 0.03023068793118, 1.2470464938463266e-10]",0.0,False,fresh empty counts; all B weights equal 1
cmr_64d9953c18e416a7e01500249a2bbe8d,Ca:1|O:3|Pb:1,fixed_real,template,oxide,Ca,Pb,O,True,False,1.25,12,0.0,16,False,7.798080450465648e-17,7.798079788721158e-17,1.2539821340595142e-13,0.0,"[""Cr"", ""Zr"", ""Fe"", ""V"", ""Ti"", ""Mn"", ""Mo"", ""Hf"", ""Nb"", ""Sc"", ""Ge"", ""Co""]","[0.9463015198707581, 0.047493238002061844, 0.004236979875713587, 0.001235314877703786, 0.00046303728595376015, 0.00026055710623040795, 5.390533260651864e-06, 3.7422555578814354e-06, 5.900473354358837e-08, 3.645410728836396e-08, 5.0333848200523335e-09, 2.136682830666814e-09]","[""Cu"", ""Zn"", ""W"", ""Mo""]",2.714334357278858e-07,2.714334073061764e-07,5.390534170146566e-06,5.390533260651864e-06,"[""Ba"", ""Sr"", ""Ca""]",True,1,True,6.847938038845314e-08,0.9672951698303223,"[""Ca"", ""Sr"", ""Ba""]","[0.9672951698303223, 0.03152264282107353, 0.0011822022497653961]",0.0,False,fresh empty counts; all B weights equal 1
cmr_64d9953c18e416a7e01500249a2bbe8d,Ca:1|O:3|Pb:1,property,zero,oxide,Ca,Pb,O,True,False,1.25,12,0.0,23,False,1.0846398047000575e-31,2.592042005529281e-29,1.3439157443646372e-23,0.0,"[""Ti"", ""Zr"", ""Ge"", ""V"", ""Cr"", ""Nb"", ""Mn"", ""Mo"", ""Sc"", ""Fe"", ""Hf"", ""Al""]","[0.9927653670310974, 0.004110765643417835, 0.002929371315985918, 0.0001878838229458779, 6.064078661438543e-06, 4.665887445298722e-07, 1.4370348822012602e-07, 3.784391111594232e-08, 6.1289777697481895e-09, 2.1170676323123416e-09, 3.389390851316065e-11, 1.7960312057030414e-11]","[""Cu"", ""Zn"", ""W"", ""Mo""]",2.2249212021374642e-12,5.317054574405233e-10,3.784390756322864e-08,3.784391111594232e-08,"[""Ba"", ""Sr"", ""Ca""]",True,3,True,0.0,1.5386334875310583e-19,"[""Ba"", ""Sr"", ""Ca""]","[1.0, 4.641637629809736e-10, 1.5386334875310583e-19]",0.0,False,fresh empty counts; all B weights equal 1
cmr_64d9953c18e416a7e01500249a2bbe8d,Ca:1|O:3|Pb:1,property,template,oxide,Ca,Pb,O,True,False,1.25,12,0.0,23,False,0.00337832304649055,0.004766596481204033,0.007716122083365917,0.0,"[""W"", ""Mo"", ""Ge"", ""Fe"", ""Al"", ""Cr"", ""Sn"", ""Ga"", ""V"", ""Co"", ""In"", ""Nb""]","[0.1678139716386795, 0.1376178115606308, 0.08953125774860382, 0.0893770158290863, 0.08145875483751297, 0.06887190043926239, 0.06713919341564178, 0.0658334419131279, 0.061582013964653015, 0.05983089283108711, 0.05696752294898033, 0.053976211696863174]","[""Cu"", ""Zn"", ""W"", ""Mo""]",0.20996986329555511,0.2962540090084076,0.25948965549468994,0.3054317831993103,"[""Ba"", ""Sr"", ""Ca""]",True,3,True,0.05962231382727623,0.2345634549856186,"[""Ba"", ""Sr"", ""Ca""]","[0.4192504584789276, 0.3461860716342926, 0.2345634549856186]",0.0,False,fresh empty counts; all B weights equal 1
cmr_682785369aa2b3971943559ce4e3b0ca,Ge:1|La:1|O:3,joint,zero,oxide,La,Ge,O,False,False,1.25,12,0.0,7,True,6.541662855852337e-07,0.0033793412148952484,0.007927659898996353,0.007927661761641502,"[""Zr"", ""Cr"", ""Fe"", ""Ti"", ""Mn"", ""V"", ""Ge"", ""Mo"", ""Hf"", ""Nb"", ""Al"", ""Co""]","[0.31698599457740784, 0.2769530117511749, 0.24569644033908844, 0.13188761472702026, 0.011753658764064312, 0.008146367967128754, 0.007927661761641502, 0.0005938651156611741, 4.772565807797946e-05, 6.5108911257993896e-06, 9.014437978294154e-07, 3.6063269703845435e-07]","[""Cu"", ""Zn"", ""W"", ""Mo""]",2.563695922219722e-08,0.0001324373297393322,0.0005938649992458522,0.0005938651156611741,"[""Ba"", ""Sr"", ""Ca""]",False,,False,1.577939534608852e-37,0.0,"[""Ba"", ""Sr"", ""Ca""]","[1.0, 9.361069697177982e-10, 5.700442681035793e-29]",0.0,False,fresh empty counts; all B weights equal 1
cmr_682785369aa2b3971943559ce4e3b0ca,Ge:1|La:1|O:3,joint,template,oxide,La,Ge,O,False,False,1.25,12,0.0,1,True,0.9325522780418396,0.9507479667663574,0.9044244289398193,0.9044244289398193,"[""Ge"", ""Sc"", ""Ga"", ""Mn"", ""Sn"", ""Ni"", ""Y"", ""Co"", ""Zr"", ""Cu"", ""Fe"", ""Al""]","[0.9044244289398193, 0.0677018016576767, 0.02727137878537178, 0.00033139431616291404, 0.00017588306218385696, 8.686208457220346e-05, 5.122647053212859e-06, 1.6554906778765144e-06, 5.139359586792125e-07, 4.841407985622936e-07, 3.63319173857235e-07, 6.494055782013675e-08]","[""Cu"", ""Zn"", ""W"", ""Mo""]",1.3511758822914999e-08,1.3775396823234587e-08,4.855389761360129e-07,4.841407985622936e-07,"[""Ba"", ""Sr"", ""Ca""]",False,,False,0.8949356079101562,0.0,"[""Ca"", ""Sr"", ""Ba""]","[0.9999979734420776, 1.6786514152045129e-06, 3.923804570149514e-07]",0.0,False,fresh empty counts; all B weights equal 1
cmr_682785369aa2b3971943559ce4e3b0ca,Ge:1|La:1|O:3,fixed_real,zero,oxide,La,Ge,O,False,False,1.25,12,0.0,7,True,1.6679432279786965e-09,3.000388382190522e-09,1.5183258028628188e-07,1.5183258028628188e-07,"[""Ti"", ""Zr"", ""V"", ""Cr"", ""Fe"", ""Mn"", ""Ge"", ""Hf"", ""Mo"", ""Nb"", ""Al"", ""Sc""]","[0.999014139175415, 0.0006585536757484078, 0.0001688971824478358, 0.000152220789459534, 5.726848485210212e-06, 3.766531904147996e-07, 1.5183258028628188e-07, 2.4438313594998817e-09, 1.6222888588046658e-09, 1.1188846515963746e-09, 7.334074458853479e-10, 1.577127178853388e-10]","[""Cu"", ""Zn"", ""W"", ""Mo""]",5.7297448036175425e-12,1.0306980963159518e-11,1.6222888588046658e-09,1.6222888588046658e-09,"[""Ba"", ""Sr"", ""Ca""]",False,,False,9.085941402301191e-28,0.0,"[""Ca"", ""Sr"", ""Ba""]","[0.969769299030304, 0.03023068793118, 1.2470464938463266e-10]",0.0,False,fresh empty counts; all B weights equal 1
cmr_682785369aa2b3971943559ce4e3b0ca,Ge:1|La:1|O:3,fixed_real,template,oxide,La,Ge,O,False,False,1.25,12,0.0,11,True,4.4304643287418344e-11,4.430463634852444e-11,5.033385264141543e-09,5.0333848200523335e-09,"[""Cr"", ""Zr"", ""Fe"", ""V"", ""Ti"", ""Mn"", ""Mo"", ""Hf"", ""Nb"", ""Sc"", ""Ge"", ""Co""]","[0.9463015198707581, 0.047493238002061844, 0.004236979875713587, 0.001235314877703786, 0.00046303728595376015, 0.00026055710623040795, 5.390533260651864e-06, 3.7422555578814354e-06, 5.900473354358837e-08, 3.645410728836396e-08, 5.0333848200523335e-09, 2.136682830666814e-09]","[""Cu"", ""Zn"", ""W"", ""Mo""]",2.714334357278858e-07,2.714334073061764e-07,5.390534170146566e-06,5.390533260651864e-06,"[""Ba"", ""Sr"", ""Ca""]",False,,False,6.805709641677371e-12,0.0,"[""Ca"", ""Sr"", ""Ba""]","[0.9672951698303223, 0.03152264282107353, 0.0011822022497653961]",0.0,False,fresh empty counts; all B weights equal 1
cmr_682785369aa2b3971943559ce4e3b0ca,Ge:1|La:1|O:3,property,zero,oxide,La,Ge,O,False,False,1.25,12,0.0,3,True,1.3185454008635134e-05,2.099946686939802e-05,0.0001798614248400554,0.0001798614248400554,"[""Ti"", ""Zr"", ""Ge"", ""V"", ""Nb"", ""Cr"", ""Mo"", ""Mn"", ""Hf"", ""Sc"", ""Fe"", ""Al""]","[0.9915042519569397, 0.008214960806071758, 0.0001798614248400554, 9.726587450131774e-05, 2.7535004392120754e-06, 8.462596952085732e-07, 1.180728048666424e-08, 1.2546216288100709e-09, 5.473388409171775e-10, 5.145697201669464e-10, 4.3656927031787696e-12, 3.906533571022136e-13]","[""Cu"", ""Zn"", ""W"", ""Mo""]",7.79129954997515e-11,1.2408608862646275e-10,1.180728048666424e-08,1.180728048666424e-08,"[""Ba"", ""Sr"", ""Ca""]",False,,False,4.331687499230514e-34,0.0,"[""Ba"", ""Sr"", ""Ca""]","[0.9999977350234985, 2.233223995062872e-06, 4.403715607378676e-18]",0.0,False,fresh empty counts; all B weights equal 1
cmr_682785369aa2b3971943559ce4e3b0ca,Ge:1|La:1|O:3,property,template,oxide,La,Ge,O,False,False,1.25,12,0.0,9,True,0.03657516837120056,0.04245376959443092,0.04589443281292915,0.05616912990808487,"[""W"", ""Mo"", ""V"", ""Nb"", ""Cr"", ""Ta"", ""Sn"", ""Al"", ""Ge"", ""Fe"", ""Mn"", ""Ti""]","[0.180686816573143, 0.13164490461349487, 0.09247996658086777, 0.0916086733341217, 0.09137361496686935, 0.08614123612642288, 0.05904252082109451, 0.058930519968271255, 0.05616912990808487, 0.05436638370156288, 0.051601532846689224, 0.04595482721924782]","[""Cu"", ""Zn"", ""W"", ""Mo""]",0.26635780930519104,0.30916857719421387,0.2614959180355072,0.3123317211866379,"[""Ba"", ""Sr"", ""Ca""]",False,,False,0.11168144643306732,0.0,"[""Ba"", ""Sr"", ""Ca""]","[0.5070436000823975, 0.29803234338760376, 0.19492405652999878]",0.0,False,fresh empty counts; all B weights equal 1
cmr_78c26d513a55ceb0d9345ce3cdf39c24,K:1|Ni:1|O:3,joint,zero,oxide,K,Ni,O,False,False,1.25,12,0.0,13,False,5.949077671525455e-16,1.1952704180150792e-13,4.581268697734231e-11,0.0,"[""Fe"", ""Cr"", ""V"", ""Nb"", ""Ti"", ""Zr"", ""Co"", ""Mn"", ""Al"", ""Mo"", ""Hf"", ""Ta""]","[0.9973746538162231, 0.0011404750403016806, 0.0010226564481854439, 0.00029305185307748616, 8.697562589077279e-05, 3.195422323187813e-05, 2.27789678319823e-05, 1.8096590792993084e-05, 6.021084573148983e-06, 3.138903593935538e-06, 1.7424228815343668e-07, 5.566688429659017e-11]","[""Cu"", ""Zn"", ""W"", ""Mo""]",6.594600976406184e-10,1.324967087157347e-07,3.1389038213092135e-06,3.138903593935538e-06,"[""Yb"", ""Pr"", ""Tb"", ""Tm"", ""Er"", ""Ho"", ""Gd"", ""Dy"", ""Nd"", ""La"", ""Eu"", ""Sm"", ""Lu"", ""Ce""]",False,,False,3.604468794814087e-26,0.0,"[""La"", ""Er"", ""Ho"", ""Lu"", ""Ce"", ""Dy"", ""Nd"", ""Tm"", ""Sm"", ""Yb"", ""Pr"", ""Gd""]","[1.0, 4.0750669065620684e-17, 3.642235717493081e-17, 3.259204771766726e-17, 9.270484440122699e-18, 7.362147334099587e-18, 5.999235753201078e-18, 5.861694642487598e-18, 5.8239822375903865e-18, 5.54288599951986e-18, 5.234742609780075e-18, 3.2374068669056983e-18]",0.0,False,fresh empty counts; all B weights equal 1
cmr_78c26d513a55ceb0d9345ce3cdf39c24,K:1|Ni:1|O:3,joint,template,oxide,K,Ni,O,False,False,1.25,12,0.0,1,True,0.9994958639144897,0.9997149109840393,0.9983396530151367,0.9983396530151367,"[""Ni"", ""Sc"", ""Co"", ""Cu"", ""Ge"", ""Ga"", ""Mn"", ""Fe"", ""Al"", ""Y"", ""Zr"", ""Sn""]","[0.9983396530151367, 0.001153399352915585, 0.0004697779659181833, 3.523099439917132e-05, 1.6231824702117592e-06, 1.8838359494566248e-07, 2.3870567744666005e-08, 8.671373841195873e-09, 6.984189615533154e-11, 1.5307153114485494e-11, 3.819622027521896e-13, 1.9856950014395663e-13]","[""Cu"", ""Zn"", ""W"", ""Mo""]",2.7185617454961175e-06,2.7191576918994542e-06,3.523099439917132e-05,3.523099439917132e-05,"[""Yb"", ""Pr"", ""Tb"", ""Tm"", ""Er"", ""Ho"", ""Gd"", ""Dy"", ""Nd"", ""La"", ""Eu"", ""Sm"", ""Lu"", ""Ce""]",False,,False,0.9855549335479736,0.0,"[""La"", ""Yb"", ""Nd"", ""Er"", ""Lu"", ""Ho"", ""Ce"", ""Tb"", ""Pr"", ""Dy"", ""Sm"", ""Eu""]","[1.0, 3.515972354163925e-16, 3.190186541990976e-16, 3.093710548089895e-16, 2.7724224808668664e-16, 2.7225976206292043e-16, 2.554952330313041e-16, 2.30981014276801e-16, 2.280062875056031e-16, 2.238693521214335e-16, 2.2140304364193518e-16, 1.8316765876552084e-16]",0.0,False,fresh empty counts; all B weights equal 1
cmr_78c26d513a55ceb0d9345ce3cdf39c24,K:1|Ni:1|O:3,fixed_real,zero,oxide,K,Ni,O,False,False,1.25,12,0.0,19,False,7.36843969333372e-24,1.325475647388553e-23,4.983346498398418e-19,0.0,"[""Ti"", ""Zr"", ""V"", ""Cr"", ""Fe"", ""Mn"", ""Ge"", ""Hf"", ""Mo"", ""Nb"", ""Al"", ""Sc""]","[0.999014139175415, 0.0006585536757484078, 0.0001688971824478358, 0.000152220789459534, 5.726848485210212e-06, 3.766531904147996e-07, 1.5183258028628188e-07, 2.4438313594998817e-09, 1.6222888588046658e-09, 1.1188846515963746e-09, 7.334074458853479e-10, 1.577127178853388e-10]","[""Cu"", ""Zn"", ""W"", ""Mo""]",5.7297448036175425e-12,1.0306980963159518e-11,1.6222888588046658e-09,1.6222888588046658e-09,"[""Yb"", ""Pr"", ""Tb"", ""Tm"", ""Er"", ""Ho"", ""Gd"", ""Dy"", ""Nd"", ""La"", ""Eu"", ""Sm"", ""Lu"", ""Ce""]",False,,False,2.8553517150823995e-31,0.0,"[""La"", ""Dy"", ""Lu"", ""Yb"", ""Sm"", ""Er"", ""Eu"", ""Tb"", ""Gd"", ""Tm"", ""Ho"", ""Nd""]","[1.0, 1.5178048054509397e-11, 1.1642741458428585e-11, 7.680483853078623e-12, 7.66204807933768e-12, 5.479496197058342e-12, 3.46139002876944e-12, 2.9703899930011435e-12, 1.281052737847621e-12, 1.1415497453565182e-12, 1.1159738497884542e-12, 1.0429118506294355e-12]",0.0,False,fresh empty counts; all B weights equal 1
cmr_78c26d513a55ceb0d9345ce3cdf39c24,K:1|Ni:1|O:3,fixed_real,template,oxide,K,Ni,O,False,False,1.25,12,0.0,19,False,3.1169912334586604e-21,3.116990829561877e-21,3.7991661072009263e-17,0.0,"[""Cr"", ""Zr"", ""Fe"", ""V"", ""Ti"", ""Mn"", ""Mo"", ""Hf"", ""Nb"", ""Sc"", ""Ge"", ""Co""]","[0.9463015198707581, 0.047493238002061844, 0.004236979875713587, 0.001235314877703786, 0.00046303728595376015, 0.00026055710623040795, 5.390533260651864e-06, 3.7422555578814354e-06, 5.900473354358837e-08, 3.645410728836396e-08, 5.0333848200523335e-09, 2.136682830666814e-09]","[""Cu"", ""Zn"", ""W"", ""Mo""]",2.714334357278858e-07,2.714334073061764e-07,5.390534170146566e-06,5.390533260651864e-06,"[""Yb"", ""Pr"", ""Tb"", ""Tm"", ""Er"", ""Ho"", ""Gd"", ""Dy"", ""Nd"", ""La"", ""Eu"", ""Sm"", ""Lu"", ""Ce""]",False,,False,1.1363992598489858e-05,0.0,"[""La"", ""Ce"", ""Yb"", ""Ho"", ""Tb"", ""Er"", ""Gd"", ""Eu"", ""Nd"", ""Pr"", ""Tm"", ""Dy""]","[1.0, 3.893677741340085e-11, 2.9257679612371135e-11, 2.78771138118028e-11, 2.6172845141170242e-11, 2.6111912979076557e-11, 2.5776904916119392e-11, 2.557211213616295e-11, 2.3315935987477943e-11, 2.3267780063784826e-11, 2.2969610588563505e-11, 1.9738523315826484e-11]",0.0,False,fresh empty counts; all B weights equal 1
cmr_78c26d513a55ceb0d9345ce3cdf39c24,K:1|Ni:1|O:3,property,zero,oxide,K,Ni,O,False,False,1.25,12,0.0,16,False,8.684376673207878e-20,1.5687295028610958e-17,3.5906261958932456e-14,0.0,"[""Ti"", ""Zr"", ""V"", ""Cr"", ""Fe"", ""Ge"", ""Nb"", ""Mo"", ""Mn"", ""Sc"", ""Al"", ""Co""]","[0.9965177774429321, 0.0019423732301220298, 0.0015095628332346678, 2.4398694222327322e-05, 2.862970859496272e-06, 1.9389869976293994e-06, 5.54936036678555e-07, 3.8497995547004393e-07, 1.8703968862610054e-07, 6.052210399509761e-10, 3.608429666179802e-10, 2.752803818228955e-10]","[""Cu"", ""Zn"", ""W"", ""Mo""]",5.328133420579029e-11,9.624640640026882e-09,3.8497989862662507e-07,3.8497995547004393e-07,"[""Yb"", ""Pr"", ""Tb"", ""Tm"", ""Er"", ""Ho"", ""Gd"", ""Dy"", ""Nd"", ""La"", ""Eu"", ""Sm"", ""Lu"", ""Ce""]",False,,False,1.4714881541785505e-30,0.0,"[""La"", ""Yb"", ""Er"", ""Dy"", ""Nd"", ""Lu"", ""Tb"", ""Eu"", ""Ce"", ""Gd"", ""Ho"", ""Pr""]","[1.0, 6.26031703986281e-33, 4.7342678657642536e-33, 3.625460778832053e-33, 2.847568024954796e-33, 2.2918238669157815e-33, 1.8697617018980776e-33, 1.3305818204655836e-33, 4.613689053170261e-34, 4.493971841201223e-34, 3.979251793157433e-34, 3.3283934280765947e-34]",0.0,False,fresh empty counts; all B weights equal 1
cmr_78c26d513a55ceb0d9345ce3cdf39c24,K:1|Ni:1|O:3,property,template,oxide,K,Ni,O,False,False,1.25,12,0.0,9,True,0.03313494473695755,0.057120729237794876,0.055283837020397186,0.07943855226039886,"[""W"", ""Mo"", ""Fe"", ""Al"", ""In"", ""Ge"", ""Ga"", ""Co"", ""Ni"", ""Zn"", ""Sn"", ""Cu""]","[0.10216828435659409, 0.1018567681312561, 0.09777606278657913, 0.08735500276088715, 0.08494842797517776, 0.0844840407371521, 0.08337635546922684, 0.08108564466238022, 0.07943855226039886, 0.07229094207286835, 0.06359734386205673, 0.06162267550826073]","[""Cu"", ""Zn"", ""W"", ""Mo""]",0.14416645467281342,0.2485259622335434,0.23518237471580505,0.33793867006897926,"[""Yb"", ""Pr"", ""Tb"", ""Tm"", ""Er"", ""Ho"", ""Gd"", ""Dy"", ""Nd"", ""La"", ""Eu"", ""Sm"", ""Lu"", ""Ce""]",False,,False,0.03201255574822426,0.0,"[""La"", ""Er"", ""Pr"", ""Ce"", ""Tm"", ""Tb"", ""Nd"", ""Ho"", ""Sm"", ""Gd"", ""Dy"", ""Lu""]","[0.9999986886978149, 1.303060912505316e-07, 1.1135640676229741e-07, 1.107504061792497e-07, 1.106275320239547e-07, 1.1018509837867896e-07, 1.0837446495770564e-07, 1.0654256499265102e-07, 1.0647755743775633e-07, 1.0454823495820165e-07, 1.0350635903932925e-07, 1.0124023930302428e-07]",0.0,False,fresh empty counts; all B weights equal 1
cmr_898ee445e8ccfce566bb0883e7821189,Mo:1|N:3|Na:1,joint,zero,nitride,Na,Mo,N,False,False,1.25,12,0.0,8,True,1.350654343923452e-07,1.486888692170396e-07,3.420509983698139e-06,3.420509983698139e-06,"[""Ti"", ""Cr"", ""Hf"", ""Fe"", ""Zr"", ""Mn"", ""Nb"", ""Mo"", ""Ta"", ""Co"", ""W"", ""Ni""]","[0.9895786643028259, 0.003326272591948509, 0.0028372430242598057, 0.002162705175578594, 0.0017426086124032736, 0.00034346739994361997, 5.413315648183925e-06, 3.420509983698139e-06, 7.967643256279189e-08, 1.7203783286845464e-08, 8.63412186191681e-09, 7.589922071914168e-13]","[""Ta"", ""Nb"", ""Ti"", ""Zr"", ""Hf"", ""Cr"", ""Mn"", ""Fe"", ""Co"", ""Ni""]",0.9083763360977173,1.0000001192092896,0.9999964237213135,0.9999964713035827,"[""Yb"", ""Pr"", ""Tb"", ""Tm"", ""Er"", ""Ho"", ""Gd"", ""Dy"", ""Nd"", ""La"", ""Eu"", ""Sm"", ""Lu"", ""Ce""]",False,,False,0.0,0.0,"[""La"", ""Nd"", ""Tb"", ""Yb"", ""Ho"", ""Dy"", ""Tm"", ""Lu"", ""Sm"", ""Pr"", ""Er"", ""Eu""]","[1.0, 0.0, 0.0, 0.0, 0.0, 0.0, 0.0, 0.0, 0.0, 0.0, 0.0, 0.0]",0.0,False,fresh empty counts; all B weights equal 1
cmr_898ee445e8ccfce566bb0883e7821189,Mo:1|N:3|Na:1,joint,template,nitride,Na,Mo,N,False,False,1.25,12,0.0,1,True,0.9956275224685669,0.9957544803619385,0.9864447712898254,0.9864447712898254,"[""Mo"", ""Nb"", ""Hf"", ""Ti"", ""Ta"", ""W"", ""Zr"", ""Cr"", ""Fe"", ""Co"", ""Mn"", ""Ni""]","[0.9864447712898254, 0.011894427239894867, 0.0007846302469260991, 0.0007047519902698696, 0.00013217094237916172, 3.922817995771766e-05, 1.8659646272567443e-08, 7.149214217589545e-14, 2.449327586488226e-16, 8.466135335965115e-17, 7.243695587369876e-20, 6.110930061174038e-22]","[""Ta"", ""Nb"", ""Ti"", ""Zr"", ""Hf"", ""Cr"", ""Mn"", ""Fe"", ""Co"", ""Ni""]",0.004241825081408024,0.004242365714162588,0.013515998609364033,0.013515999079188091,"[""Yb"", ""Pr"", ""Tb"", ""Tm"", ""Er"", ""Ho"", ""Gd"", ""Dy"", ""Nd"", ""La"", ""Eu"", ""Sm"", ""Lu"", ""Ce""]",False,,False,0.9979875087738037,0.0,"[""La"", ""Yb"", ""Tb"", ""Er"", ""Lu"", ""Dy"", ""Sm"", ""Eu"", ""Nd"", ""Ho"", ""Ce"", ""Pr""]","[1.0, 1.2426990622790238e-14, 1.242253522948768e-14, 1.2240209693525298e-14, 1.1321034103120402e-14, 8.628044466222912e-15, 8.352895130669773e-15, 8.099486589773809e-15, 7.997616478306376e-15, 7.157977281648659e-15, 6.093184445633013e-15, 5.538307984963298e-15]",0.0,False,fresh empty counts; all B weights equal 1
cmr_898ee445e8ccfce566bb0883e7821189,Mo:1|N:3|Na:1,fixed_real,zero,nitride,Na,Mo,N,False,False,1.25,12,0.0,7,True,5.7297448036175425e-12,1.0307180456359255e-11,1.6225630838917482e-09,1.6225630838917482e-09,"[""Ti"", ""Zr"", ""Cr"", ""Fe"", ""Mn"", ""Hf"", ""Mo"", ""Nb"", ""Co"", ""Ta"", ""W"", ""Ni""]","[0.9991829991340637, 0.0006586649687960744, 0.00015224651724565774, 5.727816642320249e-06, 3.767168550439237e-07, 2.4442443624650423e-09, 1.6225630838917482e-09, 1.1190737225774683e-09, 1.9822163387691466e-13, 4.849864817900073e-17, 2.6944885262177437e-18, 4.984188671659574e-19]","[""Ta"", ""Nb"", ""Ti"", ""Zr"", ""Hf"", ""Cr"", ""Mn"", ""Fe"", ""Co"", ""Ni""]",0.5558984279632568,1.0,1.0,1.0000000187171192,"[""Yb"", ""Pr"", ""Tb"", ""Tm"", ""Er"", ""Ho"", ""Gd"", ""Dy"", ""Nd"", ""La"", ""Eu"", ""Sm"", ""Lu"", ""Ce""]",False,,False,2.2201224561946823e-16,0.0,"[""La"", ""Dy"", ""Lu"", ""Yb"", ""Sm"", ""Er"", ""Eu"", ""Tb"", ""Gd"", ""Tm"", ""Ho"", ""Nd""]","[1.0, 1.5178048054509397e-11, 1.1642741458428585e-11, 7.680483853078623e-12, 7.66204807933768e-12, 5.479496197058342e-12, 3.46139002876944e-12, 2.9703899930011435e-12, 1.281052737847621e-12, 1.1415497453565182e-12, 1.1159738497884542e-12, 1.0429118506294355e-12]",0.0,False,fresh empty counts; all B weights equal 1
cmr_898ee445e8ccfce566bb0883e7821189,Mo:1|N:3|Na:1,fixed_real,template,nitride,Na,Mo,N,False,False,1.25,12,0.0,6,True,2.714334357278858e-07,2.7149911829837947e-07,5.397201675805263e-06,5.3972007663105614e-06,"[""Cr"", ""Zr"", ""Fe"", ""Ti"", ""Mn"", ""Mo"", ""Hf"", ""Nb"", ""Co"", ""Ta"", ""Ni"", ""W""]","[0.9474719762802124, 0.04755198210477829, 0.004242220427840948, 0.0004636100202333182, 0.00026087937294505537, 5.3972007663105614e-06, 3.7468842037924333e-06, 5.907771694069197e-08, 2.1393256055546317e-09, 6.288150881071652e-13, 3.8038644930802275e-17, 2.6637434222610358e-17]","[""Ta"", ""Nb"", ""Ti"", ""Zr"", ""Hf"", ""Cr"", ""Mn"", ""Fe"", ""Co"", ""Ni""]",0.999757707118988,0.9999996423721313,0.9999946355819702,0.9999944763078852,"[""Yb"", ""Pr"", ""Tb"", ""Tm"", ""Er"", ""Ho"", ""Gd"", ""Dy"", ""Nd"", ""La"", ""Eu"", ""Sm"", ""Lu"", ""Ce""]",False,,False,2.250263531067276e-09,0.0,"[""La"", ""Ce"", ""Yb"", ""Ho"", ""Tb"", ""Er"", ""Gd"", ""Eu"", ""Nd"", ""Pr"", ""Tm"", ""Dy""]","[1.0, 3.893677741340085e-11, 2.9257679612371135e-11, 2.78771138118028e-11, 2.6172845141170242e-11, 2.6111912979076557e-11, 2.5776904916119392e-11, 2.557211213616295e-11, 2.3315935987477943e-11, 2.3267780063784826e-11, 2.2969610588563505e-11, 1.9738523315826484e-11]",0.0,False,fresh empty counts; all B weights equal 1
cmr_898ee445e8ccfce566bb0883e7821189,Mo:1|N:3|Na:1,property,zero,nitride,Na,Mo,N,False,False,1.25,12,0.0,6,True,1.6971830841747138e-12,9.797960220936375e-10,6.206844460621141e-08,6.206844460621141e-08,"[""Ti"", ""Zr"", ""Fe"", ""Cr"", ""Nb"", ""Mo"", ""Mn"", ""Hf"", ""Co"", ""Ni"", ""Ta"", ""W""]","[0.9999043941497803, 9.159532783087343e-05, 2.663552095327759e-06, 1.221036313836521e-06, 1.3882936400477774e-07, 6.206844460621141e-08, 1.567493157494937e-08, 1.5153175936255536e-10, 1.5867846966943766e-11, 5.249724918624942e-16, 4.36632381768689e-17, 1.0720647032033301e-17]","[""Ta"", ""Nb"", ""Ti"", ""Zr"", ""Hf"", ""Cr"", ""Mn"", ""Fe"", ""Co"", ""Ni""]",0.001732180011458695,1.0,1.0,1.0000000287377158,"[""Yb"", ""Pr"", ""Tb"", ""Tm"", ""Er"", ""Ho"", ""Gd"", ""Dy"", ""Nd"", ""La"", ""Eu"", ""Sm"", ""Lu"", ""Ce""]",False,,False,1.5637670035474798e-27,0.0,"[""La"", ""Yb"", ""Dy"", ""Nd"", ""Tb"", ""Er"", ""Lu"", ""Eu"", ""Ho"", ""Sm"", ""Ce"", ""Gd""]","[1.0, 2.1342898050569286e-28, 1.0443683735236547e-28, 7.28741798300749e-29, 5.281871298425501e-29, 4.995055491649724e-29, 4.7998880705431514e-29, 4.220015842118675e-29, 1.3517444755133932e-29, 1.0919400619025624e-29, 1.0122553123066481e-29, 6.838819246078324e-30]",0.0,False,fresh empty counts; all B weights equal 1
cmr_898ee445e8ccfce566bb0883e7821189,Mo:1|N:3|Na:1,property,template,nitride,Na,Mo,N,False,False,1.25,12,0.0,4,True,0.03415079787373543,0.12912540137767792,0.12253082543611526,0.12253082543611526,"[""Co"", ""Ni"", ""Fe"", ""Mo"", ""W"", ""Cr"", ""Mn"", ""Ti"", ""Nb"", ""Ta"", ""Hf"", ""Zr""]","[0.14906874299049377, 0.14745812118053436, 0.1412414163351059, 0.12253082543611526, 0.10265648365020752, 0.07118949294090271, 0.06400120258331299, 0.05167413875460625, 0.049709320068359375, 0.039863064885139465, 0.03420060873031616, 0.02640664018690586]","[""Ta"", ""Nb"", ""Ti"", ""Zr"", ""Hf"", ""Cr"", ""Mn"", ""Fe"", ""Co"", ""Ni""]",0.20295366644859314,0.767375111579895,0.7748126983642578,0.7748127486556768,"[""Yb"", ""Pr"", ""Tb"", ""Tm"", ""Er"", ""Ho"", ""Gd"", ""Dy"", ""Nd"", ""La"", ""Eu"", ""Sm"", ""Lu"", ""Ce""]",False,,False,0.037147607654333115,0.0,"[""La"", ""Er"", ""Ce"", ""Tb"", ""Tm"", ""Pr"", ""Nd"", ""Sm"", ""Gd"", ""Ho"", ""Dy"", ""Lu""]","[0.9999983310699463, 2.0514784182523726e-07, 1.8341903285090666e-07, 1.813931760352716e-07, 1.785363110684557e-07, 1.7811318286931055e-07, 1.7464817858581227e-07, 1.7378887662289344e-07, 1.7177531219658704e-07, 1.7068057900360145e-07, 1.6633289590117784e-07, 1.6606153963039105e-07]",0.0,False,fresh empty counts; all B weights equal 1
cmr_92838ea148c813c166057e99bfae3d39,Ca:1|N:3|W:1,joint,zero,nitride,Ca,W,N,False,False,1.25,12,0.0,9,True,1.494997125279472e-19,5.392134979860031e-16,6.100856039976954e-13,6.100856039976954e-13,"[""Ti"", ""Zr"", ""Fe"", ""Hf"", ""Mo"", ""Cr"", ""Nb"", ""Mn"", ""W"", ""Co"", ""Ta"", ""Ni""]","[0.9999603033065796, 1.576404247316532e-05, 1.3648784261022229e-05, 4.386543423606781e-06, 3.796294777203002e-06, 2.1988037133269245e-06, 5.4544493366393e-09, 7.345975217010192e-11, 6.100856039976954e-13, 1.2696319147929847e-13, 5.8302285728720725e-15, 2.685849554590997e-23]","[""Ta"", ""Nb"", ""Ti"", ""Zr"", ""Hf"", ""Cr"", ""Mn"", ""Fe"", ""Co"", ""Ni""]",0.00027725507970899343,0.9999998211860657,0.9999963045120239,0.9999963070084927,"[""Yb"", ""Pr"", ""Tb"", ""Tm"", ""Er"", ""Ho"", ""Gd"", ""Dy"", ""Nd"", ""La"", ""Eu"", ""Sm"", ""Lu"", ""Ce""]",False,,False,0.0,0.0,"[""La"", ""Tb"", ""Nd"", ""Yb"", ""Dy"", ""Lu"", ""Eu"", ""Er"", ""Sm"", ""Ho"", ""Ce"", ""Gd""]","[1.0, 0.0, 0.0, 0.0, 0.0, 0.0, 0.0, 0.0, 0.0, 0.0, 0.0, 0.0]",0.0,False,fresh empty counts; all B weights equal 1
cmr_92838ea148c813c166057e99bfae3d39,Ca:1|N:3|W:1,joint,template,nitride,Ca,W,N,False,False,1.25,12,0.0,1,True,0.9970382452011108,0.999889612197876,0.9993174076080322,0.9993174076080322,"[""W"", ""Ta"", ""Mo"", ""Hf"", ""Nb"", ""Ti"", ""Zr"", ""Co"", ""Ni"", ""Cr"", ""Fe"", ""Mn""]","[0.9993174076080322, 0.0006826528697274625, 4.699797528928684e-08, 1.7102571803206956e-08, 4.641675488414876e-09, 3.299206394191678e-11, 1.209180542152688e-12, 1.4772127421095818e-20, 1.1040781109148033e-22, 2.0428379866926772e-23, 6.1906920555136424e-24, 1.1412194181963785e-26]","[""Ta"", ""Nb"", ""Ti"", ""Zr"", ""Hf"", ""Cr"", ""Mn"", ""Fe"", ""Co"", ""Ni""]",0.00011011166498064995,0.00011042656115023419,0.0006826746976003051,0.0006826746481759986,"[""Yb"", ""Pr"", ""Tb"", ""Tm"", ""Er"", ""Ho"", ""Gd"", ""Dy"", ""Nd"", ""La"", ""Eu"", ""Sm"", ""Lu"", ""Ce""]",False,,False,0.20525604486465454,0.0,"[""La"", ""Sm"", ""Er"", ""Lu"", ""Dy"", ""Nd"", ""Yb"", ""Ho"", ""Tb"", ""Ce"", ""Tm"", ""Eu""]","[1.0, 6.417809822668223e-16, 5.235866400816677e-16, 4.417459196712632e-16, 4.341977443804841e-16, 3.9038406521124897e-16, 3.488930033229443e-16, 3.127027265581163e-16, 2.9026598845565234e-16, 2.731814927282107e-16, 2.49510045286446e-16, 2.3287254472713825e-16]",0.0,False,fresh empty counts; all B weights equal 1
cmr_92838ea148c813c166057e99bfae3d39,Ca:1|N:3|W:1,fixed_real,zero,nitride,Ca,W,N,False,False,1.25,12,0.0,11,True,6.074054789713918e-23,1.0926556574426927e-22,2.6944885262177437e-18,2.6944885262177437e-18,"[""Ti"", ""Zr"", ""Cr"", ""Fe"", ""Mn"", ""Hf"", ""Mo"", ""Nb"", ""Co"", ""Ta"", ""W"", ""Ni""]","[0.9991829991340637, 0.0006586649687960744, 0.00015224651724565774, 5.727816642320249e-06, 3.767168550439237e-07, 2.4442443624650423e-09, 1.6225630838917482e-09, 1.1190737225774683e-09, 1.9822163387691466e-13, 4.849864817900073e-17, 2.6944885262177437e-18, 4.984188671659574e-19]","[""Ta"", ""Nb"", ""Ti"", ""Zr"", ""Hf"", ""Cr"", ""Mn"", ""Fe"", ""Co"", ""Ni""]",0.5558984279632568,1.0,1.0,1.0000000187171192,"[""Yb"", ""Pr"", ""Tb"", ""Tm"", ""Er"", ""Ho"", ""Gd"", ""Dy"", ""Nd"", ""La"", ""Eu"", ""Sm"", ""Lu"", ""Ce""]",False,,False,1.0507548742775055e-14,0.0,"[""La"", ""Dy"", ""Lu"", ""Yb"", ""Sm"", ""Er"", ""Eu"", ""Tb"", ""Gd"", ""Tm"", ""Ho"", ""Nd""]","[1.0, 1.5178048054509397e-11, 1.1642741458428585e-11, 7.680483853078623e-12, 7.66204807933768e-12, 5.479496197058342e-12, 3.46139002876944e-12, 2.9703899930011435e-12, 1.281052737847621e-12, 1.1415497453565182e-12, 1.1159738497884542e-12, 1.0429118506294355e-12]",0.0,False,fresh empty counts; all B weights equal 1
cmr_92838ea148c813c166057e99bfae3d39,Ca:1|N:3|W:1,fixed_real,template,nitride,Ca,W,N,False,False,1.25,12,0.0,12,True,1.9967281706365208e-21,1.9972112311895547e-21,2.663743753133281e-17,2.6637434222610358e-17,"[""Cr"", ""Zr"", ""Fe"", ""Ti"", ""Mn"", ""Mo"", ""Hf"", ""Nb"", ""Co"", ""Ta"", ""Ni"", ""W""]","[0.9474719762802124, 0.04755198210477829, 0.004242220427840948, 0.0004636100202333182, 0.00026087937294505537, 5.3972007663105614e-06, 3.7468842037924333e-06, 5.907771694069197e-08, 2.1393256055546317e-09, 6.288150881071652e-13, 3.8038644930802275e-17, 2.6637434222610358e-17]","[""Ta"", ""Nb"", ""Ti"", ""Zr"", ""Hf"", ""Cr"", ""Mn"", ""Fe"", ""Co"", ""Ni""]",0.999757707118988,0.9999996423721313,0.9999946355819702,0.9999944763078852,"[""Yb"", ""Pr"", ""Tb"", ""Tm"", ""Er"", ""Ho"", ""Gd"", ""Dy"", ""Nd"", ""La"", ""Eu"", ""Sm"", ""Lu"", ""Ce""]",False,,False,6.847938038845314e-08,0.0,"[""La"", ""Ce"", ""Yb"", ""Ho"", ""Tb"", ""Er"", ""Gd"", ""Eu"", ""Nd"", ""Pr"", ""Tm"", ""Dy""]","[1.0, 3.893677741340085e-11, 2.9257679612371135e-11, 2.78771138118028e-11, 2.6172845141170242e-11, 2.6111912979076557e-11, 2.5776904916119392e-11, 2.557211213616295e-11, 2.3315935987477943e-11, 2.3267780063784826e-11, 2.2969610588563505e-11, 1.9738523315826484e-11]",0.0,False,fresh empty counts; all B weights equal 1
cmr_92838ea148c813c166057e99bfae3d39,Ca:1|N:3|W:1,property,zero,nitride,Ca,W,N,False,False,1.25,12,0.0,11,True,3.518162811737755e-23,3.67090113881711e-21,4.465915039949294e-17,4.465915039949294e-17,"[""Ti"", ""Zr"", ""Cr"", ""Nb"", ""Mn"", ""Mo"", ""Fe"", ""Hf"", ""Co"", ""Ta"", ""W"", ""Ni""]","[0.9943891167640686, 0.005602450110018253, 7.4938648140232544e-06, 7.645833193237195e-07, 1.1504094032943613e-07, 6.041039313231522e-08, 1.1873337868451017e-09, 8.110355442791928e-11, 7.357384931058319e-15, 4.936501240334484e-15, 4.465915039949294e-17, 2.6863935299481466e-18]","[""Ta"", ""Nb"", ""Ti"", ""Zr"", ""Hf"", ""Cr"", ""Mn"", ""Fe"", ""Co"", ""Ni""]",0.009583923034369946,1.0000001192092896,1.0,0.9999999416316101,"[""Yb"", ""Pr"", ""Tb"", ""Tm"", ""Er"", ""Ho"", ""Gd"", ""Dy"", ""Nd"", ""La"", ""Eu"", ""Sm"", ""Lu"", ""Ce""]",False,,False,0.0,0.0,"[""La"", ""Yb"", ""Er"", ""Dy"", ""Tb"", ""Lu"", ""Nd"", ""Eu"", ""Gd"", ""Ce"", ""Pr"", ""Ho""]","[1.0, 5.423025056937042e-43, 5.072700440855838e-43, 2.200038588989963e-43, 1.6114932339735396e-43, 9.80908925027372e-44, 9.388699710976274e-44, 6.58610278232664e-44, 2.5223372357846707e-44, 2.382207389352189e-44, 1.5414283107572988e-44, 1.401298464324817e-44]",0.0,False,fresh empty counts; all B weights equal 1
cmr_92838ea148c813c166057e99bfae3d39,Ca:1|N:3|W:1,property,template,nitride,Ca,W,N,False,False,1.25,12,0.0,1,True,0.13146939873695374,0.2765265703201294,0.22857725620269775,0.22857728600502014,"[""W"", ""Mo"", ""Fe"", ""Cr"", ""Co"", ""Nb"", ""Ta"", ""Ti"", ""Mn"", ""Ni"", ""Hf"", ""Zr""]","[0.22857728600502014, 0.17743295431137085, 0.10043210536241531, 0.0806884616613388, 0.06663203984498978, 0.06590425223112106, 0.05870366841554642, 0.058690231293439865, 0.055028896778821945, 0.042164478451013565, 0.03504453971982002, 0.030701156705617905]","[""Ta"", ""Nb"", ""Ti"", ""Zr"", ""Hf"", ""Cr"", ""Mn"", ""Fe"", ""Co"", ""Ni""]",0.24817068874835968,0.5219905972480774,0.5939897298812866,0.5939898304641247,"[""Yb"", ""Pr"", ""Tb"", ""Tm"", ""Er"", ""Ho"", ""Gd"", ""Dy"", ""Nd"", ""La"", ""Eu"", ""Sm"", ""Lu"", ""Ce""]",False,,False,0.06388803571462631,0.0,"[""La"", ""Er"", ""Tb"", ""Tm"", ""Pr"", ""Dy"", ""Nd"", ""Yb"", ""Sm"", ""Ho"", ""Ce"", ""Lu""]","[1.0, 5.28736554539222e-10, 4.122417129881484e-10, 4.1046932519606116e-10, 4.0358411057539456e-10, 3.940869852669948e-10, 3.934073067313193e-10, 3.861397313009718e-10, 3.839423778906337e-10, 3.8297109927754036e-10, 3.6284503179828675e-10, 3.541660298367333e-10]",0.0,False,fresh empty counts; all B weights equal 1
cmr_9747df17e8f2ed98427d905413929dd6,K:1|N:3|Ni:1,joint,zero,nitride,K,Ni,N,False,False,1.25,12,0.0,12,True,2.7633213236068557e-15,4.248275535745577e-15,3.16554183039941e-12,3.16554183039941e-12,"[""Ti"", ""Zr"", ""Cr"", ""Nb"", ""Fe"", ""Mo"", ""Mn"", ""Hf"", ""Co"", ""Ta"", ""W"", ""Ni""]","[0.993787944316864, 0.005893902853131294, 0.00022285629529505968, 6.40423531876877e-05, 2.1069839931442402e-05, 6.861334895802429e-06, 2.801358050419367e-06, 3.1942741429702437e-07, 6.429385912554153e-09, 1.0717517845426627e-10, 7.812466819301367e-12, 3.16554183039941e-12]","[""Ta"", ""Nb"", ""Ti"", ""Zr"", ""Hf"", ""Cr"", ""Mn"", ""Fe"", ""Co"", ""Ni""]",0.6504570245742798,0.9999997615814209,0.9999929070472717,0.9999929429836009,[],False,,False,0.0,0.0,[],[],0.0,False,fresh empty counts; all B weights equal 1
cmr_9747df17e8f2ed98427d905413929dd6,K:1|N:3|Ni:1,joint,template,nitride,K,Ni,N,False,False,1.25,12,0.0,1,True,0.9615068435668945,0.9921208620071411,0.9795373678207397,0.9795374870300293,"[""Ni"", ""Co"", ""Fe"", ""Mn"", ""Zr"", ""Cr"", ""Hf"", ""Ti"", ""Mo"", ""Ta"", ""Nb"", ""W""]","[0.9795374870300293, 0.02046223171055317, 4.039632131025428e-07, 5.462982244353043e-08, 7.220006259522904e-10, 4.33781360983064e-14, 6.251496226963822e-17, 5.797113973422115e-21, 1.719037343261357e-22, 3.714912452336746e-24, 1.0124441031061165e-24, 9.988276535027419e-29]","[""Ta"", ""Nb"", ""Ti"", ""Zr"", ""Hf"", ""Cr"", ""Mn"", ""Fe"", ""Co"", ""Ni""]",0.9691428542137146,1.0,1.0,1.000000178055662,[],False,,False,0.9941583871841431,0.0,[],[],0.0,False,fresh empty counts; all B weights equal 1
cmr_9747df17e8f2ed98427d905413929dd6,K:1|N:3|Ni:1,fixed_real,zero,nitride,K,Ni,N,False,False,1.25,12,0.0,12,True,7.36843969333372e-24,1.325501206481882e-23,4.984188671659574e-19,4.984188671659574e-19,"[""Ti"", ""Zr"", ""Cr"", ""Fe"", ""Mn"", ""Hf"", ""Mo"", ""Nb"", ""Co"", ""Ta"", ""W"", ""Ni""]","[0.9991829991340637, 0.0006586649687960744, 0.00015224651724565774, 5.727816642320249e-06, 3.767168550439237e-07, 2.4442443624650423e-09, 1.6225630838917482e-09, 1.1190737225774683e-09, 1.9822163387691466e-13, 4.849864817900073e-17, 2.6944885262177437e-18, 4.984188671659574e-19]","[""Ta"", ""Nb"", ""Ti"", ""Zr"", ""Hf"", ""Cr"", ""Mn"", ""Fe"", ""Co"", ""Ni""]",0.5558984279632568,1.0,1.0,1.0000000187171192,[],False,,False,2.8553517150823995e-31,0.0,[],[],0.0,False,fresh empty counts; all B weights equal 1
cmr_9747df17e8f2ed98427d905413929dd6,K:1|N:3|Ni:1,fixed_real,template,nitride,K,Ni,N,False,False,1.25,12,0.0,11,True,3.1169912334586604e-21,3.1177453087534048e-21,3.8038651548247176e-17,3.8038644930802275e-17,"[""Cr"", ""Zr"", ""Fe"", ""Ti"", ""Mn"", ""Mo"", ""Hf"", ""Nb"", ""Co"", ""Ta"", ""Ni"", ""W""]","[0.9474719762802124, 0.04755198210477829, 0.004242220427840948, 0.0004636100202333182, 0.00026087937294505537, 5.3972007663105614e-06, 3.7468842037924333e-06, 5.907771694069197e-08, 2.1393256055546317e-09, 6.288150881071652e-13, 3.8038644930802275e-17, 2.6637434222610358e-17]","[""Ta"", ""Nb"", ""Ti"", ""Zr"", ""Hf"", ""Cr"", ""Mn"", ""Fe"", ""Co"", ""Ni""]",0.999757707118988,0.9999996423721313,0.9999946355819702,0.9999944763078852,[],False,,False,1.1363992598489858e-05,0.0,[],[],0.0,False,fresh empty counts; all B weights equal 1
cmr_9747df17e8f2ed98427d905413929dd6,K:1|N:3|Ni:1,property,zero,nitride,K,Ni,N,False,False,1.25,12,0.0,10,True,4.744232199315826e-17,2.2028821434626374e-14,1.1808796995804727e-11,1.1808797863166465e-11,"[""Ti"", ""Zr"", ""Cr"", ""Fe"", ""Mn"", ""Nb"", ""Mo"", ""Co"", ""Hf"", ""Ni"", ""Ta"", ""W""]","[0.9936211705207825, 0.005853147245943546, 0.0003964637580793351, 0.00011601970618357882, 7.720647772657685e-06, 3.2380498851125594e-06, 2.411313289485406e-06, 3.235009415902823e-08, 8.772788717692492e-09, 1.1808797863166465e-11, 6.760087959247277e-14, 1.027347118780133e-14]","[""Ta"", ""Nb"", ""Ti"", ""Zr"", ""Hf"", ""Cr"", ""Mn"", ""Fe"", ""Co"", ""Ni""]",0.0021536475978791714,0.9999998807907104,0.9999977350234985,0.999997801063406,[],False,,False,6.50146053006418e-18,0.0,[],[],0.0,False,fresh empty counts; all B weights equal 1
cmr_9747df17e8f2ed98427d905413929dd6,K:1|N:3|Ni:1,property,template,nitride,K,Ni,N,False,False,1.25,12,0.0,1,True,0.015985392034053802,0.37651753425598145,0.29755836725234985,0.29755836725234985,"[""Ni"", ""Co"", ""Ti"", ""Hf"", ""Cr"", ""Fe"", ""Mo"", ""Zr"", ""Mn"", ""Nb"", ""W"", ""Ta""]","[0.29755836725234985, 0.1401488482952118, 0.077574223279953, 0.07639384269714355, 0.07111218571662903, 0.0663299486041069, 0.06543391197919846, 0.05664145201444626, 0.04900021106004715, 0.040695421397686005, 0.034624092280864716, 0.024487478658556938]","[""Ta"", ""Nb"", ""Ti"", ""Zr"", ""Hf"", ""Cr"", ""Mn"", ""Fe"", ""Co"", ""Ni""]",0.03896232694387436,0.9177128076553345,0.8999419808387756,0.8999419789761305,[],False,,False,0.036231204867362976,0.0,[],[],0.0,False,fresh empty counts; all B weights equal 1
cmr_98f26503186c693384501157616036cb,Cr:1|N:3|Na:1,joint,zero,nitride,Na,Cr,N,False,False,1.25,12,0.0,2,True,0.00012360168329905719,0.00014266229118220508,0.0008375179604627192,0.0008375179604627192,"[""Ti"", ""Cr"", ""Fe"", ""Zr"", ""Mn"", ""Hf"", ""Mo"", ""Nb"", ""Co"", ""Ta"", ""W"", ""Ni""]","[0.9988104104995728, 0.0008375179604627192, 0.000174934248207137, 0.00010452976857777685, 6.0529047914315015e-05, 1.213921950693475e-05, 2.1873579336695315e-10, 1.6789745982404014e-10, 2.4838884746768153e-13, 2.4146861200553642e-14, 4.669897514307075e-16, 5.2224102903497955e-20]","[""Ta"", ""Nb"", ""Ti"", ""Zr"", ""Hf"", ""Cr"", ""Mn"", ""Fe"", ""Co"", ""Ni""]",0.866393506526947,1.0,1.0000001192092896,1.0000000609124118,[],False,,False,0.0,0.0,[],[],0.0,False,fresh empty counts; all B weights equal 1
cmr_98f26503186c693384501157616036cb,Cr:1|N:3|Na:1,joint,template,nitride,Na,Cr,N,False,False,1.25,12,0.0,1,True,0.9999289512634277,0.9999798536300659,0.9998082518577576,0.9998083710670471,"[""Cr"", ""Mn"", ""Fe"", ""Zr"", ""Ti"", ""Mo"", ""Nb"", ""Hf"", ""Co"", ""Ta"", ""W"", ""Ni""]","[0.9998083710670471, 0.00016355272964574397, 1.675193379924167e-05, 1.0897655556618702e-05, 5.08928565068345e-07, 3.010002558312408e-08, 5.158959023865428e-11, 2.77075133670035e-11, 3.425124428329228e-14, 1.5378188883356222e-16, 5.202187469206979e-19, 2.3771942958552257e-21]","[""Ta"", ""Nb"", ""Ti"", ""Zr"", ""Hf"", ""Cr"", ""Mn"", ""Fe"", ""Co"", ""Ni""]",0.9999491572380066,1.0,0.9999999403953552,1.0000000823939454,[],False,,False,0.9997645020484924,0.0,[],[],0.0,False,fresh empty counts; all B weights equal 1
cmr_98f26503186c693384501157616036cb,Cr:1|N:3|Na:1,fixed_real,zero,nitride,Na,Cr,N,False,False,1.25,12,0.0,3,True,9.409520316694397e-06,1.6926691387197934e-05,0.00015224651724565774,0.00015224651724565774,"[""Ti"", ""Zr"", ""Cr"", ""Fe"", ""Mn"", ""Hf"", ""Mo"", ""Nb"", ""Co"", ""Ta"", ""W"", ""Ni""]","[0.9991829991340637, 0.0006586649687960744, 0.00015224651724565774, 5.727816642320249e-06, 3.767168550439237e-07, 2.4442443624650423e-09, 1.6225630838917482e-09, 1.1190737225774683e-09, 1.9822163387691466e-13, 4.849864817900073e-17, 2.6944885262177437e-18, 4.984188671659574e-19]","[""Ta"", ""Nb"", ""Ti"", ""Zr"", ""Hf"", ""Cr"", ""Mn"", ""Fe"", ""Co"", ""Ni""]",0.5558984279632568,1.0,1.0,1.0000000187171192,[],False,,False,2.2201224561946823e-16,0.0,[],[],0.0,False,fresh empty counts; all B weights equal 1
cmr_98f26503186c693384501157616036cb,Cr:1|N:3|Na:1,fixed_real,template,nitride,Na,Cr,N,False,False,1.25,12,0.0,1,True,0.975352942943573,0.9755889177322388,0.947472095489502,0.9474719762802124,"[""Cr"", ""Zr"", ""Fe"", ""Ti"", ""Mn"", ""Mo"", ""Hf"", ""Nb"", ""Co"", ""Ta"", ""Ni"", ""W""]","[0.9474719762802124, 0.04755198210477829, 0.004242220427840948, 0.0004636100202333182, 0.00026087937294505537, 5.3972007663105614e-06, 3.7468842037924333e-06, 5.907771694069197e-08, 2.1393256055546317e-09, 6.288150881071652e-13, 3.8038644930802275e-17, 2.6637434222610358e-17]","[""Ta"", ""Nb"", ""Ti"", ""Zr"", ""Hf"", ""Cr"", ""Mn"", ""Fe"", ""Co"", ""Ni""]",0.999757707118988,0.9999996423721313,0.9999946355819702,0.9999944763078852,[],False,,False,2.250263531067276e-09,0.0,[],[],0.0,False,fresh empty counts; all B weights equal 1
cmr_98f26503186c693384501157616036cb,Cr:1|N:3|Na:1,property,zero,nitride,Na,Cr,N,False,False,1.25,12,0.0,4,True,1.4834207473501948e-10,2.9207456009316957e-07,5.917169346503215e-06,5.917168437008513e-06,"[""Ti"", ""Zr"", ""Fe"", ""Cr"", ""Nb"", ""Mo"", ""Mn"", ""Co"", ""Hf"", ""Ni"", ""Ta"", ""W""]","[0.9992511868476868, 0.0007355340057983994, 6.915074663993437e-06, 5.917168437008513e-06, 9.009526280578939e-08, 8.066234613579581e-08, 6.089410220511127e-08, 1.1137109290348945e-10, 1.086485207357768e-10, 1.8188285536832388e-15, 1.165362073620941e-17, 1.2144080523220171e-18]","[""Ta"", ""Nb"", ""Ti"", ""Zr"", ""Hf"", ""Cr"", ""Mn"", ""Fe"", ""Co"", ""Ni""]",0.0005078912363387644,1.0,0.9999998211860657,0.9999997043059726,[],False,,False,2.916288561700778e-29,0.0,[],[],0.0,False,fresh empty counts; all B weights equal 1
cmr_98f26503186c693384501157616036cb,Cr:1|N:3|Na:1,property,template,nitride,Na,Cr,N,False,False,1.25,12,0.0,6,True,0.01308543048799038,0.06579380482435226,0.0721997544169426,0.072199746966362,"[""Ni"", ""Co"", ""Fe"", ""Mo"", ""W"", ""Cr"", ""Mn"", ""Ti"", ""Nb"", ""Hf"", ""Ta"", ""Zr""]","[0.19705821573734283, 0.15714184939861298, 0.14184659719467163, 0.09860529005527496, 0.07791101932525635, 0.072199746966362, 0.06454216688871384, 0.05618263781070709, 0.042110245674848557, 0.03311789780855179, 0.03174415975809097, 0.027540143579244614]","[""Ta"", ""Nb"", ""Ti"", ""Zr"", ""Hf"", ""Cr"", ""Mn"", ""Fe"", ""Co"", ""Ni""]",0.1651741862297058,0.8304990530014038,0.8234837055206299,0.8234836608171463,[],False,,False,0.05131663754582405,0.0,[],[],0.0,False,fresh empty counts; all B weights equal 1
cmr_a36c62d0c7f3713321685a5cb6488f21,La:1|Ni:1|O:3,joint,zero,oxide,La,Ni,O,True,True,1.25,12,0.0,17,False,2.2290279844128236e-08,2.4611674476204826e-08,7.475645134036313e-07,0.0,"[""Mn"", ""Ge"", ""Cr"", ""Fe"", ""Zr"", ""Ga"", ""Nb"", ""Sn"", ""V"", ""Ta"", ""Sc"", ""In""]","[0.8287970423698425, 0.15636685490608215, 0.009727811440825462, 0.0025381643790751696, 0.0013088621199131012, 0.0004742364981211722, 0.00024735945044085383, 0.00023800943745300174, 0.00021686966647394001, 5.038637755205855e-05, 2.6320316464989446e-05, 8.03720104158856e-06]","[""Cu"", ""Zn"", ""W"", ""Mo""]",2.7215483200393464e-08,3.0049807975274234e-08,9.024032010529481e-07,0.0,"[""Yb"", ""Pr"", ""Tb"", ""Tm"", ""Er"", ""Ho"", ""Gd"", ""Dy"", ""Nd"", ""La"", ""Eu"", ""Sm"", ""Lu"", ""Ce""]",True,1,True,1.0001723016787266e-27,1.0,"[""La"", ""Nd"", ""Lu"", ""Er"", ""Yb"", ""Dy"", ""Ho"", ""Eu"", ""Tb"", ""Ce"", ""Sm"", ""Pr""]","[1.0, 2.105756317859645e-30, 1.4183618280524593e-30, 1.2137446548794005e-30, 9.773568786691534e-31, 7.901844178204896e-31, 6.034473600793704e-31, 2.5861049691254247e-31, 2.4971858744518236e-31, 2.19208772628912e-31, 1.7095456495844797e-31, 1.2030359483631835e-31]",0.0,False,fresh empty counts; all B weights equal 1
cmr_a36c62d0c7f3713321685a5cb6488f21,La:1|Ni:1|O:3,joint,template,oxide,La,Ni,O,True,True,1.25,12,0.0,2,True,0.006771530956029892,0.00689256377518177,0.018360937014222145,0.018360938876867294,"[""Cu"", ""Ni"", ""Ga"", ""Sc"", ""Zn"", ""Y"", ""Sn"", ""Ge"", ""Co"", ""In"", ""Mn"", ""Al""]","[0.9785079956054688, 0.018360938876867294, 0.0021004064474254847, 0.0009468141361139715, 8.31323632155545e-05, 5.12219742176967e-07, 2.3669616666666116e-07, 5.572597316927386e-08, 2.675955101949512e-08, 4.060869862598793e-09, 1.4889779409443804e-09, 1.7210217972962738e-10]","[""Cu"", ""Zn"", ""W"", ""Mo""]",0.9750517010688782,0.9924795627593994,0.9785910248756409,0.9785911279686843,"[""Yb"", ""Pr"", ""Tb"", ""Tm"", ""Er"", ""Ho"", ""Gd"", ""Dy"", ""Nd"", ""La"", ""Eu"", ""Sm"", ""Lu"", ""Ce""]",True,1,True,0.9979702830314636,1.0,"[""La"", ""Nd"", ""Sm"", ""Er"", ""Ho"", ""Lu"", ""Yb"", ""Tb"", ""Tm"", ""Dy"", ""Ce"", ""Pr""]","[1.0, 9.285949188507206e-26, 7.633519785150424e-26, 4.7046693718689173e-26, 4.6272445229142216e-26, 4.06277047995146e-26, 3.439883135849829e-26, 3.123315719774966e-26, 2.977425139818073e-26, 2.948692730238144e-26, 2.8632526230780955e-26, 2.7660489358177295e-26]",0.018360938876867294,True,fresh empty counts; all B weights equal 1
cmr_a36c62d0c7f3713321685a5cb6488f21,La:1|Ni:1|O:3,fixed_real,zero,oxide,La,Ni,O,True,True,1.25,12,0.0,19,False,7.36843969333372e-24,1.325475647388553e-23,4.983346498398418e-19,0.0,"[""Ti"", ""Zr"", ""V"", ""Cr"", ""Fe"", ""Mn"", ""Ge"", ""Hf"", ""Mo"", ""Nb"", ""Al"", ""Sc""]","[0.999014139175415, 0.0006585536757484078, 0.0001688971824478358, 0.000152220789459534, 5.726848485210212e-06, 3.766531904147996e-07, 1.5183258028628188e-07, 2.4438313594998817e-09, 1.6222888588046658e-09, 1.1188846515963746e-09, 7.334074458853479e-10, 1.577127178853388e-10]","[""Cu"", ""Zn"", ""W"", ""Mo""]",5.7297448036175425e-12,1.0306980963159518e-11,1.6222888588046658e-09,1.6222888588046658e-09,"[""Yb"", ""Pr"", ""Tb"", ""Tm"", ""Er"", ""Ho"", ""Gd"", ""Dy"", ""Nd"", ""La"", ""Eu"", ""Sm"", ""Lu"", ""Ce""]",True,1,True,9.085941402301191e-28,1.0,"[""La"", ""Dy"", ""Lu"", ""Yb"", ""Sm"", ""Er"", ""Eu"", ""Tb"", ""Gd"", ""Tm"", ""Ho"", ""Nd""]","[1.0, 1.5178048054509397e-11, 1.1642741458428585e-11, 7.680483853078623e-12, 7.66204807933768e-12, 5.479496197058342e-12, 3.46139002876944e-12, 2.9703899930011435e-12, 1.281052737847621e-12, 1.1415497453565182e-12, 1.1159738497884542e-12, 1.0429118506294355e-12]",0.0,False,fresh empty counts; all B weights equal 1
cmr_a36c62d0c7f3713321685a5cb6488f21,La:1|Ni:1|O:3,fixed_real,template,oxide,La,Ni,O,True,True,1.25,12,0.0,19,False,3.1169912334586604e-21,3.116990829561877e-21,3.7991661072009263e-17,0.0,"[""Cr"", ""Zr"", ""Fe"", ""V"", ""Ti"", ""Mn"", ""Mo"", ""Hf"", ""Nb"", ""Sc"", ""Ge"", ""Co""]","[0.9463015198707581, 0.047493238002061844, 0.004236979875713587, 0.001235314877703786, 0.00046303728595376015, 0.00026055710623040795, 5.390533260651864e-06, 3.7422555578814354e-06, 5.900473354358837e-08, 3.645410728836396e-08, 5.0333848200523335e-09, 2.136682830666814e-09]","[""Cu"", ""Zn"", ""W"", ""Mo""]",2.714334357278858e-07,2.714334073061764e-07,5.390534170146566e-06,5.390533260651864e-06,"[""Yb"", ""Pr"", ""Tb"", ""Tm"", ""Er"", ""Ho"", ""Gd"", ""Dy"", ""Nd"", ""La"", ""Eu"", ""Sm"", ""Lu"", ""Ce""]",True,1,True,6.805709641677371e-12,1.0,"[""La"", ""Ce"", ""Yb"", ""Ho"", ""Tb"", ""Er"", ""Gd"", ""Eu"", ""Nd"", ""Pr"", ""Tm"", ""Dy""]","[1.0, 3.893677741340085e-11, 2.9257679612371135e-11, 2.78771138118028e-11, 2.6172845141170242e-11, 2.6111912979076557e-11, 2.5776904916119392e-11, 2.557211213616295e-11, 2.3315935987477943e-11, 2.3267780063784826e-11, 2.2969610588563505e-11, 1.9738523315826484e-11]",0.0,False,fresh empty counts; all B weights equal 1
cmr_a36c62d0c7f3713321685a5cb6488f21,La:1|Ni:1|O:3,property,zero,oxide,La,Ni,O,True,True,1.25,12,0.0,19,False,7.888486330599892e-32,3.806797265815925e-30,2.737890077419703e-24,0.0,"[""Ti"", ""Zr"", ""Ge"", ""Nb"", ""V"", ""Cr"", ""Sc"", ""Mn"", ""Mo"", ""Hf"", ""Al"", ""Ta""]","[0.8987271785736084, 0.07674705237150192, 0.02451018989086151, 1.1489036296552513e-05, 3.7307977436285e-06, 3.2139271866071795e-07, 4.804211695130789e-09, 8.006072471644643e-10, 7.480321917441302e-10, 2.501201190607816e-10, 1.4337884178539095e-12, 6.714649452774224e-13]","[""Cu"", ""Zn"", ""W"", ""Mo""]",8.762402695788873e-14,4.2285294189758904e-12,7.480321917441302e-10,7.480321917441302e-10,"[""Yb"", ""Pr"", ""Tb"", ""Tm"", ""Er"", ""Ho"", ""Gd"", ""Dy"", ""Nd"", ""La"", ""Eu"", ""Sm"", ""Lu"", ""Ce""]",True,1,True,1.0377719351515158e-38,1.0,"[""La"", ""Er"", ""Yb"", ""Dy"", ""Nd"", ""Lu"", ""Tb"", ""Eu"", ""Gd"", ""Ce"", ""Pr"", ""Ho""]","[1.0, 5.43871959973748e-41, 3.6306241912191685e-41, 2.7157164238614955e-41, 2.0387491357461764e-41, 1.9395372044719793e-41, 1.156912012146569e-41, 7.229298777451731e-42, 2.9371215812248166e-42, 2.766163168577189e-42, 2.658263186824178e-42, 2.436858029460857e-42]",0.0,False,fresh empty counts; all B weights equal 1
cmr_a36c62d0c7f3713321685a5cb6488f21,La:1|Ni:1|O:3,property,template,oxide,La,Ni,O,True,True,1.25,12,0.0,20,False,0.006652980111539364,0.00799998827278614,0.01199407409876585,0.0,"[""W"", ""Mo"", ""Cr"", ""Ge"", ""V"", ""Nb"", ""Ta"", ""Sn"", ""Fe"", ""Al"", ""Ti"", ""Ga""]","[0.2060159593820572, 0.14345642924308777, 0.07675257325172424, 0.07310976833105087, 0.07214591652154922, 0.07097431272268295, 0.06769052147865295, 0.06689953804016113, 0.06452794373035431, 0.05915236845612526, 0.054249901324510574, 0.04502478614449501]","[""Cu"", ""Zn"", ""W"", ""Mo""]",0.28518277406692505,0.3429228365421295,0.2839359641075134,0.34947238862514496,"[""Yb"", ""Pr"", ""Tb"", ""Tm"", ""Er"", ""Ho"", ""Gd"", ""Dy"", ""Nd"", ""La"", ""Eu"", ""Sm"", ""Lu"", ""Ce""]",True,1,True,0.12228436022996902,1.0,"[""La"", ""Er"", ""Tb"", ""Dy"", ""Yb"", ""Tm"", ""Pr"", ""Nd"", ""Sm"", ""Ho"", ""Lu"", ""Ce""]","[1.0, 3.1015923336596973e-12, 2.3439214978659972e-12, 2.3217805716208018e-12, 2.2991031821406605e-12, 2.2936195043926633e-12, 2.168434485791404e-12, 2.1580699467033115e-12, 2.154483622757164e-12, 2.008421640803393e-12, 1.910944926603042e-12, 1.8276634546066095e-12]",0.0,False,fresh empty counts; all B weights equal 1
cmr_bd8c8bb480ad1e9422f4b5cd79215eba,Cs:1|O:3|W:1,joint,zero,oxide,Cs,W,O,False,False,1.25,12,0.0,23,False,5.605193857299268e-45,5.605193857299268e-45,4.004874958433437e-36,0.0,"[""V"", ""Zr"", ""Cr"", ""Ti"", ""Nb"", ""Mn"", ""Ge"", ""Mo"", ""Hf"", ""Sc"", ""Fe"", ""Ta""]","[0.9968648552894592, 0.0014608892379328609, 0.000857548788189888, 0.0008167289197444916, 1.7911846228457762e-08, 6.575009980913649e-10, 2.4573515444714644e-10, 9.888682234171497e-11, 8.152963981017392e-13, 4.200882348280805e-15, 7.448791326890964e-16, 1.6333940163751837e-17]","[""Cu"", ""Zn"", ""W"", ""Mo""]",3.1287968635211605e-13,3.1287968635211605e-13,9.888682234171497e-11,9.888682234171497e-11,[],False,,False,2.3495053942022934e-20,0.0,[],[],0.0,False,fresh empty counts; all B weights equal 1
cmr_bd8c8bb480ad1e9422f4b5cd79215eba,Cs:1|O:3|W:1,joint,template,oxide,Cs,W,O,False,False,1.25,12,0.0,1,True,0.992561399936676,0.9941945672035217,0.9838850498199463,0.9838851690292358,"[""W"", ""Ta"", ""Mo"", ""Nb"", ""Hf"", ""In"", ""Ti"", ""Pb"", ""Y"", ""V"", ""Zn"", ""Zr""]","[0.9838851690292358, 0.0160619355738163, 4.377332516014576e-05, 9.17372562980745e-06, 5.387875390283625e-08, 1.708458619020803e-08, 1.542981031832369e-08, 1.0553370621835256e-08, 1.2178072994473155e-09, 5.091859156536316e-10, 2.7955954218228385e-10, 6.281586362177904e-11]","[""Cu"", ""Zn"", ""W"", ""Mo""]",0.9925650358200073,0.994198203086853,0.9839287996292114,0.9839289426339555,[],False,,False,0.9863883852958679,0.0,[],[],0.0,False,fresh empty counts; all B weights equal 1
cmr_bd8c8bb480ad1e9422f4b5cd79215eba,Cs:1|O:3|W:1,fixed_real,zero,oxide,Cs,W,O,False,False,1.25,12,0.0,18,False,6.074054789713918e-23,1.0926345790793052e-22,2.6940331632905332e-18,0.0,"[""Ti"", ""Zr"", ""V"", ""Cr"", ""Fe"", ""Mn"", ""Ge"", ""Hf"", ""Mo"", ""Nb"", ""Al"", ""Sc""]","[0.999014139175415, 0.0006585536757484078, 0.0001688971824478358, 0.000152220789459534, 5.726848485210212e-06, 3.766531904147996e-07, 1.5183258028628188e-07, 2.4438313594998817e-09, 1.6222888588046658e-09, 1.1188846515963746e-09, 7.334074458853479e-10, 1.577127178853388e-10]","[""Cu"", ""Zn"", ""W"", ""Mo""]",5.7297448036175425e-12,1.0306980963159518e-11,1.6222888588046658e-09,1.6222888588046658e-09,[],False,,False,1.407769660633069e-39,0.0,[],[],0.0,False,fresh empty counts; all B weights equal 1
cmr_bd8c8bb480ad1e9422f4b5cd79215eba,Cs:1|O:3|W:1,fixed_real,template,oxide,Cs,W,O,False,False,1.25,12,0.0,20,False,1.9967281706365208e-21,1.9967277667397373e-21,2.6604530632204224e-17,0.0,"[""Cr"", ""Zr"", ""Fe"", ""V"", ""Ti"", ""Mn"", ""Mo"", ""Hf"", ""Nb"", ""Sc"", ""Ge"", ""Co""]","[0.9463015198707581, 0.047493238002061844, 0.004236979875713587, 0.001235314877703786, 0.00046303728595376015, 0.00026055710623040795, 5.390533260651864e-06, 3.7422555578814354e-06, 5.900473354358837e-08, 3.645410728836396e-08, 5.0333848200523335e-09, 2.136682830666814e-09]","[""Cu"", ""Zn"", ""W"", ""Mo""]",2.714334357278858e-07,2.714334073061764e-07,5.390534170146566e-06,5.390533260651864e-06,[],False,,False,0.9945764541625977,0.0,[],[],0.0,False,fresh empty counts; all B weights equal 1
cmr_bd8c8bb480ad1e9422f4b5cd79215eba,Cs:1|O:3|W:1,property,zero,oxide,Cs,W,O,False,False,1.25,12,0.0,8,True,7.98830099291159e-11,2.7863714890941083e-08,7.308289582397265e-07,7.308290719265642e-07,"[""Ge"", ""Nb"", ""Zr"", ""Ti"", ""Hf"", ""Ta"", ""Mo"", ""W"", ""V"", ""Sc"", ""Cr"", ""Mn""]","[0.43447911739349365, 0.3490898013114929, 0.21361584961414337, 0.0024310576263815165, 0.00019986569532193244, 0.0001816565782064572, 1.6202651522689848e-06, 7.308290719265642e-07, 3.319890140573989e-07, 1.3131208120853444e-08, 1.356038836775042e-09, 2.2965576662592468e-10]","[""Cu"", ""Zn"", ""W"", ""Mo""]",2.959896494569847e-10,1.0324311716658485e-07,2.351093826291617e-06,2.351094224195549e-06,[],False,,False,7.270765618176331e-23,0.0,[],[],0.0,False,fresh empty counts; all B weights equal 1
cmr_bd8c8bb480ad1e9422f4b5cd79215eba,Cs:1|O:3|W:1,property,template,oxide,Cs,W,O,False,False,1.25,12,0.0,1,True,0.275049090385437,0.32220086455345154,0.24895989894866943,0.2814663052558899,"[""W"", ""Mo"", ""Ta"", ""Nb"", ""Cr"", ""V"", ""Ge"", ""Sn"", ""Al"", ""Ti"", ""Zr"", ""Sc""]","[0.2814663052558899, 0.1857938915491104, 0.09201641380786896, 0.08826551586389542, 0.061454884707927704, 0.05286693945527077, 0.046937812119722366, 0.04687446728348732, 0.04561346024274826, 0.03700275719165802, 0.030897626653313637, 0.030809970572590828]","[""Cu"", ""Zn"", ""W"", ""Mo""]",0.43953168392181396,0.5148807764053345,0.4159218370914459,0.4672601968050003,[],False,,False,0.028475575149059296,0.0,[],[],0.0,False,fresh empty counts; all B weights equal 1
cmr_bf604be7ac3009a8fed955cf6716a2df,Fe:1|N:3|Rb:1,joint,zero,nitride,Rb,Fe,N,False,False,1.25,12,0.0,8,True,3.754267730027294e-10,3.9275493968204955e-10,2.9778851384776317e-08,2.9778851384776317e-08,"[""Ti"", ""Zr"", ""Cr"", ""Nb"", ""Mo"", ""Mn"", ""Hf"", ""Fe"", ""Ta"", ""W"", ""Co"", ""Ni""]","[0.9961891770362854, 0.00238119438290596, 0.0011327019892632961, 0.0002588352363090962, 3.419785207370296e-05, 3.8036805563024245e-06, 1.5176000545125135e-07, 2.9778851384776317e-08, 2.6080805071160285e-08, 5.1972740347516755e-12, 4.0721958619175703e-16, 3.767636034046065e-21]","[""Ta"", ""Nb"", ""Ti"", ""Zr"", ""Hf"", ""Cr"", ""Mn"", ""Fe"", ""Co"", ""Ni""]",0.9558780193328857,0.9999973773956299,0.9999659657478333,0.9999659199449824,[],False,,False,2.6122479083720654e-37,0.0,[],[],0.0,False,fresh empty counts; all B weights equal 1
cmr_bf604be7ac3009a8fed955cf6716a2df,Fe:1|N:3|Rb:1,joint,template,nitride,Rb,Fe,N,False,False,1.25,12,0.0,1,True,0.9992470741271973,0.9995162487030029,0.9972360730171204,0.9972359538078308,"[""Fe"", ""Mn"", ""Co"", ""Zr"", ""Cr"", ""Ti"", ""Ni"", ""Hf"", ""Mo"", ""Nb"", ""Ta"", ""W""]","[0.9972359538078308, 0.0012453964445739985, 0.0007707279874011874, 0.0007196784135885537, 2.7890539058716968e-05, 3.109655324351479e-07, 6.135051910938216e-10, 4.573763867643521e-10, 1.245983594078126e-10, 1.7259900368950232e-15, 2.5355035788420907e-20, 1.0384386232002713e-21]","[""Ta"", ""Nb"", ""Ti"", ""Zr"", ""Hf"", ""Cr"", ""Mn"", ""Fe"", ""Co"", ""Ni""]",0.99973064661026,1.0,1.0000001192092896,0.9999999592288691,[],False,,False,0.9987354874610901,0.0,[],[],0.0,False,fresh empty counts; all B weights equal 1
cmr_bf604be7ac3009a8fed955cf6716a2df,Fe:1|N:3|Rb:1,fixed_real,zero,nitride,Rb,Fe,N,False,False,1.25,12,0.0,4,True,1.5590904922646587e-07,2.804632117658912e-07,5.727816642320249e-06,5.727816642320249e-06,"[""Ti"", ""Zr"", ""Cr"", ""Fe"", ""Mn"", ""Hf"", ""Mo"", ""Nb"", ""Co"", ""Ta"", ""W"", ""Ni""]","[0.9991829991340637, 0.0006586649687960744, 0.00015224651724565774, 5.727816642320249e-06, 3.767168550439237e-07, 2.4442443624650423e-09, 1.6225630838917482e-09, 1.1190737225774683e-09, 1.9822163387691466e-13, 4.849864817900073e-17, 2.6944885262177437e-18, 4.984188671659574e-19]","[""Ta"", ""Nb"", ""Ti"", ""Zr"", ""Hf"", ""Cr"", ""Mn"", ""Fe"", ""Co"", ""Ni""]",0.5558984279632568,1.0,1.0,1.0000000187171192,[],False,,False,4.8977315120033125e-39,0.0,[],[],0.0,False,fresh empty counts; all B weights equal 1
cmr_bf604be7ac3009a8fed955cf6716a2df,Fe:1|N:3|Rb:1,fixed_real,template,nitride,Rb,Fe,N,False,False,1.25,12,0.0,3,True,0.0011296550510451198,0.0011299282778054476,0.004242221359163523,0.004242220427840948,"[""Cr"", ""Zr"", ""Fe"", ""Ti"", ""Mn"", ""Mo"", ""Hf"", ""Nb"", ""Co"", ""Ta"", ""Ni"", ""W""]","[0.9474719762802124, 0.04755198210477829, 0.004242220427840948, 0.0004636100202333182, 0.00026087937294505537, 5.3972007663105614e-06, 3.7468842037924333e-06, 5.907771694069197e-08, 2.1393256055546317e-09, 6.288150881071652e-13, 3.8038644930802275e-17, 2.6637434222610358e-17]","[""Ta"", ""Nb"", ""Ti"", ""Zr"", ""Hf"", ""Cr"", ""Mn"", ""Fe"", ""Co"", ""Ni""]",0.999757707118988,0.9999996423721313,0.9999946355819702,0.9999944763078852,[],False,,False,0.00516671733930707,0.0,[],[],0.0,False,fresh empty counts; all B weights equal 1
cmr_bf604be7ac3009a8fed955cf6716a2df,Fe:1|N:3|Rb:1,property,zero,nitride,Rb,Fe,N,False,False,1.25,12,0.0,4,True,1.8345472918568362e-09,1.417174530615739e-06,2.089398003590759e-05,2.0893983673886396e-05,"[""Ti"", ""Zr"", ""Cr"", ""Fe"", ""Mn"", ""Nb"", ""Mo"", ""Co"", ""Hf"", ""Ni"", ""Ta"", ""W""]","[0.996859073638916, 0.0030097125563770533, 0.00010793489491334185, 2.0893983673886396e-05, 1.2635424582185806e-06, 6.440066613322415e-07, 5.167992185306503e-07, 2.174052049497277e-09, 6.658720796970385e-10, 3.2668705522882757e-13, 1.4665838674577888e-15, 1.8967778194454998e-16]","[""Ta"", ""Nb"", ""Ti"", ""Zr"", ""Hf"", ""Cr"", ""Mn"", ""Fe"", ""Co"", ""Ni""]",0.0012945104390382767,1.0,0.999999463558197,0.9999995254632521,[],False,,False,2.6648037516756884e-30,0.0,[],[],0.0,False,fresh empty counts; all B weights equal 1
cmr_bf604be7ac3009a8fed955cf6716a2df,Fe:1|N:3|Rb:1,property,template,nitride,Rb,Fe,N,False,False,1.25,12,0.0,5,True,0.0035307779908180237,0.06460507959127426,0.07235464453697205,0.07235465198755264,"[""Ni"", ""Co"", ""Hf"", ""Mo"", ""Fe"", ""Ti"", ""Cr"", ""Mn"", ""W"", ""Zr"", ""Nb"", ""Ta""]","[0.28335461020469666, 0.15372797846794128, 0.07285560667514801, 0.07278852164745331, 0.07235465198755264, 0.06867165118455887, 0.06462064385414124, 0.05280680954456329, 0.05274505540728569, 0.044376879930496216, 0.03625114634633064, 0.025446562096476555]","[""Ta"", ""Nb"", ""Ti"", ""Zr"", ""Hf"", ""Cr"", ""Mn"", ""Fe"", ""Co"", ""Ni""]",0.04871616140007973,0.8913931846618652,0.8744664192199707,0.8744665402919054,[],False,,False,0.057739537209272385,0.0,[],[],0.0,False,fresh empty counts; all B weights equal 1
cmr_dbcef27061099822569740c11818d051,Cs:1|O:3|Pb:1,joint,zero,oxide,Cs,Pb,O,False,False,1.25,12,0.0,13,False,2.7137080098477704e-16,5.540294243343291e-13,1.4237419576623722e-10,0.0,"[""Ti"", ""Mo"", ""Zr"", ""Nb"", ""Hf"", ""W"", ""V"", ""Sc"", ""Ge"", ""In"", ""Cr"", ""Ta""]","[0.7995440363883972, 0.1962141990661621, 0.004046373534947634, 6.836266402387992e-05, 5.143029920873232e-05, 4.9790563934948295e-05, 1.9872066332027316e-05, 5.289450200507417e-06, 4.427547821705957e-07, 1.7504804361578863e-07, 6.037233646338791e-08, 4.312049739496615e-08]","[""Cu"", ""Zn"", ""W"", ""Mo""]",7.206097507150844e-05,0.14711934328079224,0.19626399874687195,0.19626398963009706,"[""Ba"", ""Sr"", ""Ca""]",False,,False,0.008212337270379066,0.0,"[""Ba"", ""Sr"", ""Ca""]","[0.9238714575767517, 0.07219156622886658, 0.00393700459972024]",0.0,False,fresh empty counts; all B weights equal 1
cmr_dbcef27061099822569740c11818d051,Cs:1|O:3|Pb:1,joint,template,oxide,Cs,Pb,O,False,False,1.25,12,0.0,1,True,0.5532683730125427,0.5889081358909607,0.5712903738021851,0.5712903141975403,"[""Pb"", ""In"", ""Y"", ""Sn"", ""Zn"", ""Ga"", ""Cu"", ""Sc"", ""Mn"", ""V"", ""Nb"", ""Ta""]","[0.5712903141975403, 0.42849409580230713, 0.00020416082406882197, 6.71089082970866e-06, 4.586671821016353e-06, 4.320213520259131e-08, 1.3670892543005131e-11, 1.0995309697447997e-11, 4.224605040792362e-12, 3.821522091829177e-12, 1.5417450302535052e-12, 9.071649139345828e-13]","[""Cu"", ""Zn"", ""W"", ""Mo""]",2.3644912516829208e-07,2.516804045171739e-07,4.58668591818423e-06,4.586685491908896e-06,"[""Ba"", ""Sr"", ""Ca""]",False,,False,0.988609790802002,0.0,"[""Ca"", ""Sr"", ""Ba""]","[0.9378283023834229, 0.05889330804347992, 0.003278379561379552]",0.0,False,fresh empty counts; all B weights equal 1
cmr_dbcef27061099822569740c11818d051,Cs:1|O:3|Pb:1,fixed_real,zero,oxide,Cs,Pb,O,False,False,1.25,12,0.0,22,False,7.853691110068377e-32,1.4127652994481944e-31,2.087752679660715e-25,0.0,"[""Ti"", ""Zr"", ""V"", ""Cr"", ""Fe"", ""Mn"", ""Ge"", ""Hf"", ""Mo"", ""Nb"", ""Al"", ""Sc""]","[0.999014139175415, 0.0006585536757484078, 0.0001688971824478358, 0.000152220789459534, 5.726848485210212e-06, 3.766531904147996e-07, 1.5183258028628188e-07, 2.4438313594998817e-09, 1.6222888588046658e-09, 1.1188846515963746e-09, 7.334074458853479e-10, 1.577127178853388e-10]","[""Cu"", ""Zn"", ""W"", ""Mo""]",5.7297448036175425e-12,1.0306980963159518e-11,1.6222888588046658e-09,1.6222888588046658e-09,"[""Ba"", ""Sr"", ""Ca""]",False,,False,1.407769660633069e-39,0.0,"[""Ca"", ""Sr"", ""Ba""]","[0.969769299030304, 0.03023068793118, 1.2470464938463266e-10]",0.0,False,fresh empty counts; all B weights equal 1
cmr_dbcef27061099822569740c11818d051,Cs:1|O:3|Pb:1,fixed_real,template,oxide,Cs,Pb,O,False,False,1.25,12,0.0,16,False,7.798080450465648e-17,7.798079788721158e-17,1.2539821340595142e-13,0.0,"[""Cr"", ""Zr"", ""Fe"", ""V"", ""Ti"", ""Mn"", ""Mo"", ""Hf"", ""Nb"", ""Sc"", ""Ge"", ""Co""]","[0.9463015198707581, 0.047493238002061844, 0.004236979875713587, 0.001235314877703786, 0.00046303728595376015, 0.00026055710623040795, 5.390533260651864e-06, 3.7422555578814354e-06, 5.900473354358837e-08, 3.645410728836396e-08, 5.0333848200523335e-09, 2.136682830666814e-09]","[""Cu"", ""Zn"", ""W"", ""Mo""]",2.714334357278858e-07,2.714334073061764e-07,5.390534170146566e-06,5.390533260651864e-06,"[""Ba"", ""Sr"", ""Ca""]",False,,False,0.9945764541625977,0.0,"[""Ca"", ""Sr"", ""Ba""]","[0.9672951698303223, 0.03152264282107353, 0.0011822022497653961]",0.0,False,fresh empty counts; all B weights equal 1
cmr_dbcef27061099822569740c11818d051,Cs:1|O:3|Pb:1,property,zero,oxide,Cs,Pb,O,False,False,1.25,12,0.0,21,False,3.5512145207358466e-27,3.5335375037045246e-25,2.738168806589978e-20,0.0,"[""Ti"", ""Zr"", ""V"", ""Cr"", ""Fe"", ""Ge"", ""Nb"", ""Mo"", ""Mn"", ""Sc"", ""Al"", ""Co""]","[0.9969815611839294, 0.0015278580831363797, 0.0014686990762129426, 1.8531123714637943e-05, 1.5836056945772725e-06, 1.0955683364954893e-06, 3.3767369700399286e-07, 2.4787050278973766e-07, 1.3327205294899613e-07, 2.112339053672585e-10, 1.0850351866986685e-10, 1.0241213432848895e-10]","[""Cu"", ""Zn"", ""W"", ""Mo""]",5.576116651750951e-11,5.548359993667873e-09,2.4787050278973766e-07,2.4787050278973766e-07,"[""Ba"", ""Sr"", ""Ca""]",False,,False,2.152251027718284e-28,0.0,"[""Ba"", ""Sr"", ""Ca""]","[1.0, 6.410419306490667e-09, 4.749661978292747e-18]",0.0,False,fresh empty counts; all B weights equal 1
cmr_dbcef27061099822569740c11818d051,Cs:1|O:3|Pb:1,property,template,oxide,Cs,Pb,O,False,False,1.25,12,0.0,23,False,0.005588062107563019,0.008772131986916065,0.012354079633951187,0.0,"[""W"", ""Fe"", ""Mo"", ""Ge"", ""In"", ""Al"", ""Ga"", ""Sn"", ""Co"", ""Ni"", ""Cr"", ""V""]","[0.11452458798885345, 0.09979137778282166, 0.0987350270152092, 0.09126247465610504, 0.0874306857585907, 0.08507571369409561, 0.08292229473590851, 0.0749041959643364, 0.07119088619947433, 0.06648052483797073, 0.06574191898107529, 0.06194025278091431]","[""Cu"", ""Zn"", ""W"", ""Mo""]",0.14421528577804565,0.22638896107673645,0.21542739868164062,0.21325961500406265,"[""Ba"", ""Sr"", ""Ca""]",False,,False,0.049713991582393646,0.0,"[""Ba"", ""Sr"", ""Ca""]","[0.39569637179374695, 0.3523355722427368, 0.25196802616119385]",0.0,False,fresh empty counts; all B weights equal 1
cmr_e8bb6f6ece3b11691f6fbdf699fa676a,Ca:1|Co:1|N:3,joint,zero,nitride,Ca,Co,N,False,False,1.25,12,0.0,9,True,3.094074108034306e-09,3.6827934035699172e-09,1.7828818954512826e-07,1.7828818954512826e-07,"[""Ti"", ""Zr"", ""Cr"", ""Fe"", ""Hf"", ""Mo"", ""Nb"", ""Mn"", ""Co"", ""Ta"", ""W"", ""Ni""]","[0.9950142502784729, 0.0029334435239434242, 0.0007337911520153284, 0.0007299940916709602, 0.0005054264911450446, 3.961752008763142e-05, 3.6242781789042056e-05, 6.965273314563092e-06, 1.7828818954512826e-07, 2.4895179251416266e-08, 1.9253727501222784e-08, 2.646437236020205e-11]","[""Ta"", ""Nb"", ""Ti"", ""Zr"", ""Hf"", ""Cr"", ""Mn"", ""Fe"", ""Co"", ""Ni""]",0.8401405811309814,0.9999968409538269,0.9999603033065796,0.9999603168021844,[],False,,False,0.0,0.0,[],[],0.0,False,fresh empty counts; all B weights equal 1
cmr_e8bb6f6ece3b11691f6fbdf699fa676a,Ca:1|Co:1|N:3,joint,template,nitride,Ca,Co,N,False,False,1.25,12,0.0,1,True,0.9612516760826111,0.9848493337631226,0.9654068946838379,0.9654070138931274,"[""Co"", ""Ni"", ""Fe"", ""Mn"", ""Zr"", ""Cr"", ""Hf"", ""Ti"", ""Mo"", ""Nb"", ""Ta"", ""W""]","[0.9654070138931274, 0.03408414125442505, 0.0005084914155304432, 3.5118006280754344e-07, 1.9413461060935333e-08, 7.937860438400612e-12, 7.944376222406707e-15, 9.365111255220805e-17, 1.6483608569425957e-18, 6.7594352185509936e-21, 9.278318172122835e-23, 7.302069398762919e-26]","[""Ta"", ""Nb"", ""Ti"", ""Zr"", ""Hf"", ""Cr"", ""Mn"", ""Fe"", ""Co"", ""Ni""]",0.9760392904281616,0.9999999403953552,0.9999998807907104,1.0000000171645527,[],False,,False,0.9999450445175171,0.0,[],[],0.0,False,fresh empty counts; all B weights equal 1
cmr_e8bb6f6ece3b11691f6fbdf699fa676a,Ca:1|Co:1|N:3,fixed_real,zero,nitride,Ca,Co,N,False,False,1.25,12,0.0,9,True,7.359055994714354e-17,1.323813234884965e-16,1.9822163387691466e-13,1.9822163387691466e-13,"[""Ti"", ""Zr"", ""Cr"", ""Fe"", ""Mn"", ""Hf"", ""Mo"", ""Nb"", ""Co"", ""Ta"", ""W"", ""Ni""]","[0.9991829991340637, 0.0006586649687960744, 0.00015224651724565774, 5.727816642320249e-06, 3.767168550439237e-07, 2.4442443624650423e-09, 1.6225630838917482e-09, 1.1190737225774683e-09, 1.9822163387691466e-13, 4.849864817900073e-17, 2.6944885262177437e-18, 4.984188671659574e-19]","[""Ta"", ""Nb"", ""Ti"", ""Zr"", ""Hf"", ""Cr"", ""Mn"", ""Fe"", ""Co"", ""Ni""]",0.5558984279632568,1.0,1.0,1.0000000187171192,[],False,,False,1.0507548742775055e-14,0.0,[],[],0.0,False,fresh empty counts; all B weights equal 1
cmr_e8bb6f6ece3b11691f6fbdf699fa676a,Ca:1|Co:1|N:3,fixed_real,template,nitride,Ca,Co,N,False,False,1.25,12,0.0,9,True,1.5180998819142033e-11,1.5184671228740676e-11,2.1393260496438415e-09,2.1393256055546317e-09,"[""Cr"", ""Zr"", ""Fe"", ""Ti"", ""Mn"", ""Mo"", ""Hf"", ""Nb"", ""Co"", ""Ta"", ""Ni"", ""W""]","[0.9474719762802124, 0.04755198210477829, 0.004242220427840948, 0.0004636100202333182, 0.00026087937294505537, 5.3972007663105614e-06, 3.7468842037924333e-06, 5.907771694069197e-08, 2.1393256055546317e-09, 6.288150881071652e-13, 3.8038644930802275e-17, 2.6637434222610358e-17]","[""Ta"", ""Nb"", ""Ti"", ""Zr"", ""Hf"", ""Cr"", ""Mn"", ""Fe"", ""Co"", ""Ni""]",0.999757707118988,0.9999996423721313,0.9999946355819702,0.9999944763078852,[],False,,False,6.847938038845314e-08,0.0,[],[],0.0,False,fresh empty counts; all B weights equal 1
cmr_e8bb6f6ece3b11691f6fbdf699fa676a,Ca:1|Co:1|N:3,property,zero,nitride,Ca,Co,N,False,False,1.25,12,0.0,8,True,3.057969781122263e-15,6.824496480081765e-13,1.8476045693383014e-10,1.8476045693383014e-10,"[""Ti"", ""Zr"", ""Cr"", ""Fe"", ""Nb"", ""Mo"", ""Mn"", ""Co"", ""Hf"", ""Ni"", ""Ta"", ""W""]","[0.9982197880744934, 0.001756993937306106, 2.014339952438604e-05, 2.2708984488417627e-06, 4.1716762666510476e-07, 2.9400939638435375e-07, 1.4184753638346592e-07, 1.8476045693383014e-10, 1.7665377494147094e-10, 2.0704781883125814e-14, 3.8223346420651486e-16, 5.460742332481914e-17]","[""Ta"", ""Nb"", ""Ti"", ""Zr"", ""Hf"", ""Cr"", ""Mn"", ""Fe"", ""Co"", ""Ni""]",0.004480872768908739,1.0,0.9999997019767761,0.999999755686371,[],False,,False,0.0,0.0,[],[],0.0,False,fresh empty counts; all B weights equal 1
cmr_e8bb6f6ece3b11691f6fbdf699fa676a,Ca:1|Co:1|N:3,property,template,nitride,Ca,Co,N,False,False,1.25,12,0.0,2,True,0.031651195138692856,0.17484326660633087,0.15803787112236023,0.15803784132003784,"[""Ni"", ""Co"", ""Fe"", ""Mo"", ""W"", ""Cr"", ""Mn"", ""Ti"", ""Nb"", ""Hf"", ""Ta"", ""Zr""]","[0.19936174154281616, 0.15803784132003784, 0.13817794620990753, 0.1022837832570076, 0.07968292385339737, 0.07363024353981018, 0.06351380795240402, 0.05673779174685478, 0.041003722697496414, 0.031816575676202774, 0.029929153621196747, 0.025824250653386116]","[""Ta"", ""Nb"", ""Ti"", ""Zr"", ""Hf"", ""Cr"", ""Mn"", ""Fe"", ""Co"", ""Ni""]",0.14920474588871002,0.8242167830467224,0.8180332779884338,0.8180330749601126,[],False,,False,0.024786116555333138,0.0,[],[],0.0,False,fresh empty counts; all B weights equal 1
cmr_fa3beecfda0e2ee6c4c5dd7cb9227cca,Ca:1|N:3|Zr:1,joint,zero,nitride,Ca,Zr,N,False,False,1.25,12,0.0,4,True,1.1877013093908317e-05,1.189971408166457e-05,0.0001148582887253724,0.00011485830327728763,"[""Ti"", ""Nb"", ""Hf"", ""Zr"", ""Mo"", ""Cr"", ""Fe"", ""Ta"", ""W"", ""Mn"", ""Co"", ""Ni""]","[0.9993215799331665, 0.0003439293068367988, 0.00014804436068516225, 0.00011485830327728763, 6.617532926611602e-05, 5.380033144319896e-06, 1.769812882912447e-07, 9.521341937102079e-09, 2.053526015899365e-09, 4.584710944222081e-10, 3.2029858366283692e-12, 2.804663731212917e-17]","[""Ta"", ""Nb"", ""Ti"", ""Zr"", ""Hf"", ""Cr"", ""Mn"", ""Fe"", ""Co"", ""Ni""]",0.9980863332748413,0.9999940395355225,0.9999338388442993,0.9999339789014143,[],False,,False,0.0,0.0,[],[],0.0,False,fresh empty counts; all B weights equal 1
cmr_fa3beecfda0e2ee6c4c5dd7cb9227cca,Ca:1|N:3|Zr:1,joint,template,nitride,Ca,Zr,N,False,False,1.25,12,0.0,1,True,0.6906982660293579,0.7247829437255859,0.6733001470565796,0.6733001470565796,"[""Zr"", ""Hf"", ""Ti"", ""Fe"", ""Co"", ""Mo"", ""Cr"", ""Nb"", ""Mn"", ""Ni"", ""Ta"", ""W""]","[0.6733001470565796, 0.2975001931190491, 0.028686746954917908, 0.0004887105314992368, 1.8121867469744757e-05, 5.9521371440496296e-06, 9.616623941610669e-08, 1.529812010403475e-08, 4.789917795733345e-09, 1.778446140354717e-11, 7.027852692159664e-12, 3.4060994754108332e-15]","[""Ta"", ""Nb"", ""Ti"", ""Zr"", ""Hf"", ""Cr"", ""Mn"", ""Fe"", ""Co"", ""Ni""]",0.9529723525047302,0.9999997615814209,0.9999940395355225,0.9999940358086051,[],False,,False,0.9999634027481079,0.0,[],[],0.0,False,fresh empty counts; all B weights equal 1
cmr_fa3beecfda0e2ee6c4c5dd7cb9227cca,Ca:1|N:3|Zr:1,fixed_real,zero,nitride,Ca,Zr,N,False,False,1.25,12,0.0,2,True,5.8710375014925376e-05,0.00010561350063653663,0.0006586649687960744,0.0006586649687960744,"[""Ti"", ""Zr"", ""Cr"", ""Fe"", ""Mn"", ""Hf"", ""Mo"", ""Nb"", ""Co"", ""Ta"", ""W"", ""Ni""]","[0.9991829991340637, 0.0006586649687960744, 0.00015224651724565774, 5.727816642320249e-06, 3.767168550439237e-07, 2.4442443624650423e-09, 1.6225630838917482e-09, 1.1190737225774683e-09, 1.9822163387691466e-13, 4.849864817900073e-17, 2.6944885262177437e-18, 4.984188671659574e-19]","[""Ta"", ""Nb"", ""Ti"", ""Zr"", ""Hf"", ""Cr"", ""Mn"", ""Fe"", ""Co"", ""Ni""]",0.5558984279632568,1.0,1.0,1.0000000187171192,[],False,,False,1.0507548742775055e-14,0.0,[],[],0.0,False,fresh empty counts; all B weights equal 1
cmr_fa3beecfda0e2ee6c4c5dd7cb9227cca,Ca:1|N:3|Zr:1,fixed_real,template,nitride,Ca,Zr,N,False,False,1.25,12,0.0,2,True,0.023169392719864845,0.02317499741911888,0.04755198955535889,0.04755198210477829,"[""Cr"", ""Zr"", ""Fe"", ""Ti"", ""Mn"", ""Mo"", ""Hf"", ""Nb"", ""Co"", ""Ta"", ""Ni"", ""W""]","[0.9474719762802124, 0.04755198210477829, 0.004242220427840948, 0.0004636100202333182, 0.00026087937294505537, 5.3972007663105614e-06, 3.7468842037924333e-06, 5.907771694069197e-08, 2.1393256055546317e-09, 6.288150881071652e-13, 3.8038644930802275e-17, 2.6637434222610358e-17]","[""Ta"", ""Nb"", ""Ti"", ""Zr"", ""Hf"", ""Cr"", ""Mn"", ""Fe"", ""Co"", ""Ni""]",0.999757707118988,0.9999996423721313,0.9999946355819702,0.9999944763078852,[],False,,False,6.847938038845314e-08,0.0,[],[],0.0,False,fresh empty counts; all B weights equal 1
cmr_fa3beecfda0e2ee6c4c5dd7cb9227cca,Ca:1|N:3|Zr:1,property,zero,nitride,Ca,Zr,N,False,False,1.25,12,0.0,2,True,1.4694389847136335e-06,0.00031878717709332705,0.0015929890796542168,0.0015929890796542168,"[""Ti"", ""Zr"", ""Cr"", ""Fe"", ""Nb"", ""Mo"", ""Mn"", ""Co"", ""Hf"", ""Ni"", ""Ta"", ""W""]","[0.9983870983123779, 0.0015929890796542168, 1.735899604682345e-05, 1.7985812519327737e-06, 3.2844684483279707e-07, 2.35960328609508e-07, 1.1585826342752625e-07, 1.2452776310123426e-10, 1.1860241955208295e-10, 1.2171895639296292e-14, 2.0695278067578502e-16, 2.890700771958028e-17]","[""Ta"", ""Nb"", ""Ti"", ""Zr"", ""Hf"", ""Cr"", ""Mn"", ""Fe"", ""Co"", ""Ni""]",0.004609467461705208,1.0,0.9999997019767761,0.9999996895175818,[],False,,False,0.0,0.0,[],[],0.0,False,fresh empty counts; all B weights equal 1
cmr_fa3beecfda0e2ee6c4c5dd7cb9227cca,Ca:1|N:3|Zr:1,property,template,nitride,Ca,Zr,N,False,False,1.25,12,0.0,12,True,0.004384323954582214,0.019825749099254608,0.02753550373017788,0.027535507455468178,"[""Ni"", ""Co"", ""Fe"", ""Mo"", ""W"", ""Cr"", ""Ti"", ""Mn"", ""Nb"", ""Ta"", ""Hf"", ""Zr""]","[0.18244929611682892, 0.15195555984973907, 0.14080563187599182, 0.11130577325820923, 0.08373790979385376, 0.06830224394798279, 0.06138341873884201, 0.05882897228002548, 0.04707799106836319, 0.03502602130174637, 0.03159172087907791, 0.027535507455468178]","[""Ta"", ""Nb"", ""Ti"", ""Zr"", ""Hf"", ""Cr"", ""Mn"", ""Fe"", ""Co"", ""Ni""]",0.17840631306171417,0.8067466020584106,0.8049562573432922,0.8049563635140657,[],False,,False,0.033934660255908966,0.0,[],[],0.0,False,fresh empty counts; all B weights equal 1
