target_id,target_heat_all,target_dir_gap,proposal_index,method,guidance,initial_noise_seed,categorical_seed,resampled_training_id,latent_norm,latent_min,latent_max,standardized_latent_norm,nearest_cached_latent_distance,sampled,sampled_roles,sampled_anion_key,full_composition,anion_seen_in_cpu_train_subset,composition_seen_in_cpu_train_subset,anion_seen_in_full_train_metadata,composition_seen_in_full_train_metadata,raw_lengths_angstrom,raw_angles_degrees,projected_cubic_length_angstrom,constructed,minimal_valid,minimum_periodic_distance_angstrom,accepted,rejection_reason,cif_write_error
cmr_5fef398caab1e0a5b66b5742e7566474,1.840000033378601,0.0,0,conditional_diffusion,1.0,4945434974531619628,35317924909702493,,65.75828552246094,-20.158111572265625,26.598098754882812,951.5655517578125,65.35356140136719,True,"[""Co"", ""Fe"", ""N"", ""O"", ""S""]",ONS,Co:1|Fe:1|N:1|O:1|S:1,False,False,False,False,"[88.70662689208984, 86.29796981811523, 104.67819213867188]","[-17.8123676776886, 38.618348836898804, 181.00687980651855]",93.22759628295898,True,True,46.61379814147949,True,,
cmr_5fef398caab1e0a5b66b5742e7566474,1.840000033378601,0.0,0,property_only_meidnet,,,35317924909702493,,0.9999999403953552,-0.5059989094734192,0.2184726893901825,10.420095443725586,0.3424851596355438,True,"[""Ca"", ""Pt"", ""N"", ""O"", ""N""]",ON2,Ca:1|N:2|O:1|Pt:1,True,False,True,True,"[4.148031771183014, 4.148031771183014, 4.148031771183014]","[90.00652313232422, 90.00558972358704, 89.99299943447113]",4.148031771183014,True,True,2.074015885591507,True,,
cmr_5fef398caab1e0a5b66b5742e7566474,1.840000033378601,0.0,0,conditional_resample,,,35317924909702493,cmr_e5edb8755048f48a3d4e235afdb276e0,0.9390161037445068,-0.3007811903953552,0.2686906158924103,9.736571311950684,0.0,True,"[""Mg"", ""Au"", ""O"", ""O"", ""O""]",O3,Au:1|Mg:1|O:3,True,False,True,True,"[3.8998129963874817, 3.8998129963874817, 3.8998129963874817]","[90.01523494720459, 90.02189755439758, 89.99008119106293]",3.8998129963874817,True,True,1.9499064981937408,True,,
cmr_5fef398caab1e0a5b66b5742e7566474,1.840000033378601,0.0,0,unconditional_diffusion,0.0,4945434974531619628,35317924909702493,,66.41365051269531,-20.47773551940918,26.57265853881836,955.993896484375,66.00321960449219,True,"[""Co"", ""Fe"", ""O"", ""O"", ""S""]",O2S,Co:1|Fe:1|O:2|S:1,True,False,True,False,"[83.88879776000977, 80.13280868530273, 99.47301864624023]","[-20.49627184867859, 39.267507791519165, 187.45473861694336]",87.83154169718425,True,True,43.915770848592125,True,,
cmr_5fef398caab1e0a5b66b5742e7566474,1.840000033378601,0.0,1,conditional_diffusion,1.0,6144807609512879634,9720090664712806389,,65.92597961425781,-19.579565048217773,29.633668899536133,976.02197265625,65.68122863769531,True,"[""Nb"", ""Nb"", ""N"", ""O"", ""O""]",O2N,N:1|Nb:2|O:2,True,False,True,True,"[228.45537185668945, 201.85785293579102, 213.13724517822266]","[132.43773937225342, 105.08241534233093, 204.1092824935913]",214.48348999023438,True,True,107.24174499511719,True,,
cmr_5fef398caab1e0a5b66b5742e7566474,1.840000033378601,0.0,1,property_only_meidnet,,,9720090664712806389,,0.9999999403953552,-0.5059989094734192,0.2184726893901825,10.420095443725586,0.3424851596355438,True,"[""Sc"", ""Os"", ""O"", ""N"", ""N""]",ON2,N:2|O:1|Os:1|Sc:1,True,False,True,False,"[4.148031771183014, 4.148031771183014, 4.148031771183014]","[90.00652313232422, 90.00558972358704, 89.99299943447113]",4.148031771183014,True,True,2.074015885591507,True,,
cmr_5fef398caab1e0a5b66b5742e7566474,1.840000033378601,0.0,1,conditional_resample,,,9720090664712806389,cmr_5fef398caab1e0a5b66b5742e7566474,0.9395232796669006,-0.31519582867622375,0.2608959674835205,11.262996673583984,0.0,True,"[""Sc"", ""Ga"", ""N"", ""N"", ""N""]",N3,Ga:1|N:3|Sc:1,True,False,True,False,"[3.7978395819664, 3.7978395819664, 3.7978395819664]","[90.11819958686829, 89.99813854694366, 90.02408623695374]",3.7978395819664,True,True,1.8989197909832,True,,
cmr_5fef398caab1e0a5b66b5742e7566474,1.840000033378601,0.0,1,unconditional_diffusion,0.0,6144807609512879634,9720090664712806389,,66.86467742919922,-19.719446182250977,30.024805068969727,983.4994506835938,66.61260223388672,True,"[""Nb"", ""Nb"", ""N"", ""O"", ""O""]",O2N,N:1|Nb:2|O:2,True,False,True,True,"[224.4498062133789, 196.40668869018555, 208.6173439025879]","[137.5863790512085, 107.67719507217407, 213.3493423461914]",209.82461293538412,True,True,104.91230646769206,True,,
cmr_5fef398caab1e0a5b66b5742e7566474,1.840000033378601,0.0,2,conditional_diffusion,1.0,2201859823144522877,17826694430576555436,,83.60159301757812,-24.041263580322266,34.152835845947266,1084.3292236328125,83.15951538085938,True,"[""Li"", ""Ta"", ""S"", ""N"", ""N""]",N2S,Li:1|N:2|S:1|Ta:1,False,False,False,False,"[197.82648086547852, 181.89517974853516, 176.5903663635254]","[185.04414081573486, 296.729736328125, 59.94786500930786]",185.43734232584634,True,True,92.71867116292317,True,,
cmr_5fef398caab1e0a5b66b5742e7566474,1.840000033378601,0.0,2,property_only_meidnet,,,17826694430576555436,,0.9999999403953552,-0.5059989094734192,0.2184726893901825,10.420095443725586,0.3424851596355438,True,"[""Hf"", ""Ni"", ""N"", ""N"", ""N""]",N3,Hf:1|N:3|Ni:1,True,True,True,True,"[4.148031771183014, 4.148031771183014, 4.148031771183014]","[90.00652313232422, 90.00558972358704, 89.99299943447113]",4.148031771183014,True,True,2.074015885591507,True,,
cmr_5fef398caab1e0a5b66b5742e7566474,1.840000033378601,0.0,2,conditional_resample,,,17826694430576555436,cmr_5631711299e97a05b7ffdeb7419ab132,0.9387704730033875,-0.32252511382102966,0.2566143870353699,9.333569526672363,0.0,True,"[""K"", ""Al"", ""O"", ""O"", ""O""]",O3,Al:1|K:1|O:3,True,False,True,True,"[4.059366881847382, 4.059366881847382, 4.059366881847382]","[89.97957229614258, 89.99684035778046, 89.99740362167358]",4.059366881847382,True,True,2.029683440923691,True,,
cmr_5fef398caab1e0a5b66b5742e7566474,1.840000033378601,0.0,2,unconditional_diffusion,0.0,2201859823144522877,17826694430576555436,,84.15355682373047,-23.612600326538086,34.64168930053711,1091.1221923828125,83.71302795410156,True,"[""Rb"", ""Ta"", ""S"", ""N"", ""N""]",N2S,N:2|Rb:1|S:1|Ta:1,False,False,False,False,"[201.17210388183594, 184.04726028442383, 179.44639205932617]","[185.5070686340332, 301.9336938858032, 57.42983937263489]",188.22191874186197,True,True,94.11095937093098,True,,
cmr_5fef398caab1e0a5b66b5742e7566474,1.840000033378601,0.0,3,conditional_diffusion,1.0,7451427073334599059,10248546396203313105,,79.89732360839844,-27.774751663208008,27.747907638549805,1204.045166015625,79.45294189453125,True,"[""Zn"", ""Ta"", ""N"", ""N"", ""O""]",ON2,N:2|O:1|Ta:1|Zn:1,True,False,True,True,"[97.5015926361084, 80.46751976013184, 96.42526626586914]","[297.8693962097168, 45.71162223815918, 327.38935947418213]",91.4647928873698,True,True,45.7323964436849,True,,
cmr_5fef398caab1e0a5b66b5742e7566474,1.840000033378601,0.0,3,property_only_meidnet,,,10248546396203313105,,0.9999999403953552,-0.5059989094734192,0.2184726893901825,10.420095443725586,0.3424851596355438,True,"[""Hg"", ""Ga"", ""N"", ""N"", ""O""]",ON2,Ga:1|Hg:1|N:2|O:1,True,False,True,True,"[4.148031771183014, 4.148031771183014, 4.148031771183014]","[90.00652313232422, 90.00558972358704, 89.99299943447113]",4.148031771183014,True,True,2.074015885591507,True,,
cmr_5fef398caab1e0a5b66b5742e7566474,1.840000033378601,0.0,3,conditional_resample,,,10248546396203313105,cmr_1850f29b8481d21d4dcd6813246be9dd,0.9399857521057129,-0.33091312646865845,0.2411363273859024,12.624560356140137,0.0,True,"[""Cs"", ""Ba"", ""N"", ""O"", ""F""]",OFN,Ba:1|Cs:1|F:1|N:1|O:1,True,False,True,True,"[4.986984729766846, 4.98698502779007, 4.986984729766846]","[90.06648659706116, 89.861319065094, 90.00127673149109]",4.986984829107921,True,True,2.4934924145539603,True,,
cmr_5fef398caab1e0a5b66b5742e7566474,1.840000033378601,0.0,3,unconditional_diffusion,0.0,7451427073334599059,10248546396203313105,,80.99666595458984,-27.26083755493164,28.410573959350586,1215.069091796875,80.55696868896484,True,"[""Zn"", ""Ta"", ""N"", ""N"", ""O""]",ON2,N:2|O:1|Ta:1|Zn:1,True,False,True,True,"[97.73994445800781, 80.51644325256348, 97.51909255981445]","[309.46505784988403, 39.289952516555786, 334.44374084472656]",91.92516009012859,True,True,45.96258004506429,True,,
cmr_5fef398caab1e0a5b66b5742e7566474,1.840000033378601,0.0,4,conditional_diffusion,1.0,7543973537309996366,1512792477026845894,,74.68985748291016,-28.97901153564453,24.63549041748047,1057.74365234375,74.4743423461914,True,"[""Co"", ""Zn"", ""N"", ""N"", ""S""]",N2S,Co:1|N:2|S:1|Zn:1,False,False,False,False,"[330.45360565185547, 320.64769744873047, 351.5343475341797]","[-39.9856960773468, -25.701066255569458, 421.6483211517334]",334.2118835449219,True,True,167.10594177246094,True,,
cmr_5fef398caab1e0a5b66b5742e7566474,1.840000033378601,0.0,4,property_only_meidnet,,,1512792477026845894,,0.9999999403953552,-0.5059989094734192,0.2184726893901825,10.420095443725586,0.3424851596355438,True,"[""Cr"", ""Be"", ""N"", ""N"", ""F""]",FN2,Be:1|Cr:1|F:1|N:2,False,False,False,False,"[4.148031771183014, 4.148031771183014, 4.148031771183014]","[90.00652313232422, 90.00558972358704, 89.99299943447113]",4.148031771183014,True,True,2.074015885591507,True,,
cmr_5fef398caab1e0a5b66b5742e7566474,1.840000033378601,0.0,4,conditional_resample,,,1512792477026845894,cmr_e5edb8755048f48a3d4e235afdb276e0,0.9390161037445068,-0.3007811903953552,0.2686906158924103,9.736571311950684,0.0,True,"[""Mg"", ""Pt"", ""O"", ""O"", ""O""]",O3,Mg:1|O:3|Pt:1,True,True,True,True,"[3.8998129963874817, 3.8998129963874817, 3.8998129963874817]","[90.01523494720459, 90.02189755439758, 89.99008119106293]",3.8998129963874817,True,True,1.9499064981937408,True,,
cmr_5fef398caab1e0a5b66b5742e7566474,1.840000033378601,0.0,4,unconditional_diffusion,0.0,7543973537309996366,1512792477026845894,,75.27029418945312,-29.398954391479492,24.893857955932617,1061.203857421875,75.0560073852539,True,"[""Co"", ""Zn"", ""N"", ""N"", ""S""]",N2S,Co:1|N:2|S:1|Zn:1,False,False,False,False,"[318.54007720947266, 308.8618469238281, 341.08325958251953]","[-40.10914206504822, -27.42134928703308, 422.8559160232544]",322.8283945719401,True,True,161.41419728597006,True,,
cmr_5fef398caab1e0a5b66b5742e7566474,1.840000033378601,0.0,5,conditional_diffusion,1.0,8583069653295065431,1054934095523320594,,63.721981048583984,-18.188709259033203,21.85201644897461,1010.6353149414062,63.59147644042969,True,"[""Ir"", ""Ni"", ""N"", ""S"", ""F""]",FNS,F:1|Ir:1|N:1|Ni:1|S:1,False,False,False,False,"[151.7008399963379, 144.97865676879883, 119.30095672607422]","[62.17318654060364, 186.06655597686768, 61.27895951271057]",138.66015116373697,True,True,69.33007558186848,True,,
cmr_5fef398caab1e0a5b66b5742e7566474,1.840000033378601,0.0,5,property_only_meidnet,,,1054934095523320594,,0.9999999403953552,-0.5059989094734192,0.2184726893901825,10.420095443725586,0.3424851596355438,True,"[""Te"", ""Sn"", ""N"", ""N"", ""O""]",ON2,N:2|O:1|Sn:1|Te:1,True,False,True,True,"[4.148031771183014, 4.148031771183014, 4.148031771183014]","[90.00652313232422, 90.00558972358704, 89.99299943447113]",4.148031771183014,True,True,2.074015885591507,True,,
cmr_5fef398caab1e0a5b66b5742e7566474,1.840000033378601,0.0,5,conditional_resample,,,1054934095523320594,cmr_e5edb8755048f48a3d4e235afdb276e0,0.9390161037445068,-0.3007811903953552,0.2686906158924103,9.736571311950684,0.0,True,"[""Mg"", ""Au"", ""O"", ""O"", ""O""]",O3,Au:1|Mg:1|O:3,True,False,True,True,"[3.8998129963874817, 3.8998129963874817, 3.8998129963874817]","[90.01523494720459, 90.02189755439758, 89.99008119106293]",3.8998129963874817,True,True,1.9499064981937408,True,,
cmr_5fef398caab1e0a5b66b5742e7566474,1.840000033378601,0.0,5,unconditional_diffusion,0.0,8583069653295065431,1054934095523320594,,64.12006378173828,-18.37109375,22.59374237060547,1013.4431762695312,64.00333404541016,True,"[""Ir"", ""Rh"", ""N"", ""O"", ""O""]",O2N,Ir:1|N:1|O:2|Rh:1,True,False,True,True,"[145.30250549316406, 137.51338005065918, 112.81619071960449]","[64.94329690933228, 191.91184043884277, 69.44068551063538]",131.87735875447592,True,True,65.93867937723796,True,,
cmr_5fef398caab1e0a5b66b5742e7566474,1.840000033378601,0.0,6,conditional_diffusion,1.0,8457305866519715579,7100997181358399833,,76.41634368896484,-26.19161033630371,29.494234085083008,1191.45361328125,76.06800079345703,True,"[""Fe"", ""Be"", ""S"", ""O"", ""O""]",O2S,Be:1|Fe:1|O:2|S:1,True,False,True,True,"[228.4311866760254, 225.42253494262695, 249.10341262817383]","[123.33590984344482, 15.581520795822144, 187.66485214233398]",234.31904474894205,True,True,117.15952237447102,True,,
cmr_5fef398caab1e0a5b66b5742e7566474,1.840000033378601,0.0,6,property_only_meidnet,,,7100997181358399833,,0.9999999403953552,-0.5059989094734192,0.2184726893901825,10.420095443725586,0.3424851596355438,True,"[""Ti"", ""Te"", ""N"", ""O"", ""N""]",ON2,N:2|O:1|Te:1|Ti:1,True,True,True,True,"[4.148031771183014, 4.148031771183014, 4.148031771183014]","[90.00652313232422, 90.00558972358704, 89.99299943447113]",4.148031771183014,True,True,2.074015885591507,True,,
cmr_5fef398caab1e0a5b66b5742e7566474,1.840000033378601,0.0,6,conditional_resample,,,7100997181358399833,cmr_14a66645018c6f50206d31ef6f315e7e,0.8752389550209045,-0.35910046100616455,0.21914491057395935,10.583027839660645,0.0,True,"[""Al"", ""Sn"", ""O"", ""O"", ""F""]",O2F,Al:1|F:1|O:2|Sn:1,True,True,True,True,"[4.150926470756531, 4.150926470756531, 4.150926768779755]","[90.01273512840271, 89.98907268047333, 90.0043773651123]",4.150926570097606,True,True,2.075463285048803,True,,
cmr_5fef398caab1e0a5b66b5742e7566474,1.840000033378601,0.0,6,unconditional_diffusion,0.0,8457305866519715579,7100997181358399833,,76.62157440185547,-26.2193660736084,28.74873924255371,1194.823974609375,76.2776870727539,True,"[""Be"", ""Be"", ""S"", ""O"", ""O""]",O2S,Be:2|O:2|S:1,True,False,True,False,"[239.18973922729492, 234.3675422668457, 259.415283203125]","[125.10250926017761, 8.74086856842041, 189.5189881324768]",244.32418823242188,True,True,122.16209411621094,True,,
cmr_5fef398caab1e0a5b66b5742e7566474,1.840000033378601,0.0,7,conditional_diffusion,1.0,6778628864536409723,10465440357371286403,,51.863616943359375,-23.26470375061035,18.467599868774414,1031.4610595703125,51.51952362060547,True,"[""Ti"", ""Cr"", ""O"", ""O"", ""O""]",O3,Cr:1|O:3|Ti:1,True,False,True,True,"[54.241065979003906, 61.384592056274414, 44.65965270996094]","[27.37122416496277, -58.31460356712341, 232.89453506469727]",53.42843691507975,True,True,26.714218457539875,True,,
cmr_5fef398caab1e0a5b66b5742e7566474,1.840000033378601,0.0,7,property_only_meidnet,,,10465440357371286403,,0.9999999403953552,-0.5059989094734192,0.2184726893901825,10.420095443725586,0.3424851596355438,True,"[""As"", ""Cd"", ""N"", ""N"", ""O""]",ON2,As:1|Cd:1|N:2|O:1,True,False,True,True,"[4.148031771183014, 4.148031771183014, 4.148031771183014]","[90.00652313232422, 90.00558972358704, 89.99299943447113]",4.148031771183014,True,True,2.074015885591507,True,,
cmr_5fef398caab1e0a5b66b5742e7566474,1.840000033378601,0.0,7,conditional_resample,,,10465440357371286403,cmr_2529fa91d88349200283527b80597028,0.9352006316184998,-0.3097879886627197,0.26116806268692017,10.953995704650879,0.0,True,"[""Os"", ""Os"", ""S"", ""O"", ""O""]",O2S,O:2|Os:2|S:1,True,True,True,True,"[4.192121624946594, 4.192121624946594, 4.192121624946594]","[90.01362562179565, 90.00541806221008, 90.00704884529114]",4.192121624946594,True,True,2.096060812473297,True,,
cmr_5fef398caab1e0a5b66b5742e7566474,1.840000033378601,0.0,7,unconditional_diffusion,0.0,6778628864536409723,10465440357371286403,,51.992958068847656,-23.233684539794922,18.284076690673828,1034.794921875,51.65774154663086,True,"[""Ti"", ""Co"", ""O"", ""O"", ""O""]",O3,Co:1|O:3|Ti:1,True,False,True,True,"[49.77578639984131, 56.732635498046875, 39.50539588928223]","[32.11180865764618, -58.75620245933533, 237.3885440826416]",48.67127259572347,True,True,24.335636297861736,True,,
cmr_565483dace8de7ec406c1db6e3090d88,1.2799999713897705,0.0,0,conditional_diffusion,1.0,8079774080259734496,1108221808513745685,,68.68047332763672,-29.957773208618164,18.17029571533203,1052.7230224609375,68.18925476074219,True,"[""Ir"", ""Nb"", ""S"", ""O"", ""S""]",OS2,Ir:1|Nb:1|O:1|S:2,False,False,False,False,"[34.010066986083984, 27.03425407409668, 30.435514450073242]","[275.91800451278687, 108.46137642860413, 24.463881254196167]",30.49327850341797,True,True,15.246639251708984,True,,
cmr_565483dace8de7ec406c1db6e3090d88,1.2799999713897705,0.0,0,property_only_meidnet,,,1108221808513745685,,1.0,-0.6108214855194092,0.19657135009765625,10.031270980834961,0.33532214164733887,True,"[""Rb"", ""Ti"", ""O"", ""N"", ""N""]",ON2,N:2|O:1|Rb:1|Ti:1,True,False,True,True,"[4.09736305475235, 4.09736305475235, 4.09736305475235]","[90.00593304634094, 90.00568628311157, 89.99369144439697]",4.09736305475235,True,True,2.048681527376175,True,,
cmr_565483dace8de7ec406c1db6e3090d88,1.2799999713897705,0.0,0,conditional_resample,,,1108221808513745685,cmr_6184f7905a618854d7dcc400e3ed9122,0.9349886775016785,-0.3519853949546814,0.21200405061244965,10.97862434387207,0.0,True,"[""Nb"", ""Mg"", ""S"", ""O"", ""O""]",O2S,Mg:1|Nb:1|O:2|S:1,True,False,True,True,"[4.222983419895172, 4.222983419895172, 4.222983419895172]","[90.08910298347473, 90.04846215248108, 90.03123164176941]",4.222983419895172,True,True,2.111491709947586,True,,
cmr_565483dace8de7ec406c1db6e3090d88,1.2799999713897705,0.0,0,unconditional_diffusion,0.0,8079774080259734496,1108221808513745685,,69.03936004638672,-30.5848331451416,18.018177032470703,1060.545654296875,68.5469741821289,True,"[""Ir"", ""Nb"", ""S"", ""O"", ""S""]",OS2,Ir:1|Nb:1|O:1|S:2,False,False,False,False,"[36.921796798706055, 30.280256271362305, 33.21983337402344]","[275.8077120780945, 106.58525705337524, 23.291380405426025]",33.4739621480306,True,True,16.7369810740153,True,,
cmr_565483dace8de7ec406c1db6e3090d88,1.2799999713897705,0.0,1,conditional_diffusion,1.0,6244296103695050740,15374462569445581283,,60.7863883972168,-23.793989181518555,14.456562042236328,919.6002197265625,60.44951629638672,True,"[""Nb"", ""Mn"", ""O"", ""S"", ""O""]",O2S,Mn:1|Nb:1|O:2|S:1,True,False,True,True,"[123.84057998657227, 115.90725898742676, 117.67423629760742]","[55.88765501976013, 71.07596933841705, 293.01326751708984]",119.14069175720215,True,True,59.570345878601074,True,,
cmr_565483dace8de7ec406c1db6e3090d88,1.2799999713897705,0.0,1,property_only_meidnet,,,15374462569445581283,,1.0,-0.6108214855194092,0.19657135009765625,10.031270980834961,0.33532214164733887,True,"[""Tl"", ""Cd"", ""S"", ""N"", ""N""]",N2S,Cd:1|N:2|S:1|Tl:1,False,False,False,False,"[4.09736305475235, 4.09736305475235, 4.09736305475235]","[90.00593304634094, 90.00568628311157, 89.99369144439697]",4.09736305475235,True,True,2.048681527376175,True,,
cmr_565483dace8de7ec406c1db6e3090d88,1.2799999713897705,0.0,1,conditional_resample,,,15374462569445581283,cmr_752bbc83f69d5a228600467d16a8d0d4,0.9402137994766235,-0.33728528022766113,0.20968100428581238,11.130640983581543,0.0,True,"[""Nb"", ""Ni"", ""N"", ""O"", ""F""]",OFN,F:1|N:1|Nb:1|Ni:1|O:1,True,True,True,True,"[3.752349615097046, 3.752349615097046, 3.752349615097046]","[90.04456758499146, 90.00893712043762, 90.00967741012573]",3.752349615097046,True,True,1.876174807548523,True,,
cmr_565483dace8de7ec406c1db6e3090d88,1.2799999713897705,0.0,1,unconditional_diffusion,0.0,6244296103695050740,15374462569445581283,,61.25505828857422,-23.229198455810547,14.647611618041992,923.5293579101562,60.917057037353516,True,"[""Ru"", ""W"", ""O"", ""S"", ""O""]",O2S,O:2|Ru:1|S:1|W:1,True,False,True,True,"[127.0628547668457, 119.22173500061035, 120.99270820617676]","[56.486828327178955, 71.70118689537048, 304.47381019592285]",122.42576599121094,True,True,61.21288299560547,True,,
cmr_565483dace8de7ec406c1db6e3090d88,1.2799999713897705,0.0,2,conditional_diffusion,1.0,4912745382492535697,8735351178056228308,,80.80208587646484,-31.398435592651367,26.35395050048828,1052.1986083984375,80.55386352539062,True,"[""Be"", ""Be"", ""S"", ""S"", ""S""]",S3,Be:2|S:3,False,False,False,False,"[13.441659212112427, 31.6304349899292, 19.6904194355011]","[180.08686065673828, 96.84832334518433, 183.40977430343628]",21.587504545847576,True,True,10.793752272923788,True,,
cmr_565483dace8de7ec406c1db6e3090d88,1.2799999713897705,0.0,2,property_only_meidnet,,,8735351178056228308,,1.0,-0.6108214855194092,0.19657135009765625,10.031270980834961,0.33532214164733887,True,"[""Cs"", ""La"", ""N"", ""O"", ""N""]",ON2,Cs:1|La:1|N:2|O:1,True,False,True,True,"[4.09736305475235, 4.09736305475235, 4.09736305475235]","[90.00593304634094, 90.00568628311157, 89.99369144439697]",4.09736305475235,True,True,2.048681527376175,True,,
cmr_565483dace8de7ec406c1db6e3090d88,1.2799999713897705,0.0,2,conditional_resample,,,8735351178056228308,cmr_1614dd5e52c874eb2d767f5c7724b11d,0.9403189420700073,-0.3328154981136322,0.20997753739356995,10.830155372619629,0.0,True,"[""Cd"", ""Ni"", ""N"", ""O"", ""O""]",O2N,Cd:1|N:1|Ni:1|O:2,True,True,True,True,"[3.9857864379882812, 3.9857864379882812, 3.9857864379882812]","[90.04957795143127, 89.97096240520477, 90.00311136245728]",3.9857864379882812,True,True,1.9928932189941406,True,,
cmr_565483dace8de7ec406c1db6e3090d88,1.2799999713897705,0.0,2,unconditional_diffusion,0.0,4912745382492535697,8735351178056228308,,81.07179260253906,-31.6026611328125,26.490718841552734,1059.9964599609375,80.82691955566406,True,"[""Be"", ""Be"", ""S"", ""S"", ""S""]",S3,Be:2|S:3,False,False,False,False,"[19.31203007698059, 35.67328929901123, 25.389833450317383]","[186.00456476211548, 91.5497374534607, 179.78705406188965]",26.791717608769734,True,True,13.395858804384867,True,,
cmr_565483dace8de7ec406c1db6e3090d88,1.2799999713897705,0.0,3,conditional_diffusion,1.0,4193343716425564334,6020721383241706007,,67.5872573852539,-21.628419876098633,26.297687530517578,993.9453125,67.1108169555664,True,"[""Be"", ""Re"", ""S"", ""S"", ""S""]",S3,Be:1|Re:1|S:3,False,False,False,False,"[138.2543182373047, 136.08606338500977, 149.43498611450195]","[121.2269639968872, 51.734726428985596, 79.85651314258575]",141.25845591227213,True,True,70.62922795613606,True,,
cmr_565483dace8de7ec406c1db6e3090d88,1.2799999713897705,0.0,3,property_only_meidnet,,,6020721383241706007,,1.0,-0.6108214855194092,0.19657135009765625,10.031270980834961,0.33532214164733887,True,"[""K"", ""Ru"", ""N"", ""O"", ""N""]",ON2,K:1|N:2|O:1|Ru:1,True,False,True,False,"[4.09736305475235, 4.09736305475235, 4.09736305475235]","[90.00593304634094, 90.00568628311157, 89.99369144439697]",4.09736305475235,True,True,2.048681527376175,True,,
cmr_565483dace8de7ec406c1db6e3090d88,1.2799999713897705,0.0,3,conditional_resample,,,6020721383241706007,cmr_2152cc304a3a1a93f7a872675e37c042,0.9419026970863342,-0.34065255522727966,0.2066301703453064,11.354280471801758,0.0,True,"[""Hf"", ""Re"", ""N"", ""N"", ""O""]",ON2,Hf:1|N:2|O:1|Re:1,True,False,True,True,"[3.8660818338394165, 3.8660818338394165, 3.8660818338394165]","[90.03251910209656, 90.03535151481628, 90.01966595649719]",3.8660818338394165,True,True,1.9330409169197083,True,,
cmr_565483dace8de7ec406c1db6e3090d88,1.2799999713897705,0.0,3,unconditional_diffusion,0.0,4193343716425564334,6020721383241706007,,68.10459899902344,-21.83272361755371,26.523094177246094,999.9510498046875,67.6287841796875,True,"[""Be"", ""Re"", ""S"", ""S"", ""S""]",S3,Be:1|Re:1|S:3,False,False,False,False,"[149.62459564208984, 146.66805267333984, 161.41124725341797]","[115.2509593963623, 44.80656981468201, 82.19154238700867]",152.56796518961588,True,True,76.28398259480794,True,,
cmr_565483dace8de7ec406c1db6e3090d88,1.2799999713897705,0.0,4,conditional_diffusion,1.0,6782723301355550026,17297007135330557677,,76.54640197753906,-22.388187408447266,39.039676666259766,1059.32421875,76.37849426269531,True,"[""Cr"", ""Ti"", ""S"", ""N"", ""S""]",NS2,Cr:1|N:1|S:2|Ti:1,False,False,False,False,"[307.4425506591797, 308.93672943115234, 303.54969024658203]","[229.93616580963135, 135.420902967453, 10.442628264427185]",306.6429901123047,True,True,153.32149505615234,True,,
cmr_565483dace8de7ec406c1db6e3090d88,1.2799999713897705,0.0,4,property_only_meidnet,,,17297007135330557677,,1.0,-0.6108214855194092,0.19657135009765625,10.031270980834961,0.33532214164733887,True,"[""Rb"", ""Zn"", ""O"", ""O"", ""N""]",O2N,N:1|O:2|Rb:1|Zn:1,True,False,True,True,"[4.09736305475235, 4.09736305475235, 4.09736305475235]","[90.00593304634094, 90.00568628311157, 89.99369144439697]",4.09736305475235,True,True,2.048681527376175,True,,
cmr_565483dace8de7ec406c1db6e3090d88,1.2799999713897705,0.0,4,conditional_resample,,,17297007135330557677,cmr_3c17a997eb09ff577b283edd9ae72479,0.9321774244308472,-0.3600998818874359,0.20294199883937836,12.057851791381836,0.0,True,"[""Ta"", ""Cr"", ""O"", ""O"", ""F""]",O2F,Cr:1|F:1|O:2|Ta:1,True,True,True,True,"[3.9061620831489563, 3.9061620831489563, 3.9061620831489563]","[90.06218433380127, 90.01240253448486, 90.04273295402527]",3.9061620831489563,True,True,1.9530810415744781,True,,
cmr_565483dace8de7ec406c1db6e3090d88,1.2799999713897705,0.0,4,unconditional_diffusion,0.0,6782723301355550026,17297007135330557677,,77.11897277832031,-22.499235153198242,38.66001510620117,1065.7498779296875,76.95774841308594,True,"[""Cr"", ""Ti"", ""S"", ""N"", ""S""]",NS2,Cr:1|N:1|S:2|Ti:1,False,False,False,False,"[307.3603057861328, 308.2280158996582, 303.2870292663574]","[234.7882604598999, 131.77566289901733, 10.81826627254486]",306.2917836507161,True,True,153.14589182535806,True,,
cmr_565483dace8de7ec406c1db6e3090d88,1.2799999713897705,0.0,5,conditional_diffusion,1.0,3263464376094498858,223121750035910203,,93.30400085449219,-18.963869094848633,31.42543601989746,1152.89794921875,92.91204071044922,True,"[""Zn"", ""Re"", ""S"", ""O"", ""O""]",O2S,O:2|Re:1|S:1|Zn:1,True,False,True,False,"[-200.2811622619629, -209.7709083557129, -205.77106475830078]","[172.51187324523926, 72.00438380241394, 19.614146947860718]",,False,False,,False,INVALID_LEARNED_LATTICE,
cmr_565483dace8de7ec406c1db6e3090d88,1.2799999713897705,0.0,5,property_only_meidnet,,,223121750035910203,,1.0,-0.6108214855194092,0.19657135009765625,10.031270980834961,0.33532214164733887,True,"[""Zn"", ""Ge"", ""N"", ""N"", ""O""]",ON2,Ge:1|N:2|O:1|Zn:1,True,False,True,True,"[4.09736305475235, 4.09736305475235, 4.09736305475235]","[90.00593304634094, 90.00568628311157, 89.99369144439697]",4.09736305475235,True,True,2.048681527376175,True,,
cmr_565483dace8de7ec406c1db6e3090d88,1.2799999713897705,0.0,5,conditional_resample,,,223121750035910203,cmr_df172db1de910bf4fcfe8b43fa5175f6,0.9390967488288879,-0.34529680013656616,0.21354380249977112,10.53695011138916,0.0,True,"[""Al"", ""Sb"", ""O"", ""O"", ""O""]",O3,Al:1|O:3|Sb:1,True,True,True,True,"[4.00982141494751, 4.00982141494751, 4.00982141494751]","[90.13792991638184, 90.01901149749756, 90.01627564430237]",4.00982141494751,True,True,2.004910707473755,True,,
cmr_565483dace8de7ec406c1db6e3090d88,1.2799999713897705,0.0,5,unconditional_diffusion,0.0,3263464376094498858,223121750035910203,,93.49860382080078,-18.965003967285156,31.201976776123047,1156.2158203125,93.10759735107422,True,"[""Zn"", ""W"", ""S"", ""O"", ""O""]",O2S,O:2|S:1|W:1|Zn:1,True,False,True,True,"[-201.0888671875, -210.54685592651367, -206.4125633239746]","[167.79557347297668, 68.87277603149414, 18.43807339668274]",,False,False,,False,INVALID_LEARNED_LATTICE,
cmr_565483dace8de7ec406c1db6e3090d88,1.2799999713897705,0.0,6,conditional_diffusion,1.0,8564923278174312333,7119471464464831760,,71.29969024658203,-23.04768943786621,24.66222381591797,968.0615844726562,71.10039520263672,True,"[""Cr"", ""Mn"", ""S"", ""S"", ""S""]",S3,Cr:1|Mn:1|S:3,False,False,False,False,"[192.83784866333008, 221.9150161743164, 188.7876319885254]","[6.530749797821045, 216.55893802642822, 188.58813285827637]",201.18016560872397,True,True,100.59008280436198,True,,
cmr_565483dace8de7ec406c1db6e3090d88,1.2799999713897705,0.0,6,property_only_meidnet,,,7119471464464831760,,1.0,-0.6108214855194092,0.19657135009765625,10.031270980834961,0.33532214164733887,True,"[""Na"", ""Os"", ""N"", ""N"", ""N""]",N3,N:3|Na:1|Os:1,True,False,True,True,"[4.09736305475235, 4.09736305475235, 4.09736305475235]","[90.00593304634094, 90.00568628311157, 89.99369144439697]",4.09736305475235,True,True,2.048681527376175,True,,
cmr_565483dace8de7ec406c1db6e3090d88,1.2799999713897705,0.0,6,conditional_resample,,,7119471464464831760,cmr_33eeafb8eb8fdb412fc4360fd5816e24,0.9403046369552612,-0.33825570344924927,0.22004778683185577,11.07025146484375,0.0,True,"[""Mg"", ""Ni"", ""S"", ""O"", ""O""]",O2S,Mg:1|Ni:1|O:2|S:1,True,False,True,False,"[4.560415744781494, 4.560415744781494, 4.560415744781494]","[90.03199338912964, 90.0165331363678, 90.0146234035492]",4.560415744781494,True,True,2.280207872390747,True,,
cmr_565483dace8de7ec406c1db6e3090d88,1.2799999713897705,0.0,6,unconditional_diffusion,0.0,8564923278174312333,7119471464464831760,,71.09185791015625,-23.68829917907715,25.049280166625977,972.09521484375,70.90040588378906,True,"[""Cr"", ""Cr"", ""S"", ""O"", ""S""]",OS2,Cr:2|O:1|S:2,False,False,False,False,"[204.21865463256836, 232.91278839111328, 200.49571990966797]","[4.264733791351318, 221.5850329399109, 188.44588994979858]",212.54238764444986,True,True,106.27119382222493,True,,
cmr_565483dace8de7ec406c1db6e3090d88,1.2799999713897705,0.0,7,conditional_diffusion,1.0,1577005746960724062,13291835973867156787,,61.52985763549805,-12.259721755981445,25.438398361206055,991.6985473632812,61.09386444091797,True,"[""Cr"", ""La"", ""S"", ""O"", ""O""]",O2S,Cr:1|La:1|O:2|S:1,True,False,True,True,"[143.29893112182617, 147.57981300354004, 150.25701522827148]","[112.5060510635376, 23.11902165412903, 81.05302512645721]",147.04525311787924,True,True,73.52262655893962,True,,
cmr_565483dace8de7ec406c1db6e3090d88,1.2799999713897705,0.0,7,property_only_meidnet,,,13291835973867156787,,1.0,-0.6108214855194092,0.19657135009765625,10.031270980834961,0.33532214164733887,True,"[""Sc"", ""Ge"", ""O"", ""N"", ""N""]",ON2,Ge:1|N:2|O:1|Sc:1,True,True,True,True,"[4.09736305475235, 4.09736305475235, 4.09736305475235]","[90.00593304634094, 90.00568628311157, 89.99369144439697]",4.09736305475235,True,True,2.048681527376175,True,,
cmr_565483dace8de7ec406c1db6e3090d88,1.2799999713897705,0.0,7,conditional_resample,,,13291835973867156787,cmr_72050b536a399c84a211f15c87895484,0.9480845332145691,-0.4365597665309906,0.18995651602745056,12.946733474731445,0.0,True,"[""V"", ""Sb"", ""N"", ""O"", ""F""]",OFN,F:1|N:1|O:1|Sb:1|V:1,True,True,True,True,"[4.243794083595276, 4.243794083595276, 4.243794083595276]","[90.02687573432922, 90.00976324081421, 89.99453365802765]",4.243794083595276,True,True,2.121897041797638,True,,
cmr_565483dace8de7ec406c1db6e3090d88,1.2799999713897705,0.0,7,unconditional_diffusion,0.0,1577005746960724062,13291835973867156787,,61.86008834838867,-12.88897705078125,25.553638458251953,994.02880859375,61.42287063598633,True,"[""Cr"", ""La"", ""S"", ""O"", ""O""]",O2S,Cr:1|La:1|O:2|S:1,True,False,True,True,"[151.0940647125244, 155.6760311126709, 158.46942901611328]","[107.0052695274353, 23.736653923988342, 82.25821137428284]",155.07984161376953,True,True,77.53992080688477,True,,
cmr_1186a3e78d8cc06423476620e82c59d9,1.4199999570846558,0.0,0,conditional_diffusion,1.0,1201175195672981555,5608163746911421195,,79.16375732421875,-12.304337501525879,32.01720428466797,1055.947021484375,78.77847290039062,True,"[""Nb"", ""Zn"", ""N"", ""N"", ""S""]",N2S,N:2|Nb:1|S:1|Zn:1,False,False,False,False,"[-218.22481155395508, -234.2806053161621, -238.13695907592773]","[131.971914768219, 265.80920934677124, 305.57188510894775]",,False,False,,False,INVALID_LEARNED_LATTICE,
cmr_1186a3e78d8cc06423476620e82c59d9,1.4199999570846558,0.0,0,property_only_meidnet,,,5608163746911421195,,1.0,-0.6135860681533813,0.2380957156419754,9.603288650512695,0.33974289894104004,True,"[""Na"", ""Os"", ""N"", ""N"", ""N""]",N3,N:3|Na:1|Os:1,True,False,True,True,"[4.094131290912628, 4.094131290912628, 4.094131290912628]","[90.00590085983276, 90.00569701194763, 89.99373435974121]",4.094131290912628,True,True,2.047065645456314,True,,
cmr_1186a3e78d8cc06423476620e82c59d9,1.4199999570846558,0.0,0,conditional_resample,,,5608163746911421195,cmr_9cf67f2ab345952c5a6f7d43fd2317c3,0.924407958984375,-0.3610476851463318,0.2353159785270691,10.260311126708984,0.0,True,"[""Ta"", ""Pt"", ""O"", ""O"", ""F""]",O2F,F:1|O:2|Pt:1|Ta:1,True,False,True,True,"[4.3136149644851685, 4.3136149644851685, 4.3136149644851685]","[90.20678758621216, 90.03787279129028, 90.02128601074219]",4.3136149644851685,True,True,2.1568074822425842,True,,
cmr_1186a3e78d8cc06423476620e82c59d9,1.4199999570846558,0.0,0,unconditional_diffusion,0.0,1201175195672981555,5608163746911421195,,79.60113525390625,-12.034709930419922,32.701480865478516,1059.385498046875,79.21363067626953,True,"[""Nb"", ""Nb"", ""N"", ""N"", ""S""]",N2S,N:2|Nb:2|S:1,False,False,False,False,"[-214.3596076965332, -231.15419387817383, -234.7254753112793]","[137.1823525428772, 265.36548614501953, 312.95006275177]",,False,False,,False,INVALID_LEARNED_LATTICE,
cmr_1186a3e78d8cc06423476620e82c59d9,1.4199999570846558,0.0,1,conditional_diffusion,1.0,7244381869681639891,3419237061261335501,,100.87774658203125,-28.457605361938477,51.28078842163086,1207.2584228515625,100.47071075439453,True,"[""Nb"", ""Nb"", ""N"", ""N"", ""N""]",N3,N:3|Nb:2,True,False,True,False,"[477.6594543457031, 453.56422424316406, 428.02207946777344]","[9.326791763305664, 329.31321144104004, 217.1422004699707]",453.08191935221356,True,True,226.54095967610678,True,,
cmr_1186a3e78d8cc06423476620e82c59d9,1.4199999570846558,0.0,1,property_only_meidnet,,,3419237061261335501,,1.0,-0.6135860681533813,0.2380957156419754,9.603288650512695,0.33974289894104004,True,"[""Ba"", ""Si"", ""N"", ""O"", ""O""]",O2N,Ba:1|N:1|O:2|Si:1,True,False,True,False,"[4.094131290912628, 4.094131290912628, 4.094131290912628]","[90.00590085983276, 90.00569701194763, 89.99373435974121]",4.094131290912628,True,True,2.047065645456314,True,,
cmr_1186a3e78d8cc06423476620e82c59d9,1.4199999570846558,0.0,1,conditional_resample,,,3419237061261335501,cmr_8e28ab46c86b1545f0becfc9c505a1d3,0.9385751485824585,-0.3686893582344055,0.2566032409667969,9.751806259155273,0.0,True,"[""Hf"", ""Cd"", ""O"", ""O"", ""O""]",O3,Cd:1|Hf:1|O:3,True,False,True,True,"[4.352531135082245, 4.352531135082245, 4.352531135082245]","[90.14747858047485, 90.02058863639832, 90.00937700271606]",4.352531135082245,True,True,2.1762655675411224,True,,
cmr_1186a3e78d8cc06423476620e82c59d9,1.4199999570846558,0.0,1,unconditional_diffusion,0.0,7244381869681639891,3419237061261335501,,101.67295837402344,-29.661949157714844,51.79840850830078,1216.77783203125,101.25975799560547,True,"[""Nb"", ""Nb"", ""N"", ""N"", ""N""]",N3,N:3|Nb:2,True,False,True,False,"[480.62206268310547, 457.2777557373047, 432.0768356323242]","[6.64249062538147, 331.2818670272827, 221.9322395324707]",456.6588846842448,True,True,228.3294423421224,True,,
cmr_1186a3e78d8cc06423476620e82c59d9,1.4199999570846558,0.0,2,conditional_diffusion,1.0,7106307860152928985,6571313711503438922,,87.35128021240234,-38.13869857788086,37.41629409790039,1176.6961669921875,87.1143569946289,True,"[""Ta"", ""Zn"", ""O"", ""S"", ""O""]",O2S,O:2|S:1|Ta:1|Zn:1,True,False,True,True,"[276.22371673583984, 280.00667572021484, 302.2524642944336]","[198.48185777664185, 144.66532945632935, 242.1589708328247]",286.1609522501628,True,True,143.0804761250814,True,,
cmr_1186a3e78d8cc06423476620e82c59d9,1.4199999570846558,0.0,2,property_only_meidnet,,,6571313711503438922,,1.0,-0.6135860681533813,0.2380957156419754,9.603288650512695,0.33974289894104004,True,"[""Ag"", ""Te"", ""N"", ""N"", ""O""]",ON2,Ag:1|N:2|O:1|Te:1,True,False,True,True,"[4.094131290912628, 4.094131290912628, 4.094131290912628]","[90.00590085983276, 90.00569701194763, 89.99373435974121]",4.094131290912628,True,True,2.047065645456314,True,,
cmr_1186a3e78d8cc06423476620e82c59d9,1.4199999570846558,0.0,2,conditional_resample,,,6571313711503438922,cmr_59abd2ea89877eb0f6e0c0a2861105ed,0.9391366839408875,-0.34310898184776306,0.2886364161968231,9.740097999572754,0.0,True,"[""Sb"", ""Ga"", ""N"", ""O"", ""O""]",O2N,Ga:1|N:1|O:2|Sb:1,True,False,True,True,"[4.138786494731903, 4.138786494731903, 4.138786494731903]","[90.00641584396362, 90.0056004524231, 89.99312818050385]",4.138786494731903,True,True,2.0693932473659515,True,,
cmr_1186a3e78d8cc06423476620e82c59d9,1.4199999570846558,0.0,2,unconditional_diffusion,0.0,7106307860152928985,6571313711503438922,,87.82367706298828,-38.20402145385742,37.32522964477539,1182.1285400390625,87.58576202392578,True,"[""Ta"", ""Zn"", ""O"", ""S"", ""S""]",OS2,O:1|S:2|Ta:1|Zn:1,False,False,False,False,"[281.5782928466797, 285.29956817626953, 307.4903106689453]","[197.74328470230103, 142.7355980873108, 241.56291961669922]",291.45605723063153,True,True,145.72802861531576,True,,
cmr_1186a3e78d8cc06423476620e82c59d9,1.4199999570846558,0.0,3,conditional_diffusion,1.0,4892027170373459901,13730309864399546807,,86.73622131347656,-22.0340518951416,33.405174255371094,1148.47802734375,86.5845947265625,True,"[""Ta"", ""Nb"", ""N"", ""O"", ""N""]",ON2,N:2|Nb:1|O:1|Ta:1,True,False,True,True,"[133.23025703430176, 128.16168785095215, 113.92602920532227]","[127.15946316719055, 238.35817337036133, 192.59973049163818]",125.10599136352539,True,True,62.552995681762695,True,,
cmr_1186a3e78d8cc06423476620e82c59d9,1.4199999570846558,0.0,3,property_only_meidnet,,,13730309864399546807,,1.0,-0.6135860681533813,0.2380957156419754,9.603288650512695,0.33974289894104004,True,"[""Cs"", ""Ni"", ""N"", ""N"", ""N""]",N3,Cs:1|N:3|Ni:1,True,False,True,False,"[4.094131290912628, 4.094131290912628, 4.094131290912628]","[90.00590085983276, 90.00569701194763, 89.99373435974121]",4.094131290912628,True,True,2.047065645456314,True,,
cmr_1186a3e78d8cc06423476620e82c59d9,1.4199999570846558,0.0,3,conditional_resample,,,13730309864399546807,cmr_3ea3c00ddd1efb69f41df326df44e36b,0.9364266991615295,-0.46998172998428345,0.20925825834274292,12.940665245056152,0.0,True,"[""Rb"", ""Ca"", ""O"", ""O"", ""F""]",O2F,Ca:1|F:1|O:2|Rb:1,True,True,True,True,"[4.7676882147789, 4.767688512802124, 4.767688512802124]","[90.01335740089417, 89.8602569103241, 89.97724413871765]",4.767688413461049,True,True,2.3838442067305246,True,,
cmr_1186a3e78d8cc06423476620e82c59d9,1.4199999570846558,0.0,3,unconditional_diffusion,0.0,4892027170373459901,13730309864399546807,,86.5870361328125,-22.119579315185547,33.259483337402344,1153.6300048828125,86.43148040771484,True,"[""Ta"", ""Nb"", ""N"", ""O"", ""N""]",ON2,N:2|Nb:1|O:1|Ta:1,True,False,True,True,"[129.66914176940918, 124.00748252868652, 108.78484725952148]","[124.97499704360962, 240.08721113204956, 190.8756709098816]",120.82049051920573,True,True,60.41024525960287,True,,
cmr_1186a3e78d8cc06423476620e82c59d9,1.4199999570846558,0.0,4,conditional_diffusion,1.0,8714121857914378911,4927794973584107212,,88.46956634521484,-25.080955505371094,41.602622985839844,950.9224853515625,87.77008056640625,True,"[""Be"", ""B"", ""S"", ""S"", ""S""]",S3,B:1|Be:1|S:3,False,False,False,False,"[-77.0156478881836, -91.41909599304199, -89.76202011108398]","[196.30414009094238, -75.29423117637634, 30.398118495941162]",,False,False,,False,INVALID_LEARNED_LATTICE,
cmr_1186a3e78d8cc06423476620e82c59d9,1.4199999570846558,0.0,4,property_only_meidnet,,,4927794973584107212,,1.0,-0.6135860681533813,0.2380957156419754,9.603288650512695,0.33974289894104004,True,"[""Li"", ""Hg"", ""O"", ""O"", ""O""]",O3,Hg:1|Li:1|O:3,True,False,True,True,"[4.094131290912628, 4.094131290912628, 4.094131290912628]","[90.00590085983276, 90.00569701194763, 89.99373435974121]",4.094131290912628,True,True,2.047065645456314,True,,
cmr_1186a3e78d8cc06423476620e82c59d9,1.4199999570846558,0.0,4,conditional_resample,,,4927794973584107212,cmr_6abbfd072e4751367ad59dae9e8132c8,0.9398430585861206,-0.34080952405929565,0.285591721534729,9.92758846282959,0.0,True,"[""Ge"", ""Pb"", ""N"", ""O"", ""F""]",OFN,F:1|Ge:1|N:1|O:1|Pb:1,True,True,True,True,"[4.502337276935577, 4.502337276935577, 4.5023369789123535]","[90.02286314964294, 89.98598277568817, 89.98799443244934]",4.5023371775945025,True,True,2.2511685887972512,True,,
cmr_1186a3e78d8cc06423476620e82c59d9,1.4199999570846558,0.0,4,unconditional_diffusion,0.0,8714121857914378911,4927794973584107212,,88.61139678955078,-25.33692741394043,41.22102737426758,954.1973266601562,87.91246795654297,True,"[""Be"", ""B"", ""S"", ""S"", ""S""]",S3,B:1|Be:1|S:3,False,False,False,False,"[-71.33900165557861, -86.30216598510742, -84.60725784301758]","[199.84469890594482, -81.64186120033264, 28.17215323448181]",,False,False,,False,INVALID_LEARNED_LATTICE,
cmr_1186a3e78d8cc06423476620e82c59d9,1.4199999570846558,0.0,5,conditional_diffusion,1.0,4853315517893800362,11097769058530598752,,54.825279235839844,-17.590545654296875,19.422998428344727,940.9715576171875,54.565574645996094,True,"[""Mn"", ""W"", ""O"", ""O"", ""O""]",O3,Mn:1|O:3|W:1,True,False,True,True,"[87.16577529907227, 70.01463890075684, 82.22887992858887]","[127.48734712600708, 95.63156604766846, 144.82909440994263]",79.80309804280598,True,True,39.90154902140299,True,,
cmr_1186a3e78d8cc06423476620e82c59d9,1.4199999570846558,0.0,5,property_only_meidnet,,,11097769058530598752,,1.0,-0.6135860681533813,0.2380957156419754,9.603288650512695,0.33974289894104004,True,"[""Ti"", ""W"", ""O"", ""N"", ""O""]",O2N,N:1|O:2|Ti:1|W:1,True,False,True,True,"[4.094131290912628, 4.094131290912628, 4.094131290912628]","[90.00590085983276, 90.00569701194763, 89.99373435974121]",4.094131290912628,True,True,2.047065645456314,True,,
cmr_1186a3e78d8cc06423476620e82c59d9,1.4199999570846558,0.0,5,conditional_resample,,,11097769058530598752,cmr_3ea3c00ddd1efb69f41df326df44e36b,0.9364266991615295,-0.46998172998428345,0.20925825834274292,12.940665245056152,0.0,True,"[""Rb"", ""Ca"", ""O"", ""O"", ""F""]",O2F,Ca:1|F:1|O:2|Rb:1,True,True,True,True,"[4.7676882147789, 4.767688512802124, 4.767688512802124]","[90.01335740089417, 89.8602569103241, 89.97724413871765]",4.767688413461049,True,True,2.3838442067305246,True,,
cmr_1186a3e78d8cc06423476620e82c59d9,1.4199999570846558,0.0,5,unconditional_diffusion,0.0,4853315517893800362,11097769058530598752,,55.68022918701172,-18.645166397094727,19.916229248046875,941.8698120117188,55.424198150634766,True,"[""Mn"", ""W"", ""O"", ""O"", ""O""]",O3,Mn:1|O:3|W:1,True,False,True,True,"[89.11144256591797, 70.59065818786621, 84.11088943481445]","[128.46086025238037, 95.0138533115387, 150.29175639152527]",81.27099672953288,True,True,40.63549836476644,True,,
cmr_1186a3e78d8cc06423476620e82c59d9,1.4199999570846558,0.0,6,conditional_diffusion,1.0,947087726647167622,11598774376291125879,,67.53580474853516,-17.743242263793945,26.169626235961914,1221.3477783203125,67.13130187988281,True,"[""Nb"", ""Zn"", ""N"", ""N"", ""N""]",N3,N:3|Nb:1|Zn:1,True,False,True,True,"[492.8841018676758, 477.15274810791016, 484.8056411743164]","[-24.813716411590576, 214.37660694122314, 339.8173427581787]",484.94749704996747,True,True,242.47374852498373,True,,
cmr_1186a3e78d8cc06423476620e82c59d9,1.4199999570846558,0.0,6,property_only_meidnet,,,11598774376291125879,,1.0,-0.6135860681533813,0.2380957156419754,9.603288650512695,0.33974289894104004,True,"[""In"", ""Os"", ""O"", ""O"", ""N""]",O2N,In:1|N:1|O:2|Os:1,True,False,True,True,"[4.094131290912628, 4.094131290912628, 4.094131290912628]","[90.00590085983276, 90.00569701194763, 89.99373435974121]",4.094131290912628,True,True,2.047065645456314,True,,
cmr_1186a3e78d8cc06423476620e82c59d9,1.4199999570846558,0.0,6,conditional_resample,,,11598774376291125879,cmr_335765fd0af6e48ddf6df70a33cc9ef0,0.941011905670166,-0.3427782654762268,0.2774020731449127,10.54167652130127,0.0,True,"[""Ni"", ""In"", ""N"", ""O"", ""F""]",OFN,F:1|In:1|N:1|Ni:1|O:1,True,False,True,False,"[4.4820436835289, 4.4820436835289, 4.4820436835289]","[90.05843997001648, 89.97035622596741, 89.99560117721558]",4.4820436835289,True,True,2.24102184176445,True,,
cmr_1186a3e78d8cc06423476620e82c59d9,1.4199999570846558,0.0,6,unconditional_diffusion,0.0,947087726647167622,11598774376291125879,,68.26453399658203,-18.343942642211914,26.639528274536133,1228.392822265625,67.86372375488281,True,"[""Nb"", ""Zn"", ""N"", ""N"", ""N""]",N3,N:3|Nb:1|Zn:1,True,False,True,True,"[492.24117279052734, 476.8642044067383, 484.86446380615234]","[-25.082623958587646, 213.53248357772827, 331.9673538208008]",484.65661366780597,True,True,242.32830683390299,True,,
cmr_1186a3e78d8cc06423476620e82c59d9,1.4199999570846558,0.0,7,conditional_diffusion,1.0,881336867542614643,9405770605377981242,,92.67080688476562,-29.09187889099121,39.086753845214844,1224.373046875,92.09513854980469,True,"[""Si"", ""Zn"", ""F"", ""N"", ""N""]",FN2,F:1|N:2|Si:1|Zn:1,False,False,False,False,"[138.50191116333008, 126.61703109741211, 114.10924911499023]","[88.63539934158325, 286.27976417541504, 296.5437841415405]",126.40939712524414,True,True,63.20469856262207,True,,
cmr_1186a3e78d8cc06423476620e82c59d9,1.4199999570846558,0.0,7,property_only_meidnet,,,9405770605377981242,,1.0,-0.6135860681533813,0.2380957156419754,9.603288650512695,0.33974289894104004,True,"[""Cu"", ""Mn"", ""N"", ""N"", ""N""]",N3,Cu:1|Mn:1|N:3,True,False,True,True,"[4.094131290912628, 4.094131290912628, 4.094131290912628]","[90.00590085983276, 90.00569701194763, 89.99373435974121]",4.094131290912628,True,True,2.047065645456314,True,,
cmr_1186a3e78d8cc06423476620e82c59d9,1.4199999570846558,0.0,7,conditional_resample,,,9405770605377981242,cmr_1186a3e78d8cc06423476620e82c59d9,0.9388694167137146,-0.3370553255081177,0.28123319149017334,9.652706146240234,0.0,True,"[""Ag"", ""Ga"", ""N"", ""O"", ""O""]",O2N,Ag:1|Ga:1|N:1|O:2,True,True,True,True,"[4.056183695793152, 4.056183695793152, 4.056183695793152]","[90.06394386291504, 89.95552361011505, 90.00365853309631]",4.056183695793152,True,True,2.028091847896576,True,,
cmr_1186a3e78d8cc06423476620e82c59d9,1.4199999570846558,0.0,7,unconditional_diffusion,0.0,881336867542614643,9405770605377981242,,93.33283233642578,-30.41626739501953,39.30096435546875,1228.9251708984375,92.7607421875,True,"[""Si"", ""Zn"", ""N"", ""N"", ""N""]",N3,N:3|Si:1|Zn:1,True,False,True,True,"[137.26245880126953, 123.98950576782227, 112.11525917053223]","[97.19419956207275, 289.41661834716797, 293.1960439682007]",124.45574124654134,True,True,62.22787062327067,True,,
cmr_4a881864518272f7d6463cbe8cecfae5,1.100000023841858,0.0,0,conditional_diffusion,1.0,2664923633741417386,10997126980343611187,,91.46180725097656,-17.59281349182129,48.43901443481445,1218.46337890625,91.19719696044922,True,"[""Nb"", ""Nb"", ""N"", ""N"", ""N""]",N3,N:3|Nb:2,True,False,True,False,"[143.79133224487305, 92.94659614562988, 140.66560745239258]","[120.74914455413818, 58.71287941932678, 517.1099424362183]",125.80117861429851,True,True,62.900589307149254,True,,
cmr_4a881864518272f7d6463cbe8cecfae5,1.100000023841858,0.0,0,property_only_meidnet,,,10997126980343611187,,0.9999999403953552,-0.5147851705551147,0.33472365140914917,10.967391967773438,0.3283537030220032,True,"[""Zn"", ""Ge"", ""O"", ""O"", ""O""]",O3,Ge:1|O:3|Zn:1,True,True,True,True,"[4.100799560546875, 4.100799560546875, 4.100799560546875]","[90.00597596168518, 90.00568628311157, 89.9936431646347]",4.100799560546875,True,True,2.0503997802734375,True,,
cmr_4a881864518272f7d6463cbe8cecfae5,1.100000023841858,0.0,0,conditional_resample,,,10997126980343611187,cmr_4095c848b6f58cd620b5e95a46b0aa7f,0.9437060952186584,-0.2972494661808014,0.3424297273159027,11.953801155090332,0.0,True,"[""Sc"", ""Si"", ""S"", ""O"", ""O""]",O2S,O:2|S:1|Sc:1|Si:1,True,False,True,True,"[4.052348732948303, 4.052348732948303, 4.052348732948303]","[90.18443942070007, 90.0470781326294, 90.0614333152771]",4.052348732948303,True,True,2.0261743664741516,True,,
cmr_4a881864518272f7d6463cbe8cecfae5,1.100000023841858,0.0,0,unconditional_diffusion,0.0,2664923633741417386,10997126980343611187,,92.26264190673828,-17.63608741760254,48.803348541259766,1224.2027587890625,91.99517822265625,True,"[""Nb"", ""Nb"", ""N"", ""N"", ""N""]",N3,N:3|Nb:2,True,False,True,False,"[149.74748611450195, 97.05650329589844, 146.69812202453613]","[119.2061448097229, 49.68409180641174, 518.2196474075317]",131.16737047831217,True,True,65.58368523915608,True,,
cmr_4a881864518272f7d6463cbe8cecfae5,1.100000023841858,0.0,1,conditional_diffusion,1.0,3177669688779551596,5706652418637486975,,82.74821472167969,-15.595311164855957,37.06328582763672,1017.9622192382812,82.393310546875,True,"[""Nb"", ""Nb"", ""N"", ""N"", ""O""]",ON2,N:2|Nb:2|O:1,True,False,True,False,"[275.5244827270508, 300.4582405090332, 228.91328811645508]","[111.91993474960327, 400.73760509490967, 274.80334281921387]",268.2986704508464,True,True,134.1493352254232,True,,
cmr_4a881864518272f7d6463cbe8cecfae5,1.100000023841858,0.0,1,property_only_meidnet,,,5706652418637486975,,0.9999999403953552,-0.5147851705551147,0.33472365140914917,10.967391967773438,0.3283537030220032,True,"[""Tl"", ""Os"", ""S"", ""N"", ""N""]",N2S,N:2|Os:1|S:1|Tl:1,False,False,False,False,"[4.100799560546875, 4.100799560546875, 4.100799560546875]","[90.00597596168518, 90.00568628311157, 89.9936431646347]",4.100799560546875,True,True,2.0503997802734375,True,,
cmr_4a881864518272f7d6463cbe8cecfae5,1.100000023841858,0.0,1,conditional_resample,,,5706652418637486975,cmr_47e554addee63a3697e0f1bdc451d5e7,0.9451063871383667,-0.3110545873641968,0.33564797043800354,13.263832092285156,0.0,True,"[""Sr"", ""Cr"", ""N"", ""N"", ""N""]",N3,Cr:1|N:3|Sr:1,True,True,True,True,"[3.982958495616913, 3.982958495616913, 3.982958495616913]","[90.01475214958191, 89.99761819839478, 89.99732315540314]",3.982958495616913,True,True,1.9914792478084564,True,,
cmr_4a881864518272f7d6463cbe8cecfae5,1.100000023841858,0.0,1,unconditional_diffusion,0.0,3177669688779551596,5706652418637486975,,82.43989562988281,-15.564858436584473,36.570556640625,1020.2968139648438,82.0828857421875,True,"[""Nb"", ""Nb"", ""N"", ""N"", ""O""]",ON2,N:2|Nb:2|O:1,True,False,True,False,"[285.5177116394043, 309.5599937438965, 238.87069702148438]","[110.09030342102051, 396.49598121643066, 276.61394119262695]",277.98280080159503,True,True,138.99140040079752,True,,
cmr_4a881864518272f7d6463cbe8cecfae5,1.100000023841858,0.0,2,conditional_diffusion,1.0,7872735944292532480,10799516170557858244,,102.42166137695312,-59.568119049072266,33.39146041870117,1184.599853515625,102.1100845336914,True,"[""Nb"", ""Bi"", ""O"", ""N"", ""N""]",ON2,Bi:1|N:2|Nb:1|O:1,True,False,True,False,"[112.01929092407227, 30.75495719909668, 71.89510345458984]","[465.18885612487793, 186.1206078529358, 146.51611804962158]",71.5564505259196,True,True,35.7782252629598,True,,
cmr_4a881864518272f7d6463cbe8cecfae5,1.100000023841858,0.0,2,property_only_meidnet,,,10799516170557858244,,0.9999999403953552,-0.5147851705551147,0.33472365140914917,10.967391967773438,0.3283537030220032,True,"[""Li"", ""Sb"", ""O"", ""N"", ""O""]",O2N,Li:1|N:1|O:2|Sb:1,True,False,True,True,"[4.100799560546875, 4.100799560546875, 4.100799560546875]","[90.00597596168518, 90.00568628311157, 89.9936431646347]",4.100799560546875,True,True,2.0503997802734375,True,,
cmr_4a881864518272f7d6463cbe8cecfae5,1.100000023841858,0.0,2,conditional_resample,,,10799516170557858244,cmr_6d467f5905d38f9894c12cd50df44ac2,0.943095326423645,-0.28851041197776794,0.3497490882873535,12.377913475036621,0.0,True,"[""Na"", ""Os"", ""S"", ""O"", ""O""]",O2S,Na:1|O:2|Os:1|S:1,True,True,True,True,"[4.2426323890686035, 4.2426323890686035, 4.2426323890686035]","[90.04570484161377, 90.01999855041504, 90.02206921577454]",4.2426323890686035,True,True,2.1213161945343018,True,,
cmr_4a881864518272f7d6463cbe8cecfae5,1.100000023841858,0.0,2,unconditional_diffusion,0.0,7872735944292532480,10799516170557858244,,103.19223022460938,-61.0821533203125,33.578330993652344,1190.8880615234375,102.87848663330078,True,"[""Nb"", ""Nb"", ""O"", ""N"", ""N""]",ON2,N:2|Nb:2|O:1,True,False,True,False,"[107.99689292907715, 25.498952865600586, 68.3362865447998]","[471.4017963409424, 186.5719699859619, 143.76256227493286]",67.27737744649251,True,True,33.638688723246254,True,,
cmr_4a881864518272f7d6463cbe8cecfae5,1.100000023841858,0.0,3,conditional_diffusion,1.0,3987661954124329858,31739034922102841,,77.82877349853516,-32.19102478027344,35.23197555541992,1084.9771728515625,77.29729461669922,True,"[""Al"", ""B"", ""S"", ""S"", ""S""]",S3,Al:1|B:1|S:3,False,False,False,False,"[-27.126493453979492, -39.12533760070801, -36.11040115356445]","[117.84139394760132, 180.90813159942627, 79.60741102695465]",,False,False,,False,INVALID_LEARNED_LATTICE,
cmr_4a881864518272f7d6463cbe8cecfae5,1.100000023841858,0.0,3,property_only_meidnet,,,31739034922102841,,0.9999999403953552,-0.5147851705551147,0.33472365140914917,10.967391967773438,0.3283537030220032,True,"[""Fe"", ""Nb"", ""N"", ""N"", ""O""]",ON2,Fe:1|N:2|Nb:1|O:1,True,False,True,False,"[4.100799560546875, 4.100799560546875, 4.100799560546875]","[90.00597596168518, 90.00568628311157, 89.9936431646347]",4.100799560546875,True,True,2.0503997802734375,True,,
cmr_4a881864518272f7d6463cbe8cecfae5,1.100000023841858,0.0,3,conditional_resample,,,31739034922102841,cmr_b3e839bf7d7ad04e4b8d37d8a2dc420e,0.9385696649551392,-0.292186439037323,0.34732145071029663,11.28974437713623,0.0,True,"[""Sc"", ""Os"", ""S"", ""O"", ""O""]",O2S,O:2|Os:1|S:1|Sc:1,True,True,True,True,"[4.184875786304474, 4.184875786304474, 4.184875786304474]","[90.02665042877197, 90.024493932724, 90.01187682151794]",4.184875786304474,True,True,2.092437893152237,True,,
cmr_4a881864518272f7d6463cbe8cecfae5,1.100000023841858,0.0,3,unconditional_diffusion,0.0,3987661954124329858,31739034922102841,,78.53330993652344,-32.50568389892578,35.94677734375,1092.6390380859375,78.00430297851562,True,"[""Al"", ""B"", ""S"", ""S"", ""S""]",S3,Al:1|B:1|S:3,False,False,False,False,"[-23.06830406188965, -35.05464553833008, -31.56325340270996]","[114.58323955535889, 175.09138584136963, 76.61997735500336]",,False,False,,False,INVALID_LEARNED_LATTICE,
cmr_4a881864518272f7d6463cbe8cecfae5,1.100000023841858,0.0,4,conditional_diffusion,1.0,4717282578555777028,14290207263520887811,,61.718955993652344,-30.343393325805664,17.64174461364746,782.4479370117188,61.601016998291016,True,"[""Nb"", ""Co"", ""O"", ""N"", ""N""]",ON2,Co:1|N:2|Nb:1|O:1,True,False,True,True,"[314.4086265563965, 296.55588150024414, 307.4499320983887]","[113.78542184829712, -25.428414344787598, 269.28009510040283]",306.1381467183431,True,True,153.06907335917154,True,,
cmr_4a881864518272f7d6463cbe8cecfae5,1.100000023841858,0.0,4,property_only_meidnet,,,14290207263520887811,,0.9999999403953552,-0.5147851705551147,0.33472365140914917,10.967391967773438,0.3283537030220032,True,"[""Ca"", ""Ir"", ""O"", ""N"", ""O""]",O2N,Ca:1|Ir:1|N:1|O:2,True,False,True,False,"[4.100799560546875, 4.100799560546875, 4.100799560546875]","[90.00597596168518, 90.00568628311157, 89.9936431646347]",4.100799560546875,True,True,2.0503997802734375,True,,
cmr_4a881864518272f7d6463cbe8cecfae5,1.100000023841858,0.0,4,conditional_resample,,,14290207263520887811,cmr_a5ed03f1c87a486826884d39044cd70f,0.9434955716133118,-0.27778786420822144,0.3555164933204651,11.736823081970215,0.0,True,"[""Nb"", ""Ge"", ""O"", ""O"", ""O""]",O3,Ge:1|Nb:1|O:3,True,False,True,True,"[3.8345330953598022, 3.8345330953598022, 3.8345330953598022]","[90.03536224365234, 90.00774621963501, 90.0055468082428]",3.8345330953598022,True,True,1.9172665476799011,True,,
cmr_4a881864518272f7d6463cbe8cecfae5,1.100000023841858,0.0,4,unconditional_diffusion,0.0,4717282578555777028,14290207263520887811,,62.07345199584961,-30.6812801361084,17.92865562438965,784.7029418945312,61.9604606628418,True,"[""Nb"", ""Cr"", ""O"", ""N"", ""N""]",ON2,Cr:1|N:2|Nb:1|O:1,True,False,True,True,"[316.0923767089844, 297.1311569213867, 308.4619331359863]","[115.72888612747192, -32.81399488449097, 271.96650981903076]",307.22848892211914,True,True,153.61424446105957,True,,
cmr_4a881864518272f7d6463cbe8cecfae5,1.100000023841858,0.0,5,conditional_diffusion,1.0,7563930234793471640,7766104443349138196,,82.31145477294922,-21.355392456054688,41.29010772705078,1092.4761962890625,81.9569091796875,True,"[""Pd"", ""Mn"", ""S"", ""O"", ""O""]",O2S,Mn:1|O:2|Pd:1|S:1,True,False,True,True,"[69.08794403076172, 69.64798927307129, 51.378092765808105]","[77.94525682926178, -72.34678387641907, 20.824134349822998]",63.37134202321371,True,True,31.685671011606853,True,,
cmr_4a881864518272f7d6463cbe8cecfae5,1.100000023841858,0.0,5,property_only_meidnet,,,7766104443349138196,,0.9999999403953552,-0.5147851705551147,0.33472365140914917,10.967391967773438,0.3283537030220032,True,"[""Hf"", ""Co"", ""O"", ""N"", ""N""]",ON2,Co:1|Hf:1|N:2|O:1,True,False,True,True,"[4.100799560546875, 4.100799560546875, 4.100799560546875]","[90.00597596168518, 90.00568628311157, 89.9936431646347]",4.100799560546875,True,True,2.0503997802734375,True,,
cmr_4a881864518272f7d6463cbe8cecfae5,1.100000023841858,0.0,5,conditional_resample,,,7766104443349138196,cmr_82451d6ecf6adc4c180d83a2ef9cccc2,0.9406283497810364,-0.3068169951438904,0.3228299617767334,13.867147445678711,0.0,True,"[""La"", ""Y"", ""N"", ""N"", ""N""]",N3,La:1|N:3|Y:1,True,True,True,True,"[4.172176122665405, 4.172176122665405, 4.172176122665405]","[90.08014440536499, 90.0439453125, 90.01060009002686]",4.172176122665405,True,True,2.0860880613327026,True,,
cmr_4a881864518272f7d6463cbe8cecfae5,1.100000023841858,0.0,5,unconditional_diffusion,0.0,7563930234793471640,7766104443349138196,,83.04846954345703,-21.686134338378906,41.35123062133789,1100.8583984375,82.69062042236328,True,"[""Pd"", ""Mn"", ""S"", ""O"", ""O""]",O2S,Mn:1|O:2|Pd:1|S:1,True,False,True,True,"[71.06148719787598, 70.80400943756104, 53.21053504943848]","[78.31520855426788, -78.84843707084656, 17.807217836380005]",65.0253438949585,True,True,32.51267194747925,True,,
cmr_4a881864518272f7d6463cbe8cecfae5,1.100000023841858,0.0,6,conditional_diffusion,1.0,2593326559662277094,7294196142228598027,,70.58760070800781,-24.907312393188477,29.096302032470703,1065.6795654296875,70.51576232910156,True,"[""Ta"", ""Nb"", ""N"", ""N"", ""O""]",ON2,N:2|Nb:1|O:1|Ta:1,True,False,True,True,"[306.40344619750977, 293.62775802612305, 314.8235893249512]","[149.47642922401428, 170.69117903709412, 528.2397794723511]",304.951597849528,True,True,152.475798924764,True,,
cmr_4a881864518272f7d6463cbe8cecfae5,1.100000023841858,0.0,6,property_only_meidnet,,,7294196142228598027,,0.9999999403953552,-0.5147851705551147,0.33472365140914917,10.967391967773438,0.3283537030220032,True,"[""Li"", ""Os"", ""N"", ""N"", ""N""]",N3,Li:1|N:3|Os:1,True,False,True,False,"[4.100799560546875, 4.100799560546875, 4.100799560546875]","[90.00597596168518, 90.00568628311157, 89.9936431646347]",4.100799560546875,True,True,2.0503997802734375,True,,
cmr_4a881864518272f7d6463cbe8cecfae5,1.100000023841858,0.0,6,conditional_resample,,,7294196142228598027,cmr_ce3c31a74114e0f663d64745a72097d7,0.9436571598052979,-0.2987305521965027,0.3458368480205536,12.574573516845703,0.0,True,"[""V"", ""Mo"", ""N"", ""N"", ""O""]",ON2,Mo:1|N:2|O:1|V:1,True,False,True,True,"[3.787890672683716, 3.787890672683716, 3.787890672683716]","[90.03320574760437, 90.01187682151794, 90.00746726989746]",3.787890672683716,True,True,1.893945336341858,True,,
cmr_4a881864518272f7d6463cbe8cecfae5,1.100000023841858,0.0,6,unconditional_diffusion,0.0,2593326559662277094,7294196142228598027,,70.93598937988281,-24.580141067504883,29.642009735107422,1071.46533203125,70.85662078857422,True,"[""Ta"", ""Nb"", ""N"", ""N"", ""O""]",ON2,N:2|Nb:1|O:1|Ta:1,True,False,True,True,"[318.17941665649414, 304.6655464172363, 326.6980743408203]","[151.2965440750122, 170.9825313091278, 525.1219797134399]",316.5143458048503,True,True,158.25717290242514,True,,
cmr_4a881864518272f7d6463cbe8cecfae5,1.100000023841858,0.0,7,conditional_diffusion,1.0,8380612803295947806,1835802836456700097,,95.31590270996094,-44.101463317871094,33.99318313598633,1186.195068359375,94.72117614746094,True,"[""Al"", ""Ti"", ""O"", ""O"", ""S""]",O2S,Al:1|O:2|S:1|Ti:1,True,False,True,True,"[11.244603395462036, -0.5735516548156738, -21.244020462036133]","[-46.01106405258179, -50.84424376487732, 226.34473085403442]",,False,False,,False,INVALID_LEARNED_LATTICE,
cmr_4a881864518272f7d6463cbe8cecfae5,1.100000023841858,0.0,7,property_only_meidnet,,,1835802836456700097,,0.9999999403953552,-0.5147851705551147,0.33472365140914917,10.967391967773438,0.3283537030220032,True,"[""Zn"", ""Cu"", ""N"", ""O"", ""O""]",O2N,Cu:1|N:1|O:2|Zn:1,True,False,True,True,"[4.100799560546875, 4.100799560546875, 4.100799560546875]","[90.00597596168518, 90.00568628311157, 89.9936431646347]",4.100799560546875,True,True,2.0503997802734375,True,,
cmr_4a881864518272f7d6463cbe8cecfae5,1.100000023841858,0.0,7,conditional_resample,,,1835802836456700097,cmr_40e0f1d9cff4227d90ad6bbdb82b1a98,0.9425414204597473,-0.303605318069458,0.34382501244544983,10.901928901672363,0.0,True,"[""Cu"", ""Sn"", ""N"", ""O"", ""F""]",OFN,Cu:1|F:1|N:1|O:1|Sn:1,True,True,True,True,"[4.080158472061157, 4.080158472061157, 4.080158472061157]","[90.12606382369995, 89.9384218454361, 90.01594305038452]",4.080158472061157,True,True,2.0400792360305786,True,,
cmr_4a881864518272f7d6463cbe8cecfae5,1.100000023841858,0.0,7,unconditional_diffusion,0.0,8380612803295947806,1835802836456700097,,95.41700744628906,-43.599639892578125,33.650482177734375,1191.2283935546875,94.82310485839844,True,"[""Al"", ""Ag"", ""O"", ""O"", ""S""]",O2S,Ag:1|Al:1|O:2|S:1,True,False,True,True,"[9.347692728042603, -2.744075059890747, -23.04295063018799]","[-45.10842561721802, -52.15287208557129, 234.50656414031982]",,False,False,,False,INVALID_LEARNED_LATTICE,
cmr_85be752d8491218e2f75c928ff991595,1.0800000429153442,0.0,0,conditional_diffusion,1.0,4664399383085805836,14152096216909670362,,62.21627426147461,-19.35857582092285,23.571386337280273,874.9261474609375,61.870216369628906,True,"[""Co"", ""Ta"", ""N"", ""O"", ""N""]",ON2,Co:1|N:2|O:1|Ta:1,True,False,True,True,"[97.63069152832031, 69.20722007751465, 62.44729995727539]","[84.21839118003845, 44.923471212387085, 250.65163850784302]",76.42840385437012,True,True,38.21420192718506,True,,
cmr_85be752d8491218e2f75c928ff991595,1.0800000429153442,0.0,0,property_only_meidnet,,,14152096216909670362,,0.9999999403953552,-0.5035342574119568,0.33328768610954285,10.837967872619629,0.33018919825553894,True,"[""Ca"", ""Si"", ""S"", ""O"", ""O""]",O2S,Ca:1|O:2|S:1|Si:1,True,False,True,True,"[4.09125417470932, 4.09125417470932, 4.09125417470932]","[90.00585794448853, 90.00569701194763, 89.99377727508545]",4.09125417470932,True,True,2.04562708735466,True,,
cmr_85be752d8491218e2f75c928ff991595,1.0800000429153442,0.0,0,conditional_resample,,,14152096216909670362,cmr_d35952d74e8eaeb530cd458029b15931,0.9433482885360718,-0.30267781019210815,0.34449315071105957,11.295464515686035,0.0,True,"[""Li"", ""Ga"", ""N"", ""O"", ""O""]",O2N,Ga:1|Li:1|N:1|O:2,True,False,True,True,"[4.0204474329948425, 4.0204474329948425, 4.0204474329948425]","[90.005042552948, 90.00584721565247, 89.99474287033081]",4.0204474329948425,True,True,2.0102237164974213,True,,
cmr_85be752d8491218e2f75c928ff991595,1.0800000429153442,0.0,0,unconditional_diffusion,0.0,4664399383085805836,14152096216909670362,,62.17273712158203,-19.92218589782715,23.300888061523438,874.0821533203125,61.82904815673828,True,"[""Co"", ""Ta"", ""N"", ""O"", ""N""]",ON2,Co:1|N:2|O:1|Ta:1,True,False,True,True,"[113.1439208984375, 82.79302597045898, 77.77185440063477]","[86.1662757396698, 32.17342436313629, 253.72418403625488]",91.23626708984375,True,True,45.618133544921875,True,,
cmr_85be752d8491218e2f75c928ff991595,1.0800000429153442,0.0,1,conditional_diffusion,1.0,3073361908129765977,4352464802833110981,,68.09825897216797,-22.587112426757812,19.180435180664062,1002.8493041992188,67.8053207397461,True,"[""Ga"", ""Mo"", ""N"", ""O"", ""S""]",ONS,Ga:1|Mo:1|N:1|O:1|S:1,False,False,False,False,"[92.75662422180176, 66.12475395202637, 66.30640029907227]","[151.96892023086548, -143.39470267295837, -11.363275051116943]",75.06259282430013,True,True,37.53129641215006,True,,
cmr_85be752d8491218e2f75c928ff991595,1.0800000429153442,0.0,1,property_only_meidnet,,,4352464802833110981,,0.9999999403953552,-0.5035342574119568,0.33328768610954285,10.837967872619629,0.33018919825553894,True,"[""Ba"", ""Fe"", ""N"", ""N"", ""N""]",N3,Ba:1|Fe:1|N:3,True,False,True,True,"[4.09125417470932, 4.09125417470932, 4.09125417470932]","[90.00585794448853, 90.00569701194763, 89.99377727508545]",4.09125417470932,True,True,2.04562708735466,True,,
cmr_85be752d8491218e2f75c928ff991595,1.0800000429153442,0.0,1,conditional_resample,,,4352464802833110981,cmr_40e0f1d9cff4227d90ad6bbdb82b1a98,0.9425414204597473,-0.303605318069458,0.34382501244544983,10.901928901672363,0.0,True,"[""Cu"", ""Sn"", ""N"", ""O"", ""F""]",OFN,Cu:1|F:1|N:1|O:1|Sn:1,True,True,True,True,"[4.080158472061157, 4.080158472061157, 4.080158472061157]","[90.12606382369995, 89.9384218454361, 90.01594305038452]",4.080158472061157,True,True,2.0400792360305786,True,,
cmr_85be752d8491218e2f75c928ff991595,1.0800000429153442,0.0,1,unconditional_diffusion,0.0,3073361908129765977,4352464802833110981,,68.43670654296875,-23.986831665039062,19.600589752197266,1005.082275390625,68.15145111083984,True,"[""Ga"", ""Mo"", ""N"", ""O"", ""S""]",ONS,Ga:1|Mo:1|N:1|O:1|S:1,False,False,False,False,"[92.76880264282227, 66.12882614135742, 66.85709953308105]","[155.0464653968811, -145.8346974849701, -16.04732394218445]",75.25157610575359,True,True,37.62578805287679,True,,
cmr_85be752d8491218e2f75c928ff991595,1.0800000429153442,0.0,2,conditional_diffusion,1.0,3601785872299591782,2784176942308972031,,85.42415618896484,-28.80503273010254,32.332923889160156,1140.1015625,85.01892852783203,True,"[""Al"", ""Ta"", ""N"", ""N"", ""O""]",ON2,Al:1|N:2|O:1|Ta:1,True,True,True,True,"[217.8938102722168, 208.8779067993164, 223.8074493408203]","[6.297011375427246, 356.28735065460205, 322.81638622283936]",216.85972213745117,True,True,108.42986106872559,True,,
cmr_85be752d8491218e2f75c928ff991595,1.0800000429153442,0.0,2,property_only_meidnet,,,2784176942308972031,,0.9999999403953552,-0.5035342574119568,0.33328768610954285,10.837967872619629,0.33018919825553894,True,"[""Nb"", ""Re"", ""S"", ""N"", ""N""]",N2S,N:2|Nb:1|Re:1|S:1,False,False,False,False,"[4.09125417470932, 4.09125417470932, 4.09125417470932]","[90.00585794448853, 90.00569701194763, 89.99377727508545]",4.09125417470932,True,True,2.04562708735466,True,,
cmr_85be752d8491218e2f75c928ff991595,1.0800000429153442,0.0,2,conditional_resample,,,2784176942308972031,cmr_275c6ea48016512242892f645a57f0c7,0.9414117932319641,-0.29696208238601685,0.35708242654800415,11.336606979370117,0.0,True,"[""Mo"", ""Bi"", ""O"", ""O"", ""F""]",O2F,Bi:1|F:1|Mo:1|O:2,True,False,True,True,"[4.2601078748703, 4.2601078748703, 4.2601078748703]","[90.00764966011047, 90.00517129898071, 89.99138474464417]",4.2601078748703,True,True,2.13005393743515,True,,
cmr_85be752d8491218e2f75c928ff991595,1.0800000429153442,0.0,2,unconditional_diffusion,0.0,3601785872299591782,2784176942308972031,,85.81058502197266,-29.078617095947266,32.265380859375,1144.8001708984375,85.4045181274414,True,"[""Al"", ""Ta"", ""N"", ""N"", ""O""]",ON2,Al:1|N:2|O:1|Ta:1,True,True,True,True,"[220.67577362060547, 210.19121170043945, 225.68634033203125]","[4.661035537719727, 357.08162784576416, 324.0632915496826]",218.8511085510254,True,True,109.4255542755127,True,,
cmr_85be752d8491218e2f75c928ff991595,1.0800000429153442,0.0,3,conditional_diffusion,1.0,6861202637099229889,7186171449695053267,,76.49363708496094,-31.243953704833984,25.576189041137695,958.7333374023438,76.03748321533203,True,"[""In"", ""Mn"", ""O"", ""O"", ""S""]",O2S,In:1|Mn:1|O:2|S:1,True,False,True,True,"[162.67120361328125, 178.62403869628906, 181.0209846496582]","[161.7177951335907, 138.18631410598755, 117.85571694374084]",174.10540898640951,True,True,87.05270449320476,True,,
cmr_85be752d8491218e2f75c928ff991595,1.0800000429153442,0.0,3,property_only_meidnet,,,7186171449695053267,,0.9999999403953552,-0.5035342574119568,0.33328768610954285,10.837967872619629,0.33018919825553894,True,"[""Tl"", ""Mg"", ""N"", ""N"", ""O""]",ON2,Mg:1|N:2|O:1|Tl:1,True,False,True,True,"[4.09125417470932, 4.09125417470932, 4.09125417470932]","[90.00585794448853, 90.00569701194763, 89.99377727508545]",4.09125417470932,True,True,2.04562708735466,True,,
cmr_85be752d8491218e2f75c928ff991595,1.0800000429153442,0.0,3,conditional_resample,,,7186171449695053267,cmr_d35952d74e8eaeb530cd458029b15931,0.9433482885360718,-0.30267781019210815,0.34449315071105957,11.295464515686035,0.0,True,"[""Li"", ""Cu"", ""N"", ""O"", ""O""]",O2N,Cu:1|Li:1|N:1|O:2,True,False,True,True,"[4.0204474329948425, 4.0204474329948425, 4.0204474329948425]","[90.005042552948, 90.00584721565247, 89.99474287033081]",4.0204474329948425,True,True,2.0102237164974213,True,,
cmr_85be752d8491218e2f75c928ff991595,1.0800000429153442,0.0,3,unconditional_diffusion,0.0,6861202637099229889,7186171449695053267,,76.56504821777344,-30.930612564086914,25.56476593017578,964.2566528320312,76.10607147216797,True,"[""Bi"", ""Mn"", ""O"", ""O"", ""S""]",O2S,Bi:1|Mn:1|O:2|S:1,True,False,True,True,"[157.2083568572998, 172.22999572753906, 175.47630310058594]","[160.9869360923767, 135.58815479278564, 117.32497215270996]",168.30488522847494,True,True,84.15244261423747,True,,
cmr_85be752d8491218e2f75c928ff991595,1.0800000429153442,0.0,4,conditional_diffusion,1.0,2537275729115118452,4398106913576896467,,68.78502655029297,-26.515762329101562,24.338260650634766,922.93896484375,68.45588684082031,True,"[""Ir"", ""Ta"", ""O"", ""O"", ""S""]",O2S,Ir:1|O:2|S:1|Ta:1,True,True,True,True,"[413.84349822998047, 397.77252197265625, 393.74446868896484]","[150.49755692481995, 38.47993612289429, -57.902090549468994]",401.7868296305339,True,True,200.89341481526694,True,,
cmr_85be752d8491218e2f75c928ff991595,1.0800000429153442,0.0,4,property_only_meidnet,,,4398106913576896467,,0.9999999403953552,-0.5035342574119568,0.33328768610954285,10.837967872619629,0.33018919825553894,True,"[""Y"", ""Pb"", ""S"", ""N"", ""N""]",N2S,N:2|Pb:1|S:1|Y:1,False,False,False,False,"[4.09125417470932, 4.09125417470932, 4.09125417470932]","[90.00585794448853, 90.00569701194763, 89.99377727508545]",4.09125417470932,True,True,2.04562708735466,True,,
cmr_85be752d8491218e2f75c928ff991595,1.0800000429153442,0.0,4,conditional_resample,,,4398106913576896467,cmr_b3e839bf7d7ad04e4b8d37d8a2dc420e,0.9385696649551392,-0.292186439037323,0.34732145071029663,11.28974437713623,0.0,True,"[""Sc"", ""Os"", ""S"", ""O"", ""O""]",O2S,O:2|Os:1|S:1|Sc:1,True,True,True,True,"[4.184875786304474, 4.184875786304474, 4.184875786304474]","[90.02665042877197, 90.024493932724, 90.01187682151794]",4.184875786304474,True,True,2.092437893152237,True,,
cmr_85be752d8491218e2f75c928ff991595,1.0800000429153442,0.0,4,unconditional_diffusion,0.0,2537275729115118452,4398106913576896467,,69.0078125,-26.621299743652344,24.438058853149414,924.5740356445312,68.67461395263672,True,"[""Ir"", ""Ta"", ""S"", ""O"", ""S""]",OS2,Ir:1|O:1|S:2|Ta:1,False,False,False,False,"[420.0506591796875, 403.50902557373047, 399.34452056884766]","[152.42974519729614, 31.664485931396484, -60.00086545944214]",407.6347351074219,True,True,203.81736755371094,True,,
cmr_85be752d8491218e2f75c928ff991595,1.0800000429153442,0.0,5,conditional_diffusion,1.0,6231446332657260215,3768804561429717765,,69.1304702758789,-17.010162353515625,27.098257064819336,1005.9111938476562,68.83557891845703,True,"[""Al"", ""Nb"", ""N"", ""N"", ""O""]",ON2,Al:1|N:2|Nb:1|O:1,True,True,True,True,"[250.29781341552734, 229.59796905517578, 232.57789611816406]","[284.1356921195984, 184.27953958511353, 228.0433201789856]",237.49122619628906,True,True,118.74561309814453,True,,
cmr_85be752d8491218e2f75c928ff991595,1.0800000429153442,0.0,5,property_only_meidnet,,,3768804561429717765,,0.9999999403953552,-0.5035342574119568,0.33328768610954285,10.837967872619629,0.33018919825553894,True,"[""Ba"", ""V"", ""N"", ""N"", ""O""]",ON2,Ba:1|N:2|O:1|V:1,True,False,True,True,"[4.09125417470932, 4.09125417470932, 4.09125417470932]","[90.00585794448853, 90.00569701194763, 89.99377727508545]",4.09125417470932,True,True,2.04562708735466,True,,
cmr_85be752d8491218e2f75c928ff991595,1.0800000429153442,0.0,5,conditional_resample,,,3768804561429717765,cmr_d422cd2eca2f18c47dd9f843b05b9a86,0.9421941637992859,-0.3122534155845642,0.3408176898956299,11.661605834960938,0.0,True,"[""In"", ""Ru"", ""S"", ""O"", ""O""]",O2S,In:1|O:2|Ru:1|S:1,True,False,True,False,"[4.154686331748962, 4.154686331748962, 4.154686331748962]","[90.1534116268158, 90.00858306884766, 90.04559755325317]",4.154686331748962,True,True,2.077343165874481,True,,
cmr_85be752d8491218e2f75c928ff991595,1.0800000429153442,0.0,5,unconditional_diffusion,0.0,6231446332657260215,3768804561429717765,,69.3836441040039,-17.38448715209961,26.828283309936523,1010.4633178710938,69.09465789794922,True,"[""Al"", ""Nb"", ""N"", ""N"", ""O""]",ON2,Al:1|N:2|Nb:1|O:1,True,True,True,True,"[257.51596450805664, 235.47082901000977, 239.41823959350586]","[281.4202880859375, 179.05560493469238, 230.54084300994873]",244.13501103719076,True,True,122.06750551859538,True,,
cmr_85be752d8491218e2f75c928ff991595,1.0800000429153442,0.0,6,conditional_diffusion,1.0,337840873954971964,5770224762647895087,,109.69999694824219,-29.132728576660156,61.29266357421875,1230.4874267578125,109.42989349365234,True,"[""Nb"", ""Nb"", ""N"", ""N"", ""N""]",N3,N:3|Nb:2,True,False,True,False,"[424.84668731689453, 449.36119079589844, 402.1915817260742]","[269.7204065322876, 793.2856750488281, 680.5806684494019]",425.46648661295575,True,True,212.73324330647787,True,,
cmr_85be752d8491218e2f75c928ff991595,1.0800000429153442,0.0,6,property_only_meidnet,,,5770224762647895087,,0.9999999403953552,-0.5035342574119568,0.33328768610954285,10.837967872619629,0.33018919825553894,True,"[""Sr"", ""Ti"", ""N"", ""N"", ""N""]",N3,N:3|Sr:1|Ti:1,True,False,True,True,"[4.09125417470932, 4.09125417470932, 4.09125417470932]","[90.00585794448853, 90.00569701194763, 89.99377727508545]",4.09125417470932,True,True,2.04562708735466,True,,
cmr_85be752d8491218e2f75c928ff991595,1.0800000429153442,0.0,6,conditional_resample,,,5770224762647895087,cmr_45869655c709532101051a0a60d96928,0.9439147710800171,-0.3060941696166992,0.344557523727417,11.256690979003906,0.0,True,"[""Fe"", ""Si"", ""N"", ""N"", ""O""]",ON2,Fe:1|N:2|O:1|Si:1,True,False,True,True,"[3.7476378679275513, 3.7476378679275513, 3.7476378679275513]","[90.0405764579773, 90.01381874084473, 90.01002073287964]",3.7476378679275513,True,True,1.8738189339637756,True,,
cmr_85be752d8491218e2f75c928ff991595,1.0800000429153442,0.0,6,unconditional_diffusion,0.0,337840873954971964,5770224762647895087,,110.46037292480469,-29.47616195678711,61.25365447998047,1235.190673828125,110.19145202636719,True,"[""Nb"", ""Nb"", ""N"", ""N"", ""N""]",N3,N:3|Nb:2,True,False,True,False,"[427.3759460449219, 452.4109649658203, 405.1138687133789]","[264.2430567741394, 793.7952518463135, 681.2844800949097]",428.30025990804035,True,True,214.15012995402017,True,,
cmr_85be752d8491218e2f75c928ff991595,1.0800000429153442,0.0,7,conditional_diffusion,1.0,3454450765415506327,10858295543533842738,,75.7518539428711,-29.29064178466797,30.65175437927246,965.9403076171875,75.56465148925781,True,"[""Ir"", ""Zn"", ""N"", ""O"", ""S""]",ONS,Ir:1|N:1|O:1|S:1|Zn:1,False,False,False,False,"[77.86888122558594, 56.09355926513672, 36.8474817276001]","[198.99643421173096, 44.6214759349823, 174.49512004852295]",56.93664073944092,True,True,28.46832036972046,True,,
cmr_85be752d8491218e2f75c928ff991595,1.0800000429153442,0.0,7,property_only_meidnet,,,10858295543533842738,,0.9999999403953552,-0.5035342574119568,0.33328768610954285,10.837967872619629,0.33018919825553894,True,"[""Li"", ""W"", ""O"", ""N"", ""N""]",ON2,Li:1|N:2|O:1|W:1,True,False,True,True,"[4.09125417470932, 4.09125417470932, 4.09125417470932]","[90.00585794448853, 90.00569701194763, 89.99377727508545]",4.09125417470932,True,True,2.04562708735466,True,,
cmr_85be752d8491218e2f75c928ff991595,1.0800000429153442,0.0,7,conditional_resample,,,10858295543533842738,cmr_5f0e62160b438b0f6fb98c003e0b1590,0.9396904706954956,-0.2870650291442871,0.35458123683929443,10.721735954284668,0.0,True,"[""Mg"", ""Cu"", ""O"", ""O"", ""F""]",O2F,Cu:1|F:1|Mg:1|O:2,True,False,True,True,"[4.152103066444397, 4.152103066444397, 4.152103066444397]","[90.01184463500977, 90.00027894973755, 89.99372899532318]",4.152103066444397,True,True,2.0760515332221985,True,,
cmr_85be752d8491218e2f75c928ff991595,1.0800000429153442,0.0,7,unconditional_diffusion,0.0,3454450765415506327,10858295543533842738,,76.25889587402344,-29.80471420288086,31.106672286987305,969.91015625,76.07357788085938,True,"[""Ir"", ""Zn"", ""N"", ""O"", ""S""]",ONS,Ir:1|N:1|O:1|S:1|Zn:1,False,False,False,False,"[80.92024803161621, 58.006486892700195, 38.93472671508789]","[199.9302077293396, 40.87895750999451, 168.79051208496094]",59.28715387980143,True,True,29.643576939900715,True,,
cmr_20f50d56cf58fa461743adf9c21a1083,1.399999976158142,0.0,0,conditional_diffusion,1.0,8987318147971511860,2306984333671148967,,101.29243469238281,-37.967308044433594,45.1622200012207,1251.1614990234375,101.04167175292969,True,"[""Mn"", ""Mn"", ""S"", ""S"", ""S""]",S3,Mn:2|S:3,False,False,False,False,"[55.50361633300781, 62.66120433807373, 78.30935478210449]","[37.10554003715515, 279.1156482696533, 98.6274003982544]",65.49139181772868,True,True,32.74569590886434,True,,
cmr_20f50d56cf58fa461743adf9c21a1083,1.399999976158142,0.0,0,property_only_meidnet,,,2306984333671148967,,1.0,-0.6117932200431824,0.2358131855726242,9.850671768188477,0.33639347553253174,True,"[""Rb"", ""Ru"", ""N"", ""N"", ""N""]",N3,N:3|Rb:1|Ru:1,True,False,True,True,"[4.102224707603455, 4.102224707603455, 4.102224707603455]","[90.00598669052124, 90.00567555427551, 89.99362707138062]",4.102224707603455,True,True,2.0511123538017273,True,,
cmr_20f50d56cf58fa461743adf9c21a1083,1.399999976158142,0.0,0,conditional_resample,,,2306984333671148967,cmr_8e28ab46c86b1545f0becfc9c505a1d3,0.9385751485824585,-0.3686893582344055,0.2566032409667969,9.751806259155273,0.0,True,"[""Hf"", ""Cd"", ""O"", ""O"", ""O""]",O3,Cd:1|Hf:1|O:3,True,False,True,True,"[4.352531135082245, 4.352531135082245, 4.352531135082245]","[90.14747858047485, 90.02058863639832, 90.00937700271606]",4.352531135082245,True,True,2.1762655675411224,True,,
cmr_20f50d56cf58fa461743adf9c21a1083,1.399999976158142,0.0,0,unconditional_diffusion,0.0,8987318147971511860,2306984333671148967,,102.16448974609375,-38.26678466796875,45.4545783996582,1256.3253173828125,101.90959930419922,True,"[""Mn"", ""Mn"", ""S"", ""S"", ""S""]",S3,Mn:2|S:3,False,False,False,False,"[54.38627243041992, 61.28983497619629, 77.65090465545654]","[38.332929611206055, 282.9500913619995, 99.00317788124084]",64.44233735402425,True,True,32.22116867701212,True,,
cmr_20f50d56cf58fa461743adf9c21a1083,1.399999976158142,0.0,1,conditional_diffusion,1.0,8225438544141828647,9206915986300057088,,78.79602813720703,-26.125097274780273,33.14716339111328,1053.2442626953125,78.56707763671875,True,"[""Ta"", ""Ru"", ""N"", ""N"", ""O""]",ON2,N:2|O:1|Ru:1|Ta:1,True,False,True,True,"[123.5455322265625, 116.3459300994873, 106.91268920898438]","[16.792720556259155, 200.69437980651855, 112.77548432350159]",115.6013838450114,True,True,57.8006919225057,True,,
cmr_20f50d56cf58fa461743adf9c21a1083,1.399999976158142,0.0,1,property_only_meidnet,,,9206915986300057088,,1.0,-0.6117932200431824,0.2358131855726242,9.850671768188477,0.33639347553253174,True,"[""K"", ""Al"", ""O"", ""N"", ""F""]",OFN,Al:1|F:1|K:1|N:1|O:1,True,False,True,False,"[4.102224707603455, 4.102224707603455, 4.102224707603455]","[90.00598669052124, 90.00567555427551, 89.99362707138062]",4.102224707603455,True,True,2.0511123538017273,True,,
cmr_20f50d56cf58fa461743adf9c21a1083,1.399999976158142,0.0,1,conditional_resample,,,9206915986300057088,cmr_8e28ab46c86b1545f0becfc9c505a1d3,0.9385751485824585,-0.3686893582344055,0.2566032409667969,9.751806259155273,0.0,True,"[""Hf"", ""Cd"", ""O"", ""O"", ""O""]",O3,Cd:1|Hf:1|O:3,True,False,True,True,"[4.352531135082245, 4.352531135082245, 4.352531135082245]","[90.14747858047485, 90.02058863639832, 90.00937700271606]",4.352531135082245,True,True,2.1762655675411224,True,,
cmr_20f50d56cf58fa461743adf9c21a1083,1.399999976158142,0.0,1,unconditional_diffusion,0.0,8225438544141828647,9206915986300057088,,79.84132385253906,-26.35527229309082,33.529212951660156,1061.953857421875,79.61526489257812,True,"[""Ta"", ""Ru"", ""N"", ""N"", ""O""]",ON2,N:2|O:1|Ru:1|Ta:1,True,False,True,True,"[128.05062294006348, 120.57371139526367, 110.60097694396973]","[16.929727792739868, 206.1763858795166, 112.52010583877563]",119.7417704264323,True,True,59.87088521321615,True,,
cmr_20f50d56cf58fa461743adf9c21a1083,1.399999976158142,0.0,2,conditional_diffusion,1.0,6659287016311712360,6478806377955559541,,81.2878646850586,-44.48621368408203,28.903728485107422,986.0340576171875,80.93231964111328,True,"[""Be"", ""Zn"", ""S"", ""S"", ""S""]",S3,Be:1|S:3|Zn:1,False,False,False,False,"[137.94867515563965, 131.97858810424805, 136.52791023254395]","[-107.9496431350708, -38.609594106674194, 128.08812975883484]",135.48505783081055,True,True,67.74252891540527,True,,
cmr_20f50d56cf58fa461743adf9c21a1083,1.399999976158142,0.0,2,property_only_meidnet,,,6478806377955559541,,1.0,-0.6117932200431824,0.2358131855726242,9.850671768188477,0.33639347553253174,True,"[""Y"", ""Sn"", ""N"", ""N"", ""N""]",N3,N:3|Sn:1|Y:1,True,False,True,True,"[4.102224707603455, 4.102224707603455, 4.102224707603455]","[90.00598669052124, 90.00567555427551, 89.99362707138062]",4.102224707603455,True,True,2.0511123538017273,True,,
cmr_20f50d56cf58fa461743adf9c21a1083,1.399999976158142,0.0,2,conditional_resample,,,6478806377955559541,cmr_3c1c973ff6455bf5a3c8b0357b0752c3,0.9374604821205139,-0.34302210807800293,0.26392167806625366,10.567452430725098,0.0,True,"[""Zr"", ""Mg"", ""N"", ""O"", ""F""]",OFN,F:1|Mg:1|N:1|O:1|Zr:1,True,True,True,True,"[4.4602274894714355, 4.4602274894714355, 4.4602274894714355]","[89.99727487564087, 89.99894857406616, 89.9886167049408]",4.4602274894714355,True,True,2.2301137447357178,True,,
cmr_20f50d56cf58fa461743adf9c21a1083,1.399999976158142,0.0,2,unconditional_diffusion,0.0,6659287016311712360,6478806377955559541,,81.33062744140625,-44.155513763427734,28.893423080444336,989.1240234375,80.97712707519531,True,"[""Be"", ""Ta"", ""S"", ""S"", ""O""]",OS2,Be:1|O:1|S:2|Ta:1,False,False,False,False,"[144.88451957702637, 138.80815505981445, 143.45630645751953]","[-112.7012300491333, -39.905712604522705, 131.05329036712646]",142.38299369812012,True,True,71.19149684906006,True,,
cmr_20f50d56cf58fa461743adf9c21a1083,1.399999976158142,0.0,3,conditional_diffusion,1.0,2866008453995151004,1591502151724062474,,78.60124206542969,-19.98928451538086,34.132667541503906,1050.28564453125,78.17098999023438,True,"[""Ru"", ""Al"", ""O"", ""N"", ""N""]",ON2,Al:1|N:2|O:1|Ru:1,True,False,True,True,"[206.31254196166992, 167.71398544311523, 192.52824783325195]","[343.9257788658142, 431.460657119751, 402.2093868255615]",188.85159174601236,True,True,94.42579587300618,True,,
cmr_20f50d56cf58fa461743adf9c21a1083,1.399999976158142,0.0,3,property_only_meidnet,,,1591502151724062474,,1.0,-0.6117932200431824,0.2358131855726242,9.850671768188477,0.33639347553253174,True,"[""Ni"", ""Os"", ""O"", ""O"", ""F""]",O2F,F:1|Ni:1|O:2|Os:1,True,False,True,True,"[4.102224707603455, 4.102224707603455, 4.102224707603455]","[90.00598669052124, 90.00567555427551, 89.99362707138062]",4.102224707603455,True,True,2.0511123538017273,True,,
cmr_20f50d56cf58fa461743adf9c21a1083,1.399999976158142,0.0,3,conditional_resample,,,1591502151724062474,cmr_696f085a642abefabe3604107005b9be,0.9340803623199463,-0.3448673188686371,0.2865826189517975,10.474119186401367,0.0,True,"[""In"", ""Pd"", ""S"", ""O"", ""O""]",O2S,In:1|O:2|Pd:1|S:1,True,False,True,True,"[4.359840750694275, 4.359840750694275, 4.359840750694275]","[90.15661954879761, 90.0120484828949, 90.0429904460907]",4.359840750694275,True,True,2.1799203753471375,True,,
cmr_20f50d56cf58fa461743adf9c21a1083,1.399999976158142,0.0,3,unconditional_diffusion,0.0,2866008453995151004,1591502151724062474,,78.96539306640625,-19.902976989746094,34.097660064697266,1055.6304931640625,78.53886413574219,True,"[""Ru"", ""Al"", ""S"", ""N"", ""N""]",N2S,Al:1|N:2|Ru:1|S:1,False,False,False,False,"[205.86179733276367, 166.3520050048828, 191.60089492797852]","[345.32861709594727, 434.74084854125977, 412.85561084747314]",187.938232421875,True,True,93.9691162109375,True,,
cmr_20f50d56cf58fa461743adf9c21a1083,1.399999976158142,0.0,4,conditional_diffusion,1.0,6441897886672075077,3952063675305253670,,82.28246307373047,-33.42809295654297,23.353662490844727,1230.075439453125,81.854248046875,True,"[""Pd"", ""Zn"", ""S"", ""O"", ""S""]",OS2,O:1|Pd:1|S:2|Zn:1,False,False,False,False,"[159.75552558898926, 145.6278419494629, 157.48900413513184]","[-0.03987908363342285, 46.145415902137756, 90.53528308868408]",154.29079055786133,True,True,77.14539527893066,True,,
cmr_20f50d56cf58fa461743adf9c21a1083,1.399999976158142,0.0,4,property_only_meidnet,,,3952063675305253670,,1.0,-0.6117932200431824,0.2358131855726242,9.850671768188477,0.33639347553253174,True,"[""Rb"", ""Pt"", ""N"", ""O"", ""N""]",ON2,N:2|O:1|Pt:1|Rb:1,True,False,True,True,"[4.102224707603455, 4.102224707603455, 4.102224707603455]","[90.00598669052124, 90.00567555427551, 89.99362707138062]",4.102224707603455,True,True,2.0511123538017273,True,,
cmr_20f50d56cf58fa461743adf9c21a1083,1.399999976158142,0.0,4,conditional_resample,,,3952063675305253670,cmr_313e994987e8219614d2ca287b1b78e3,0.9400126338005066,-0.3453676104545593,0.26136013865470886,11.21127700805664,0.0,True,"[""V"", ""Bi"", ""N"", ""O"", ""F""]",OFN,Bi:1|F:1|N:1|O:1|V:1,True,False,True,True,"[4.497726857662201, 4.497726857662201, 4.497726559638977]","[90.00293970108032, 89.99872326850891, 89.98359024524689]",4.497726758321126,True,True,2.248863379160563,True,,
cmr_20f50d56cf58fa461743adf9c21a1083,1.399999976158142,0.0,4,unconditional_diffusion,0.0,6441897886672075077,3952063675305253670,,82.53609466552734,-34.11639404296875,23.368967056274414,1236.016845703125,82.10661315917969,True,"[""Pd"", ""Zn"", ""S"", ""O"", ""S""]",OS2,O:1|Pd:1|S:2|Zn:1,False,False,False,False,"[160.21610260009766, 145.06482124328613, 157.12886810302734]","[0.6426197290420532, 50.14132797718048, 88.75559449195862]",154.13659731547037,True,True,77.06829865773518,True,,
cmr_20f50d56cf58fa461743adf9c21a1083,1.399999976158142,0.0,5,conditional_diffusion,1.0,3764395559876692975,14220570799715490553,,86.78634643554688,-28.73310089111328,27.64605712890625,1088.13916015625,86.60430145263672,True,"[""Nb"", ""Nb"", ""O"", ""N"", ""O""]",O2N,N:1|Nb:2|O:2,True,False,True,True,"[406.4215087890625, 344.8746871948242, 368.36315155029297]","[135.84129095077515, 96.3387680053711, 290.1627445220947]",373.21978251139325,True,True,186.60989125569662,True,,
cmr_20f50d56cf58fa461743adf9c21a1083,1.399999976158142,0.0,5,property_only_meidnet,,,14220570799715490553,,1.0,-0.6117932200431824,0.2358131855726242,9.850671768188477,0.33639347553253174,True,"[""Zn"", ""Be"", ""N"", ""N"", ""F""]",FN2,Be:1|F:1|N:2|Zn:1,False,False,False,False,"[4.102224707603455, 4.102224707603455, 4.102224707603455]","[90.00598669052124, 90.00567555427551, 89.99362707138062]",4.102224707603455,True,True,2.0511123538017273,True,,
cmr_20f50d56cf58fa461743adf9c21a1083,1.399999976158142,0.0,5,conditional_resample,,,14220570799715490553,cmr_1f31c0eaa3e35fa64904b8d0864fef09,0.9406676292419434,-0.3434534966945648,0.281247079372406,11.149068832397461,0.0,True,"[""Ba"", ""Rh"", ""N"", ""N"", ""O""]",ON2,Ba:1|N:2|O:1|Rh:1,True,False,True,True,"[4.111500084400177, 4.111500084400177, 4.111500084400177]","[89.99875545501709, 90.0003969669342, 89.9927419424057]",4.111500084400177,True,True,2.0557500422000885,True,,
cmr_20f50d56cf58fa461743adf9c21a1083,1.399999976158142,0.0,5,unconditional_diffusion,0.0,3764395559876692975,14220570799715490553,,87.53441619873047,-28.98528480529785,28.245418548583984,1095.5157470703125,87.35333251953125,True,"[""Nb"", ""Nb"", ""O"", ""N"", ""O""]",O2N,N:1|Nb:2|O:2,True,False,True,True,"[413.61793518066406, 349.6272659301758, 373.99059295654297]","[142.4100637435913, 96.853848695755, 286.361346244812]",379.07859802246094,True,True,189.53929901123047,True,,
cmr_20f50d56cf58fa461743adf9c21a1083,1.399999976158142,0.0,6,conditional_diffusion,1.0,958482016378114734,14766578068758165428,,101.45089721679688,-27.968591690063477,43.785640716552734,1293.69580078125,101.00843811035156,True,"[""Nb"", ""Al"", ""O"", ""O"", ""O""]",O3,Al:1|Nb:1|O:3,True,False,True,True,"[66.61607265472412, 95.98702430725098, 80.65694808959961]","[69.01798009872437, 205.84705352783203, 208.3080768585205]",81.08668168385823,True,True,40.543340841929115,True,,
cmr_20f50d56cf58fa461743adf9c21a1083,1.399999976158142,0.0,6,property_only_meidnet,,,14766578068758165428,,1.0,-0.6117932200431824,0.2358131855726242,9.850671768188477,0.33639347553253174,True,"[""Ge"", ""Co"", ""N"", ""O"", ""O""]",O2N,Co:1|Ge:1|N:1|O:2,True,False,True,False,"[4.102224707603455, 4.102224707603455, 4.102224707603455]","[90.00598669052124, 90.00567555427551, 89.99362707138062]",4.102224707603455,True,True,2.0511123538017273,True,,
cmr_20f50d56cf58fa461743adf9c21a1083,1.399999976158142,0.0,6,conditional_resample,,,14766578068758165428,cmr_20f50d56cf58fa461743adf9c21a1083,0.935828685760498,-0.3414548635482788,0.27381962537765503,9.436949729919434,0.0,True,"[""Y"", ""Be"", ""N"", ""O"", ""F""]",OFN,Be:1|F:1|N:1|O:1|Y:1,True,False,True,True,"[4.218064248561859, 4.218064546585083, 4.218064546585083]","[89.98944818973541, 89.99262392520905, 89.98286068439484]",4.218064447244008,True,True,2.109032223622004,True,,
cmr_20f50d56cf58fa461743adf9c21a1083,1.399999976158142,0.0,6,unconditional_diffusion,0.0,958482016378114734,14766578068758165428,,102.2119369506836,-28.405990600585938,44.5291748046875,1303.340087890625,101.76549530029297,True,"[""Bi"", ""Mn"", ""O"", ""O"", ""O""]",O3,Bi:1|Mn:1|O:3,True,False,True,False,"[65.98268508911133, 94.47687149047852, 79.61115837097168]","[72.69823372364044, 203.14746379852295, 205.64069509506226]",80.02357165018718,True,True,40.01178582509359,True,,
cmr_20f50d56cf58fa461743adf9c21a1083,1.399999976158142,0.0,7,conditional_diffusion,1.0,3474199651612764622,129721939751562590,,92.7979965209961,-50.108280181884766,24.085847854614258,1138.1676025390625,92.41400909423828,True,"[""Ga"", ""Os"", ""S"", ""O"", ""O""]",O2S,Ga:1|O:2|Os:1|S:1,True,False,True,True,"[494.40574645996094, 495.9262466430664, 506.48975372314453]","[174.22621250152588, 53.72139573097229, 10.023720860481262]",498.9405822753906,True,True,249.4702911376953,True,,
cmr_20f50d56cf58fa461743adf9c21a1083,1.399999976158142,0.0,7,property_only_meidnet,,,129721939751562590,,1.0,-0.6117932200431824,0.2358131855726242,9.850671768188477,0.33639347553253174,True,"[""Mg"", ""Ga"", ""N"", ""N"", ""N""]",N3,Ga:1|Mg:1|N:3,True,False,True,True,"[4.102224707603455, 4.102224707603455, 4.102224707603455]","[90.00598669052124, 90.00567555427551, 89.99362707138062]",4.102224707603455,True,True,2.0511123538017273,True,,
cmr_20f50d56cf58fa461743adf9c21a1083,1.399999976158142,0.0,7,conditional_resample,,,129721939751562590,cmr_92d8b483745dfbf2e3c2d7ea8df76235,0.9368239045143127,-0.3423005938529968,0.28525665402412415,9.836689949035645,0.0,True,"[""Ti"", ""Ni"", ""S"", ""O"", ""O""]",O2S,Ni:1|O:2|S:1|Ti:1,True,False,True,False,"[3.976367712020874, 3.976367712020874, 3.976367712020874]","[90.11769533157349, 90.03712177276611, 90.04986763000488]",3.976367712020874,True,True,1.988183856010437,True,,
cmr_20f50d56cf58fa461743adf9c21a1083,1.399999976158142,0.0,7,unconditional_diffusion,0.0,3474199651612764622,129721939751562590,,93.0648422241211,-50.3708381652832,25.015188217163086,1143.3814697265625,92.68525695800781,True,"[""Ga"", ""Ir"", ""S"", ""O"", ""O""]",O2S,Ga:1|Ir:1|O:2|S:1,True,False,True,True,"[493.18164825439453, 494.58751678466797, 504.9072265625]","[177.68046855926514, 51.43453359603882, 9.652417302131653]",497.5587972005208,True,True,248.7793986002604,True,,
cmr_5a34db846ace5b03f1ac3eb7fee6ed22,1.4800000190734863,0.0,0,conditional_diffusion,1.0,3223884993598180049,16719217489905417675,,78.98458862304688,-26.305906295776367,34.95158386230469,1207.883056640625,78.74964141845703,True,"[""Co"", ""Ir"", ""O"", ""O"", ""S""]",O2S,Co:1|Ir:1|O:2|S:1,True,False,True,True,"[474.9143600463867, 441.5412902832031, 455.6497573852539]","[381.2401342391968, -47.153481245040894, 65.89769124984741]",457.36846923828125,True,True,228.68423461914062,True,,
cmr_5a34db846ace5b03f1ac3eb7fee6ed22,1.4800000190734863,0.0,0,property_only_meidnet,,,16719217489905417675,,1.0,-0.6032745838165283,0.22919230163097382,10.188605308532715,0.3380817770957947,True,"[""Ni"", ""Ru"", ""N"", ""O"", ""F""]",OFN,F:1|N:1|Ni:1|O:1|Ru:1,True,False,True,True,"[4.073079824447632, 4.073079824447632, 4.073079824447632]","[90.0056540966034, 90.00573992729187, 89.99402403831482]",4.073079824447632,True,True,2.036539912223816,True,,
cmr_5a34db846ace5b03f1ac3eb7fee6ed22,1.4800000190734863,0.0,0,conditional_resample,,,16719217489905417675,cmr_79be6df0ab3180a9f188adf4a8e0f9d0,0.9395656585693359,-0.3340269923210144,0.27677032351493835,9.762116432189941,0.0,True,"[""Sc"", ""Rh"", ""S"", ""O"", ""O""]",O2S,O:2|Rh:1|S:1|Sc:1,True,False,True,False,"[4.508740603923798, 4.508740603923798, 4.508740603923798]","[90.06106853485107, 90.03398895263672, 90.02516984939575]",4.508740603923798,True,True,2.254370301961899,True,,
cmr_5a34db846ace5b03f1ac3eb7fee6ed22,1.4800000190734863,0.0,0,unconditional_diffusion,0.0,3223884993598180049,16719217489905417675,,79.4920425415039,-26.404001235961914,35.15194320678711,1216.7845458984375,79.25072479248047,True,"[""Co"", ""Ir"", ""O"", ""O"", ""S""]",O2S,Co:1|Ir:1|O:2|S:1,True,False,True,True,"[477.18563079833984, 443.11981201171875, 457.1799850463867]","[380.24943351745605, -46.93583607673645, 67.97182738780975]",459.16180928548175,True,True,229.58090464274088,True,,
cmr_5a34db846ace5b03f1ac3eb7fee6ed22,1.4800000190734863,0.0,1,conditional_diffusion,1.0,5711200430006188557,4058386887350136020,,88.82130432128906,-35.32374572753906,24.459503173828125,1285.6287841796875,88.58642578125,True,"[""Nb"", ""Nb"", ""O"", ""N"", ""S""]",ONS,N:1|Nb:2|O:1|S:1,False,False,False,False,"[293.1713676452637, 287.12141036987305, 222.31094360351562]","[7.705294489860535, 286.907958984375, -68.00254940986633]",267.5345738728841,True,True,133.76728693644205,True,,
cmr_5a34db846ace5b03f1ac3eb7fee6ed22,1.4800000190734863,0.0,1,property_only_meidnet,,,4058386887350136020,,1.0,-0.6032745838165283,0.22919230163097382,10.188605308532715,0.3380817770957947,True,"[""Cs"", ""Ni"", ""O"", ""O"", ""O""]",O3,Cs:1|Ni:1|O:3,True,False,True,True,"[4.073079824447632, 4.073079824447632, 4.073079824447632]","[90.0056540966034, 90.00573992729187, 89.99402403831482]",4.073079824447632,True,True,2.036539912223816,True,,
cmr_5a34db846ace5b03f1ac3eb7fee6ed22,1.4800000190734863,0.0,1,conditional_resample,,,4058386887350136020,cmr_99221f493ed7e96b01fd13f541a3ec3e,0.9219903349876404,-0.3718179762363434,0.23941129446029663,10.7525053024292,0.0,True,"[""Re"", ""Y"", ""O"", ""O"", ""F""]",O2F,F:1|O:2|Re:1|Y:1,True,False,True,True,"[4.114058613777161, 4.114058613777161, 4.114058613777161]","[90.28496861457825, 90.05249619483948, 90.03573775291443]",4.114058613777161,True,True,2.0570293068885803,True,,
cmr_5a34db846ace5b03f1ac3eb7fee6ed22,1.4800000190734863,0.0,1,unconditional_diffusion,0.0,5711200430006188557,4058386887350136020,,89.60110473632812,-35.84032440185547,24.711565017700195,1294.932373046875,89.36723327636719,True,"[""Nb"", ""Nb"", ""O"", ""N"", ""S""]",ONS,N:1|Nb:2|O:1|S:1,False,False,False,False,"[298.8724708557129, 291.36905670166016, 225.43704986572266]","[7.631737589836121, 280.3950834274292, -72.71820545196533]",271.8928591410319,True,True,135.94642957051596,True,,
cmr_5a34db846ace5b03f1ac3eb7fee6ed22,1.4800000190734863,0.0,2,conditional_diffusion,1.0,8895085465308205267,7230531530212596103,,98.03856658935547,-31.74860382080078,39.13298416137695,1289.264404296875,97.72986602783203,True,"[""Zn"", ""Be"", ""S"", ""S"", ""S""]",S3,Be:1|S:3|Zn:1,False,False,False,False,"[364.67803955078125, 385.33721923828125, 371.82579040527344]","[81.3018536567688, 138.14802289009094, 403.9481019973755]",373.947016398112,True,True,186.973508199056,True,,
cmr_5a34db846ace5b03f1ac3eb7fee6ed22,1.4800000190734863,0.0,2,property_only_meidnet,,,7230531530212596103,,1.0,-0.6032745838165283,0.22919230163097382,10.188605308532715,0.3380817770957947,True,"[""Y"", ""Mg"", ""N"", ""N"", ""N""]",N3,Mg:1|N:3|Y:1,True,False,True,True,"[4.073079824447632, 4.073079824447632, 4.073079824447632]","[90.0056540966034, 90.00573992729187, 89.99402403831482]",4.073079824447632,True,True,2.036539912223816,True,,
cmr_5a34db846ace5b03f1ac3eb7fee6ed22,1.4800000190734863,0.0,2,conditional_resample,,,7230531530212596103,cmr_21adbcb2802ab243eafd4a11afa03703,0.9400536417961121,-0.33898085355758667,0.26418402791023254,10.76142692565918,0.0,True,"[""As"", ""Pb"", ""O"", ""O"", ""F""]",O2F,As:1|F:1|O:2|Pb:1,True,False,True,False,"[4.517962038516998, 4.517962038516998, 4.517962038516998]","[90.05646586418152, 90.00668406486511, 89.99306917190552]",4.517962038516998,True,True,2.258981019258499,True,,
cmr_5a34db846ace5b03f1ac3eb7fee6ed22,1.4800000190734863,0.0,2,unconditional_diffusion,0.0,8895085465308205267,7230531530212596103,,98.3573226928711,-30.795122146606445,39.610694885253906,1293.9605712890625,98.0513916015625,True,"[""Zn"", ""Be"", ""S"", ""S"", ""S""]",S3,Be:1|S:3|Zn:1,False,False,False,False,"[355.7730484008789, 376.5657424926758, 363.55491638183594]","[83.05969834327698, 137.56470680236816, 410.0272750854492]",365.2979024251302,True,True,182.6489512125651,True,,
cmr_5a34db846ace5b03f1ac3eb7fee6ed22,1.4800000190734863,0.0,3,conditional_diffusion,1.0,4327849173360133434,16037595593556575119,,82.14305877685547,-34.25621795654297,27.627099990844727,1208.334716796875,81.98248291015625,True,"[""Nb"", ""Zn"", ""N"", ""N"", ""N""]",N3,N:3|Nb:1|Zn:1,True,False,True,True,"[174.48020935058594, 171.47991180419922, 143.59649658203125]","[61.5442031621933, 447.10368633270264, 435.880765914917]",163.18553924560547,True,True,81.59276962280273,True,,
cmr_5a34db846ace5b03f1ac3eb7fee6ed22,1.4800000190734863,0.0,3,property_only_meidnet,,,16037595593556575119,,1.0,-0.6032745838165283,0.22919230163097382,10.188605308532715,0.3380817770957947,True,"[""Be"", ""Al"", ""S"", ""N"", ""N""]",N2S,Al:1|Be:1|N:2|S:1,False,False,False,False,"[4.073079824447632, 4.073079824447632, 4.073079824447632]","[90.0056540966034, 90.00573992729187, 89.99402403831482]",4.073079824447632,True,True,2.036539912223816,True,,
cmr_5a34db846ace5b03f1ac3eb7fee6ed22,1.4800000190734863,0.0,3,conditional_resample,,,16037595593556575119,cmr_a57a9ab2d4881c17978a8da85967824a,0.9404510855674744,-0.3366667330265045,0.2754758894443512,9.755172729492188,0.0,True,"[""Li"", ""Cu"", ""O"", ""O"", ""O""]",O3,Cu:1|Li:1|O:3,True,True,True,True,"[3.968108892440796, 3.968108892440796, 3.968108892440796]","[90.00962376594543, 90.00320792198181, 89.99862670898438]",3.968108892440796,True,True,1.984054446220398,True,,
cmr_5a34db846ace5b03f1ac3eb7fee6ed22,1.4800000190734863,0.0,3,unconditional_diffusion,0.0,4327849173360133434,16037595593556575119,,82.96968841552734,-34.33911895751953,28.007171630859375,1217.48828125,82.80901336669922,True,"[""Nb"", ""Zn"", ""N"", ""N"", ""N""]",N3,N:3|Nb:1|Zn:1,True,False,True,True,"[169.89862442016602, 167.08194732666016, 138.3579444885254]","[59.43462431430817, 445.82056045532227, 438.5052967071533]",158.44617207845053,True,True,79.22308603922527,True,,
cmr_5a34db846ace5b03f1ac3eb7fee6ed22,1.4800000190734863,0.0,4,conditional_diffusion,1.0,802452324412919812,2573616948130070137,,59.81476974487305,-16.338764190673828,22.33010482788086,979.789794921875,59.62845230102539,True,"[""Zn"", ""Al"", ""O"", ""N"", ""N""]",ON2,Al:1|N:2|O:1|Zn:1,True,False,True,True,"[314.1757583618164, 301.57970428466797, 336.5397262573242]","[304.1150164604187, 98.57995748519897, 541.7507314682007]",317.43172963460285,True,True,158.71586481730142,True,,
cmr_5a34db846ace5b03f1ac3eb7fee6ed22,1.4800000190734863,0.0,4,property_only_meidnet,,,2573616948130070137,,1.0,-0.6032745838165283,0.22919230163097382,10.188605308532715,0.3380817770957947,True,"[""V"", ""Al"", ""N"", ""N"", ""N""]",N3,Al:1|N:3|V:1,True,False,True,True,"[4.073079824447632, 4.073079824447632, 4.073079824447632]","[90.0056540966034, 90.00573992729187, 89.99402403831482]",4.073079824447632,True,True,2.036539912223816,True,,
cmr_5a34db846ace5b03f1ac3eb7fee6ed22,1.4800000190734863,0.0,4,conditional_resample,,,2573616948130070137,cmr_10aecdfbcb747f28621351f7ba847495,0.939093291759491,-0.33792221546173096,0.28190794587135315,10.966463088989258,0.0,True,"[""Tl"", ""Fe"", ""N"", ""N"", ""N""]",N3,Fe:1|N:3|Tl:1,True,False,True,False,"[4.19265478849411, 4.19265478849411, 4.192654490470886]","[89.9850869178772, 90.01084685325623, 89.98096704483032]",4.192654689153035,True,True,2.0963273445765176,True,,
cmr_5a34db846ace5b03f1ac3eb7fee6ed22,1.4800000190734863,0.0,4,unconditional_diffusion,0.0,802452324412919812,2573616948130070137,,60.396968841552734,-16.372512817382812,22.612119674682617,982.9843139648438,60.21678161621094,True,"[""Zn"", ""Al"", ""O"", ""N"", ""N""]",ON2,Al:1|N:2|O:1|Zn:1,True,False,True,True,"[310.8849906921387, 296.45727157592773, 333.1788635253906]","[312.5032711029053, 98.13934564590454, 542.3481130599976]",313.50704193115234,True,True,156.75352096557617,True,,
cmr_5a34db846ace5b03f1ac3eb7fee6ed22,1.4800000190734863,0.0,5,conditional_diffusion,1.0,2786853338183027906,11835073889822385752,,89.03103637695312,-26.44991683959961,36.99428176879883,1200.4244384765625,88.74105072021484,True,"[""Nb"", ""Al"", ""S"", ""S"", ""O""]",OS2,Al:1|Nb:1|O:1|S:2,False,False,False,False,"[-55.59173583984375, -10.04346489906311, -34.85546588897705]","[-4.644438028335571, 240.76645374298096, 273.3565378189087]",,False,False,,False,INVALID_LEARNED_LATTICE,
cmr_5a34db846ace5b03f1ac3eb7fee6ed22,1.4800000190734863,0.0,5,property_only_meidnet,,,11835073889822385752,,1.0,-0.6032745838165283,0.22919230163097382,10.188605308532715,0.3380817770957947,True,"[""Ge"", ""Tl"", ""N"", ""N"", ""N""]",N3,Ge:1|N:3|Tl:1,True,False,True,True,"[4.073079824447632, 4.073079824447632, 4.073079824447632]","[90.0056540966034, 90.00573992729187, 89.99402403831482]",4.073079824447632,True,True,2.036539912223816,True,,
cmr_5a34db846ace5b03f1ac3eb7fee6ed22,1.4800000190734863,0.0,5,conditional_resample,,,11835073889822385752,cmr_99221f493ed7e96b01fd13f541a3ec3e,0.9219903349876404,-0.3718179762363434,0.23941129446029663,10.7525053024292,0.0,True,"[""W"", ""Re"", ""O"", ""O"", ""F""]",O2F,F:1|O:2|Re:1|W:1,True,False,True,True,"[4.114058613777161, 4.114058613777161, 4.114058613777161]","[90.28496861457825, 90.05249619483948, 90.03573775291443]",4.114058613777161,True,True,2.0570293068885803,True,,
cmr_5a34db846ace5b03f1ac3eb7fee6ed22,1.4800000190734863,0.0,5,unconditional_diffusion,0.0,2786853338183027906,11835073889822385752,,89.1595458984375,-26.579967498779297,36.818050384521484,1207.073486328125,88.86600494384766,True,"[""Nb"", ""Al"", ""S"", ""S"", ""O""]",OS2,Al:1|Nb:1|O:1|S:2,False,False,False,False,"[-64.04191017150879, -20.03108501434326, -43.72627258300781]","[-4.180448055267334, 234.237699508667, 271.67670249938965]",,False,False,,False,INVALID_LEARNED_LATTICE,
cmr_5a34db846ace5b03f1ac3eb7fee6ed22,1.4800000190734863,0.0,6,conditional_diffusion,1.0,3532726642344899314,12619495046985726476,,64.30686950683594,-29.54009437561035,19.028160095214844,895.8641357421875,64.01643371582031,True,"[""Be"", ""W"", ""O"", ""O"", ""S""]",O2S,Be:1|O:2|S:1|W:1,True,False,True,True,"[284.5871353149414, 257.4637031555176, 280.52988052368164]","[176.12691164016724, 209.01549339294434, 170.99759459495544]",274.1935729980469,True,True,137.09678649902344,True,,
cmr_5a34db846ace5b03f1ac3eb7fee6ed22,1.4800000190734863,0.0,6,property_only_meidnet,,,12619495046985726476,,1.0,-0.6032745838165283,0.22919230163097382,10.188605308532715,0.3380817770957947,True,"[""Ba"", ""Sb"", ""N"", ""N"", ""O""]",ON2,Ba:1|N:2|O:1|Sb:1,True,False,True,False,"[4.073079824447632, 4.073079824447632, 4.073079824447632]","[90.0056540966034, 90.00573992729187, 89.99402403831482]",4.073079824447632,True,True,2.036539912223816,True,,
cmr_5a34db846ace5b03f1ac3eb7fee6ed22,1.4800000190734863,0.0,6,conditional_resample,,,12619495046985726476,cmr_48894d8b7ef39534f20bff718293ba85,0.9373399615287781,-0.33330363035202026,0.268823504447937,9.676262855529785,0.0,True,"[""Zr"", ""Ru"", ""S"", ""O"", ""O""]",O2S,O:2|Ru:1|S:1|Zr:1,True,False,True,True,"[4.239301383495331, 4.239301383495331, 4.239301383495331]","[90.1562225818634, 90.07075667381287, 90.0470244884491]",4.239301383495331,True,True,2.1196506917476654,True,,
cmr_5a34db846ace5b03f1ac3eb7fee6ed22,1.4800000190734863,0.0,6,unconditional_diffusion,0.0,3532726642344899314,12619495046985726476,,64.44063568115234,-29.202484130859375,18.910430908203125,898.2615966796875,64.15815734863281,True,"[""Be"", ""Nb"", ""O"", ""O"", ""S""]",O2S,Be:1|Nb:1|O:2|S:1,True,False,True,True,"[282.50404357910156, 254.83343124389648, 278.66193771362305]","[182.32139825820923, 213.59662055969238, 182.49329566955566]",271.9998041788737,True,True,135.99990208943686,True,,
cmr_5a34db846ace5b03f1ac3eb7fee6ed22,1.4800000190734863,0.0,7,conditional_diffusion,1.0,1312208008226159760,7567856142066962722,,71.37027740478516,-22.17386245727539,25.424884796142578,1052.105224609375,71.08641815185547,True,"[""Be"", ""Be"", ""O"", ""O"", ""S""]",O2S,Be:2|O:2|S:1,True,False,True,False,"[-22.239856719970703, -13.355423212051392, -7.323169708251953]","[16.11644983291626, 54.91834759712219, 143.9446520805359]",,False,False,,False,INVALID_LEARNED_LATTICE,
cmr_5a34db846ace5b03f1ac3eb7fee6ed22,1.4800000190734863,0.0,7,property_only_meidnet,,,7567856142066962722,,1.0,-0.6032745838165283,0.22919230163097382,10.188605308532715,0.3380817770957947,True,"[""Sc"", ""Tl"", ""N"", ""O"", ""N""]",ON2,N:2|O:1|Sc:1|Tl:1,True,False,True,True,"[4.073079824447632, 4.073079824447632, 4.073079824447632]","[90.0056540966034, 90.00573992729187, 89.99402403831482]",4.073079824447632,True,True,2.036539912223816,True,,
cmr_5a34db846ace5b03f1ac3eb7fee6ed22,1.4800000190734863,0.0,7,conditional_resample,,,7567856142066962722,cmr_5a34db846ace5b03f1ac3eb7fee6ed22,0.9406314492225647,-0.33425137400627136,0.26889467239379883,10.137194633483887,0.0,True,"[""Hf"", ""Te"", ""N"", ""N"", ""O""]",ON2,Hf:1|N:2|O:1|Te:1,True,False,True,False,"[4.019648730754852, 4.019648730754852, 4.019648730754852]","[90.00322937965393, 90.00758528709412, 89.9931925535202]",4.019648730754852,True,True,2.009824365377426,True,,
cmr_5a34db846ace5b03f1ac3eb7fee6ed22,1.4800000190734863,0.0,7,unconditional_diffusion,0.0,1312208008226159760,7567856142066962722,,72.77035522460938,-22.485023498535156,26.496843338012695,1058.4630126953125,72.49388885498047,True,"[""Be"", ""Be"", ""O"", ""O"", ""S""]",O2S,Be:2|O:2|S:1,True,False,True,False,"[-19.08007502555847, -10.389862060546875, -4.25447940826416]","[17.456213235855103, 55.219624042510986, 142.70822882652283]",,False,False,,False,INVALID_LEARNED_LATTICE,
cmr_4a5c152b3097a6a24d795307161ad7b6,0.6399999856948853,0.8999999761581421,0,conditional_diffusion,1.0,8637355720280427832,4183683273107731730,,94.31723022460938,-31.188447952270508,35.48283386230469,1243.582275390625,93.8499526977539,True,"[""Al"", ""Nb"", ""S"", ""O"", ""O""]",O2S,Al:1|Nb:1|O:2|S:1,True,False,True,True,"[214.92769241333008, 191.8865966796875, 191.9070053100586]","[242.15442180633545, 58.34085702896118, 101.5696120262146]",199.5737648010254,True,True,99.7868824005127,True,,
cmr_4a5c152b3097a6a24d795307161ad7b6,0.6399999856948853,0.8999999761581421,0,property_only_meidnet,,,4183683273107731730,,1.0,-0.3510911464691162,0.30302515625953674,15.795100212097168,0.3168882131576538,True,"[""Ba"", ""Rh"", ""N"", ""O"", ""F""]",OFN,Ba:1|F:1|N:1|O:1|Rh:1,True,False,True,True,"[4.25972044467926, 4.25972044467926, 4.25972044467926]","[90.00781059265137, 90.00536441802979, 89.9914813041687]",4.25972044467926,True,True,2.12986022233963,True,,
cmr_4a5c152b3097a6a24d795307161ad7b6,0.6399999856948853,0.8999999761581421,0,conditional_resample,,,4183683273107731730,cmr_55a9c512e7ec1e70c09a9ebdb9656dfc,0.948634147644043,-0.3408682942390442,0.30395376682281494,12.280126571655273,0.0,True,"[""Mg"", ""Ge"", ""O"", ""O"", ""O""]",O3,Ge:1|Mg:1|O:3,True,True,True,True,"[4.138936102390289, 4.138936102390289, 4.138936102390289]","[90.03037333488464, 89.98328983783722, 89.99698519706726]",4.138936102390289,True,True,2.0694680511951447,True,,
cmr_4a5c152b3097a6a24d795307161ad7b6,0.6399999856948853,0.8999999761581421,0,unconditional_diffusion,0.0,8637355720280427832,4183683273107731730,,94.71375274658203,-31.887365341186523,35.87063980102539,1247.749267578125,94.2461929321289,True,"[""Al"", ""Nb"", ""S"", ""O"", ""O""]",O2S,Al:1|Nb:1|O:2|S:1,True,False,True,True,"[212.43112564086914, 189.6031951904297, 190.48480987548828]","[247.3240041732788, 52.57777690887451, 91.43990635871887]",197.50637690226236,True,True,98.75318845113118,True,,
cmr_4a5c152b3097a6a24d795307161ad7b6,0.6399999856948853,0.8999999761581421,1,conditional_diffusion,1.0,8651643894709900430,817008561343406989,,95.19651794433594,-36.96100616455078,35.957427978515625,1289.228759765625,95.00244903564453,True,"[""Ta"", ""Al"", ""O"", ""N"", ""F""]",OFN,Al:1|F:1|N:1|O:1|Ta:1,True,False,True,False,"[71.69742584228516, 42.30928897857666, 46.698594093322754]","[276.11841917037964, 20.136635899543762, 278.14966678619385]",53.56843630472819,True,True,26.784218152364094,True,,
cmr_4a5c152b3097a6a24d795307161ad7b6,0.6399999856948853,0.8999999761581421,1,property_only_meidnet,,,817008561343406989,,1.0,-0.3510911464691162,0.30302515625953674,15.795100212097168,0.3168882131576538,True,"[""Li"", ""Sb"", ""O"", ""O"", ""F""]",O2F,F:1|Li:1|O:2|Sb:1,True,False,True,True,"[4.25972044467926, 4.25972044467926, 4.25972044467926]","[90.00781059265137, 90.00536441802979, 89.9914813041687]",4.25972044467926,True,True,2.12986022233963,True,,
cmr_4a5c152b3097a6a24d795307161ad7b6,0.6399999856948853,0.8999999761581421,1,conditional_resample,,,817008561343406989,cmr_4a5c152b3097a6a24d795307161ad7b6,0.9470452666282654,-0.319990873336792,0.32000839710235596,10.834380149841309,0.0,True,"[""Te"", ""Nb"", ""N"", ""O"", ""O""]",O2N,N:1|Nb:1|O:2|Te:1,True,False,True,True,"[4.099970161914825, 4.099970161914825, 4.099970161914825]","[90.02041697502136, 90.00680208206177, 90.00154495239258]",4.099970161914825,True,True,2.0499850809574127,True,,
cmr_4a5c152b3097a6a24d795307161ad7b6,0.6399999856948853,0.8999999761581421,1,unconditional_diffusion,0.0,8651643894709900430,817008561343406989,,95.72695922851562,-36.77904510498047,36.87075424194336,1294.5338134765625,95.53123474121094,True,"[""Ta"", ""Al"", ""O"", ""N"", ""F""]",OFN,Al:1|F:1|N:1|O:1|Ta:1,True,False,True,False,"[76.89357280731201, 48.47452640533447, 52.32429504394531]","[274.4222116470337, 24.237009286880493, 280.698881149292]",59.2307980855306,True,True,29.6153990427653,True,,
cmr_4a5c152b3097a6a24d795307161ad7b6,0.6399999856948853,0.8999999761581421,2,conditional_diffusion,1.0,8827077356634897341,7037805973828839247,,60.02632141113281,-17.73617935180664,16.54083251953125,1066.608642578125,59.68454360961914,True,"[""Zn"", ""Co"", ""N"", ""N"", ""N""]",N3,Co:1|N:3|Zn:1,True,False,True,True,"[334.03472900390625, 315.4079818725586, 323.37833404541016]","[199.50652599334717, 254.28010940551758, 295.2277421951294]",324.273681640625,True,True,162.1368408203125,True,,
cmr_4a5c152b3097a6a24d795307161ad7b6,0.6399999856948853,0.8999999761581421,2,property_only_meidnet,,,7037805973828839247,,1.0,-0.3510911464691162,0.30302515625953674,15.795100212097168,0.3168882131576538,True,"[""La"", ""Sc"", ""O"", ""O"", ""F""]",O2F,F:1|La:1|O:2|Sc:1,True,False,True,True,"[4.25972044467926, 4.25972044467926, 4.25972044467926]","[90.00781059265137, 90.00536441802979, 89.9914813041687]",4.25972044467926,True,True,2.12986022233963,True,,
cmr_4a5c152b3097a6a24d795307161ad7b6,0.6399999856948853,0.8999999761581421,2,conditional_resample,,,7037805973828839247,cmr_4c61ace5edfb615426348d2ccaa0b733,0.9377115368843079,-0.32238686084747314,0.3119027614593506,12.668473243713379,0.0,True,"[""In"", ""Sn"", ""O"", ""O"", ""F""]",O2F,F:1|In:1|O:2|Sn:1,True,True,True,True,"[4.381929636001587, 4.381929636001587, 4.381929636001587]","[90.09078741073608, 89.95019137859344, 90.00418424606323]",4.381929636001587,True,True,2.1909648180007935,True,,
cmr_4a5c152b3097a6a24d795307161ad7b6,0.6399999856948853,0.8999999761581421,2,unconditional_diffusion,0.0,8827077356634897341,7037805973828839247,,59.80392837524414,-17.26962661743164,16.7335147857666,1070.69287109375,59.45987319946289,True,"[""Zn"", ""Co"", ""N"", ""N"", ""N""]",N3,Co:1|N:3|Zn:1,True,False,True,True,"[331.97277069091797, 314.39868927001953, 321.21166229248047]","[193.0843949317932, 248.68223190307617, 286.7205047607422]",322.52770741780597,True,True,161.26385370890299,True,,
cmr_4a5c152b3097a6a24d795307161ad7b6,0.6399999856948853,0.8999999761581421,3,conditional_diffusion,1.0,7389357479993444377,13345010149391509889,,99.02562713623047,-31.365121841430664,39.401912689208984,1124.6453857421875,98.4697036743164,True,"[""Nb"", ""Nb"", ""N"", ""N"", ""N""]",N3,N:3|Nb:2,True,False,True,False,"[239.98897552490234, 181.83290481567383, 162.21574783325195]","[226.8825888633728, 202.95543909072876, 244.47524070739746]",194.67920939127603,True,True,97.33960469563802,True,,
cmr_4a5c152b3097a6a24d795307161ad7b6,0.6399999856948853,0.8999999761581421,3,property_only_meidnet,,,13345010149391509889,,1.0,-0.3510911464691162,0.30302515625953674,15.795100212097168,0.3168882131576538,True,"[""La"", ""Ga"", ""N"", ""O"", ""F""]",OFN,F:1|Ga:1|La:1|N:1|O:1,True,True,True,True,"[4.25972044467926, 4.25972044467926, 4.25972044467926]","[90.00781059265137, 90.00536441802979, 89.9914813041687]",4.25972044467926,True,True,2.12986022233963,True,,
cmr_4a5c152b3097a6a24d795307161ad7b6,0.6399999856948853,0.8999999761581421,3,conditional_resample,,,13345010149391509889,cmr_d9af32c03b583694bfe7f1fec9d557e1,0.9440135955810547,-0.3550610840320587,0.2589869499206543,11.80001449584961,0.0,True,"[""In"", ""Bi"", ""N"", ""O"", ""F""]",OFN,Bi:1|F:1|In:1|N:1|O:1,True,True,True,True,"[4.439075291156769, 4.439075291156769, 4.439075291156769]","[90.03501892089844, 89.98034477233887, 89.99252200126648]",4.439075291156769,True,True,2.2195376455783844,True,,
cmr_4a5c152b3097a6a24d795307161ad7b6,0.6399999856948853,0.8999999761581421,3,unconditional_diffusion,0.0,7389357479993444377,13345010149391509889,,99.15512084960938,-31.5621395111084,38.80120849609375,1126.276611328125,98.6011962890625,True,"[""Nb"", ""Nb"", ""N"", ""N"", ""N""]",N3,N:3|Nb:2,True,False,True,False,"[248.6765480041504, 189.73176956176758, 170.28594970703125]","[223.38912963867188, 194.88256931304932, 236.01688385009766]",202.89808909098306,True,True,101.44904454549153,True,,
cmr_4a5c152b3097a6a24d795307161ad7b6,0.6399999856948853,0.8999999761581421,4,conditional_diffusion,1.0,5894947675079854135,10957478681980831730,,79.19681549072266,-22.289939880371094,38.35712432861328,1199.3475341796875,78.82018280029297,True,"[""Zn"", ""Mn"", ""S"", ""O"", ""O""]",O2S,Mn:1|O:2|S:1|Zn:1,True,False,True,True,"[-211.24990463256836, -220.0151252746582, -211.6383171081543]","[178.55831265449524, 122.07821130752563, 131.41484141349792]",,False,False,,False,INVALID_LEARNED_LATTICE,
cmr_4a5c152b3097a6a24d795307161ad7b6,0.6399999856948853,0.8999999761581421,4,property_only_meidnet,,,10957478681980831730,,1.0,-0.3510911464691162,0.30302515625953674,15.795100212097168,0.3168882131576538,True,"[""Li"", ""Sn"", ""O"", ""O"", ""F""]",O2F,F:1|Li:1|O:2|Sn:1,True,False,True,True,"[4.25972044467926, 4.25972044467926, 4.25972044467926]","[90.00781059265137, 90.00536441802979, 89.9914813041687]",4.25972044467926,True,True,2.12986022233963,True,,
cmr_4a5c152b3097a6a24d795307161ad7b6,0.6399999856948853,0.8999999761581421,4,conditional_resample,,,10957478681980831730,cmr_d9af32c03b583694bfe7f1fec9d557e1,0.9440135955810547,-0.3550610840320587,0.2589869499206543,11.80001449584961,0.0,True,"[""In"", ""Bi"", ""N"", ""O"", ""F""]",OFN,Bi:1|F:1|In:1|N:1|O:1,True,True,True,True,"[4.439075291156769, 4.439075291156769, 4.439075291156769]","[90.03501892089844, 89.98034477233887, 89.99252200126648]",4.439075291156769,True,True,2.2195376455783844,True,,
cmr_4a5c152b3097a6a24d795307161ad7b6,0.6399999856948853,0.8999999761581421,4,unconditional_diffusion,0.0,5894947675079854135,10957478681980831730,,79.50167083740234,-22.010374069213867,38.25753402709961,1201.8541259765625,79.13026428222656,True,"[""Pt"", ""Mn"", ""S"", ""O"", ""F""]",OFS,F:1|Mn:1|O:1|Pt:1|S:1,False,False,False,False,"[-209.5686912536621, -218.1171989440918, -209.7482681274414]","[178.14966201782227, 120.960373878479, 131.84005737304688]",,False,False,,False,INVALID_LEARNED_LATTICE,
cmr_4a5c152b3097a6a24d795307161ad7b6,0.6399999856948853,0.8999999761581421,5,conditional_diffusion,1.0,5276961206525112557,8113554276146718895,,61.76822280883789,-21.200159072875977,26.179492950439453,1089.195556640625,61.541446685791016,True,"[""Re"", ""Li"", ""S"", ""S"", ""S""]",S3,Li:1|Re:1|S:3,False,False,False,False,"[28.310322761535645, 43.50493907928467, 39.421324729919434]","[160.3278636932373, 132.99490928649902, 116.93214654922485]",37.07886219024658,True,True,18.53943109512329,True,,
cmr_4a5c152b3097a6a24d795307161ad7b6,0.6399999856948853,0.8999999761581421,5,property_only_meidnet,,,8113554276146718895,,1.0,-0.3510911464691162,0.30302515625953674,15.795100212097168,0.3168882131576538,True,"[""Ba"", ""Ga"", ""O"", ""O"", ""F""]",O2F,Ba:1|F:1|Ga:1|O:2,True,False,True,False,"[4.25972044467926, 4.25972044467926, 4.25972044467926]","[90.00781059265137, 90.00536441802979, 89.9914813041687]",4.25972044467926,True,True,2.12986022233963,True,,
cmr_4a5c152b3097a6a24d795307161ad7b6,0.6399999856948853,0.8999999761581421,5,conditional_resample,,,8113554276146718895,cmr_10bbb158ace9d50afaded8b20adc5d61,0.9508618116378784,-0.35620027780532837,0.2813444137573242,11.774860382080078,0.0,True,"[""Hf"", ""Ti"", ""N"", ""N"", ""O""]",ON2,Hf:1|N:2|O:1|Ti:1,True,True,True,True,"[3.9768919348716736, 3.9768919348716736, 3.9768919348716736]","[90.01430153846741, 90.03517985343933, 90.00107288360596]",3.9768919348716736,True,True,1.9884459674358368,True,,
cmr_4a5c152b3097a6a24d795307161ad7b6,0.6399999856948853,0.8999999761581421,5,unconditional_diffusion,0.0,5276961206525112557,8113554276146718895,,61.961090087890625,-21.497638702392578,26.065401077270508,1092.51513671875,61.7239875793457,True,"[""W"", ""Ir"", ""S"", ""S"", ""S""]",S3,Ir:1|S:3|W:1,False,False,False,False,"[35.61148643493652, 50.30910015106201, 46.376447677612305]","[161.66735887527466, 131.226646900177, 113.43300104141235]",44.09901142120361,True,True,22.049505710601807,True,,
cmr_4a5c152b3097a6a24d795307161ad7b6,0.6399999856948853,0.8999999761581421,6,conditional_diffusion,1.0,8826391486810366260,15829284517122767218,,90.69005584716797,-35.6983642578125,38.53702926635742,1169.3731689453125,90.48463439941406,True,"[""Cr"", ""Nb"", ""O"", ""F"", ""S""]",OFS,Cr:1|F:1|Nb:1|O:1|S:1,False,False,False,False,"[94.54967498779297, 76.14738941192627, 96.87894821166992]","[144.77399110794067, 24.280600547790527, 83.3547306060791]",89.19200420379639,True,True,44.59600210189819,True,,
cmr_4a5c152b3097a6a24d795307161ad7b6,0.6399999856948853,0.8999999761581421,6,property_only_meidnet,,,15829284517122767218,,1.0,-0.3510911464691162,0.30302515625953674,15.795100212097168,0.3168882131576538,True,"[""Tl"", ""Ge"", ""O"", ""O"", ""F""]",O2F,F:1|Ge:1|O:2|Tl:1,True,False,True,False,"[4.25972044467926, 4.25972044467926, 4.25972044467926]","[90.00781059265137, 90.00536441802979, 89.9914813041687]",4.25972044467926,True,True,2.12986022233963,True,,
cmr_4a5c152b3097a6a24d795307161ad7b6,0.6399999856948853,0.8999999761581421,6,conditional_resample,,,15829284517122767218,cmr_47c66e7c0f080925a884f19f21d54939,0.9443334341049194,-0.3138319253921509,0.3157527446746826,12.239073753356934,0.0,True,"[""K"", ""Ga"", ""O"", ""O"", ""F""]",O2F,F:1|Ga:1|K:1|O:2,True,False,True,True,"[4.492248892784119, 4.492248892784119, 4.492248892784119]","[90.00920534133911, 89.9000608921051, 89.98276948928833]",4.492248892784119,True,True,2.2461244463920593,True,,
cmr_4a5c152b3097a6a24d795307161ad7b6,0.6399999856948853,0.8999999761581421,6,unconditional_diffusion,0.0,8826391486810366260,15829284517122767218,,90.99343872070312,-36.207157135009766,38.3350944519043,1174.7447509765625,90.7892074584961,True,"[""Cr"", ""Nb"", ""O"", ""F"", ""S""]",OFS,Cr:1|F:1|Nb:1|O:1|S:1,False,False,False,False,"[100.02528190612793, 80.60000419616699, 100.9819221496582]","[144.16357398033142, 17.032488584518433, 87.31430411338806]",93.8690694173177,True,True,46.93453470865885,True,,
cmr_4a5c152b3097a6a24d795307161ad7b6,0.6399999856948853,0.8999999761581421,7,conditional_diffusion,1.0,3013480311347496416,1808680854118717823,,75.8401107788086,-33.40090560913086,26.051647186279297,1110.3780517578125,75.5432357788086,True,"[""Mn"", ""Bi"", ""O"", ""O"", ""O""]",O3,Bi:1|Mn:1|O:3,True,False,True,False,"[298.0305480957031, 292.2385597229004, 298.4877014160156]","[20.531328320503235, 87.51101732254028, 101.84057950973511]",296.25226974487305,True,True,148.12613487243652,True,,
cmr_4a5c152b3097a6a24d795307161ad7b6,0.6399999856948853,0.8999999761581421,7,property_only_meidnet,,,1808680854118717823,,1.0,-0.3510911464691162,0.30302515625953674,15.795100212097168,0.3168882131576538,True,"[""Cd"", ""Ge"", ""O"", ""O"", ""F""]",O2F,Cd:1|F:1|Ge:1|O:2,True,False,True,True,"[4.25972044467926, 4.25972044467926, 4.25972044467926]","[90.00781059265137, 90.00536441802979, 89.9914813041687]",4.25972044467926,True,True,2.12986022233963,True,,
cmr_4a5c152b3097a6a24d795307161ad7b6,0.6399999856948853,0.8999999761581421,7,conditional_resample,,,1808680854118717823,cmr_73f22aec01a97ad9b4ceec552fb7fb0a,0.9503269195556641,-0.3167228698730469,0.31605416536331177,11.355268478393555,0.0,True,"[""Y"", ""Zr"", ""N"", ""O"", ""F""]",OFN,F:1|N:1|O:1|Y:1|Zr:1,True,False,True,False,"[4.092821180820465, 4.092821180820465, 4.092821180820465]","[90.02804517745972, 89.99640047550201, 90.00168442726135]",4.092821180820465,True,True,2.0464105904102325,True,,
cmr_4a5c152b3097a6a24d795307161ad7b6,0.6399999856948853,0.8999999761581421,7,unconditional_diffusion,0.0,3013480311347496416,1808680854118717823,,76.28691864013672,-32.92121124267578,26.65721321105957,1114.7867431640625,75.98438262939453,True,"[""Mn"", ""W"", ""O"", ""O"", ""O""]",O3,Mn:1|O:3|W:1,True,False,True,True,"[310.32665252685547, 303.6558723449707, 310.32312393188477]","[15.38583755493164, 75.98708868026733, 102.58394837379456]",308.1018829345703,True,True,154.05094146728516,True,,
