source_family,policy,anion_setting,latent_arm,full_composition,accepted_attempts
nitride,MF_P1,DECLARED_DOMAIN,fixed_real,Cr:1|Cs:1|N:3,273
nitride,MF_P1,DECLARED_DOMAIN,fixed_real,Cr:1|N:3|Rb:1,1
nitride,MF_P1,DECLARED_DOMAIN,fixed_real,Cs:1|Fe:1|N:3,2
nitride,MF_P1,DECLARED_DOMAIN,fixed_real,Cs:1|N:3|Zr:1,12
nitride,MF_P1,DECLARED_DOMAIN,joint,Ba:1|Cr:1|N:3,18
nitride,MF_P1,DECLARED_DOMAIN,joint,Ba:1|Fe:1|N:3,1
nitride,MF_P1,DECLARED_DOMAIN,joint,Ba:1|Hf:1|N:3,22
nitride,MF_P1,DECLARED_DOMAIN,joint,Ba:1|Mn:1|N:3,44
nitride,MF_P1,DECLARED_DOMAIN,joint,Ba:1|Mo:1|N:3,3
nitride,MF_P1,DECLARED_DOMAIN,joint,Ba:1|N:3|Nb:1,30
nitride,MF_P1,DECLARED_DOMAIN,joint,Ba:1|N:3|Ni:1,5
nitride,MF_P1,DECLARED_DOMAIN,joint,Ba:1|N:3|Ta:1,24
nitride,MF_P1,DECLARED_DOMAIN,joint,Ba:1|N:3|Ti:1,14
nitride,MF_P1,DECLARED_DOMAIN,joint,Ba:1|N:3|Zr:1,24
nitride,MF_P1,DECLARED_DOMAIN,joint,Ca:1|N:3|Ta:1,8
nitride,MF_P1,DECLARED_DOMAIN,joint,Ca:1|N:3|W:1,28
nitride,MF_P1,DECLARED_DOMAIN,joint,Cr:1|N:3|Sr:1,3
nitride,MF_P1,DECLARED_DOMAIN,joint,Mn:1|N:3|Sr:1,1
nitride,MF_P1,DECLARED_DOMAIN,joint,N:3|Nb:1|Sr:1,25
nitride,MF_P1,DECLARED_DOMAIN,joint,N:3|Sr:1|Ta:1,38
nitride,MF_P1,DECLARED_DOMAIN,property,Ba:1|Co:1|N:3,2
nitride,MF_P1,DECLARED_DOMAIN,property,Ba:1|Cr:1|N:3,2
nitride,MF_P1,DECLARED_DOMAIN,property,Ba:1|Fe:1|N:3,4
nitride,MF_P1,DECLARED_DOMAIN,property,Ba:1|Hf:1|N:3,2
nitride,MF_P1,DECLARED_DOMAIN,property,Ba:1|Mn:1|N:3,1
nitride,MF_P1,DECLARED_DOMAIN,property,Ba:1|Mo:1|N:3,2
nitride,MF_P1,DECLARED_DOMAIN,property,Ba:1|N:3|Nb:1,4
nitride,MF_P1,DECLARED_DOMAIN,property,Ba:1|N:3|Ni:1,3
nitride,MF_P1,DECLARED_DOMAIN,property,Ba:1|N:3|Ta:1,4
nitride,MF_P1,DECLARED_DOMAIN,property,Ba:1|N:3|Ti:1,3
nitride,MF_P1,DECLARED_DOMAIN,property,Ba:1|N:3|W:1,7
nitride,MF_P1,DECLARED_DOMAIN,property,Ba:1|N:3|Zr:1,1
nitride,MF_P1,DECLARED_DOMAIN,property,Ca:1|Co:1|N:3,3
nitride,MF_P1,DECLARED_DOMAIN,property,Ca:1|Cr:1|N:3,1
nitride,MF_P1,DECLARED_DOMAIN,property,Ca:1|Fe:1|N:3,1
nitride,MF_P1,DECLARED_DOMAIN,property,Ca:1|Mn:1|N:3,1
nitride,MF_P1,DECLARED_DOMAIN,property,Ca:1|Mo:1|N:3,1
nitride,MF_P1,DECLARED_DOMAIN,property,Ca:1|N:3|Nb:1,3
nitride,MF_P1,DECLARED_DOMAIN,property,Ca:1|N:3|Ni:1,3
nitride,MF_P1,DECLARED_DOMAIN,property,Ca:1|N:3|Ta:1,5
nitride,MF_P1,DECLARED_DOMAIN,property,Ca:1|N:3|W:1,2
nitride,MF_P1,DECLARED_DOMAIN,property,Ca:1|N:3|Zr:1,1
nitride,MF_P1,DECLARED_DOMAIN,property,Co:1|Cs:1|N:3,10
nitride,MF_P1,DECLARED_DOMAIN,property,Co:1|K:1|N:3,5
nitride,MF_P1,DECLARED_DOMAIN,property,Co:1|La:1|N:3,2
nitride,MF_P1,DECLARED_DOMAIN,property,Co:1|N:3|Na:1,2
nitride,MF_P1,DECLARED_DOMAIN,property,Co:1|N:3|Rb:1,4
nitride,MF_P1,DECLARED_DOMAIN,property,Co:1|N:3|Sr:1,4
nitride,MF_P1,DECLARED_DOMAIN,property,Cr:1|Cs:1|N:3,5
nitride,MF_P1,DECLARED_DOMAIN,property,Cr:1|K:1|N:3,1
nitride,MF_P1,DECLARED_DOMAIN,property,Cr:1|La:1|N:3,2
nitride,MF_P1,DECLARED_DOMAIN,property,Cr:1|N:3|Na:1,1
nitride,MF_P1,DECLARED_DOMAIN,property,Cr:1|N:3|Rb:1,2
nitride,MF_P1,DECLARED_DOMAIN,property,Cs:1|Fe:1|N:3,5
nitride,MF_P1,DECLARED_DOMAIN,property,Cs:1|Hf:1|N:3,2
nitride,MF_P1,DECLARED_DOMAIN,property,Cs:1|Mn:1|N:3,6
nitride,MF_P1,DECLARED_DOMAIN,property,Cs:1|Mo:1|N:3,4
nitride,MF_P1,DECLARED_DOMAIN,property,Cs:1|N:3|Nb:1,3
nitride,MF_P1,DECLARED_DOMAIN,property,Cs:1|N:3|Ni:1,9
nitride,MF_P1,DECLARED_DOMAIN,property,Cs:1|N:3|Ta:1,4
nitride,MF_P1,DECLARED_DOMAIN,property,Cs:1|N:3|Ti:1,1
nitride,MF_P1,DECLARED_DOMAIN,property,Cs:1|N:3|W:1,5
nitride,MF_P1,DECLARED_DOMAIN,property,Cs:1|N:3|Zr:1,3
nitride,MF_P1,DECLARED_DOMAIN,property,Fe:1|K:1|N:3,4
nitride,MF_P1,DECLARED_DOMAIN,property,Fe:1|N:3|Na:1,2
nitride,MF_P1,DECLARED_DOMAIN,property,Fe:1|N:3|Rb:1,4
nitride,MF_P1,DECLARED_DOMAIN,property,Fe:1|N:3|Sr:1,3
nitride,MF_P1,DECLARED_DOMAIN,property,Hf:1|K:1|N:3,1
nitride,MF_P1,DECLARED_DOMAIN,property,Hf:1|La:1|N:3,2
nitride,MF_P1,DECLARED_DOMAIN,property,Hf:1|N:3|Na:1,4
nitride,MF_P1,DECLARED_DOMAIN,property,Hf:1|N:3|Rb:1,1
nitride,MF_P1,DECLARED_DOMAIN,property,K:1|Mn:1|N:3,3
nitride,MF_P1,DECLARED_DOMAIN,property,K:1|Mo:1|N:3,4
nitride,MF_P1,DECLARED_DOMAIN,property,K:1|N:3|Nb:1,3
nitride,MF_P1,DECLARED_DOMAIN,property,K:1|N:3|Ni:1,6
nitride,MF_P1,DECLARED_DOMAIN,property,K:1|N:3|Ta:1,2
nitride,MF_P1,DECLARED_DOMAIN,property,K:1|N:3|Ti:1,7
nitride,MF_P1,DECLARED_DOMAIN,property,K:1|N:3|W:1,8
nitride,MF_P1,DECLARED_DOMAIN,property,K:1|N:3|Zr:1,1
nitride,MF_P1,DECLARED_DOMAIN,property,La:1|Mn:1|N:3,1
nitride,MF_P1,DECLARED_DOMAIN,property,La:1|Mo:1|N:3,5
nitride,MF_P1,DECLARED_DOMAIN,property,La:1|N:3|Nb:1,1
nitride,MF_P1,DECLARED_DOMAIN,property,La:1|N:3|Ni:1,1
nitride,MF_P1,DECLARED_DOMAIN,property,La:1|N:3|Ti:1,2
nitride,MF_P1,DECLARED_DOMAIN,property,La:1|N:3|W:1,1
nitride,MF_P1,DECLARED_DOMAIN,property,La:1|N:3|Zr:1,3
nitride,MF_P1,DECLARED_DOMAIN,property,Mn:1|N:3|Na:1,2
nitride,MF_P1,DECLARED_DOMAIN,property,Mn:1|N:3|Rb:1,1
nitride,MF_P1,DECLARED_DOMAIN,property,Mn:1|N:3|Sr:1,1
nitride,MF_P1,DECLARED_DOMAIN,property,Mo:1|N:3|Na:1,3
nitride,MF_P1,DECLARED_DOMAIN,property,Mo:1|N:3|Rb:1,4
nitride,MF_P1,DECLARED_DOMAIN,property,Mo:1|N:3|Sr:1,4
nitride,MF_P1,DECLARED_DOMAIN,property,N:3|Na:1|Nb:1,1
nitride,MF_P1,DECLARED_DOMAIN,property,N:3|Na:1|Ni:1,9
nitride,MF_P1,DECLARED_DOMAIN,property,N:3|Na:1|Ta:1,4
nitride,MF_P1,DECLARED_DOMAIN,property,N:3|Na:1|Ti:1,1
nitride,MF_P1,DECLARED_DOMAIN,property,N:3|Na:1|W:1,5
nitride,MF_P1,DECLARED_DOMAIN,property,N:3|Na:1|Zr:1,3
nitride,MF_P1,DECLARED_DOMAIN,property,N:3|Nb:1|Rb:1,2
nitride,MF_P1,DECLARED_DOMAIN,property,N:3|Nb:1|Sr:1,2
nitride,MF_P1,DECLARED_DOMAIN,property,N:3|Ni:1|Rb:1,8
nitride,MF_P1,DECLARED_DOMAIN,property,N:3|Ni:1|Sr:1,4
nitride,MF_P1,DECLARED_DOMAIN,property,N:3|Rb:1|Ti:1,7
nitride,MF_P1,DECLARED_DOMAIN,property,N:3|Rb:1|W:1,3
nitride,MF_P1,DECLARED_DOMAIN,property,N:3|Rb:1|Zr:1,3
nitride,MF_P1,DECLARED_DOMAIN,property,N:3|Sr:1|Ta:1,3
nitride,MF_P1,DECLARED_DOMAIN,property,N:3|Sr:1|Ti:1,6
nitride,MF_P1,DECLARED_DOMAIN,property,N:3|Sr:1|W:1,3
nitride,MF_P1,DECLARED_DOMAIN,property,N:3|Sr:1|Zr:1,4
nitride,MF_P2,DECLARED_DOMAIN,fixed_real,Cr:1|Cs:1|N:3,273
nitride,MF_P2,DECLARED_DOMAIN,fixed_real,Cr:1|N:3|Rb:1,1
nitride,MF_P2,DECLARED_DOMAIN,fixed_real,Cs:1|Fe:1|N:3,2
nitride,MF_P2,DECLARED_DOMAIN,fixed_real,Cs:1|N:3|Zr:1,12
nitride,MF_P2,DECLARED_DOMAIN,joint,Ba:1|Cr:1|N:3,18
nitride,MF_P2,DECLARED_DOMAIN,joint,Ba:1|Fe:1|N:3,1
nitride,MF_P2,DECLARED_DOMAIN,joint,Ba:1|Hf:1|N:3,22
nitride,MF_P2,DECLARED_DOMAIN,joint,Ba:1|Mn:1|N:3,44
nitride,MF_P2,DECLARED_DOMAIN,joint,Ba:1|Mo:1|N:3,3
nitride,MF_P2,DECLARED_DOMAIN,joint,Ba:1|N:3|Nb:1,30
nitride,MF_P2,DECLARED_DOMAIN,joint,Ba:1|N:3|Ni:1,5
nitride,MF_P2,DECLARED_DOMAIN,joint,Ba:1|N:3|Ta:1,24
nitride,MF_P2,DECLARED_DOMAIN,joint,Ba:1|N:3|Ti:1,14
nitride,MF_P2,DECLARED_DOMAIN,joint,Ba:1|N:3|Zr:1,24
nitride,MF_P2,DECLARED_DOMAIN,joint,Ca:1|N:3|Ta:1,8
nitride,MF_P2,DECLARED_DOMAIN,joint,Ca:1|N:3|W:1,28
nitride,MF_P2,DECLARED_DOMAIN,joint,Cr:1|N:3|Sr:1,3
nitride,MF_P2,DECLARED_DOMAIN,joint,Mn:1|N:3|Sr:1,1
nitride,MF_P2,DECLARED_DOMAIN,joint,N:3|Nb:1|Sr:1,25
nitride,MF_P2,DECLARED_DOMAIN,joint,N:3|Sr:1|Ta:1,38
nitride,MF_P2,DECLARED_DOMAIN,property,Ba:1|Co:1|N:3,2
nitride,MF_P2,DECLARED_DOMAIN,property,Ba:1|Cr:1|N:3,2
nitride,MF_P2,DECLARED_DOMAIN,property,Ba:1|Fe:1|N:3,4
nitride,MF_P2,DECLARED_DOMAIN,property,Ba:1|Hf:1|N:3,2
nitride,MF_P2,DECLARED_DOMAIN,property,Ba:1|Mn:1|N:3,1
nitride,MF_P2,DECLARED_DOMAIN,property,Ba:1|Mo:1|N:3,2
nitride,MF_P2,DECLARED_DOMAIN,property,Ba:1|N:3|Nb:1,4
nitride,MF_P2,DECLARED_DOMAIN,property,Ba:1|N:3|Ni:1,3
nitride,MF_P2,DECLARED_DOMAIN,property,Ba:1|N:3|Ta:1,4
nitride,MF_P2,DECLARED_DOMAIN,property,Ba:1|N:3|Ti:1,3
nitride,MF_P2,DECLARED_DOMAIN,property,Ba:1|N:3|W:1,7
nitride,MF_P2,DECLARED_DOMAIN,property,Ba:1|N:3|Zr:1,1
nitride,MF_P2,DECLARED_DOMAIN,property,Ca:1|Co:1|N:3,3
nitride,MF_P2,DECLARED_DOMAIN,property,Ca:1|Cr:1|N:3,1
nitride,MF_P2,DECLARED_DOMAIN,property,Ca:1|Fe:1|N:3,1
nitride,MF_P2,DECLARED_DOMAIN,property,Ca:1|Mn:1|N:3,1
nitride,MF_P2,DECLARED_DOMAIN,property,Ca:1|Mo:1|N:3,1
nitride,MF_P2,DECLARED_DOMAIN,property,Ca:1|N:3|Nb:1,3
nitride,MF_P2,DECLARED_DOMAIN,property,Ca:1|N:3|Ni:1,3
nitride,MF_P2,DECLARED_DOMAIN,property,Ca:1|N:3|Ta:1,5
nitride,MF_P2,DECLARED_DOMAIN,property,Ca:1|N:3|W:1,2
nitride,MF_P2,DECLARED_DOMAIN,property,Ca:1|N:3|Zr:1,1
nitride,MF_P2,DECLARED_DOMAIN,property,Co:1|Cs:1|N:3,10
nitride,MF_P2,DECLARED_DOMAIN,property,Co:1|K:1|N:3,5
nitride,MF_P2,DECLARED_DOMAIN,property,Co:1|La:1|N:3,2
nitride,MF_P2,DECLARED_DOMAIN,property,Co:1|N:3|Na:1,2
nitride,MF_P2,DECLARED_DOMAIN,property,Co:1|N:3|Rb:1,4
nitride,MF_P2,DECLARED_DOMAIN,property,Co:1|N:3|Sr:1,4
nitride,MF_P2,DECLARED_DOMAIN,property,Cr:1|Cs:1|N:3,5
nitride,MF_P2,DECLARED_DOMAIN,property,Cr:1|K:1|N:3,1
nitride,MF_P2,DECLARED_DOMAIN,property,Cr:1|La:1|N:3,2
nitride,MF_P2,DECLARED_DOMAIN,property,Cr:1|N:3|Na:1,1
nitride,MF_P2,DECLARED_DOMAIN,property,Cr:1|N:3|Rb:1,2
nitride,MF_P2,DECLARED_DOMAIN,property,Cs:1|Fe:1|N:3,5
nitride,MF_P2,DECLARED_DOMAIN,property,Cs:1|Hf:1|N:3,2
nitride,MF_P2,DECLARED_DOMAIN,property,Cs:1|Mn:1|N:3,6
nitride,MF_P2,DECLARED_DOMAIN,property,Cs:1|Mo:1|N:3,4
nitride,MF_P2,DECLARED_DOMAIN,property,Cs:1|N:3|Nb:1,3
nitride,MF_P2,DECLARED_DOMAIN,property,Cs:1|N:3|Ni:1,9
nitride,MF_P2,DECLARED_DOMAIN,property,Cs:1|N:3|Ta:1,4
nitride,MF_P2,DECLARED_DOMAIN,property,Cs:1|N:3|Ti:1,1
nitride,MF_P2,DECLARED_DOMAIN,property,Cs:1|N:3|W:1,5
nitride,MF_P2,DECLARED_DOMAIN,property,Cs:1|N:3|Zr:1,3
nitride,MF_P2,DECLARED_DOMAIN,property,Fe:1|K:1|N:3,4
nitride,MF_P2,DECLARED_DOMAIN,property,Fe:1|N:3|Na:1,2
nitride,MF_P2,DECLARED_DOMAIN,property,Fe:1|N:3|Rb:1,4
nitride,MF_P2,DECLARED_DOMAIN,property,Fe:1|N:3|Sr:1,3
nitride,MF_P2,DECLARED_DOMAIN,property,Hf:1|K:1|N:3,1
nitride,MF_P2,DECLARED_DOMAIN,property,Hf:1|La:1|N:3,2
nitride,MF_P2,DECLARED_DOMAIN,property,Hf:1|N:3|Na:1,4
nitride,MF_P2,DECLARED_DOMAIN,property,Hf:1|N:3|Rb:1,1
nitride,MF_P2,DECLARED_DOMAIN,property,K:1|Mn:1|N:3,3
nitride,MF_P2,DECLARED_DOMAIN,property,K:1|Mo:1|N:3,4
nitride,MF_P2,DECLARED_DOMAIN,property,K:1|N:3|Nb:1,3
nitride,MF_P2,DECLARED_DOMAIN,property,K:1|N:3|Ni:1,6
nitride,MF_P2,DECLARED_DOMAIN,property,K:1|N:3|Ta:1,2
nitride,MF_P2,DECLARED_DOMAIN,property,K:1|N:3|Ti:1,7
nitride,MF_P2,DECLARED_DOMAIN,property,K:1|N:3|W:1,8
nitride,MF_P2,DECLARED_DOMAIN,property,K:1|N:3|Zr:1,1
nitride,MF_P2,DECLARED_DOMAIN,property,La:1|Mn:1|N:3,1
nitride,MF_P2,DECLARED_DOMAIN,property,La:1|Mo:1|N:3,5
nitride,MF_P2,DECLARED_DOMAIN,property,La:1|N:3|Nb:1,1
nitride,MF_P2,DECLARED_DOMAIN,property,La:1|N:3|Ni:1,1
nitride,MF_P2,DECLARED_DOMAIN,property,La:1|N:3|Ti:1,2
nitride,MF_P2,DECLARED_DOMAIN,property,La:1|N:3|W:1,1
nitride,MF_P2,DECLARED_DOMAIN,property,La:1|N:3|Zr:1,3
nitride,MF_P2,DECLARED_DOMAIN,property,Mn:1|N:3|Na:1,2
nitride,MF_P2,DECLARED_DOMAIN,property,Mn:1|N:3|Rb:1,1
nitride,MF_P2,DECLARED_DOMAIN,property,Mn:1|N:3|Sr:1,1
nitride,MF_P2,DECLARED_DOMAIN,property,Mo:1|N:3|Na:1,3
nitride,MF_P2,DECLARED_DOMAIN,property,Mo:1|N:3|Rb:1,4
nitride,MF_P2,DECLARED_DOMAIN,property,Mo:1|N:3|Sr:1,4
nitride,MF_P2,DECLARED_DOMAIN,property,N:3|Na:1|Nb:1,1
nitride,MF_P2,DECLARED_DOMAIN,property,N:3|Na:1|Ni:1,9
nitride,MF_P2,DECLARED_DOMAIN,property,N:3|Na:1|Ta:1,4
nitride,MF_P2,DECLARED_DOMAIN,property,N:3|Na:1|Ti:1,1
nitride,MF_P2,DECLARED_DOMAIN,property,N:3|Na:1|W:1,5
nitride,MF_P2,DECLARED_DOMAIN,property,N:3|Na:1|Zr:1,3
nitride,MF_P2,DECLARED_DOMAIN,property,N:3|Nb:1|Rb:1,2
nitride,MF_P2,DECLARED_DOMAIN,property,N:3|Nb:1|Sr:1,2
nitride,MF_P2,DECLARED_DOMAIN,property,N:3|Ni:1|Rb:1,8
nitride,MF_P2,DECLARED_DOMAIN,property,N:3|Ni:1|Sr:1,4
nitride,MF_P2,DECLARED_DOMAIN,property,N:3|Rb:1|Ti:1,7
nitride,MF_P2,DECLARED_DOMAIN,property,N:3|Rb:1|W:1,3
nitride,MF_P2,DECLARED_DOMAIN,property,N:3|Rb:1|Zr:1,3
nitride,MF_P2,DECLARED_DOMAIN,property,N:3|Sr:1|Ta:1,3
nitride,MF_P2,DECLARED_DOMAIN,property,N:3|Sr:1|Ti:1,6
nitride,MF_P2,DECLARED_DOMAIN,property,N:3|Sr:1|W:1,3
nitride,MF_P2,DECLARED_DOMAIN,property,N:3|Sr:1|Zr:1,4
nitride,MF_P3,DECLARED_DOMAIN,fixed_real,Cr:1|Cs:1|N:3,273
nitride,MF_P3,DECLARED_DOMAIN,fixed_real,Cr:1|N:3|Rb:1,6
nitride,MF_P3,DECLARED_DOMAIN,fixed_real,Cr:1|N:3|Ta:1,1
nitride,MF_P3,DECLARED_DOMAIN,fixed_real,Cs:1|Fe:1|N:3,1
nitride,MF_P3,DECLARED_DOMAIN,fixed_real,Cs:1|N:3|Zr:1,7
nitride,MF_P3,DECLARED_DOMAIN,joint,Ag:1|N:3|W:1,1
nitride,MF_P3,DECLARED_DOMAIN,joint,Al:1|Hf:1|N:3,2
nitride,MF_P3,DECLARED_DOMAIN,joint,Al:1|N:3|Nb:1,1
nitride,MF_P3,DECLARED_DOMAIN,joint,Al:1|N:3|Ta:1,28
nitride,MF_P3,DECLARED_DOMAIN,joint,Ba:1|Ca:1|N:3,12
nitride,MF_P3,DECLARED_DOMAIN,joint,Ba:1|Cd:1|N:3,1
nitride,MF_P3,DECLARED_DOMAIN,joint,Ba:1|La:1|N:3,55
nitride,MF_P3,DECLARED_DOMAIN,joint,Ba:1|N:3|Pb:1,1
nitride,MF_P3,DECLARED_DOMAIN,joint,Ba:1|N:3|Tl:1,2
nitride,MF_P3,DECLARED_DOMAIN,joint,Be:1|N:3|Ta:1,1
nitride,MF_P3,DECLARED_DOMAIN,joint,Bi:1|Mo:1|N:3,4
nitride,MF_P3,DECLARED_DOMAIN,joint,Bi:1|N:3|Nb:1,12
nitride,MF_P3,DECLARED_DOMAIN,joint,Bi:1|N:3|Ta:1,10
nitride,MF_P3,DECLARED_DOMAIN,joint,Bi:1|N:3|W:1,26
nitride,MF_P3,DECLARED_DOMAIN,joint,Ca:1|N:3|Sr:1,1
nitride,MF_P3,DECLARED_DOMAIN,joint,Cr:1|N:3|Ta:1,9
nitride,MF_P3,DECLARED_DOMAIN,joint,Hf:1|N:3|Nb:1,34
nitride,MF_P3,DECLARED_DOMAIN,joint,Hf:1|N:3|Ta:1,1
nitride,MF_P3,DECLARED_DOMAIN,joint,Mn:1|N:3|Ta:1,16
nitride,MF_P3,DECLARED_DOMAIN,joint,Mo:1|N:3|Te:1,1
nitride,MF_P3,DECLARED_DOMAIN,joint,N:3|Nb:1|Sb:1,3
nitride,MF_P3,DECLARED_DOMAIN,joint,N:3|Nb:1|Ta:1,8
nitride,MF_P3,DECLARED_DOMAIN,joint,N:3|Nb:1|Te:1,15
nitride,MF_P3,DECLARED_DOMAIN,joint,N:3|Nb:2,2
nitride,MF_P3,DECLARED_DOMAIN,joint,N:3|Si:1|Ta:1,5
nitride,MF_P3,DECLARED_DOMAIN,joint,N:3|Ta:1|Ti:1,2
nitride,MF_P3,DECLARED_DOMAIN,joint,N:3|Ta:1|Zr:1,35
nitride,MF_P3,DECLARED_DOMAIN,property,Ag:1|Bi:1|N:3,2
nitride,MF_P3,DECLARED_DOMAIN,property,Ag:1|Hf:1|N:3,1
nitride,MF_P3,DECLARED_DOMAIN,property,Ag:1|Mo:1|N:3,1
nitride,MF_P3,DECLARED_DOMAIN,property,Ag:1|N:3|Ni:1,1
nitride,MF_P3,DECLARED_DOMAIN,property,Ag:1|N:3|Ru:1,2
nitride,MF_P3,DECLARED_DOMAIN,property,Ag:1|N:3|Si:1,1
nitride,MF_P3,DECLARED_DOMAIN,property,Ag:1|N:3|Te:1,2
nitride,MF_P3,DECLARED_DOMAIN,property,Al:1|As:1|N:3,1
nitride,MF_P3,DECLARED_DOMAIN,property,Al:1|B:1|N:3,1
nitride,MF_P3,DECLARED_DOMAIN,property,Al:1|Ir:1|N:3,1
nitride,MF_P3,DECLARED_DOMAIN,property,Al:1|K:1|N:3,1
nitride,MF_P3,DECLARED_DOMAIN,property,Al:1|Mg:1|N:3,2
nitride,MF_P3,DECLARED_DOMAIN,property,Al:1|N:3|Na:1,1
nitride,MF_P3,DECLARED_DOMAIN,property,Al:1|N:3|Rb:1,1
nitride,MF_P3,DECLARED_DOMAIN,property,Al:1|N:3|Re:1,1
nitride,MF_P3,DECLARED_DOMAIN,property,Al:1|N:3|Sb:1,1
nitride,MF_P3,DECLARED_DOMAIN,property,Al:1|N:3|Si:1,1
nitride,MF_P3,DECLARED_DOMAIN,property,Al:1|N:3|Sn:1,1
nitride,MF_P3,DECLARED_DOMAIN,property,Al:1|N:3|Sr:1,2
nitride,MF_P3,DECLARED_DOMAIN,property,Al:1|N:3|Ta:1,1
nitride,MF_P3,DECLARED_DOMAIN,property,Al:1|N:3|Ti:1,1
nitride,MF_P3,DECLARED_DOMAIN,property,Al:1|N:3|Zn:1,1
nitride,MF_P3,DECLARED_DOMAIN,property,As:1|Ca:1|N:3,1
nitride,MF_P3,DECLARED_DOMAIN,property,As:1|Co:1|N:3,1
nitride,MF_P3,DECLARED_DOMAIN,property,As:1|K:1|N:3,1
nitride,MF_P3,DECLARED_DOMAIN,property,As:1|Mn:1|N:3,1
nitride,MF_P3,DECLARED_DOMAIN,property,As:1|N:3|Ni:1,1
nitride,MF_P3,DECLARED_DOMAIN,property,As:1|N:3|Ru:1,1
nitride,MF_P3,DECLARED_DOMAIN,property,As:1|N:3|Si:1,1
nitride,MF_P3,DECLARED_DOMAIN,property,B:1|Be:1|N:3,1
nitride,MF_P3,DECLARED_DOMAIN,property,B:1|N:3|Si:1,1
nitride,MF_P3,DECLARED_DOMAIN,property,B:1|N:3|Ti:1,1
nitride,MF_P3,DECLARED_DOMAIN,property,Ba:1|Bi:1|N:3,1
nitride,MF_P3,DECLARED_DOMAIN,property,Ba:1|Cr:1|N:3,1
nitride,MF_P3,DECLARED_DOMAIN,property,Ba:1|Cu:1|N:3,1
nitride,MF_P3,DECLARED_DOMAIN,property,Ba:1|Fe:1|N:3,1
nitride,MF_P3,DECLARED_DOMAIN,property,Ba:1|Ga:1|N:3,1
nitride,MF_P3,DECLARED_DOMAIN,property,Ba:1|Ge:1|N:3,4
nitride,MF_P3,DECLARED_DOMAIN,property,Ba:1|In:1|N:3,1
nitride,MF_P3,DECLARED_DOMAIN,property,Ba:1|La:1|N:3,1
nitride,MF_P3,DECLARED_DOMAIN,property,Ba:1|N:3|Nb:1,1
nitride,MF_P3,DECLARED_DOMAIN,property,Ba:1|N:3|Re:1,2
nitride,MF_P3,DECLARED_DOMAIN,property,Ba:1|N:3|Ru:1,1
nitride,MF_P3,DECLARED_DOMAIN,property,Ba:1|N:3|Sb:1,1
nitride,MF_P3,DECLARED_DOMAIN,property,Ba:1|N:3|Si:1,1
nitride,MF_P3,DECLARED_DOMAIN,property,Ba:1|N:3|Sn:1,3
nitride,MF_P3,DECLARED_DOMAIN,property,Ba:1|N:3|Ta:1,2
nitride,MF_P3,DECLARED_DOMAIN,property,Ba:1|N:3|Zr:1,1
nitride,MF_P3,DECLARED_DOMAIN,property,Be:1|Ca:1|N:3,1
nitride,MF_P3,DECLARED_DOMAIN,property,Be:1|Mg:1|N:3,1
nitride,MF_P3,DECLARED_DOMAIN,property,Be:1|N:3|Ni:1,1
nitride,MF_P3,DECLARED_DOMAIN,property,Be:1|N:3|Ru:1,1
nitride,MF_P3,DECLARED_DOMAIN,property,Bi:1|Mg:1|N:3,1
nitride,MF_P3,DECLARED_DOMAIN,property,Bi:1|Mn:1|N:3,1
nitride,MF_P3,DECLARED_DOMAIN,property,Bi:1|N:3|Nb:1,1
nitride,MF_P3,DECLARED_DOMAIN,property,Bi:1|N:3|Re:1,1
nitride,MF_P3,DECLARED_DOMAIN,property,Bi:1|N:3|W:1,1
nitride,MF_P3,DECLARED_DOMAIN,property,Bi:1|N:3|Y:1,1
nitride,MF_P3,DECLARED_DOMAIN,property,Ca:1|Fe:1|N:3,2
nitride,MF_P3,DECLARED_DOMAIN,property,Ca:1|Ga:1|N:3,1
nitride,MF_P3,DECLARED_DOMAIN,property,Ca:1|Hf:1|N:3,1
nitride,MF_P3,DECLARED_DOMAIN,property,Ca:1|In:1|N:3,1
nitride,MF_P3,DECLARED_DOMAIN,property,Ca:1|N:3|Re:1,4
nitride,MF_P3,DECLARED_DOMAIN,property,Ca:1|N:3|Rh:1,1
nitride,MF_P3,DECLARED_DOMAIN,property,Ca:1|N:3|Sc:1,1
nitride,MF_P3,DECLARED_DOMAIN,property,Ca:1|N:3|Sn:1,1
nitride,MF_P3,DECLARED_DOMAIN,property,Ca:1|N:3|Te:1,1
nitride,MF_P3,DECLARED_DOMAIN,property,Ca:1|N:3|W:1,1
nitride,MF_P3,DECLARED_DOMAIN,property,Ca:1|N:3|Y:1,1
nitride,MF_P3,DECLARED_DOMAIN,property,Ca:1|N:3|Zn:1,1
nitride,MF_P3,DECLARED_DOMAIN,property,Cd:1|Ga:1|N:3,1
nitride,MF_P3,DECLARED_DOMAIN,property,Cd:1|N:3|Na:1,1
nitride,MF_P3,DECLARED_DOMAIN,property,Cd:1|N:3|Ni:1,1
nitride,MF_P3,DECLARED_DOMAIN,property,Cd:1|N:3|Pt:1,1
nitride,MF_P3,DECLARED_DOMAIN,property,Cd:1|N:3|Ru:1,1
nitride,MF_P3,DECLARED_DOMAIN,property,Cd:1|N:3|W:1,1
nitride,MF_P3,DECLARED_DOMAIN,property,Co:1|Hg:1|N:3,1
nitride,MF_P3,DECLARED_DOMAIN,property,Co:1|Li:1|N:3,1
nitride,MF_P3,DECLARED_DOMAIN,property,Co:1|Mg:1|N:3,1
nitride,MF_P3,DECLARED_DOMAIN,property,Co:1|N:3|Te:1,2
nitride,MF_P3,DECLARED_DOMAIN,property,Cr:1|Li:1|N:3,1
nitride,MF_P3,DECLARED_DOMAIN,property,Cr:1|N:3|Os:1,1
nitride,MF_P3,DECLARED_DOMAIN,property,Cr:1|N:3|Ru:1,1
nitride,MF_P3,DECLARED_DOMAIN,property,Cr:1|N:3|Sn:1,1
nitride,MF_P3,DECLARED_DOMAIN,property,Cr:1|N:3|Te:1,2
nitride,MF_P3,DECLARED_DOMAIN,property,Cr:1|N:3|Zr:1,1
nitride,MF_P3,DECLARED_DOMAIN,property,Cs:1|Ga:1|N:3,1
nitride,MF_P3,DECLARED_DOMAIN,property,Cs:1|Ge:1|N:3,1
nitride,MF_P3,DECLARED_DOMAIN,property,Cs:1|Ir:1|N:3,2
nitride,MF_P3,DECLARED_DOMAIN,property,Cs:1|Mn:1|N:3,1
nitride,MF_P3,DECLARED_DOMAIN,property,Cs:1|N:3|Tl:1,1
nitride,MF_P3,DECLARED_DOMAIN,property,Cu:1|Hf:1|N:3,1
nitride,MF_P3,DECLARED_DOMAIN,property,Cu:1|Hg:1|N:3,1
nitride,MF_P3,DECLARED_DOMAIN,property,Cu:1|Ir:1|N:3,1
nitride,MF_P3,DECLARED_DOMAIN,property,Cu:1|Li:1|N:3,1
nitride,MF_P3,DECLARED_DOMAIN,property,Cu:1|Mg:1|N:3,1
nitride,MF_P3,DECLARED_DOMAIN,property,Cu:1|Mo:1|N:3,1
nitride,MF_P3,DECLARED_DOMAIN,property,Cu:1|N:3|Ni:1,1
nitride,MF_P3,DECLARED_DOMAIN,property,Cu:1|N:3|Rh:1,2
nitride,MF_P3,DECLARED_DOMAIN,property,Cu:1|N:3|V:1,1
nitride,MF_P3,DECLARED_DOMAIN,property,Fe:1|Hf:1|N:3,2
nitride,MF_P3,DECLARED_DOMAIN,property,Fe:1|Hg:1|N:3,1
nitride,MF_P3,DECLARED_DOMAIN,property,Fe:1|K:1|N:3,1
nitride,MF_P3,DECLARED_DOMAIN,property,Fe:1|Mo:1|N:3,1
nitride,MF_P3,DECLARED_DOMAIN,property,Fe:1|N:3|Na:1,2
nitride,MF_P3,DECLARED_DOMAIN,property,Fe:1|N:3|Nb:1,1
nitride,MF_P3,DECLARED_DOMAIN,property,Fe:1|N:3|Rb:1,2
nitride,MF_P3,DECLARED_DOMAIN,property,Fe:1|N:3|Sr:1,1
nitride,MF_P3,DECLARED_DOMAIN,property,Fe:1|N:3|Tl:1,1
nitride,MF_P3,DECLARED_DOMAIN,property,Fe:1|N:3|Zr:1,1
nitride,MF_P3,DECLARED_DOMAIN,property,Ga:1|Ge:1|N:3,1
nitride,MF_P3,DECLARED_DOMAIN,property,Ga:1|Hg:1|N:3,1
nitride,MF_P3,DECLARED_DOMAIN,property,Ga:1|In:1|N:3,1
nitride,MF_P3,DECLARED_DOMAIN,property,Ga:1|Mg:1|N:3,1
nitride,MF_P3,DECLARED_DOMAIN,property,Ga:1|N:3|Sc:1,1
nitride,MF_P3,DECLARED_DOMAIN,property,Ga:1|N:3|Sr:1,1
nitride,MF_P3,DECLARED_DOMAIN,property,Ga:1|N:3|Ta:1,1
nitride,MF_P3,DECLARED_DOMAIN,property,Ga:1|N:3|V:1,2
nitride,MF_P3,DECLARED_DOMAIN,property,Ga:1|N:3|Zr:1,1
nitride,MF_P3,DECLARED_DOMAIN,property,Ge:1|In:1|N:3,1
nitride,MF_P3,DECLARED_DOMAIN,property,Ge:1|La:1|N:3,2
nitride,MF_P3,DECLARED_DOMAIN,property,Ge:1|Li:1|N:3,1
nitride,MF_P3,DECLARED_DOMAIN,property,Ge:1|Mn:1|N:3,1
nitride,MF_P3,DECLARED_DOMAIN,property,Ge:1|N:3|Rb:1,2
nitride,MF_P3,DECLARED_DOMAIN,property,Ge:1|N:3|Sb:1,1
nitride,MF_P3,DECLARED_DOMAIN,property,Ge:1|N:3|Sc:1,1
nitride,MF_P3,DECLARED_DOMAIN,property,Ge:1|N:3|Si:1,1
nitride,MF_P3,DECLARED_DOMAIN,property,Ge:1|N:3|Sn:1,1
nitride,MF_P3,DECLARED_DOMAIN,property,Ge:1|N:3|Tl:1,1
nitride,MF_P3,DECLARED_DOMAIN,property,Ge:1|N:3|Zn:1,1
nitride,MF_P3,DECLARED_DOMAIN,property,Hf:1|K:1|N:3,1
nitride,MF_P3,DECLARED_DOMAIN,property,Hf:1|Mo:1|N:3,1
nitride,MF_P3,DECLARED_DOMAIN,property,Hf:1|N:3|Rb:1,1
nitride,MF_P3,DECLARED_DOMAIN,property,Hf:1|N:3|Re:1,1
nitride,MF_P3,DECLARED_DOMAIN,property,Hf:1|N:3|W:1,1
nitride,MF_P3,DECLARED_DOMAIN,property,Hg:1|In:1|N:3,1
nitride,MF_P3,DECLARED_DOMAIN,property,Hg:1|Mo:1|N:3,1
nitride,MF_P3,DECLARED_DOMAIN,property,Hg:1|N:3|Ni:1,1
nitride,MF_P3,DECLARED_DOMAIN,property,Hg:1|N:3|Sc:1,1
nitride,MF_P3,DECLARED_DOMAIN,property,Hg:1|N:3|Si:1,1
nitride,MF_P3,DECLARED_DOMAIN,property,Hg:1|N:3|Ta:1,1
nitride,MF_P3,DECLARED_DOMAIN,property,In:1|K:1|N:3,1
nitride,MF_P3,DECLARED_DOMAIN,property,In:1|Mg:1|N:3,1
nitride,MF_P3,DECLARED_DOMAIN,property,In:1|N:3|Na:1,1
nitride,MF_P3,DECLARED_DOMAIN,property,In:1|N:3|Re:1,1
nitride,MF_P3,DECLARED_DOMAIN,property,In:1|N:3|Sb:1,1
nitride,MF_P3,DECLARED_DOMAIN,property,In:1|N:3|Sc:1,1
nitride,MF_P3,DECLARED_DOMAIN,property,In:1|N:3|Sn:1,3
nitride,MF_P3,DECLARED_DOMAIN,property,In:1|N:3|Ta:1,1
nitride,MF_P3,DECLARED_DOMAIN,property,Ir:1|Li:1|N:3,1
nitride,MF_P3,DECLARED_DOMAIN,property,Ir:1|N:3|Pd:1,1
nitride,MF_P3,DECLARED_DOMAIN,property,Ir:1|N:3|Rb:1,1
nitride,MF_P3,DECLARED_DOMAIN,property,Ir:1|N:3|Sb:1,1
nitride,MF_P3,DECLARED_DOMAIN,property,Ir:1|N:3|Te:1,1
nitride,MF_P3,DECLARED_DOMAIN,property,Ir:1|N:3|Tl:1,1
nitride,MF_P3,DECLARED_DOMAIN,property,Ir:1|N:3|Zn:1,1
nitride,MF_P3,DECLARED_DOMAIN,property,K:1|Mg:1|N:3,1
nitride,MF_P3,DECLARED_DOMAIN,property,K:1|N:3|Os:1,2
nitride,MF_P3,DECLARED_DOMAIN,property,K:1|N:3|Sb:1,1
nitride,MF_P3,DECLARED_DOMAIN,property,K:1|N:3|Sn:1,2
nitride,MF_P3,DECLARED_DOMAIN,property,K:1|N:3|Te:1,1
nitride,MF_P3,DECLARED_DOMAIN,property,K:1|N:3|V:1,1
nitride,MF_P3,DECLARED_DOMAIN,property,La:1|Mn:1|N:3,2
nitride,MF_P3,DECLARED_DOMAIN,property,La:1|Mo:1|N:3,1
nitride,MF_P3,DECLARED_DOMAIN,property,La:1|N:3|Pb:1,1
nitride,MF_P3,DECLARED_DOMAIN,property,La:1|N:3|Ru:1,1
nitride,MF_P3,DECLARED_DOMAIN,property,La:1|N:3|Sb:1,1
nitride,MF_P3,DECLARED_DOMAIN,property,La:1|N:3|Si:1,1
nitride,MF_P3,DECLARED_DOMAIN,property,La:1|N:3|Sn:1,1
nitride,MF_P3,DECLARED_DOMAIN,property,La:1|N:3|Ta:1,1
nitride,MF_P3,DECLARED_DOMAIN,property,La:1|N:3|Ti:1,1
nitride,MF_P3,DECLARED_DOMAIN,property,La:1|N:3|Tl:1,1
nitride,MF_P3,DECLARED_DOMAIN,property,Li:1|N:3|Os:1,1
nitride,MF_P3,DECLARED_DOMAIN,property,Li:1|N:3|Re:1,1
nitride,MF_P3,DECLARED_DOMAIN,property,Li:1|N:3|Ru:1,1
nitride,MF_P3,DECLARED_DOMAIN,property,Li:1|N:3|Sb:1,1
nitride,MF_P3,DECLARED_DOMAIN,property,Li:1|N:3|Si:1,2
nitride,MF_P3,DECLARED_DOMAIN,property,Li:1|N:3|Te:1,1
nitride,MF_P3,DECLARED_DOMAIN,property,Li:2|N:3,1
nitride,MF_P3,DECLARED_DOMAIN,property,Mg:1|Mo:1|N:3,1
nitride,MF_P3,DECLARED_DOMAIN,property,Mg:1|N:3|Re:1,1
nitride,MF_P3,DECLARED_DOMAIN,property,Mg:1|N:3|Ti:1,1
nitride,MF_P3,DECLARED_DOMAIN,property,Mg:1|N:3|W:1,1
nitride,MF_P3,DECLARED_DOMAIN,property,Mg:1|N:3|Zn:1,1
nitride,MF_P3,DECLARED_DOMAIN,property,Mg:1|N:3|Zr:1,1
nitride,MF_P3,DECLARED_DOMAIN,property,Mn:1|N:3|Si:1,1
nitride,MF_P3,DECLARED_DOMAIN,property,Mn:1|N:3|V:1,1
nitride,MF_P3,DECLARED_DOMAIN,property,Mo:1|N:3|Na:1,1
nitride,MF_P3,DECLARED_DOMAIN,property,Mo:1|N:3|Nb:1,1
nitride,MF_P3,DECLARED_DOMAIN,property,Mo:1|N:3|Sn:1,1
nitride,MF_P3,DECLARED_DOMAIN,property,Mo:1|N:3|V:1,1
nitride,MF_P3,DECLARED_DOMAIN,property,N:3|Na:1|Nb:1,1
nitride,MF_P3,DECLARED_DOMAIN,property,N:3|Na:1|Ru:1,1
nitride,MF_P3,DECLARED_DOMAIN,property,N:3|Na:1|Si:1,2
nitride,MF_P3,DECLARED_DOMAIN,property,N:3|Nb:1|Os:1,1
nitride,MF_P3,DECLARED_DOMAIN,property,N:3|Nb:1|Rb:1,1
nitride,MF_P3,DECLARED_DOMAIN,property,N:3|Nb:1|Sb:1,1
nitride,MF_P3,DECLARED_DOMAIN,property,N:3|Nb:1|Te:1,1
nitride,MF_P3,DECLARED_DOMAIN,property,N:3|Nb:1|Tl:1,1
nitride,MF_P3,DECLARED_DOMAIN,property,N:3|Nb:1|Zn:1,1
nitride,MF_P3,DECLARED_DOMAIN,property,N:3|Ni:1|Os:1,1
nitride,MF_P3,DECLARED_DOMAIN,property,N:3|Ni:1|Rb:1,1
nitride,MF_P3,DECLARED_DOMAIN,property,N:3|Ni:1|Ru:1,1
nitride,MF_P3,DECLARED_DOMAIN,property,N:3|Ni:1|Sc:1,1
nitride,MF_P3,DECLARED_DOMAIN,property,N:3|Ni:1|Si:1,1
nitride,MF_P3,DECLARED_DOMAIN,property,N:3|Ni:1|V:1,2
nitride,MF_P3,DECLARED_DOMAIN,property,N:3|Os:1|Pb:1,1
nitride,MF_P3,DECLARED_DOMAIN,property,N:3|Os:1|Pd:1,1
nitride,MF_P3,DECLARED_DOMAIN,property,N:3|Os:1|Ru:1,2
nitride,MF_P3,DECLARED_DOMAIN,property,N:3|Os:1|Sr:1,1
nitride,MF_P3,DECLARED_DOMAIN,property,N:3|Os:1|Ti:1,1
nitride,MF_P3,DECLARED_DOMAIN,property,N:3|Pb:1|Sb:1,1
nitride,MF_P3,DECLARED_DOMAIN,property,N:3|Pb:1|Zn:1,1
nitride,MF_P3,DECLARED_DOMAIN,property,N:3|Pd:1|Re:1,1
nitride,MF_P3,DECLARED_DOMAIN,property,N:3|Pd:1|Sc:1,1
nitride,MF_P3,DECLARED_DOMAIN,property,N:3|Pd:1|Y:1,1
nitride,MF_P3,DECLARED_DOMAIN,property,N:3|Rb:1|Sb:1,1
nitride,MF_P3,DECLARED_DOMAIN,property,N:3|Rb:1|Sn:1,1
nitride,MF_P3,DECLARED_DOMAIN,property,N:3|Rb:1|Ta:1,1
nitride,MF_P3,DECLARED_DOMAIN,property,N:3|Rb:1|Te:1,1
nitride,MF_P3,DECLARED_DOMAIN,property,N:3|Rb:1|Ti:1,1
nitride,MF_P3,DECLARED_DOMAIN,property,N:3|Rb:1|Y:1,1
nitride,MF_P3,DECLARED_DOMAIN,property,N:3|Rb:2,1
nitride,MF_P3,DECLARED_DOMAIN,property,N:3|Re:1|Sc:1,1
nitride,MF_P3,DECLARED_DOMAIN,property,N:3|Re:1|Ti:1,1
nitride,MF_P3,DECLARED_DOMAIN,property,N:3|Re:1|Y:1,1
nitride,MF_P3,DECLARED_DOMAIN,property,N:3|Re:1|Zr:1,2
nitride,MF_P3,DECLARED_DOMAIN,property,N:3|Rh:1|Sb:1,1
nitride,MF_P3,DECLARED_DOMAIN,property,N:3|Ru:1|Tl:1,1
nitride,MF_P3,DECLARED_DOMAIN,property,N:3|Ru:1|Y:1,1
nitride,MF_P3,DECLARED_DOMAIN,property,N:3|Sb:1|Tl:1,2
nitride,MF_P3,DECLARED_DOMAIN,property,N:3|Sc:1|Ta:1,1
nitride,MF_P3,DECLARED_DOMAIN,property,N:3|Sc:1|Tl:1,1
nitride,MF_P3,DECLARED_DOMAIN,property,N:3|Sc:1|Zn:1,1
nitride,MF_P3,DECLARED_DOMAIN,property,N:3|Si:1|Tl:1,1
nitride,MF_P3,DECLARED_DOMAIN,property,N:3|Si:1|Zn:1,1
nitride,MF_P3,DECLARED_DOMAIN,property,N:3|Sn:1|Tl:1,1
nitride,MF_P3,DECLARED_DOMAIN,property,N:3|Sn:1|Zr:1,2
nitride,MF_P3,DECLARED_DOMAIN,property,N:3|Sr:1|V:1,1
nitride,MF_P3,DECLARED_DOMAIN,property,N:3|Sr:1|W:1,1
nitride,MF_P3,DECLARED_DOMAIN,property,N:3|Sr:1|Zr:1,1
nitride,MF_P3,DECLARED_DOMAIN,property,N:3|Ta:1|Y:1,1
nitride,MF_P3,DECLARED_DOMAIN,property,N:3|Ta:1|Zn:1,1
nitride,MF_P3,DECLARED_DOMAIN,property,N:3|Te:1|V:1,1
nitride,MF_P3,DECLARED_DOMAIN,property,N:3|Ti:1|Tl:1,1
nitride,MF_P3,DECLARED_DOMAIN,property,N:3|Ti:1|Y:1,2
nitride,MF_P3,DECLARED_DOMAIN,property,N:3|Ti:1|Zn:1,1
nitride,MF_P3,DECLARED_DOMAIN,property,N:3|Tl:1|V:1,1
nitride,MF_P3,DECLARED_DOMAIN,property,N:3|Zn:1|Zr:1,1
nitride,MF_P3,LEARNED_ANION,fixed_real,Cr:1|Cs:1|N:3,263
nitride,MF_P3,LEARNED_ANION,fixed_real,Cr:1|N:3|Rb:1,4
nitride,MF_P3,LEARNED_ANION,fixed_real,Cs:1|Fe:1|N:3,2
nitride,MF_P3,LEARNED_ANION,fixed_real,Cs:1|N:3|V:1,1
nitride,MF_P3,LEARNED_ANION,fixed_real,Cs:1|N:3|Zr:1,18
nitride,MF_P3,LEARNED_ANION,joint,Al:1|Hf:1|N:3,1
nitride,MF_P3,LEARNED_ANION,joint,Al:1|N:3|Nb:1,1
nitride,MF_P3,LEARNED_ANION,joint,Al:1|N:3|Ta:1,29
nitride,MF_P3,LEARNED_ANION,joint,Ba:1|Ca:1|N:3,11
nitride,MF_P3,LEARNED_ANION,joint,Ba:1|La:1|N:3,57
nitride,MF_P3,LEARNED_ANION,joint,Ba:1|N:3|Tl:1,3
nitride,MF_P3,LEARNED_ANION,joint,Be:1|N:3|Ta:1,1
nitride,MF_P3,LEARNED_ANION,joint,Bi:1|Mo:1|N:3,2
nitride,MF_P3,LEARNED_ANION,joint,Bi:1|N:3|Nb:1,11
nitride,MF_P3,LEARNED_ANION,joint,Bi:1|N:3|Ta:1,5
nitride,MF_P3,LEARNED_ANION,joint,Bi:1|N:3|W:1,30
nitride,MF_P3,LEARNED_ANION,joint,Cr:1|N:3|Ta:1,12
nitride,MF_P3,LEARNED_ANION,joint,Fe:1|N:3|Ta:1,1
nitride,MF_P3,LEARNED_ANION,joint,Hf:1|N:3|Nb:1,35
nitride,MF_P3,LEARNED_ANION,joint,Hf:1|N:3|Si:1,1
nitride,MF_P3,LEARNED_ANION,joint,Hf:1|N:3|Ta:1,2
nitride,MF_P3,LEARNED_ANION,joint,La:1|N:3|Sr:1,1
nitride,MF_P3,LEARNED_ANION,joint,Mn:1|N:3|Ta:1,18
nitride,MF_P3,LEARNED_ANION,joint,Mo:1|N:3|Te:1,3
nitride,MF_P3,LEARNED_ANION,joint,N:3|Nb:1|Sb:1,3
nitride,MF_P3,LEARNED_ANION,joint,N:3|Nb:1|Ta:1,3
nitride,MF_P3,LEARNED_ANION,joint,N:3|Nb:1|Te:1,17
nitride,MF_P3,LEARNED_ANION,joint,N:3|Nb:1|Ti:1,1
nitride,MF_P3,LEARNED_ANION,joint,N:3|Pb:1|W:1,1
nitride,MF_P3,LEARNED_ANION,joint,N:3|Si:1|Ta:1,3
nitride,MF_P3,LEARNED_ANION,joint,N:3|Ta:1|Ti:1,1
nitride,MF_P3,LEARNED_ANION,joint,N:3|Ta:1|Zr:1,35
nitride,MF_P3,LEARNED_ANION,property,Ag:1|Bi:1|N:3,1
nitride,MF_P3,LEARNED_ANION,property,Ag:1|Co:1|O:3,1
nitride,MF_P3,LEARNED_ANION,property,Ag:1|N:3|Nb:1,1
nitride,MF_P3,LEARNED_ANION,property,Ag:1|N:3|Os:1,1
nitride,MF_P3,LEARNED_ANION,property,Ag:1|N:3|Ru:1,1
nitride,MF_P3,LEARNED_ANION,property,Ag:1|N:3|Si:1,1
nitride,MF_P3,LEARNED_ANION,property,Ag:1|N:3|Sn:1,1
nitride,MF_P3,LEARNED_ANION,property,Ag:1|N:3|Zr:1,1
nitride,MF_P3,LEARNED_ANION,property,Ag:2|O:3,1
nitride,MF_P3,LEARNED_ANION,property,Al:1|Ba:1|O:3,1
nitride,MF_P3,LEARNED_ANION,property,Al:1|Cr:1|N:3,1
nitride,MF_P3,LEARNED_ANION,property,Al:1|Ga:1|N:3,1
nitride,MF_P3,LEARNED_ANION,property,Al:1|In:1|N:3,1
nitride,MF_P3,LEARNED_ANION,property,Al:1|N:3|Rb:1,1
nitride,MF_P3,LEARNED_ANION,property,Al:1|N:3|Si:1,1
nitride,MF_P3,LEARNED_ANION,property,Al:1|N:3|Zr:1,1
nitride,MF_P3,LEARNED_ANION,property,Al:1|O:3|Sr:1,1
nitride,MF_P3,LEARNED_ANION,property,As:1|Cd:1|N:3,1
nitride,MF_P3,LEARNED_ANION,property,As:1|Co:1|N:3,1
nitride,MF_P3,LEARNED_ANION,property,As:1|In:1|N:3,1
nitride,MF_P3,LEARNED_ANION,property,As:1|K:1|N:3,1
nitride,MF_P3,LEARNED_ANION,property,As:1|N:3|Os:1,1
nitride,MF_P3,LEARNED_ANION,property,As:1|N:3|Rb:1,1
nitride,MF_P3,LEARNED_ANION,property,As:1|N:3|Sc:1,1
nitride,MF_P3,LEARNED_ANION,property,As:1|N:3|Ta:1,1
nitride,MF_P3,LEARNED_ANION,property,As:1|N:3|V:1,1
nitride,MF_P3,LEARNED_ANION,property,As:1|N:3|Zr:1,1
nitride,MF_P3,LEARNED_ANION,property,As:2|N:3,1
nitride,MF_P3,LEARNED_ANION,property,Au:1|Co:1|N:3,1
nitride,MF_P3,LEARNED_ANION,property,Au:1|Cu:1|N:3,1
nitride,MF_P3,LEARNED_ANION,property,B:1|Be:1|N:3,1
nitride,MF_P3,LEARNED_ANION,property,B:1|Cs:1|N:3,1
nitride,MF_P3,LEARNED_ANION,property,B:1|Cu:1|N:3,1
nitride,MF_P3,LEARNED_ANION,property,B:1|Hf:1|N:3,1
nitride,MF_P3,LEARNED_ANION,property,B:1|N:3|Sb:1,2
nitride,MF_P3,LEARNED_ANION,property,B:1|N:3|Sc:1,1
nitride,MF_P3,LEARNED_ANION,property,B:1|N:3|Ti:1,1
nitride,MF_P3,LEARNED_ANION,property,Ba:1|Be:1|O:3,1
nitride,MF_P3,LEARNED_ANION,property,Ba:1|Bi:1|O:3,2
nitride,MF_P3,LEARNED_ANION,property,Ba:1|Co:1|N:3,1
nitride,MF_P3,LEARNED_ANION,property,Ba:1|Co:1|O:3,1
nitride,MF_P3,LEARNED_ANION,property,Ba:1|Ga:1|O:3,1
nitride,MF_P3,LEARNED_ANION,property,Ba:1|Ge:1|O:3,3
nitride,MF_P3,LEARNED_ANION,property,Ba:1|Hf:1|O:3,1
nitride,MF_P3,LEARNED_ANION,property,Ba:1|In:1|O:3,1
nitride,MF_P3,LEARNED_ANION,property,Ba:1|Ir:1|N:3,1
nitride,MF_P3,LEARNED_ANION,property,Ba:1|Mg:1|O:3,1
nitride,MF_P3,LEARNED_ANION,property,Ba:1|Mn:1|O:3,1
nitride,MF_P3,LEARNED_ANION,property,Ba:1|N:3|Os:1,1
nitride,MF_P3,LEARNED_ANION,property,Ba:1|N:3|Ru:1,1
nitride,MF_P3,LEARNED_ANION,property,Ba:1|N:3|Sc:1,1
nitride,MF_P3,LEARNED_ANION,property,Ba:1|N:3|Si:1,1
nitride,MF_P3,LEARNED_ANION,property,Ba:1|N:3|Zr:1,1
nitride,MF_P3,LEARNED_ANION,property,Ba:1|Nb:1|O:3,1
nitride,MF_P3,LEARNED_ANION,property,Ba:1|O:3|Sb:1,2
nitride,MF_P3,LEARNED_ANION,property,Ba:1|O:3|Sc:1,1
nitride,MF_P3,LEARNED_ANION,property,Ba:1|O:3|Si:1,1
nitride,MF_P3,LEARNED_ANION,property,Ba:1|O:3|Sn:1,1
nitride,MF_P3,LEARNED_ANION,property,Ba:1|O:3|V:1,1
nitride,MF_P3,LEARNED_ANION,property,Ba:1|O:3|W:1,1
nitride,MF_P3,LEARNED_ANION,property,Ba:1|O:3|Zn:1,1
nitride,MF_P3,LEARNED_ANION,property,Ba:1|O:3|Zr:1,2
nitride,MF_P3,LEARNED_ANION,property,Be:1|Ca:1|N:3,2
nitride,MF_P3,LEARNED_ANION,property,Be:1|Ge:1|O:3,1
nitride,MF_P3,LEARNED_ANION,property,Be:1|Hf:1|N:3,1
nitride,MF_P3,LEARNED_ANION,property,Be:1|K:1|N:3,1
nitride,MF_P3,LEARNED_ANION,property,Be:1|La:1|N:3,1
nitride,MF_P3,LEARNED_ANION,property,Be:1|Mg:1|N:3,1
nitride,MF_P3,LEARNED_ANION,property,Be:1|N:3|Os:1,1
nitride,MF_P3,LEARNED_ANION,property,Be:1|N:3|Sb:1,1
nitride,MF_P3,LEARNED_ANION,property,Be:1|N:3|Zr:1,1
nitride,MF_P3,LEARNED_ANION,property,Bi:1|Cs:1|N:3,1
nitride,MF_P3,LEARNED_ANION,property,Bi:1|Ge:1|O:3,1
nitride,MF_P3,LEARNED_ANION,property,Bi:1|K:1|N:3,1
nitride,MF_P3,LEARNED_ANION,property,Bi:1|Mn:1|O:3,1
nitride,MF_P3,LEARNED_ANION,property,Bi:1|N:3|Tl:1,1
nitride,MF_P3,LEARNED_ANION,property,Bi:1|Na:1|O:3,1
nitride,MF_P3,LEARNED_ANION,property,Bi:1|O:3|Rb:1,1
nitride,MF_P3,LEARNED_ANION,property,Ca:1|Cu:1|N:3,1
nitride,MF_P3,LEARNED_ANION,property,Ca:1|Fe:1|O:3,1
nitride,MF_P3,LEARNED_ANION,property,Ca:1|Ge:1|O:3,2
nitride,MF_P3,LEARNED_ANION,property,Ca:1|In:1|O:3,1
nitride,MF_P3,LEARNED_ANION,property,Ca:1|Ir:1|N:3,1
nitride,MF_P3,LEARNED_ANION,property,Ca:1|N:3|Re:1,1
nitride,MF_P3,LEARNED_ANION,property,Ca:1|N:3|Ru:1,1
nitride,MF_P3,LEARNED_ANION,property,Ca:1|N:3|V:1,1
nitride,MF_P3,LEARNED_ANION,property,Ca:1|N:3|Zr:1,1
nitride,MF_P3,LEARNED_ANION,property,Ca:1|O:3|Sb:1,1
nitride,MF_P3,LEARNED_ANION,property,Ca:1|O:3|Sn:1,1
nitride,MF_P3,LEARNED_ANION,property,Ca:1|O:3|V:1,1
nitride,MF_P3,LEARNED_ANION,property,Cd:1|Ga:1|N:3,1
nitride,MF_P3,LEARNED_ANION,property,Cd:1|La:1|N:3,1
nitride,MF_P3,LEARNED_ANION,property,Cd:1|Mo:1|N:3,1
nitride,MF_P3,LEARNED_ANION,property,Cd:1|N:3|Na:1,1
nitride,MF_P3,LEARNED_ANION,property,Cd:1|N:3|Os:1,1
nitride,MF_P3,LEARNED_ANION,property,Cd:1|N:3|Pt:1,1
nitride,MF_P3,LEARNED_ANION,property,Cd:1|N:3|Sc:1,1
nitride,MF_P3,LEARNED_ANION,property,Cd:1|N:3|Si:1,1
nitride,MF_P3,LEARNED_ANION,property,Cd:1|O:3|Os:1,1
nitride,MF_P3,LEARNED_ANION,property,Co:1|Cr:1|N:3,1
nitride,MF_P3,LEARNED_ANION,property,Co:1|Fe:1|N:3,1
nitride,MF_P3,LEARNED_ANION,property,Co:1|Hf:1|O:3,1
nitride,MF_P3,LEARNED_ANION,property,Co:1|La:1|N:3,2
nitride,MF_P3,LEARNED_ANION,property,Co:1|N:3|Pb:1,1
nitride,MF_P3,LEARNED_ANION,property,Co:1|N:3|Rb:1,1
nitride,MF_P3,LEARNED_ANION,property,Co:1|N:3|Sc:1,1
nitride,MF_P3,LEARNED_ANION,property,Co:1|N:3|Zn:1,1
nitride,MF_P3,LEARNED_ANION,property,Co:1|O:3|Ti:1,1
nitride,MF_P3,LEARNED_ANION,property,Cr:1|Ga:1|N:3,1
nitride,MF_P3,LEARNED_ANION,property,Cr:1|Hf:1|N:3,1
nitride,MF_P3,LEARNED_ANION,property,Cr:1|In:1|N:3,1
nitride,MF_P3,LEARNED_ANION,property,Cr:1|Ir:1|N:3,1
nitride,MF_P3,LEARNED_ANION,property,Cr:1|Mo:1|N:3,1
nitride,MF_P3,LEARNED_ANION,property,Cr:1|N:3|Ru:1,1
nitride,MF_P3,LEARNED_ANION,property,Cr:1|N:3|Te:1,1
nitride,MF_P3,LEARNED_ANION,property,Cr:1|O:3|Rb:1,1
nitride,MF_P3,LEARNED_ANION,property,Cr:1|O:3|Ru:1,1
nitride,MF_P3,LEARNED_ANION,property,Cs:1|Ge:1|O:3,1
nitride,MF_P3,LEARNED_ANION,property,Cs:1|In:1|O:3,1
nitride,MF_P3,LEARNED_ANION,property,Cs:1|N:3|Pb:1,1
nitride,MF_P3,LEARNED_ANION,property,Cs:1|N:3|Ru:1,1
nitride,MF_P3,LEARNED_ANION,property,Cs:1|N:3|Y:1,1
nitride,MF_P3,LEARNED_ANION,property,Cs:1|N:3|Zn:1,1
nitride,MF_P3,LEARNED_ANION,property,Cs:1|O:3|Sb:1,1
nitride,MF_P3,LEARNED_ANION,property,Cs:1|O:3|Ta:1,1
nitride,MF_P3,LEARNED_ANION,property,Cu:1|Fe:1|N:3,1
nitride,MF_P3,LEARNED_ANION,property,Cu:1|Ge:1|N:3,1
nitride,MF_P3,LEARNED_ANION,property,Cu:1|In:1|N:3,1
nitride,MF_P3,LEARNED_ANION,property,Cu:1|La:1|N:3,1
nitride,MF_P3,LEARNED_ANION,property,Cu:1|N:3|Ru:1,1
nitride,MF_P3,LEARNED_ANION,property,Cu:1|N:3|Sc:1,1
nitride,MF_P3,LEARNED_ANION,property,Cu:1|N:3|Sr:1,1
nitride,MF_P3,LEARNED_ANION,property,Cu:1|N:3|Ti:1,1
nitride,MF_P3,LEARNED_ANION,property,Cu:1|N:3|Y:1,1
nitride,MF_P3,LEARNED_ANION,property,Cu:2|N:3,1
nitride,MF_P3,LEARNED_ANION,property,Fe:1|Hf:1|N:3,1
nitride,MF_P3,LEARNED_ANION,property,Fe:1|In:1|N:3,1
nitride,MF_P3,LEARNED_ANION,property,Fe:1|Li:1|O:3,2
nitride,MF_P3,LEARNED_ANION,property,Fe:1|N:3|Rh:1,1
nitride,MF_P3,LEARNED_ANION,property,Fe:1|N:3|Ru:1,1
nitride,MF_P3,LEARNED_ANION,property,Fe:1|N:3|Sn:1,1
nitride,MF_P3,LEARNED_ANION,property,Fe:1|N:3|Tl:1,1
nitride,MF_P3,LEARNED_ANION,property,Fe:1|N:3|Zn:1,1
nitride,MF_P3,LEARNED_ANION,property,Fe:1|O:3|Sr:1,1
nitride,MF_P3,LEARNED_ANION,property,Ga:1|Hf:1|N:3,1
nitride,MF_P3,LEARNED_ANION,property,Ga:1|Ir:1|N:3,1
nitride,MF_P3,LEARNED_ANION,property,Ga:1|K:1|O:3,1
nitride,MF_P3,LEARNED_ANION,property,Ga:1|Mo:1|N:3,1
nitride,MF_P3,LEARNED_ANION,property,Ga:1|Mo:1|O:3,1
nitride,MF_P3,LEARNED_ANION,property,Ga:1|N:3|Sc:1,1
nitride,MF_P3,LEARNED_ANION,property,Ga:1|N:3|Sr:1,1
nitride,MF_P3,LEARNED_ANION,property,Ga:1|N:3|Tl:1,1
nitride,MF_P3,LEARNED_ANION,property,Ga:1|O:3|Sr:1,1
nitride,MF_P3,LEARNED_ANION,property,Ga:1|O:3|Tl:1,1
nitride,MF_P3,LEARNED_ANION,property,Ge:1|Hf:1|N:3,1
nitride,MF_P3,LEARNED_ANION,property,Ge:1|In:1|N:3,1
nitride,MF_P3,LEARNED_ANION,property,Ge:1|In:1|O:3,1
nitride,MF_P3,LEARNED_ANION,property,Ge:1|K:1|N:3,1
nitride,MF_P3,LEARNED_ANION,property,Ge:1|K:1|O:3,1
nitride,MF_P3,LEARNED_ANION,property,Ge:1|Mo:1|N:3,1
nitride,MF_P3,LEARNED_ANION,property,Ge:1|N:3|Tl:1,1
nitride,MF_P3,LEARNED_ANION,property,Ge:1|N:3|Zr:1,1
nitride,MF_P3,LEARNED_ANION,property,Ge:1|O:3|Pb:1,1
nitride,MF_P3,LEARNED_ANION,property,Ge:1|O:3|Sr:1,1
nitride,MF_P3,LEARNED_ANION,property,Ge:1|O:3|Tl:1,2
nitride,MF_P3,LEARNED_ANION,property,Hf:1|Mo:1|N:3,1
nitride,MF_P3,LEARNED_ANION,property,Hf:1|N:3|Rh:1,1
nitride,MF_P3,LEARNED_ANION,property,Hf:1|N:3|Si:1,1
nitride,MF_P3,LEARNED_ANION,property,Hf:1|N:3|Te:1,1
nitride,MF_P3,LEARNED_ANION,property,Hf:1|N:3|Y:1,1
nitride,MF_P3,LEARNED_ANION,property,Hg:1|N:3|Ru:1,1
nitride,MF_P3,LEARNED_ANION,property,Hg:1|N:3|Zr:1,1
nitride,MF_P3,LEARNED_ANION,property,In:1|La:1|N:3,1
nitride,MF_P3,LEARNED_ANION,property,In:1|Mg:1|N:3,1
nitride,MF_P3,LEARNED_ANION,property,In:1|N:3|Os:1,1
nitride,MF_P3,LEARNED_ANION,property,In:1|N:3|Pd:1,1
nitride,MF_P3,LEARNED_ANION,property,In:1|N:3|Ru:1,1
nitride,MF_P3,LEARNED_ANION,property,In:1|N:3|Te:1,1
nitride,MF_P3,LEARNED_ANION,property,In:1|N:3|Ti:1,1
nitride,MF_P3,LEARNED_ANION,property,In:1|O:3|Rb:1,1
nitride,MF_P3,LEARNED_ANION,property,In:1|O:3|Re:1,1
nitride,MF_P3,LEARNED_ANION,property,In:1|O:3|Sn:1,1
nitride,MF_P3,LEARNED_ANION,property,Ir:1|N:3|Os:1,1
nitride,MF_P3,LEARNED_ANION,property,Ir:1|N:3|Rh:1,1
nitride,MF_P3,LEARNED_ANION,property,K:1|N:3|Nb:1,1
nitride,MF_P3,LEARNED_ANION,property,K:1|N:3|Pt:1,1
nitride,MF_P3,LEARNED_ANION,property,K:1|N:3|Zn:1,1
nitride,MF_P3,LEARNED_ANION,property,K:1|O:3|Pb:1,1
nitride,MF_P3,LEARNED_ANION,property,K:1|O:3|Sn:1,1
nitride,MF_P3,LEARNED_ANION,property,K:1|O:3|Ti:1,1
nitride,MF_P3,LEARNED_ANION,property,La:1|Mo:1|O:3,1
nitride,MF_P3,LEARNED_ANION,property,La:1|N:3|Ni:1,1
nitride,MF_P3,LEARNED_ANION,property,La:1|N:3|Os:1,1
nitride,MF_P3,LEARNED_ANION,property,La:1|N:3|Rh:1,2
nitride,MF_P3,LEARNED_ANION,property,La:1|O:3|Re:1,1
nitride,MF_P3,LEARNED_ANION,property,Li:1|N:3|Ni:1,2
nitride,MF_P3,LEARNED_ANION,property,Li:1|N:3|Te:1,1
nitride,MF_P3,LEARNED_ANION,property,Mg:1|N:3|Re:1,1
nitride,MF_P3,LEARNED_ANION,property,Mg:1|N:3|Ru:1,1
nitride,MF_P3,LEARNED_ANION,property,Mg:1|Na:1|O:3,1
nitride,MF_P3,LEARNED_ANION,property,Mn:1|Mo:1|N:3,1
nitride,MF_P3,LEARNED_ANION,property,Mn:1|N:3|Nb:1,1
nitride,MF_P3,LEARNED_ANION,property,Mn:1|N:3|Ru:1,1
nitride,MF_P3,LEARNED_ANION,property,Mn:1|N:3|Sn:1,1
nitride,MF_P3,LEARNED_ANION,property,Mn:1|N:3|Zr:1,1
nitride,MF_P3,LEARNED_ANION,property,Mn:1|Na:1|O:3,1
nitride,MF_P3,LEARNED_ANION,property,Mo:1|N:3|Na:1,1
nitride,MF_P3,LEARNED_ANION,property,Mo:1|N:3|Si:1,1
nitride,MF_P3,LEARNED_ANION,property,Mo:1|O:3|Si:1,1
nitride,MF_P3,LEARNED_ANION,property,Mo:1|O:3|Sr:1,1
nitride,MF_P3,LEARNED_ANION,property,Mo:1|O:3|Y:1,2
nitride,MF_P3,LEARNED_ANION,property,N:3|Na:1|Pb:1,1
nitride,MF_P3,LEARNED_ANION,property,N:3|Nb:1|Os:1,1
nitride,MF_P3,LEARNED_ANION,property,N:3|Nb:1|Re:1,1
nitride,MF_P3,LEARNED_ANION,property,N:3|Nb:1|Te:1,1
nitride,MF_P3,LEARNED_ANION,property,N:3|Nb:1|Ti:1,1
nitride,MF_P3,LEARNED_ANION,property,N:3|Nb:1|Zn:1,1
nitride,MF_P3,LEARNED_ANION,property,N:3|Ni:1|Si:1,1
nitride,MF_P3,LEARNED_ANION,property,N:3|Ni:1|Y:1,1
nitride,MF_P3,LEARNED_ANION,property,N:3|Os:1|Pd:1,1
nitride,MF_P3,LEARNED_ANION,property,N:3|Os:1|Rb:1,1
nitride,MF_P3,LEARNED_ANION,property,N:3|Os:1|Ru:1,1
nitride,MF_P3,LEARNED_ANION,property,N:3|Os:1|Sb:1,1
nitride,MF_P3,LEARNED_ANION,property,N:3|Os:1|Si:1,1
nitride,MF_P3,LEARNED_ANION,property,N:3|Os:1|Te:1,1
nitride,MF_P3,LEARNED_ANION,property,N:3|Os:1|Ti:1,1
nitride,MF_P3,LEARNED_ANION,property,N:3|Pb:1|Ta:1,1
nitride,MF_P3,LEARNED_ANION,property,N:3|Pb:1|V:1,1
nitride,MF_P3,LEARNED_ANION,property,N:3|Pd:1|Te:1,1
nitride,MF_P3,LEARNED_ANION,property,N:3|Rb:1|Re:1,1
nitride,MF_P3,LEARNED_ANION,property,N:3|Rb:1|Sn:1,1
nitride,MF_P3,LEARNED_ANION,property,N:3|Rb:1|Te:1,2
nitride,MF_P3,LEARNED_ANION,property,N:3|Rb:1|Tl:1,1
nitride,MF_P3,LEARNED_ANION,property,N:3|Rb:1|Y:1,1
nitride,MF_P3,LEARNED_ANION,property,N:3|Re:1|Sn:1,1
nitride,MF_P3,LEARNED_ANION,property,N:3|Re:1|Zn:1,1
nitride,MF_P3,LEARNED_ANION,property,N:3|Rh:1|Y:1,1
nitride,MF_P3,LEARNED_ANION,property,N:3|Ru:1|Sr:1,1
nitride,MF_P3,LEARNED_ANION,property,N:3|Ru:1|Te:1,1
nitride,MF_P3,LEARNED_ANION,property,N:3|Ru:1|Tl:1,1
nitride,MF_P3,LEARNED_ANION,property,N:3|Ru:1|V:1,1
nitride,MF_P3,LEARNED_ANION,property,N:3|Ru:2,1
nitride,MF_P3,LEARNED_ANION,property,N:3|Sc:1|Si:1,1
nitride,MF_P3,LEARNED_ANION,property,N:3|Sc:1|Tl:1,1
nitride,MF_P3,LEARNED_ANION,property,N:3|Si:1|Sn:1,1
nitride,MF_P3,LEARNED_ANION,property,N:3|Si:1|Zr:1,1
nitride,MF_P3,LEARNED_ANION,property,N:3|Sn:1|V:1,2
nitride,MF_P3,LEARNED_ANION,property,N:3|Ta:1|Zn:1,1
nitride,MF_P3,LEARNED_ANION,property,N:3|Ta:1|Zr:1,1
nitride,MF_P3,LEARNED_ANION,property,N:3|Te:1|W:1,1
nitride,MF_P3,LEARNED_ANION,property,N:3|Te:1|Y:1,1
nitride,MF_P3,LEARNED_ANION,property,N:3|Ti:1|V:1,1
nitride,MF_P3,LEARNED_ANION,property,Na:1|O:3|Sb:1,1
nitride,MF_P3,LEARNED_ANION,property,Na:1|O:3|Sn:1,1
nitride,MF_P3,LEARNED_ANION,property,Nb:1|O:3|Rb:1,1
nitride,MF_P3,LEARNED_ANION,property,Nb:1|O:3|Sn:1,1
nitride,MF_P3,LEARNED_ANION,property,O:3|Os:1|Te:1,1
nitride,MF_P3,LEARNED_ANION,property,O:3|Rb:1|Sc:1,2
nitride,MF_P3,LEARNED_ANION,property,O:3|Rb:1|Zn:1,1
nitride,MF_P3,LEARNED_ANION,property,O:3|Re:1|Ta:1,1
nitride,MF_P3,LEARNED_ANION,property,O:3|Sc:1|Sr:1,1
nitride,MF_P3,LEARNED_ANION,property,O:3|Sn:1|Sr:1,1
nitride,MF_P3,LEARNED_ANION,property,O:3|Sn:1|Zn:1,1
nitride,MF_P3,LEARNED_ANION,property,O:3|Sr:1|Ta:1,1
nitride,MF_P3,LEARNED_ANION,property,O:3|Sr:1|Ti:1,1
nitride,MF_P3,LEARNED_ANION,property,O:3|Sr:1|W:1,2
nitride,MF_P3,LEARNED_ANION,property,O:3|Sr:1|Zr:1,1
nitride,MF_P3,LEARNED_ANION,property,O:3|Ta:1|Tl:1,1
nitride,MF_P3,LEARNED_ANION,property,O:3|Ta:1|Zn:1,1
nitride,MF_P3,LEARNED_ANION,property,O:3|Tl:1|Zr:1,1
nitride,MF_P4,DECLARED_DOMAIN,fixed_real,Cr:1|Cs:1|N:3,273
nitride,MF_P4,DECLARED_DOMAIN,fixed_real,Cr:1|N:3|Rb:1,2
nitride,MF_P4,DECLARED_DOMAIN,fixed_real,Cs:1|Fe:1|N:3,2
nitride,MF_P4,DECLARED_DOMAIN,fixed_real,Cs:1|N:3|V:1,1
nitride,MF_P4,DECLARED_DOMAIN,fixed_real,Cs:1|N:3|Zr:1,10
nitride,MF_P4,DECLARED_DOMAIN,joint,Al:1|Hf:1|N:3,2
nitride,MF_P4,DECLARED_DOMAIN,joint,Al:1|N:3|Ta:1,30
nitride,MF_P4,DECLARED_DOMAIN,joint,Ba:1|Ca:1|N:3,15
nitride,MF_P4,DECLARED_DOMAIN,joint,Ba:1|Cd:1|N:3,1
nitride,MF_P4,DECLARED_DOMAIN,joint,Ba:1|La:1|N:3,52
nitride,MF_P4,DECLARED_DOMAIN,joint,Ba:1|N:3|Tl:1,3
nitride,MF_P4,DECLARED_DOMAIN,joint,Bi:1|N:3|Nb:1,11
nitride,MF_P4,DECLARED_DOMAIN,joint,Bi:1|N:3|Ta:1,8
nitride,MF_P4,DECLARED_DOMAIN,joint,Bi:1|N:3|W:1,28
nitride,MF_P4,DECLARED_DOMAIN,joint,Cr:1|N:3|Ta:1,14
nitride,MF_P4,DECLARED_DOMAIN,joint,Hf:1|N:3|Nb:1,33
nitride,MF_P4,DECLARED_DOMAIN,joint,Hf:1|N:3|Ta:1,3
nitride,MF_P4,DECLARED_DOMAIN,joint,La:1|N:3|Na:1,1
nitride,MF_P4,DECLARED_DOMAIN,joint,Mn:1|N:3|Ta:1,13
nitride,MF_P4,DECLARED_DOMAIN,joint,N:3|Nb:1|Sb:1,5
nitride,MF_P4,DECLARED_DOMAIN,joint,N:3|Nb:1|Ta:1,6
nitride,MF_P4,DECLARED_DOMAIN,joint,N:3|Nb:1|Te:1,20
nitride,MF_P4,DECLARED_DOMAIN,joint,N:3|Nb:1|Ti:1,1
nitride,MF_P4,DECLARED_DOMAIN,joint,N:3|Si:1|Ta:1,2
nitride,MF_P4,DECLARED_DOMAIN,joint,N:3|Ta:1|Ti:1,4
nitride,MF_P4,DECLARED_DOMAIN,joint,N:3|Ta:1|Zr:1,36
nitride,MF_P4,DECLARED_DOMAIN,property,Ag:1|Ba:1|N:3,1
nitride,MF_P4,DECLARED_DOMAIN,property,Ag:1|Be:1|N:3,1
nitride,MF_P4,DECLARED_DOMAIN,property,Ag:1|Cu:1|N:3,1
nitride,MF_P4,DECLARED_DOMAIN,property,Ag:1|Hf:1|N:3,1
nitride,MF_P4,DECLARED_DOMAIN,property,Ag:1|N:3|Na:1,1
nitride,MF_P4,DECLARED_DOMAIN,property,Ag:1|N:3|Nb:1,1
nitride,MF_P4,DECLARED_DOMAIN,property,Ag:1|N:3|Ni:1,1
nitride,MF_P4,DECLARED_DOMAIN,property,Ag:1|N:3|Os:1,1
nitride,MF_P4,DECLARED_DOMAIN,property,Al:1|Ba:1|N:3,1
nitride,MF_P4,DECLARED_DOMAIN,property,Al:1|Co:1|N:3,1
nitride,MF_P4,DECLARED_DOMAIN,property,Al:1|Ge:1|N:3,2
nitride,MF_P4,DECLARED_DOMAIN,property,Al:1|Hf:1|N:3,1
nitride,MF_P4,DECLARED_DOMAIN,property,Al:1|In:1|N:3,1
nitride,MF_P4,DECLARED_DOMAIN,property,Al:1|Ir:1|N:3,1
nitride,MF_P4,DECLARED_DOMAIN,property,Al:1|K:1|N:3,1
nitride,MF_P4,DECLARED_DOMAIN,property,Al:1|Mn:1|N:3,1
nitride,MF_P4,DECLARED_DOMAIN,property,Al:1|N:3|Os:1,1
nitride,MF_P4,DECLARED_DOMAIN,property,Al:1|N:3|Pb:1,1
nitride,MF_P4,DECLARED_DOMAIN,property,Al:1|N:3|Ru:1,1
nitride,MF_P4,DECLARED_DOMAIN,property,Al:1|N:3|Te:1,1
nitride,MF_P4,DECLARED_DOMAIN,property,As:1|Cd:1|N:3,1
nitride,MF_P4,DECLARED_DOMAIN,property,As:1|Cr:1|N:3,1
nitride,MF_P4,DECLARED_DOMAIN,property,As:1|Cs:1|N:3,2
nitride,MF_P4,DECLARED_DOMAIN,property,As:1|Cu:1|N:3,1
nitride,MF_P4,DECLARED_DOMAIN,property,As:1|In:1|N:3,1
nitride,MF_P4,DECLARED_DOMAIN,property,As:1|Ir:1|N:3,1
nitride,MF_P4,DECLARED_DOMAIN,property,As:1|K:1|N:3,1
nitride,MF_P4,DECLARED_DOMAIN,property,As:1|N:3|Pd:1,2
nitride,MF_P4,DECLARED_DOMAIN,property,As:1|N:3|Ti:1,1
nitride,MF_P4,DECLARED_DOMAIN,property,As:1|N:3|V:1,1
nitride,MF_P4,DECLARED_DOMAIN,property,As:1|N:3|Y:1,1
nitride,MF_P4,DECLARED_DOMAIN,property,As:1|N:3|Zn:1,1
nitride,MF_P4,DECLARED_DOMAIN,property,Au:1|Mo:1|N:3,1
nitride,MF_P4,DECLARED_DOMAIN,property,Au:1|N:3|Re:1,1
nitride,MF_P4,DECLARED_DOMAIN,property,Ba:1|Co:1|N:3,2
nitride,MF_P4,DECLARED_DOMAIN,property,Ba:1|Ge:1|N:3,2
nitride,MF_P4,DECLARED_DOMAIN,property,Ba:1|In:1|N:3,2
nitride,MF_P4,DECLARED_DOMAIN,property,Ba:1|Mn:1|N:3,1
nitride,MF_P4,DECLARED_DOMAIN,property,Ba:1|N:3|Nb:1,2
nitride,MF_P4,DECLARED_DOMAIN,property,Ba:1|N:3|Ru:1,2
nitride,MF_P4,DECLARED_DOMAIN,property,Ba:1|N:3|Sb:1,1
nitride,MF_P4,DECLARED_DOMAIN,property,Ba:1|N:3|Si:1,1
nitride,MF_P4,DECLARED_DOMAIN,property,Ba:1|N:3|Sn:1,4
nitride,MF_P4,DECLARED_DOMAIN,property,Ba:1|N:3|Ta:1,1
nitride,MF_P4,DECLARED_DOMAIN,property,Ba:1|N:3|V:1,1
nitride,MF_P4,DECLARED_DOMAIN,property,Ba:1|N:3|W:1,1
nitride,MF_P4,DECLARED_DOMAIN,property,Be:1|Cu:1|N:3,1
nitride,MF_P4,DECLARED_DOMAIN,property,Be:1|Hf:1|N:3,1
nitride,MF_P4,DECLARED_DOMAIN,property,Be:1|Mg:1|N:3,1
nitride,MF_P4,DECLARED_DOMAIN,property,Be:1|N:3|Ni:1,1
nitride,MF_P4,DECLARED_DOMAIN,property,Be:1|N:3|Te:1,1
nitride,MF_P4,DECLARED_DOMAIN,property,Be:1|N:3|Zn:1,1
nitride,MF_P4,DECLARED_DOMAIN,property,Be:2|N:3,1
nitride,MF_P4,DECLARED_DOMAIN,property,Bi:1|Ca:1|N:3,1
nitride,MF_P4,DECLARED_DOMAIN,property,Bi:1|Cd:1|N:3,1
nitride,MF_P4,DECLARED_DOMAIN,property,Bi:1|Cs:1|N:3,1
nitride,MF_P4,DECLARED_DOMAIN,property,Bi:1|Mg:1|N:3,1
nitride,MF_P4,DECLARED_DOMAIN,property,Bi:1|N:3|Rb:1,1
nitride,MF_P4,DECLARED_DOMAIN,property,Bi:1|N:3|Sb:1,1
nitride,MF_P4,DECLARED_DOMAIN,property,Bi:1|N:3|Te:1,1
nitride,MF_P4,DECLARED_DOMAIN,property,Bi:1|N:3|Ti:1,1
nitride,MF_P4,DECLARED_DOMAIN,property,Ca:1|Cu:1|N:3,1
nitride,MF_P4,DECLARED_DOMAIN,property,Ca:1|In:1|N:3,1
nitride,MF_P4,DECLARED_DOMAIN,property,Ca:1|Mg:1|N:3,1
nitride,MF_P4,DECLARED_DOMAIN,property,Ca:1|Mn:1|N:3,1
nitride,MF_P4,DECLARED_DOMAIN,property,Ca:1|N:3|Nb:1,1
nitride,MF_P4,DECLARED_DOMAIN,property,Ca:1|N:3|Sb:1,1
nitride,MF_P4,DECLARED_DOMAIN,property,Ca:1|N:3|Sn:1,1
nitride,MF_P4,DECLARED_DOMAIN,property,Ca:1|N:3|W:1,1
nitride,MF_P4,DECLARED_DOMAIN,property,Ca:1|N:3|Zr:1,2
nitride,MF_P4,DECLARED_DOMAIN,property,Cd:1|Ge:1|N:3,1
nitride,MF_P4,DECLARED_DOMAIN,property,Cd:1|K:1|N:3,1
nitride,MF_P4,DECLARED_DOMAIN,property,Cd:1|N:3|Na:1,1
nitride,MF_P4,DECLARED_DOMAIN,property,Cd:1|N:3|Ni:1,2
nitride,MF_P4,DECLARED_DOMAIN,property,Cd:1|N:3|Os:1,1
nitride,MF_P4,DECLARED_DOMAIN,property,Cd:1|N:3|Sn:1,3
nitride,MF_P4,DECLARED_DOMAIN,property,Cd:1|N:3|V:1,1
nitride,MF_P4,DECLARED_DOMAIN,property,Co:1|Ga:1|N:3,1
nitride,MF_P4,DECLARED_DOMAIN,property,Co:1|Hg:1|N:3,1
nitride,MF_P4,DECLARED_DOMAIN,property,Co:1|Ir:1|N:3,1
nitride,MF_P4,DECLARED_DOMAIN,property,Co:1|N:3|Rb:1,2
nitride,MF_P4,DECLARED_DOMAIN,property,Co:1|N:3|Rh:1,1
nitride,MF_P4,DECLARED_DOMAIN,property,Co:1|N:3|Ru:1,1
nitride,MF_P4,DECLARED_DOMAIN,property,Co:1|N:3|Sn:1,3
nitride,MF_P4,DECLARED_DOMAIN,property,Co:1|N:3|Sr:1,1
nitride,MF_P4,DECLARED_DOMAIN,property,Co:1|N:3|Ti:1,1
nitride,MF_P4,DECLARED_DOMAIN,property,Cr:1|Cs:1|N:3,2
nitride,MF_P4,DECLARED_DOMAIN,property,Cr:1|In:1|N:3,1
nitride,MF_P4,DECLARED_DOMAIN,property,Cr:1|Mg:1|N:3,1
nitride,MF_P4,DECLARED_DOMAIN,property,Cr:1|Mn:1|N:3,1
nitride,MF_P4,DECLARED_DOMAIN,property,Cr:1|N:3|Sn:1,1
nitride,MF_P4,DECLARED_DOMAIN,property,Cs:1|Cu:1|N:3,1
nitride,MF_P4,DECLARED_DOMAIN,property,Cs:1|Ga:1|N:3,1
nitride,MF_P4,DECLARED_DOMAIN,property,Cs:1|Mn:1|N:3,1
nitride,MF_P4,DECLARED_DOMAIN,property,Cs:1|Mo:1|N:3,1
nitride,MF_P4,DECLARED_DOMAIN,property,Cs:1|N:3|Pd:1,1
nitride,MF_P4,DECLARED_DOMAIN,property,Cs:1|N:3|Ru:1,1
nitride,MF_P4,DECLARED_DOMAIN,property,Cs:1|N:3|Sb:1,1
nitride,MF_P4,DECLARED_DOMAIN,property,Cs:1|N:3|Ta:1,1
nitride,MF_P4,DECLARED_DOMAIN,property,Cs:1|N:3|Te:1,2
nitride,MF_P4,DECLARED_DOMAIN,property,Cs:1|N:3|Tl:1,2
nitride,MF_P4,DECLARED_DOMAIN,property,Cs:1|N:3|V:1,1
nitride,MF_P4,DECLARED_DOMAIN,property,Cu:1|Fe:1|N:3,1
nitride,MF_P4,DECLARED_DOMAIN,property,Cu:1|Li:1|N:3,1
nitride,MF_P4,DECLARED_DOMAIN,property,Cu:1|N:3|Os:1,1
nitride,MF_P4,DECLARED_DOMAIN,property,Cu:1|N:3|Ti:1,1
nitride,MF_P4,DECLARED_DOMAIN,property,Fe:1|Ga:1|N:3,2
nitride,MF_P4,DECLARED_DOMAIN,property,Fe:1|Hf:1|N:3,1
nitride,MF_P4,DECLARED_DOMAIN,property,Fe:1|K:1|N:3,1
nitride,MF_P4,DECLARED_DOMAIN,property,Fe:1|Mg:1|N:3,1
nitride,MF_P4,DECLARED_DOMAIN,property,Fe:1|Mn:1|N:3,1
nitride,MF_P4,DECLARED_DOMAIN,property,Fe:1|N:3|Rb:1,1
nitride,MF_P4,DECLARED_DOMAIN,property,Fe:1|N:3|Rh:1,1
nitride,MF_P4,DECLARED_DOMAIN,property,Fe:1|N:3|Sr:1,1
nitride,MF_P4,DECLARED_DOMAIN,property,Fe:1|N:3|Te:1,1
nitride,MF_P4,DECLARED_DOMAIN,property,Ga:1|In:1|N:3,1
nitride,MF_P4,DECLARED_DOMAIN,property,Ga:1|K:1|N:3,1
nitride,MF_P4,DECLARED_DOMAIN,property,Ga:1|La:1|N:3,2
nitride,MF_P4,DECLARED_DOMAIN,property,Ga:1|Mg:1|N:3,1
nitride,MF_P4,DECLARED_DOMAIN,property,Ga:1|Mn:1|N:3,1
nitride,MF_P4,DECLARED_DOMAIN,property,Ga:1|N:3|Na:1,1
nitride,MF_P4,DECLARED_DOMAIN,property,Ga:1|N:3|Nb:1,1
nitride,MF_P4,DECLARED_DOMAIN,property,Ga:1|N:3|Pd:1,1
nitride,MF_P4,DECLARED_DOMAIN,property,Ga:1|N:3|Rb:1,1
nitride,MF_P4,DECLARED_DOMAIN,property,Ga:1|N:3|Rh:1,1
nitride,MF_P4,DECLARED_DOMAIN,property,Ga:1|N:3|Sc:1,1
nitride,MF_P4,DECLARED_DOMAIN,property,Ga:1|N:3|Sr:1,1
nitride,MF_P4,DECLARED_DOMAIN,property,Ga:1|N:3|Te:1,1
nitride,MF_P4,DECLARED_DOMAIN,property,Ga:1|N:3|Zr:1,1
nitride,MF_P4,DECLARED_DOMAIN,property,Ge:1|La:1|N:3,1
nitride,MF_P4,DECLARED_DOMAIN,property,Ge:1|Li:1|N:3,2
nitride,MF_P4,DECLARED_DOMAIN,property,Ge:1|N:3|Na:1,1
nitride,MF_P4,DECLARED_DOMAIN,property,Ge:1|N:3|Nb:1,1
nitride,MF_P4,DECLARED_DOMAIN,property,Ge:1|N:3|Rb:1,1
nitride,MF_P4,DECLARED_DOMAIN,property,Ge:1|N:3|Re:1,2
nitride,MF_P4,DECLARED_DOMAIN,property,Ge:1|N:3|Sr:1,1
nitride,MF_P4,DECLARED_DOMAIN,property,Ge:1|N:3|Zr:1,1
nitride,MF_P4,DECLARED_DOMAIN,property,Hf:1|Hg:1|N:3,2
nitride,MF_P4,DECLARED_DOMAIN,property,Hf:1|La:1|N:3,1
nitride,MF_P4,DECLARED_DOMAIN,property,Hf:1|Li:1|N:3,1
nitride,MF_P4,DECLARED_DOMAIN,property,Hf:1|Mo:1|N:3,1
nitride,MF_P4,DECLARED_DOMAIN,property,Hf:1|N:3|Nb:1,1
nitride,MF_P4,DECLARED_DOMAIN,property,Hf:1|N:3|Os:1,1
nitride,MF_P4,DECLARED_DOMAIN,property,Hf:1|N:3|Zn:1,1
nitride,MF_P4,DECLARED_DOMAIN,property,Hg:1|Li:1|N:3,2
nitride,MF_P4,DECLARED_DOMAIN,property,Hg:1|N:3|Na:1,1
nitride,MF_P4,DECLARED_DOMAIN,property,Hg:1|N:3|Os:1,1
nitride,MF_P4,DECLARED_DOMAIN,property,Hg:1|N:3|V:1,1
nitride,MF_P4,DECLARED_DOMAIN,property,Hg:1|N:3|W:1,1
nitride,MF_P4,DECLARED_DOMAIN,property,In:1|Ir:1|N:3,1
nitride,MF_P4,DECLARED_DOMAIN,property,In:1|La:1|N:3,1
nitride,MF_P4,DECLARED_DOMAIN,property,In:1|Mn:1|N:3,1
nitride,MF_P4,DECLARED_DOMAIN,property,In:1|Mo:1|N:3,1
nitride,MF_P4,DECLARED_DOMAIN,property,In:1|N:3|Nb:1,1
nitride,MF_P4,DECLARED_DOMAIN,property,In:1|N:3|Rh:1,1
nitride,MF_P4,DECLARED_DOMAIN,property,In:1|N:3|Ru:1,1
nitride,MF_P4,DECLARED_DOMAIN,property,In:1|N:3|Zr:1,1
nitride,MF_P4,DECLARED_DOMAIN,property,Ir:1|Mn:1|N:3,1
nitride,MF_P4,DECLARED_DOMAIN,property,Ir:1|N:3|Na:1,1
nitride,MF_P4,DECLARED_DOMAIN,property,Ir:1|N:3|Os:1,1
nitride,MF_P4,DECLARED_DOMAIN,property,Ir:1|N:3|Sc:1,1
nitride,MF_P4,DECLARED_DOMAIN,property,Ir:1|N:3|Ti:1,1
nitride,MF_P4,DECLARED_DOMAIN,property,K:1|Mg:1|N:3,1
nitride,MF_P4,DECLARED_DOMAIN,property,K:1|N:3|Ru:1,2
nitride,MF_P4,DECLARED_DOMAIN,property,K:1|N:3|Sb:1,3
nitride,MF_P4,DECLARED_DOMAIN,property,K:1|N:3|Sn:1,1
nitride,MF_P4,DECLARED_DOMAIN,property,K:1|N:3|Te:1,1
nitride,MF_P4,DECLARED_DOMAIN,property,La:1|N:3|Re:1,1
nitride,MF_P4,DECLARED_DOMAIN,property,La:1|N:3|Si:1,1
nitride,MF_P4,DECLARED_DOMAIN,property,La:1|N:3|Sn:1,2
nitride,MF_P4,DECLARED_DOMAIN,property,La:1|N:3|Y:1,1
nitride,MF_P4,DECLARED_DOMAIN,property,La:1|N:3|Zr:1,1
nitride,MF_P4,DECLARED_DOMAIN,property,Li:1|N:3|Ni:1,1
nitride,MF_P4,DECLARED_DOMAIN,property,Li:1|N:3|Os:1,1
nitride,MF_P4,DECLARED_DOMAIN,property,Li:1|N:3|Sc:1,1
nitride,MF_P4,DECLARED_DOMAIN,property,Li:1|N:3|Tl:1,1
nitride,MF_P4,DECLARED_DOMAIN,property,Li:2|N:3,1
nitride,MF_P4,DECLARED_DOMAIN,property,Mg:1|N:3|Ni:1,2
nitride,MF_P4,DECLARED_DOMAIN,property,Mg:1|N:3|Ru:1,1
nitride,MF_P4,DECLARED_DOMAIN,property,Mg:1|N:3|Sn:1,2
nitride,MF_P4,DECLARED_DOMAIN,property,Mg:1|N:3|Y:1,1
nitride,MF_P4,DECLARED_DOMAIN,property,Mg:1|N:3|Zr:1,1
nitride,MF_P4,DECLARED_DOMAIN,property,Mn:1|N:3|Os:1,1
nitride,MF_P4,DECLARED_DOMAIN,property,Mn:1|N:3|Sr:1,1
nitride,MF_P4,DECLARED_DOMAIN,property,Mn:1|N:3|Y:1,1
nitride,MF_P4,DECLARED_DOMAIN,property,Mo:1|N:3|Na:1,1
nitride,MF_P4,DECLARED_DOMAIN,property,Mo:1|N:3|Nb:1,1
nitride,MF_P4,DECLARED_DOMAIN,property,Mo:1|N:3|Ni:1,1
nitride,MF_P4,DECLARED_DOMAIN,property,Mo:1|N:3|Ti:1,1
nitride,MF_P4,DECLARED_DOMAIN,property,Mo:1|N:3|Y:1,1
nitride,MF_P4,DECLARED_DOMAIN,property,N:3|Na:1|Ni:1,1
nitride,MF_P4,DECLARED_DOMAIN,property,N:3|Na:1|Pb:1,1
nitride,MF_P4,DECLARED_DOMAIN,property,N:3|Na:1|Sb:1,1
nitride,MF_P4,DECLARED_DOMAIN,property,N:3|Na:1|Sn:1,1
nitride,MF_P4,DECLARED_DOMAIN,property,N:3|Na:1|Te:1,1
nitride,MF_P4,DECLARED_DOMAIN,property,N:3|Na:1|W:1,1
nitride,MF_P4,DECLARED_DOMAIN,property,N:3|Nb:1|Si:1,2
nitride,MF_P4,DECLARED_DOMAIN,property,N:3|Nb:1|Sr:1,1
nitride,MF_P4,DECLARED_DOMAIN,property,N:3|Nb:1|Ti:1,1
nitride,MF_P4,DECLARED_DOMAIN,property,N:3|Nb:1|Tl:1,1
nitride,MF_P4,DECLARED_DOMAIN,property,N:3|Nb:2,1
nitride,MF_P4,DECLARED_DOMAIN,property,N:3|Ni:1|Pb:1,1
nitride,MF_P4,DECLARED_DOMAIN,property,N:3|Ni:1|Rb:1,1
nitride,MF_P4,DECLARED_DOMAIN,property,N:3|Ni:1|Sr:1,1
nitride,MF_P4,DECLARED_DOMAIN,property,N:3|Ni:1|Tl:1,1
nitride,MF_P4,DECLARED_DOMAIN,property,N:3|Ni:1|Zn:1,1
nitride,MF_P4,DECLARED_DOMAIN,property,N:3|Os:1|Rb:1,1
nitride,MF_P4,DECLARED_DOMAIN,property,N:3|Os:1|Sr:1,1
nitride,MF_P4,DECLARED_DOMAIN,property,N:3|Os:1|Ta:1,1
nitride,MF_P4,DECLARED_DOMAIN,property,N:3|Os:1|Tl:1,1
nitride,MF_P4,DECLARED_DOMAIN,property,N:3|Os:1|V:1,3
nitride,MF_P4,DECLARED_DOMAIN,property,N:3|Os:1|Zr:1,1
nitride,MF_P4,DECLARED_DOMAIN,property,N:3|Pt:1|Sn:1,1
nitride,MF_P4,DECLARED_DOMAIN,property,N:3|Pt:1|Te:1,1
nitride,MF_P4,DECLARED_DOMAIN,property,N:3|Rb:1|Ru:1,2
nitride,MF_P4,DECLARED_DOMAIN,property,N:3|Rb:1|Sn:1,1
nitride,MF_P4,DECLARED_DOMAIN,property,N:3|Rb:1|Ti:1,1
nitride,MF_P4,DECLARED_DOMAIN,property,N:3|Re:1|Sc:1,1
nitride,MF_P4,DECLARED_DOMAIN,property,N:3|Re:1|Sn:1,1
nitride,MF_P4,DECLARED_DOMAIN,property,N:3|Re:1|Sr:1,1
nitride,MF_P4,DECLARED_DOMAIN,property,N:3|Re:1|Zr:1,2
nitride,MF_P4,DECLARED_DOMAIN,property,N:3|Rh:1|Zn:1,1
nitride,MF_P4,DECLARED_DOMAIN,property,N:3|Ru:1|Sr:1,2
nitride,MF_P4,DECLARED_DOMAIN,property,N:3|Ru:1|Zr:1,1
nitride,MF_P4,DECLARED_DOMAIN,property,N:3|Sb:1|Si:1,2
nitride,MF_P4,DECLARED_DOMAIN,property,N:3|Sb:1|Sr:1,1
nitride,MF_P4,DECLARED_DOMAIN,property,N:3|Sb:1|Ta:1,2
nitride,MF_P4,DECLARED_DOMAIN,property,N:3|Sb:1|V:1,2
nitride,MF_P4,DECLARED_DOMAIN,property,N:3|Sc:1|Sr:1,1
nitride,MF_P4,DECLARED_DOMAIN,property,N:3|Sc:1|W:1,1
nitride,MF_P4,DECLARED_DOMAIN,property,N:3|Si:1|Tl:1,1
nitride,MF_P4,DECLARED_DOMAIN,property,N:3|Si:1|V:1,2
nitride,MF_P4,DECLARED_DOMAIN,property,N:3|Si:1|Zn:1,1
nitride,MF_P4,DECLARED_DOMAIN,property,N:3|Sn:1|Tl:1,1
nitride,MF_P4,DECLARED_DOMAIN,property,N:3|Sn:1|Y:1,1
nitride,MF_P4,DECLARED_DOMAIN,property,N:3|Sn:1|Zn:1,1
nitride,MF_P4,DECLARED_DOMAIN,property,N:3|Sr:1|W:1,1
nitride,MF_P4,DECLARED_DOMAIN,property,N:3|Ta:1|Te:1,1
nitride,MF_P4,DECLARED_DOMAIN,property,N:3|Ta:1|W:1,1
nitride,MF_P4,DECLARED_DOMAIN,property,N:3|Te:1|Tl:1,1
nitride,MF_P4,DECLARED_DOMAIN,property,N:3|Te:1|W:1,1
nitride,MF_P4,DECLARED_DOMAIN,property,N:3|Te:1|Zn:1,1
nitride,MF_P4,DECLARED_DOMAIN,property,N:3|Ti:1|Zn:1,1
nitride,MF_P4,DECLARED_DOMAIN,property,N:3|Tl:1|Zn:1,1
nitride,MF_P4,DECLARED_DOMAIN,property,N:3|Y:1|Zr:1,1
nitride,MF_P4,LEARNED_ANION,fixed_real,Cr:1|Cs:1|N:2|O:1,1
nitride,MF_P4,LEARNED_ANION,fixed_real,Cr:1|Cs:1|N:3,262
nitride,MF_P4,LEARNED_ANION,fixed_real,Cr:1|N:3|Rb:1,4
nitride,MF_P4,LEARNED_ANION,fixed_real,Cs:1|Fe:1|N:3,2
nitride,MF_P4,LEARNED_ANION,fixed_real,Cs:1|N:3|V:1,1
nitride,MF_P4,LEARNED_ANION,fixed_real,Cs:1|N:3|Zr:1,18
nitride,MF_P4,LEARNED_ANION,joint,Al:1|Hf:1|N:3,1
nitride,MF_P4,LEARNED_ANION,joint,Al:1|N:3|Nb:1,1
nitride,MF_P4,LEARNED_ANION,joint,Al:1|N:3|Ta:1,29
nitride,MF_P4,LEARNED_ANION,joint,Ba:1|Ca:1|N:3,11
nitride,MF_P4,LEARNED_ANION,joint,Ba:1|La:1|N:3,57
nitride,MF_P4,LEARNED_ANION,joint,Ba:1|N:3|Tl:1,3
nitride,MF_P4,LEARNED_ANION,joint,Be:1|N:3|Ta:1,1
nitride,MF_P4,LEARNED_ANION,joint,Bi:1|Mo:1|N:3,2
nitride,MF_P4,LEARNED_ANION,joint,Bi:1|N:2|O:1|Ta:1,3
nitride,MF_P4,LEARNED_ANION,joint,Bi:1|N:2|O:1|W:1,7
nitride,MF_P4,LEARNED_ANION,joint,Bi:1|N:3|Nb:1,11
nitride,MF_P4,LEARNED_ANION,joint,Bi:1|N:3|Ta:1,2
nitride,MF_P4,LEARNED_ANION,joint,Bi:1|N:3|W:1,23
nitride,MF_P4,LEARNED_ANION,joint,Cr:1|N:2|O:1|Ta:1,1
nitride,MF_P4,LEARNED_ANION,joint,Cr:1|N:3|Ta:1,11
nitride,MF_P4,LEARNED_ANION,joint,Fe:1|N:3|Ta:1,1
nitride,MF_P4,LEARNED_ANION,joint,Hf:1|N:3|Nb:1,35
nitride,MF_P4,LEARNED_ANION,joint,Hf:1|N:3|Si:1,1
nitride,MF_P4,LEARNED_ANION,joint,Hf:1|N:3|Ta:1,2
nitride,MF_P4,LEARNED_ANION,joint,La:1|N:3|Sr:1,1
nitride,MF_P4,LEARNED_ANION,joint,Mn:1|N:3|Ta:1,18
nitride,MF_P4,LEARNED_ANION,joint,Mo:1|N:3|Te:1,3
nitride,MF_P4,LEARNED_ANION,joint,N:2|O:1|Ta:1|Zr:1,3
nitride,MF_P4,LEARNED_ANION,joint,N:3|Nb:1|Sb:1,3
nitride,MF_P4,LEARNED_ANION,joint,N:3|Nb:1|Ta:1,3
nitride,MF_P4,LEARNED_ANION,joint,N:3|Nb:1|Te:1,17
nitride,MF_P4,LEARNED_ANION,joint,N:3|Nb:1|Ti:1,1
nitride,MF_P4,LEARNED_ANION,joint,N:3|Pb:1|W:1,1
nitride,MF_P4,LEARNED_ANION,joint,N:3|Si:1|Ta:1,3
nitride,MF_P4,LEARNED_ANION,joint,N:3|Ta:1|Ti:1,1
nitride,MF_P4,LEARNED_ANION,joint,N:3|Ta:1|Zr:1,32
nitride,MF_P4,LEARNED_ANION,property,Ag:1|Bi:1|N:3,1
nitride,MF_P4,LEARNED_ANION,property,Ag:1|Co:1|O:3,1
nitride,MF_P4,LEARNED_ANION,property,Ag:1|F:1|N:2|Os:1,1
nitride,MF_P4,LEARNED_ANION,property,Ag:1|N:2|O:1|Ru:1,1
nitride,MF_P4,LEARNED_ANION,property,Ag:1|N:2|O:1|Si:1,1
nitride,MF_P4,LEARNED_ANION,property,Ag:1|N:2|O:1|Sn:1,1
nitride,MF_P4,LEARNED_ANION,property,Ag:1|N:3|Nb:1,1
nitride,MF_P4,LEARNED_ANION,property,Ag:1|N:3|Zr:1,1
nitride,MF_P4,LEARNED_ANION,property,Ag:2|N:1|O:2,1
nitride,MF_P4,LEARNED_ANION,property,Al:1|Ba:1|F:1|O:2,1
nitride,MF_P4,LEARNED_ANION,property,Al:1|Cr:1|N:3,1
nitride,MF_P4,LEARNED_ANION,property,Al:1|Ga:1|N:3,1
nitride,MF_P4,LEARNED_ANION,property,Al:1|In:1|N:2|O:1,1
nitride,MF_P4,LEARNED_ANION,property,Al:1|N:1|O:2|Rb:1,1
nitride,MF_P4,LEARNED_ANION,property,Al:1|N:1|O:2|Zr:1,1
nitride,MF_P4,LEARNED_ANION,property,Al:1|N:2|O:1|Sr:1,1
nitride,MF_P4,LEARNED_ANION,property,Al:1|N:3|Si:1,1
nitride,MF_P4,LEARNED_ANION,property,As:1|Cd:1|N:2|O:1,1
nitride,MF_P4,LEARNED_ANION,property,As:1|Co:1|N:3,1
nitride,MF_P4,LEARNED_ANION,property,As:1|In:1|N:1|O:2,1
nitride,MF_P4,LEARNED_ANION,property,As:1|K:1|N:3,1
nitride,MF_P4,LEARNED_ANION,property,As:1|N:1|O:2|Sc:1,1
nitride,MF_P4,LEARNED_ANION,property,As:1|N:2|O:1|Rb:1,1
nitride,MF_P4,LEARNED_ANION,property,As:1|N:3|Os:1,1
nitride,MF_P4,LEARNED_ANION,property,As:1|N:3|Ta:1,1
nitride,MF_P4,LEARNED_ANION,property,As:1|N:3|V:1,1
nitride,MF_P4,LEARNED_ANION,property,As:1|N:3|Zr:1,1
nitride,MF_P4,LEARNED_ANION,property,As:2|O:3,1
nitride,MF_P4,LEARNED_ANION,property,Au:1|Co:1|N:1|O:2,1
nitride,MF_P4,LEARNED_ANION,property,Au:1|Cu:1|N:3,1
nitride,MF_P4,LEARNED_ANION,property,B:1|Be:1|N:2|O:1,1
nitride,MF_P4,LEARNED_ANION,property,B:1|Cs:1|N:3,1
nitride,MF_P4,LEARNED_ANION,property,B:1|Cu:1|F:1|N:1|O:1,1
nitride,MF_P4,LEARNED_ANION,property,B:1|Hf:1|N:3,1
nitride,MF_P4,LEARNED_ANION,property,B:1|N:1|O:2|Sb:1,1
nitride,MF_P4,LEARNED_ANION,property,B:1|N:3|Sb:1,1
nitride,MF_P4,LEARNED_ANION,property,B:1|N:3|Sc:1,1
nitride,MF_P4,LEARNED_ANION,property,B:1|N:3|Ti:1,1
nitride,MF_P4,LEARNED_ANION,property,Ba:1|Be:1|F:1|N:1|O:1,1
nitride,MF_P4,LEARNED_ANION,property,Ba:1|Bi:1|F:1|N:1|O:1,1
nitride,MF_P4,LEARNED_ANION,property,Ba:1|Bi:1|F:1|O:2,1
nitride,MF_P4,LEARNED_ANION,property,Ba:1|Co:1|F:1|N:1|O:1,2
nitride,MF_P4,LEARNED_ANION,property,Ba:1|F:1|Ga:1|O:2,1
nitride,MF_P4,LEARNED_ANION,property,Ba:1|F:1|Ge:1|N:1|O:1,1
nitride,MF_P4,LEARNED_ANION,property,Ba:1|F:1|Hf:1|N:1|O:1,1
nitride,MF_P4,LEARNED_ANION,property,Ba:1|F:1|Mg:1|O:2,1
nitride,MF_P4,LEARNED_ANION,property,Ba:1|F:1|Mn:1|N:1|O:1,1
nitride,MF_P4,LEARNED_ANION,property,Ba:1|F:1|N:1|O:1|Sc:1,2
nitride,MF_P4,LEARNED_ANION,property,Ba:1|F:1|N:1|O:1|Sn:1,1
nitride,MF_P4,LEARNED_ANION,property,Ba:1|F:1|N:2|Ru:1,1
nitride,MF_P4,LEARNED_ANION,property,Ba:1|F:1|O:2|Sb:1,1
nitride,MF_P4,LEARNED_ANION,property,Ba:1|F:1|O:2|V:1,1
nitride,MF_P4,LEARNED_ANION,property,Ba:1|F:1|O:2|Zn:1,1
nitride,MF_P4,LEARNED_ANION,property,Ba:1|Ge:1|N:1|O:2,2
nitride,MF_P4,LEARNED_ANION,property,Ba:1|In:1|N:1|O:2,1
nitride,MF_P4,LEARNED_ANION,property,Ba:1|Ir:1|N:2|O:1,1
nitride,MF_P4,LEARNED_ANION,property,Ba:1|N:1|O:2|Si:1,1
nitride,MF_P4,LEARNED_ANION,property,Ba:1|N:1|O:2|W:1,1
nitride,MF_P4,LEARNED_ANION,property,Ba:1|N:1|O:2|Zr:1,2
nitride,MF_P4,LEARNED_ANION,property,Ba:1|N:2|O:1|Os:1,1
nitride,MF_P4,LEARNED_ANION,property,Ba:1|N:2|O:1|Zr:1,1
nitride,MF_P4,LEARNED_ANION,property,Ba:1|N:3|Nb:1,1
nitride,MF_P4,LEARNED_ANION,property,Ba:1|N:3|Si:1,1
nitride,MF_P4,LEARNED_ANION,property,Ba:1|O:3|Sb:1,1
nitride,MF_P4,LEARNED_ANION,property,Be:1|Ca:1|N:1|O:2,2
nitride,MF_P4,LEARNED_ANION,property,Be:1|F:1|Hf:1|N:2,1
nitride,MF_P4,LEARNED_ANION,property,Be:1|Ge:1|O:3,1
nitride,MF_P4,LEARNED_ANION,property,Be:1|K:1|N:1|O:2,1
nitride,MF_P4,LEARNED_ANION,property,Be:1|La:1|N:1|O:2,1
nitride,MF_P4,LEARNED_ANION,property,Be:1|Mg:1|N:1|O:2,1
nitride,MF_P4,LEARNED_ANION,property,Be:1|N:2|O:1|Os:1,1
nitride,MF_P4,LEARNED_ANION,property,Be:1|N:2|O:1|Zr:1,1
nitride,MF_P4,LEARNED_ANION,property,Be:1|N:3|Sb:1,1
nitride,MF_P4,LEARNED_ANION,property,Bi:1|Cs:1|N:3,1
nitride,MF_P4,LEARNED_ANION,property,Bi:1|F:1|Mn:1|O:2,1
nitride,MF_P4,LEARNED_ANION,property,Bi:1|F:1|N:1|Na:1|O:1,1
nitride,MF_P4,LEARNED_ANION,property,Bi:1|F:1|O:2|Rb:1,1
nitride,MF_P4,LEARNED_ANION,property,Bi:1|Ge:1|N:1|O:1|S:1,1
nitride,MF_P4,LEARNED_ANION,property,Bi:1|K:1|N:1|O:2,1
nitride,MF_P4,LEARNED_ANION,property,Bi:1|N:2|S:1|Tl:1,1
nitride,MF_P4,LEARNED_ANION,property,Ca:1|Cu:1|N:2|O:1,1
nitride,MF_P4,LEARNED_ANION,property,Ca:1|F:1|Ge:1|O:2,2
nitride,MF_P4,LEARNED_ANION,property,Ca:1|F:1|In:1|O:2,1
nitride,MF_P4,LEARNED_ANION,property,Ca:1|F:1|N:1|O:1|Sn:1,1
nitride,MF_P4,LEARNED_ANION,property,Ca:1|F:1|O:2|Sb:1,1
nitride,MF_P4,LEARNED_ANION,property,Ca:1|F:1|O:2|V:1,1
nitride,MF_P4,LEARNED_ANION,property,Ca:1|Fe:1|N:1|O:2,1
nitride,MF_P4,LEARNED_ANION,property,Ca:1|Ir:1|N:2|O:1,1
nitride,MF_P4,LEARNED_ANION,property,Ca:1|N:1|O:2|Re:1,1
nitride,MF_P4,LEARNED_ANION,property,Ca:1|N:1|O:2|Zr:1,1
nitride,MF_P4,LEARNED_ANION,property,Ca:1|N:2|O:1|V:1,1
nitride,MF_P4,LEARNED_ANION,property,Ca:1|N:3|Ru:1,1
nitride,MF_P4,LEARNED_ANION,property,Cd:1|F:1|La:1|N:2,1
nitride,MF_P4,LEARNED_ANION,property,Cd:1|Ga:1|N:1|O:2,1
nitride,MF_P4,LEARNED_ANION,property,Cd:1|Mo:1|N:3,1
nitride,MF_P4,LEARNED_ANION,property,Cd:1|N:1|O:2|Os:1,1
nitride,MF_P4,LEARNED_ANION,property,Cd:1|N:2|Na:1|O:1,1
nitride,MF_P4,LEARNED_ANION,property,Cd:1|N:2|O:1|Pt:1,1
nitride,MF_P4,LEARNED_ANION,property,Cd:1|N:3|Os:1,1
nitride,MF_P4,LEARNED_ANION,property,Cd:1|N:3|Sc:1,1
nitride,MF_P4,LEARNED_ANION,property,Cd:1|O:3|Si:1,1
nitride,MF_P4,LEARNED_ANION,property,Co:1|Cr:1|N:2|O:1,1
nitride,MF_P4,LEARNED_ANION,property,Co:1|F:1|Hf:1|N:1|S:1,1
nitride,MF_P4,LEARNED_ANION,property,Co:1|Fe:1|N:1|O:2,1
nitride,MF_P4,LEARNED_ANION,property,Co:1|La:1|N:1|O:2,1
nitride,MF_P4,LEARNED_ANION,property,Co:1|La:1|N:2|O:1,1
nitride,MF_P4,LEARNED_ANION,property,Co:1|N:1|O:1|S:1|Ti:1,1
nitride,MF_P4,LEARNED_ANION,property,Co:1|N:1|O:2|Zn:1,1
nitride,MF_P4,LEARNED_ANION,property,Co:1|N:2|O:1|Pb:1,1
nitride,MF_P4,LEARNED_ANION,property,Co:1|N:2|Rb:1|S:1,1
nitride,MF_P4,LEARNED_ANION,property,Co:1|N:3|Sc:1,1
nitride,MF_P4,LEARNED_ANION,property,Cr:1|F:1|Mo:1|N:2,1
nitride,MF_P4,LEARNED_ANION,property,Cr:1|F:1|N:1|Ru:1|S:1,1
nitride,MF_P4,LEARNED_ANION,property,Cr:1|F:1|N:2|Ru:1,1
nitride,MF_P4,LEARNED_ANION,property,Cr:1|Ga:1|N:3,1
nitride,MF_P4,LEARNED_ANION,property,Cr:1|Hf:1|N:3,1
nitride,MF_P4,LEARNED_ANION,property,Cr:1|In:1|N:2|O:1,1
nitride,MF_P4,LEARNED_ANION,property,Cr:1|Ir:1|N:3,1
nitride,MF_P4,LEARNED_ANION,property,Cr:1|N:1|O:2|Rb:1,1
nitride,MF_P4,LEARNED_ANION,property,Cr:1|N:3|Te:1,1
nitride,MF_P4,LEARNED_ANION,property,Cs:1|F:1|Ge:1|O:2,1
nitride,MF_P4,LEARNED_ANION,property,Cs:1|F:1|O:2|Sb:1,1
nitride,MF_P4,LEARNED_ANION,property,Cs:1|In:1|O:3,1
nitride,MF_P4,LEARNED_ANION,property,Cs:1|N:1|O:2|Ta:1,1
nitride,MF_P4,LEARNED_ANION,property,Cs:1|N:2|O:1|Pb:1,1
nitride,MF_P4,LEARNED_ANION,property,Cs:1|N:3|Ru:1,1
nitride,MF_P4,LEARNED_ANION,property,Cs:1|N:3|Y:1,1
nitride,MF_P4,LEARNED_ANION,property,Cs:1|N:3|Zn:1,1
nitride,MF_P4,LEARNED_ANION,property,Cu:1|Fe:1|N:2|O:1,1
nitride,MF_P4,LEARNED_ANION,property,Cu:1|Ge:1|N:2|O:1,1
nitride,MF_P4,LEARNED_ANION,property,Cu:1|In:1|N:1|O:2,1
nitride,MF_P4,LEARNED_ANION,property,Cu:1|La:1|N:3,1
nitride,MF_P4,LEARNED_ANION,property,Cu:1|N:2|O:1|Sc:1,1
nitride,MF_P4,LEARNED_ANION,property,Cu:1|N:2|O:1|Y:1,1
nitride,MF_P4,LEARNED_ANION,property,Cu:1|N:3|Ru:1,1
nitride,MF_P4,LEARNED_ANION,property,Cu:1|N:3|Sr:1,1
nitride,MF_P4,LEARNED_ANION,property,Cu:1|N:3|Ti:1,1
nitride,MF_P4,LEARNED_ANION,property,Cu:2|N:1|O:2,1
nitride,MF_P4,LEARNED_ANION,property,F:1|Fe:1|Li:1|O:2,1
nitride,MF_P4,LEARNED_ANION,property,F:1|Ga:1|N:1|O:1|Sr:1,1
nitride,MF_P4,LEARNED_ANION,property,F:1|Ga:1|O:2|Tl:1,1
nitride,MF_P4,LEARNED_ANION,property,F:1|In:1|N:1|O:1|Sn:1,1
nitride,MF_P4,LEARNED_ANION,property,F:1|In:1|O:2|Rb:1,1
nitride,MF_P4,LEARNED_ANION,property,F:1|K:1|O:2|Sn:1,1
nitride,MF_P4,LEARNED_ANION,property,F:1|La:1|Mo:1|N:1|O:1,1
nitride,MF_P4,LEARNED_ANION,property,F:1|La:1|N:2|Rh:1,1
nitride,MF_P4,LEARNED_ANION,property,F:1|La:1|O:2|Re:1,1
nitride,MF_P4,LEARNED_ANION,property,F:1|Mg:1|Na:1|O:2,1
nitride,MF_P4,LEARNED_ANION,property,F:1|Mo:1|O:2|Sr:1,1
nitride,MF_P4,LEARNED_ANION,property,F:1|N:1|Nb:1|O:1|Rb:1,1
nitride,MF_P4,LEARNED_ANION,property,F:1|N:1|O:1|Rb:1|Sc:1,1
nitride,MF_P4,LEARNED_ANION,property,F:1|N:1|O:1|Rb:1|Sn:1,1
nitride,MF_P4,LEARNED_ANION,property,F:1|N:1|O:1|Si:1|Sn:1,1
nitride,MF_P4,LEARNED_ANION,property,F:1|N:1|O:1|Ta:1|Zr:1,1
nitride,MF_P4,LEARNED_ANION,property,F:1|N:1|O:1|Te:1|Y:1,1
nitride,MF_P4,LEARNED_ANION,property,F:1|N:2|Ni:1|Si:1,1
nitride,MF_P4,LEARNED_ANION,property,F:1|N:2|Os:1|Rb:1,1
nitride,MF_P4,LEARNED_ANION,property,F:1|N:2|Os:1|Ru:1,1
nitride,MF_P4,LEARNED_ANION,property,F:1|N:2|Sc:1|Si:1,1
nitride,MF_P4,LEARNED_ANION,property,F:1|N:2|Sn:1|V:1,1
nitride,MF_P4,LEARNED_ANION,property,F:1|Na:1|O:2|Sb:1,1
nitride,MF_P4,LEARNED_ANION,property,F:1|O:2|Rb:1|Zn:1,1
nitride,MF_P4,LEARNED_ANION,property,F:1|O:2|Sn:1|Sr:1,1
nitride,MF_P4,LEARNED_ANION,property,F:1|O:2|Sn:1|Zn:1,1
nitride,MF_P4,LEARNED_ANION,property,F:1|O:2|Sr:1|Ta:1,1
nitride,MF_P4,LEARNED_ANION,property,F:1|O:2|Sr:1|Zr:1,1
nitride,MF_P4,LEARNED_ANION,property,F:1|O:2|Tl:1|Zr:1,1
nitride,MF_P4,LEARNED_ANION,property,Fe:1|Hf:1|N:3,1
nitride,MF_P4,LEARNED_ANION,property,Fe:1|In:1|N:2|O:1,1
nitride,MF_P4,LEARNED_ANION,property,Fe:1|Li:1|N:1|O:2,1
nitride,MF_P4,LEARNED_ANION,property,Fe:1|N:1|O:2|Sr:1,1
nitride,MF_P4,LEARNED_ANION,property,Fe:1|N:2|O:1|Rh:1,1
nitride,MF_P4,LEARNED_ANION,property,Fe:1|N:2|O:1|Ru:1,1
nitride,MF_P4,LEARNED_ANION,property,Fe:1|N:2|O:1|Sn:1,1
nitride,MF_P4,LEARNED_ANION,property,Fe:1|N:2|O:1|Zn:1,1
nitride,MF_P4,LEARNED_ANION,property,Fe:1|N:3|Tl:1,1
nitride,MF_P4,LEARNED_ANION,property,Ga:1|Hf:1|N:2|O:1,1
nitride,MF_P4,LEARNED_ANION,property,Ga:1|Ir:1|N:3,1
nitride,MF_P4,LEARNED_ANION,property,Ga:1|K:1|O:3,1
nitride,MF_P4,LEARNED_ANION,property,Ga:1|Mo:1|N:1|O:1|S:1,1
nitride,MF_P4,LEARNED_ANION,property,Ga:1|Mo:1|N:1|O:2,1
nitride,MF_P4,LEARNED_ANION,property,Ga:1|N:3|Sr:1,1
nitride,MF_P4,LEARNED_ANION,property,Ga:1|N:3|Tl:1,1
nitride,MF_P4,LEARNED_ANION,property,Ga:1|O:3|Sc:1,1
nitride,MF_P4,LEARNED_ANION,property,Ge:1|Hf:1|N:3,1
nitride,MF_P4,LEARNED_ANION,property,Ge:1|In:1|N:2|S:1,1
nitride,MF_P4,LEARNED_ANION,property,Ge:1|In:1|N:3,1
nitride,MF_P4,LEARNED_ANION,property,Ge:1|K:1|N:2|O:1,1
nitride,MF_P4,LEARNED_ANION,property,Ge:1|K:1|O:3,1
nitride,MF_P4,LEARNED_ANION,property,Ge:1|Mo:1|N:2|O:1,1
nitride,MF_P4,LEARNED_ANION,property,Ge:1|N:1|O:2|Pb:1,1
nitride,MF_P4,LEARNED_ANION,property,Ge:1|N:1|O:2|Sr:1,1
nitride,MF_P4,LEARNED_ANION,property,Ge:1|N:2|O:1|Tl:1,1
nitride,MF_P4,LEARNED_ANION,property,Ge:1|N:3|Zr:1,1
nitride,MF_P4,LEARNED_ANION,property,Ge:1|O:3|Tl:1,2
nitride,MF_P4,LEARNED_ANION,property,Hf:1|Mo:1|N:2|O:1,1
nitride,MF_P4,LEARNED_ANION,property,Hf:1|N:1|O:2|Y:1,1
nitride,MF_P4,LEARNED_ANION,property,Hf:1|N:2|O:1|Te:1,1
nitride,MF_P4,LEARNED_ANION,property,Hf:1|N:3|Rh:1,1
nitride,MF_P4,LEARNED_ANION,property,Hf:1|N:3|Si:1,1
nitride,MF_P4,LEARNED_ANION,property,Hg:1|N:2|O:1|Zr:1,1
nitride,MF_P4,LEARNED_ANION,property,Hg:1|N:3|Ru:1,1
nitride,MF_P4,LEARNED_ANION,property,In:1|La:1|N:1|O:2,1
nitride,MF_P4,LEARNED_ANION,property,In:1|Mg:1|N:3,1
nitride,MF_P4,LEARNED_ANION,property,In:1|N:1|O:2|Re:1,1
nitride,MF_P4,LEARNED_ANION,property,In:1|N:2|O:1|Pd:1,1
nitride,MF_P4,LEARNED_ANION,property,In:1|N:2|O:1|Ru:1,1
nitride,MF_P4,LEARNED_ANION,property,In:1|N:3|Os:1,1
nitride,MF_P4,LEARNED_ANION,property,In:1|N:3|Te:1,1
nitride,MF_P4,LEARNED_ANION,property,In:1|N:3|Ti:1,1
nitride,MF_P4,LEARNED_ANION,property,Ir:1|N:3|Os:1,1
nitride,MF_P4,LEARNED_ANION,property,Ir:1|N:3|Rh:1,1
nitride,MF_P4,LEARNED_ANION,property,K:1|N:1|O:2|Ti:1,1
nitride,MF_P4,LEARNED_ANION,property,K:1|N:2|O:1|Pb:1,1
nitride,MF_P4,LEARNED_ANION,property,K:1|N:3|Nb:1,1
nitride,MF_P4,LEARNED_ANION,property,K:1|N:3|Pt:1,1
nitride,MF_P4,LEARNED_ANION,property,K:1|N:3|Zn:1,1
nitride,MF_P4,LEARNED_ANION,property,La:1|N:1|O:2|Os:1,1
nitride,MF_P4,LEARNED_ANION,property,La:1|N:2|O:1|Rh:1,1
nitride,MF_P4,LEARNED_ANION,property,La:1|N:3|Ni:1,1
nitride,MF_P4,LEARNED_ANION,property,Li:1|N:2|Ni:1|S:1,1
nitride,MF_P4,LEARNED_ANION,property,Li:1|N:3|Ni:1,1
nitride,MF_P4,LEARNED_ANION,property,Li:1|N:3|Te:1,1
nitride,MF_P4,LEARNED_ANION,property,Mg:1|N:2|O:1|Re:1,1
nitride,MF_P4,LEARNED_ANION,property,Mg:1|N:2|O:1|Ru:1,1
nitride,MF_P4,LEARNED_ANION,property,Mn:1|Mo:1|N:2|O:1,1
nitride,MF_P4,LEARNED_ANION,property,Mn:1|N:1|O:2|Ru:1,1
nitride,MF_P4,LEARNED_ANION,property,Mn:1|N:1|O:2|Sn:1,1
nitride,MF_P4,LEARNED_ANION,property,Mn:1|N:1|O:2|Zr:1,1
nitride,MF_P4,LEARNED_ANION,property,Mn:1|N:2|Nb:1|O:1,1
nitride,MF_P4,LEARNED_ANION,property,Mn:1|Na:1|O:3,1
nitride,MF_P4,LEARNED_ANION,property,Mo:1|N:1|O:2|Si:1,1
nitride,MF_P4,LEARNED_ANION,property,Mo:1|N:1|O:2|Y:1,1
nitride,MF_P4,LEARNED_ANION,property,Mo:1|N:2|O:1|Si:1,1
nitride,MF_P4,LEARNED_ANION,property,Mo:1|N:2|O:1|Y:1,1
nitride,MF_P4,LEARNED_ANION,property,Mo:1|N:3|Na:1,1
nitride,MF_P4,LEARNED_ANION,property,N:1|Na:1|O:2|Sn:1,1
nitride,MF_P4,LEARNED_ANION,property,N:1|Nb:1|O:1|Os:1|S:1,1
nitride,MF_P4,LEARNED_ANION,property,N:1|Nb:1|O:2|Sn:1,1
nitride,MF_P4,LEARNED_ANION,property,N:1|Nb:1|O:2|Te:1,1
nitride,MF_P4,LEARNED_ANION,property,N:1|Ni:1|O:2|Y:1,1
nitride,MF_P4,LEARNED_ANION,property,N:1|O:2|Os:1|Te:1,1
nitride,MF_P4,LEARNED_ANION,property,N:1|O:2|Re:1|Ta:1,1
nitride,MF_P4,LEARNED_ANION,property,N:1|O:2|Sc:1|Sr:1,1
nitride,MF_P4,LEARNED_ANION,property,N:1|O:2|Sc:1|Tl:1,1
nitride,MF_P4,LEARNED_ANION,property,N:1|O:2|Si:1|Zr:1,1
nitride,MF_P4,LEARNED_ANION,property,N:1|O:2|Sr:1|W:1,1
nitride,MF_P4,LEARNED_ANION,property,N:1|O:2|Ta:1|Tl:1,1
nitride,MF_P4,LEARNED_ANION,property,N:1|O:2|Ta:1|Zn:1,1
nitride,MF_P4,LEARNED_ANION,property,N:2|Na:1|O:1|Pb:1,1
nitride,MF_P4,LEARNED_ANION,property,N:2|Nb:1|O:1|Re:1,1
nitride,MF_P4,LEARNED_ANION,property,N:2|Nb:1|O:1|Ti:1,1
nitride,MF_P4,LEARNED_ANION,property,N:2|O:1|Os:1|Pd:1,1
nitride,MF_P4,LEARNED_ANION,property,N:2|O:1|Os:1|Si:1,1
nitride,MF_P4,LEARNED_ANION,property,N:2|O:1|Os:1|Te:1,1
nitride,MF_P4,LEARNED_ANION,property,N:2|O:1|Os:1|Ti:1,1
nitride,MF_P4,LEARNED_ANION,property,N:2|O:1|Pb:1|V:1,1
nitride,MF_P4,LEARNED_ANION,property,N:2|O:1|Rb:1|Re:1,1
nitride,MF_P4,LEARNED_ANION,property,N:2|O:1|Rb:1|Te:1,1
nitride,MF_P4,LEARNED_ANION,property,N:2|O:1|Rb:1|Tl:1,1
nitride,MF_P4,LEARNED_ANION,property,N:2|O:1|Re:1|Sn:1,1
nitride,MF_P4,LEARNED_ANION,property,N:2|O:1|Re:1|Zn:1,1
nitride,MF_P4,LEARNED_ANION,property,N:2|O:1|Ru:1|Tl:1,1
nitride,MF_P4,LEARNED_ANION,property,N:2|O:1|Ru:2,1
nitride,MF_P4,LEARNED_ANION,property,N:2|S:1|Ta:1|Zn:1,1
nitride,MF_P4,LEARNED_ANION,property,N:3|Nb:1|Zn:1,1
nitride,MF_P4,LEARNED_ANION,property,N:3|Os:1|Sb:1,1
nitride,MF_P4,LEARNED_ANION,property,N:3|Pb:1|Ta:1,1
nitride,MF_P4,LEARNED_ANION,property,N:3|Pd:1|Te:1,1
nitride,MF_P4,LEARNED_ANION,property,N:3|Rb:1|Te:1,1
nitride,MF_P4,LEARNED_ANION,property,N:3|Rb:1|Y:1,1
nitride,MF_P4,LEARNED_ANION,property,N:3|Rh:1|Y:1,1
nitride,MF_P4,LEARNED_ANION,property,N:3|Ru:1|Sr:1,1
nitride,MF_P4,LEARNED_ANION,property,N:3|Ru:1|Te:1,1
nitride,MF_P4,LEARNED_ANION,property,N:3|Ru:1|V:1,1
nitride,MF_P4,LEARNED_ANION,property,N:3|Sn:1|V:1,1
nitride,MF_P4,LEARNED_ANION,property,N:3|Te:1|W:1,1
nitride,MF_P4,LEARNED_ANION,property,N:3|Ti:1|V:1,1
nitride,MF_P4,LEARNED_ANION,property,O:3|Rb:1|Sc:1,1
nitride,MF_P4,LEARNED_ANION,property,O:3|Sr:1|Ti:1,1
nitride,MF_P4,LEARNED_ANION,property,O:3|Sr:1|W:1,1
other_mixed,MF_P3,LEARNED_ANION,fixed_real,Cr:1|Cs:1|N:3,272
other_mixed,MF_P3,LEARNED_ANION,fixed_real,Cr:1|N:3|Rb:1,3
other_mixed,MF_P3,LEARNED_ANION,fixed_real,Cs:1|Fe:1|N:3,2
other_mixed,MF_P3,LEARNED_ANION,fixed_real,Cs:1|N:3|Zr:1,11
other_mixed,MF_P3,LEARNED_ANION,joint,Ag:1|Al:1|O:3,1
other_mixed,MF_P3,LEARNED_ANION,joint,Al:1|Be:1|O:3,2
other_mixed,MF_P3,LEARNED_ANION,joint,Al:1|Li:1|O:3,18
other_mixed,MF_P3,LEARNED_ANION,joint,Al:1|Mg:1|O:3,1
other_mixed,MF_P3,LEARNED_ANION,joint,Al:1|O:3|Pd:1,1
other_mixed,MF_P3,LEARNED_ANION,joint,Al:1|O:3|Pt:1,2
other_mixed,MF_P3,LEARNED_ANION,joint,Al:1|O:3|Tl:1,7
other_mixed,MF_P3,LEARNED_ANION,joint,B:1|Li:1|O:3,3
other_mixed,MF_P3,LEARNED_ANION,joint,Bi:1|O:3|Si:1,1
other_mixed,MF_P3,LEARNED_ANION,joint,Ca:1|O:3|Si:1,1
other_mixed,MF_P3,LEARNED_ANION,joint,Cu:1|O:3|Ta:1,1
other_mixed,MF_P3,LEARNED_ANION,joint,Ga:1|Ge:1|O:3,2
other_mixed,MF_P3,LEARNED_ANION,joint,Ga:1|Mo:1|O:3,1
other_mixed,MF_P3,LEARNED_ANION,joint,Ga:1|Nb:1|O:3,28
other_mixed,MF_P3,LEARNED_ANION,joint,Ga:1|O:3|Ta:1,36
other_mixed,MF_P3,LEARNED_ANION,joint,Ga:1|O:3|W:1,1
other_mixed,MF_P3,LEARNED_ANION,joint,Ga:1|O:3|Zr:1,1
other_mixed,MF_P3,LEARNED_ANION,joint,Ge:1|O:3|Sn:1,36
other_mixed,MF_P3,LEARNED_ANION,joint,In:1|Nb:1|O:3,1
other_mixed,MF_P3,LEARNED_ANION,joint,In:1|O:3|Ti:1,24
other_mixed,MF_P3,LEARNED_ANION,joint,In:1|O:3|Zr:1,7
other_mixed,MF_P3,LEARNED_ANION,joint,Li:1|O:3|Si:1,9
other_mixed,MF_P3,LEARNED_ANION,joint,Mg:1|Na:1|O:3,2
other_mixed,MF_P3,LEARNED_ANION,joint,Mg:1|O:3|Si:1,21
other_mixed,MF_P3,LEARNED_ANION,joint,Mn:1|O:3|Sn:1,34
other_mixed,MF_P3,LEARNED_ANION,joint,Mo:1|O:3|Sn:1,1
other_mixed,MF_P3,LEARNED_ANION,joint,Nb:1|O:3|Zn:1,3
other_mixed,MF_P3,LEARNED_ANION,joint,O:3|Re:1|Zn:1,1
other_mixed,MF_P3,LEARNED_ANION,joint,O:3|Si:1|Sn:1,1
other_mixed,MF_P3,LEARNED_ANION,joint,O:3|Si:1|Y:1,3
other_mixed,MF_P3,LEARNED_ANION,joint,O:3|Sn:1|Ti:1,16
other_mixed,MF_P3,LEARNED_ANION,joint,O:3|Sn:1|Zr:1,22
other_mixed,MF_P3,LEARNED_ANION,property,Ag:1|Al:1|N:3,1
other_mixed,MF_P3,LEARNED_ANION,property,Ag:1|Bi:1|O:3,1
other_mixed,MF_P3,LEARNED_ANION,property,Ag:1|N:3|Sn:1,1
other_mixed,MF_P3,LEARNED_ANION,property,Ag:1|O:3|Sn:1,1
other_mixed,MF_P3,LEARNED_ANION,property,Al:1|Ba:1|O:3,2
other_mixed,MF_P3,LEARNED_ANION,property,Al:1|Co:1|N:3,1
other_mixed,MF_P3,LEARNED_ANION,property,Al:1|Cr:1|N:3,1
other_mixed,MF_P3,LEARNED_ANION,property,Al:1|Ge:1|N:3,1
other_mixed,MF_P3,LEARNED_ANION,property,Al:1|Ir:1|N:3,1
other_mixed,MF_P3,LEARNED_ANION,property,Al:1|N:3|Pb:1,1
other_mixed,MF_P3,LEARNED_ANION,property,Al:1|N:3|Sc:1,1
other_mixed,MF_P3,LEARNED_ANION,property,Al:1|N:3|Zn:1,2
other_mixed,MF_P3,LEARNED_ANION,property,Al:1|O:3|Sc:1,6
other_mixed,MF_P3,LEARNED_ANION,property,Al:1|O:3|Y:1,3
other_mixed,MF_P3,LEARNED_ANION,property,As:1|Cs:1|N:3,1
other_mixed,MF_P3,LEARNED_ANION,property,As:1|Cu:1|N:3,2
other_mixed,MF_P3,LEARNED_ANION,property,As:1|In:1|N:3,1
other_mixed,MF_P3,LEARNED_ANION,property,As:1|Mn:1|N:3,1
other_mixed,MF_P3,LEARNED_ANION,property,As:1|Mo:1|N:3,1
other_mixed,MF_P3,LEARNED_ANION,property,As:1|N:3|Rb:1,1
other_mixed,MF_P3,LEARNED_ANION,property,As:1|O:3|Tl:1,1
other_mixed,MF_P3,LEARNED_ANION,property,Au:1|K:1|N:3,1
other_mixed,MF_P3,LEARNED_ANION,property,B:1|Hg:1|N:3,1
other_mixed,MF_P3,LEARNED_ANION,property,Ba:1|Fe:1|O:3,1
other_mixed,MF_P3,LEARNED_ANION,property,Ba:1|Ge:1|N:3,1
other_mixed,MF_P3,LEARNED_ANION,property,Ba:1|N:3|Sn:1,1
other_mixed,MF_P3,LEARNED_ANION,property,Ba:1|Nb:1|O:3,1
other_mixed,MF_P3,LEARNED_ANION,property,Ba:1|O:3|Ru:1,1
other_mixed,MF_P3,LEARNED_ANION,property,Ba:1|O:3|Ta:1,5
other_mixed,MF_P3,LEARNED_ANION,property,Ba:1|O:3|V:1,1
other_mixed,MF_P3,LEARNED_ANION,property,Ba:1|O:3|W:1,1
other_mixed,MF_P3,LEARNED_ANION,property,Ba:1|O:3|Zr:1,1
other_mixed,MF_P3,LEARNED_ANION,property,Be:1|Hf:1|N:3,1
other_mixed,MF_P3,LEARNED_ANION,property,Be:1|La:1|O:3,1
other_mixed,MF_P3,LEARNED_ANION,property,Be:1|N:3|Si:1,1
other_mixed,MF_P3,LEARNED_ANION,property,Be:1|N:3|Sr:1,1
other_mixed,MF_P3,LEARNED_ANION,property,Be:2|N:3,1
other_mixed,MF_P3,LEARNED_ANION,property,Bi:1|Hg:1|N:3,1
other_mixed,MF_P3,LEARNED_ANION,property,Bi:1|N:3|Pd:1,1
other_mixed,MF_P3,LEARNED_ANION,property,Bi:1|O:3|Sb:1,1
other_mixed,MF_P3,LEARNED_ANION,property,Bi:1|O:3|Sn:1,1
other_mixed,MF_P3,LEARNED_ANION,property,Ca:1|Cu:1|N:3,1
other_mixed,MF_P3,LEARNED_ANION,property,Ca:1|N:3|Ni:1,1
other_mixed,MF_P3,LEARNED_ANION,property,Ca:1|N:3|Si:1,1
other_mixed,MF_P3,LEARNED_ANION,property,Ca:1|O:3|Re:1,1
other_mixed,MF_P3,LEARNED_ANION,property,Ca:1|O:3|Sb:1,1
other_mixed,MF_P3,LEARNED_ANION,property,Cd:1|Ga:1|N:3,2
other_mixed,MF_P3,LEARNED_ANION,property,Cd:1|Ga:1|O:3,1
other_mixed,MF_P3,LEARNED_ANION,property,Cd:1|Ge:1|O:3,2
other_mixed,MF_P3,LEARNED_ANION,property,Cd:1|Hf:1|N:3,1
other_mixed,MF_P3,LEARNED_ANION,property,Cd:1|Hf:1|O:3,1
other_mixed,MF_P3,LEARNED_ANION,property,Cd:1|In:1|N:3,1
other_mixed,MF_P3,LEARNED_ANION,property,Cd:1|Li:1|N:3,2
other_mixed,MF_P3,LEARNED_ANION,property,Cd:1|N:3|Os:1,1
other_mixed,MF_P3,LEARNED_ANION,property,Cd:1|N:3|Re:1,1
other_mixed,MF_P3,LEARNED_ANION,property,Cd:1|N:3|Si:1,1
other_mixed,MF_P3,LEARNED_ANION,property,Cd:1|N:3|Y:1,1
other_mixed,MF_P3,LEARNED_ANION,property,Cd:1|O:3|Sc:1,2
other_mixed,MF_P3,LEARNED_ANION,property,Cd:1|O:3|Sn:1,3
other_mixed,MF_P3,LEARNED_ANION,property,Cd:1|O:3|Ta:1,2
other_mixed,MF_P3,LEARNED_ANION,property,Co:1|N:3|Nb:1,1
other_mixed,MF_P3,LEARNED_ANION,property,Co:1|N:3|Os:1,1
other_mixed,MF_P3,LEARNED_ANION,property,Co:1|N:3|Pt:1,1
other_mixed,MF_P3,LEARNED_ANION,property,Co:1|N:3|V:1,1
other_mixed,MF_P3,LEARNED_ANION,property,Cr:1|K:1|O:3,1
other_mixed,MF_P3,LEARNED_ANION,property,Cr:1|N:3|Os:1,1
other_mixed,MF_P3,LEARNED_ANION,property,Cr:1|N:3|Sn:1,1
other_mixed,MF_P3,LEARNED_ANION,property,Cr:1|N:3|Ti:1,1
other_mixed,MF_P3,LEARNED_ANION,property,Cr:1|N:3|Zn:1,1
other_mixed,MF_P3,LEARNED_ANION,property,Cr:1|Na:1|O:3,1
other_mixed,MF_P3,LEARNED_ANION,property,Cr:1|O:3|Sr:1,1
other_mixed,MF_P3,LEARNED_ANION,property,Cr:1|O:3|Ta:1,1
other_mixed,MF_P3,LEARNED_ANION,property,Cs:1|Fe:1|N:3,1
other_mixed,MF_P3,LEARNED_ANION,property,Cs:1|Ga:1|N:3,1
other_mixed,MF_P3,LEARNED_ANION,property,Cs:1|Ge:1|N:3,1
other_mixed,MF_P3,LEARNED_ANION,property,Cs:1|Hg:1|N:3,1
other_mixed,MF_P3,LEARNED_ANION,property,Cs:1|N:3|Ru:1,1
other_mixed,MF_P3,LEARNED_ANION,property,Cs:1|O:3|Re:1,1
other_mixed,MF_P3,LEARNED_ANION,property,Cu:1|K:1|N:3,2
other_mixed,MF_P3,LEARNED_ANION,property,Cu:1|Li:1|N:3,1
other_mixed,MF_P3,LEARNED_ANION,property,Cu:1|N:3|Rb:1,1
other_mixed,MF_P3,LEARNED_ANION,property,Cu:1|O:3|Y:1,1
other_mixed,MF_P3,LEARNED_ANION,property,Fe:1|K:1|O:3,1
other_mixed,MF_P3,LEARNED_ANION,property,Fe:1|N:3|Zn:1,1
other_mixed,MF_P3,LEARNED_ANION,property,Ga:1|In:1|N:3,2
other_mixed,MF_P3,LEARNED_ANION,property,Ga:1|In:1|O:3,1
other_mixed,MF_P3,LEARNED_ANION,property,Ga:1|K:1|N:3,1
other_mixed,MF_P3,LEARNED_ANION,property,Ga:1|K:1|O:3,1
other_mixed,MF_P3,LEARNED_ANION,property,Ga:1|Li:1|N:3,1
other_mixed,MF_P3,LEARNED_ANION,property,Ga:1|N:3|Pd:1,1
other_mixed,MF_P3,LEARNED_ANION,property,Ga:1|N:3|Sn:1,1
other_mixed,MF_P3,LEARNED_ANION,property,Ga:1|N:3|Ti:1,1
other_mixed,MF_P3,LEARNED_ANION,property,Ga:1|N:3|Zr:1,1
other_mixed,MF_P3,LEARNED_ANION,property,Ga:1|O:3|Sc:1,4
other_mixed,MF_P3,LEARNED_ANION,property,Ga:1|O:3|Sn:1,1
other_mixed,MF_P3,LEARNED_ANION,property,Ga:1|O:3|Zr:1,1
other_mixed,MF_P3,LEARNED_ANION,property,Ge:1|Hf:1|N:3,1
other_mixed,MF_P3,LEARNED_ANION,property,Ge:1|N:3|Ta:1,1
other_mixed,MF_P3,LEARNED_ANION,property,Ge:1|N:3|Te:1,1
other_mixed,MF_P3,LEARNED_ANION,property,Ge:1|N:3|Zr:1,1
other_mixed,MF_P3,LEARNED_ANION,property,Ge:1|O:3|Rb:1,2
other_mixed,MF_P3,LEARNED_ANION,property,Ge:1|O:3|Sn:1,1
other_mixed,MF_P3,LEARNED_ANION,property,Ge:1|O:3|Tl:1,1
other_mixed,MF_P3,LEARNED_ANION,property,Hf:1|Hg:1|O:3,1
other_mixed,MF_P3,LEARNED_ANION,property,Hf:1|In:1|O:3,1
other_mixed,MF_P3,LEARNED_ANION,property,Hf:1|Mo:1|N:3,1
other_mixed,MF_P3,LEARNED_ANION,property,Hf:1|N:3|Os:1,1
other_mixed,MF_P3,LEARNED_ANION,property,Hf:1|Na:1|O:3,1
other_mixed,MF_P3,LEARNED_ANION,property,Hf:1|O:3|Sb:1,1
other_mixed,MF_P3,LEARNED_ANION,property,Hf:1|O:3|Zn:1,4
other_mixed,MF_P3,LEARNED_ANION,property,Hg:1|N:3|Nb:1,1
other_mixed,MF_P3,LEARNED_ANION,property,Hg:1|N:3|Ni:1,2
other_mixed,MF_P3,LEARNED_ANION,property,Hg:1|N:3|Sb:1,2
other_mixed,MF_P3,LEARNED_ANION,property,Hg:1|N:3|Ti:1,1
other_mixed,MF_P3,LEARNED_ANION,property,In:1|K:1|O:3,1
other_mixed,MF_P3,LEARNED_ANION,property,In:1|Mg:1|N:3,1
other_mixed,MF_P3,LEARNED_ANION,property,In:1|N:3|Sb:1,1
other_mixed,MF_P3,LEARNED_ANION,property,In:1|N:3|Sc:1,1
other_mixed,MF_P3,LEARNED_ANION,property,In:1|N:3|W:1,2
other_mixed,MF_P3,LEARNED_ANION,property,In:1|N:3|Y:1,1
other_mixed,MF_P3,LEARNED_ANION,property,In:1|O:3|Sc:1,2
other_mixed,MF_P3,LEARNED_ANION,property,In:1|O:3|Sn:1,2
other_mixed,MF_P3,LEARNED_ANION,property,In:1|O:3|Y:1,2
other_mixed,MF_P3,LEARNED_ANION,property,In:1|O:3|Zr:1,1
other_mixed,MF_P3,LEARNED_ANION,property,Ir:1|K:1|N:3,1
other_mixed,MF_P3,LEARNED_ANION,property,Ir:1|N:3|Ru:1,1
other_mixed,MF_P3,LEARNED_ANION,property,Ir:1|N:3|Si:1,1
other_mixed,MF_P3,LEARNED_ANION,property,K:1|Mo:1|O:3,1
other_mixed,MF_P3,LEARNED_ANION,property,K:1|N:3|Ru:1,1
other_mixed,MF_P3,LEARNED_ANION,property,K:1|N:3|Zr:1,1
other_mixed,MF_P3,LEARNED_ANION,property,K:1|Nb:1|O:3,6
other_mixed,MF_P3,LEARNED_ANION,property,K:1|O:3|Ru:1,1
other_mixed,MF_P3,LEARNED_ANION,property,K:1|O:3|Sn:1,2
other_mixed,MF_P3,LEARNED_ANION,property,K:1|O:3|Ta:1,7
other_mixed,MF_P3,LEARNED_ANION,property,K:1|O:3|V:1,1
other_mixed,MF_P3,LEARNED_ANION,property,K:1|O:3|W:1,1
other_mixed,MF_P3,LEARNED_ANION,property,K:1|O:3|Zr:1,1
other_mixed,MF_P3,LEARNED_ANION,property,La:1|Mn:1|O:3,1
other_mixed,MF_P3,LEARNED_ANION,property,La:1|Mo:1|O:3,1
other_mixed,MF_P3,LEARNED_ANION,property,La:1|N:3|Sc:1,1
other_mixed,MF_P3,LEARNED_ANION,property,La:1|N:3|Sn:1,1
other_mixed,MF_P3,LEARNED_ANION,property,La:1|N:3|Tl:1,1
other_mixed,MF_P3,LEARNED_ANION,property,La:1|N:3|Y:1,1
other_mixed,MF_P3,LEARNED_ANION,property,La:1|Nb:1|O:3,1
other_mixed,MF_P3,LEARNED_ANION,property,La:1|O:3|Re:1,1
other_mixed,MF_P3,LEARNED_ANION,property,La:1|O:3|Sb:1,1
other_mixed,MF_P3,LEARNED_ANION,property,La:1|O:3|Sn:1,1
other_mixed,MF_P3,LEARNED_ANION,property,La:1|O:3|Ta:1,1
other_mixed,MF_P3,LEARNED_ANION,property,La:1|O:3|W:1,1
other_mixed,MF_P3,LEARNED_ANION,property,La:1|O:3|Zn:1,1
other_mixed,MF_P3,LEARNED_ANION,property,La:1|O:3|Zr:1,2
other_mixed,MF_P3,LEARNED_ANION,property,Li:1|Mo:1|N:3,1
other_mixed,MF_P3,LEARNED_ANION,property,Li:1|Mo:1|O:3,1
other_mixed,MF_P3,LEARNED_ANION,property,Li:1|N:3|Pd:1,1
other_mixed,MF_P3,LEARNED_ANION,property,Mg:1|Mn:1|O:3,1
other_mixed,MF_P3,LEARNED_ANION,property,Mg:1|O:3|Sc:1,4
other_mixed,MF_P3,LEARNED_ANION,property,Mg:1|O:3|Si:1,1
other_mixed,MF_P3,LEARNED_ANION,property,Mg:1|O:3|Ta:1,1
other_mixed,MF_P3,LEARNED_ANION,property,Mg:1|O:3|Tl:1,1
other_mixed,MF_P3,LEARNED_ANION,property,Mg:1|O:3|Y:1,1
other_mixed,MF_P3,LEARNED_ANION,property,Mn:1|N:3|Tl:1,1
other_mixed,MF_P3,LEARNED_ANION,property,Mn:1|N:3|W:1,1
other_mixed,MF_P3,LEARNED_ANION,property,Mn:1|O:3|Sn:1,1
other_mixed,MF_P3,LEARNED_ANION,property,Mn:1|O:3|Sr:1,1
other_mixed,MF_P3,LEARNED_ANION,property,Mo:1|O:3|Sc:1,1
other_mixed,MF_P3,LEARNED_ANION,property,N:3|Na:1|Si:1,1
other_mixed,MF_P3,LEARNED_ANION,property,N:3|Nb:1|Tl:1,1
other_mixed,MF_P3,LEARNED_ANION,property,N:3|Ni:1|Rb:1,1
other_mixed,MF_P3,LEARNED_ANION,property,N:3|Ni:1|Tl:1,1
other_mixed,MF_P3,LEARNED_ANION,property,N:3|Ni:1|Y:1,1
other_mixed,MF_P3,LEARNED_ANION,property,N:3|Ni:1|Zr:1,1
other_mixed,MF_P3,LEARNED_ANION,property,N:3|Os:1|Pd:1,1
other_mixed,MF_P3,LEARNED_ANION,property,N:3|Os:1|Rb:1,1
other_mixed,MF_P3,LEARNED_ANION,property,N:3|Os:1|Sn:1,1
other_mixed,MF_P3,LEARNED_ANION,property,N:3|Os:1|Ta:1,1
other_mixed,MF_P3,LEARNED_ANION,property,N:3|Pd:1|Tl:1,1
other_mixed,MF_P3,LEARNED_ANION,property,N:3|Rb:1|Te:1,1
other_mixed,MF_P3,LEARNED_ANION,property,N:3|Re:1|Sr:1,1
other_mixed,MF_P3,LEARNED_ANION,property,N:3|Re:1|Tl:1,1
other_mixed,MF_P3,LEARNED_ANION,property,N:3|Rh:1|Ru:1,1
other_mixed,MF_P3,LEARNED_ANION,property,N:3|Ru:1|Sc:1,1
other_mixed,MF_P3,LEARNED_ANION,property,N:3|Ru:1|Ta:1,1
other_mixed,MF_P3,LEARNED_ANION,property,N:3|Sb:1|Sn:1,1
other_mixed,MF_P3,LEARNED_ANION,property,N:3|Sb:1|Tl:1,1
other_mixed,MF_P3,LEARNED_ANION,property,N:3|Sb:1|Zr:1,1
other_mixed,MF_P3,LEARNED_ANION,property,N:3|Sc:1|W:1,1
other_mixed,MF_P3,LEARNED_ANION,property,N:3|Si:1|Sn:1,1
other_mixed,MF_P3,LEARNED_ANION,property,N:3|Si:1|Sr:1,1
other_mixed,MF_P3,LEARNED_ANION,property,N:3|Si:1|Tl:1,2
other_mixed,MF_P3,LEARNED_ANION,property,N:3|Sn:1|Y:1,1
other_mixed,MF_P3,LEARNED_ANION,property,N:3|Te:1|Tl:1,1
other_mixed,MF_P3,LEARNED_ANION,property,N:3|Te:1|Zn:1,1
other_mixed,MF_P3,LEARNED_ANION,property,N:3|Ti:1|Y:1,1
other_mixed,MF_P3,LEARNED_ANION,property,Na:1|Nb:1|O:3,1
other_mixed,MF_P3,LEARNED_ANION,property,Na:1|O:3|Os:1,1
other_mixed,MF_P3,LEARNED_ANION,property,Na:1|O:3|Re:1,1
other_mixed,MF_P3,LEARNED_ANION,property,Na:1|O:3|Ru:1,1
other_mixed,MF_P3,LEARNED_ANION,property,Na:1|O:3|Sb:1,1
other_mixed,MF_P3,LEARNED_ANION,property,Na:1|O:3|Sc:1,1
other_mixed,MF_P3,LEARNED_ANION,property,Na:1|O:3|Ta:1,2
other_mixed,MF_P3,LEARNED_ANION,property,Na:1|O:3|Ti:1,1
other_mixed,MF_P3,LEARNED_ANION,property,Na:1|O:3|W:1,1
other_mixed,MF_P3,LEARNED_ANION,property,Nb:1|O:3|Rb:1,1
other_mixed,MF_P3,LEARNED_ANION,property,Nb:1|O:3|Sr:1,2
other_mixed,MF_P3,LEARNED_ANION,property,Ni:1|O:3|Tl:1,1
other_mixed,MF_P3,LEARNED_ANION,property,O:3|Os:1|Rb:1,1
other_mixed,MF_P3,LEARNED_ANION,property,O:3|Rb:1|Sn:1,1
other_mixed,MF_P3,LEARNED_ANION,property,O:3|Rb:1|Ta:1,5
other_mixed,MF_P3,LEARNED_ANION,property,O:3|Re:1|Tl:1,1
other_mixed,MF_P3,LEARNED_ANION,property,O:3|Re:1|Zn:1,1
other_mixed,MF_P3,LEARNED_ANION,property,O:3|Sb:1|Sc:1,1
other_mixed,MF_P3,LEARNED_ANION,property,O:3|Sb:1|Zr:1,2
other_mixed,MF_P3,LEARNED_ANION,property,O:3|Sc:1|Si:1,2
other_mixed,MF_P3,LEARNED_ANION,property,O:3|Sc:1|Zn:1,1
other_mixed,MF_P3,LEARNED_ANION,property,O:3|Si:1|Tl:1,1
other_mixed,MF_P3,LEARNED_ANION,property,O:3|Si:1|Zr:1,1
other_mixed,MF_P3,LEARNED_ANION,property,O:3|Sn:1|Sr:1,1
other_mixed,MF_P3,LEARNED_ANION,property,O:3|Sn:1|Y:1,1
other_mixed,MF_P3,LEARNED_ANION,property,O:3|Sn:1|Zr:1,1
other_mixed,MF_P3,LEARNED_ANION,property,O:3|Sn:2,1
other_mixed,MF_P3,LEARNED_ANION,property,O:3|Sr:1|Ta:1,1
other_mixed,MF_P3,LEARNED_ANION,property,O:3|Sr:1|Zn:1,1
other_mixed,MF_P3,LEARNED_ANION,property,O:3|Ti:1|Tl:1,1
other_mixed,MF_P3,LEARNED_ANION,property,O:3|Tl:1|W:1,1
other_mixed,MF_P3,LEARNED_ANION,property,O:3|Y:1|Zr:1,1
other_mixed,MF_P3,LEARNED_ANION,property,O:3|Zn:1|Zr:1,2
other_mixed,MF_P4,LEARNED_ANION,fixed_real,Cr:1|Cs:1|N:2|O:1,1
other_mixed,MF_P4,LEARNED_ANION,fixed_real,Cr:1|Cs:1|N:3,271
other_mixed,MF_P4,LEARNED_ANION,fixed_real,Cr:1|N:3|Rb:1,3
other_mixed,MF_P4,LEARNED_ANION,fixed_real,Cs:1|Fe:1|N:3,2
other_mixed,MF_P4,LEARNED_ANION,fixed_real,Cs:1|N:3|Zr:1,11
other_mixed,MF_P4,LEARNED_ANION,joint,Ag:1|Al:1|F:1|N:1|O:1,1
other_mixed,MF_P4,LEARNED_ANION,joint,Al:1|Be:1|F:1|N:1|O:1,2
other_mixed,MF_P4,LEARNED_ANION,joint,Al:1|F:1|Li:1|N:1|O:1,18
other_mixed,MF_P4,LEARNED_ANION,joint,Al:1|F:1|Mg:1|N:1|O:1,1
other_mixed,MF_P4,LEARNED_ANION,joint,Al:1|F:1|N:1|O:1|Pd:1,1
other_mixed,MF_P4,LEARNED_ANION,joint,Al:1|F:1|N:1|O:1|Pt:1,2
other_mixed,MF_P4,LEARNED_ANION,joint,Al:1|F:1|N:1|O:1|Tl:1,7
other_mixed,MF_P4,LEARNED_ANION,joint,B:1|F:1|Li:1|N:1|O:1,3
other_mixed,MF_P4,LEARNED_ANION,joint,Bi:1|F:1|N:1|O:1|Si:1,1
other_mixed,MF_P4,LEARNED_ANION,joint,Ca:1|F:1|N:1|O:1|Si:1,1
other_mixed,MF_P4,LEARNED_ANION,joint,Cu:1|F:1|N:1|O:1|Ta:1,1
other_mixed,MF_P4,LEARNED_ANION,joint,F:1|Ga:1|Ge:1|N:1|O:1,2
other_mixed,MF_P4,LEARNED_ANION,joint,F:1|Ga:1|Mo:1|N:1|O:1,1
other_mixed,MF_P4,LEARNED_ANION,joint,F:1|Ga:1|N:1|Nb:1|O:1,28
other_mixed,MF_P4,LEARNED_ANION,joint,F:1|Ga:1|N:1|O:1|Ta:1,36
other_mixed,MF_P4,LEARNED_ANION,joint,F:1|Ga:1|N:1|O:1|W:1,1
other_mixed,MF_P4,LEARNED_ANION,joint,F:1|Ga:1|N:1|O:1|Zr:1,1
other_mixed,MF_P4,LEARNED_ANION,joint,F:1|Ge:1|N:1|O:1|Sn:1,36
other_mixed,MF_P4,LEARNED_ANION,joint,F:1|In:1|N:1|Nb:1|O:1,1
other_mixed,MF_P4,LEARNED_ANION,joint,F:1|In:1|N:1|O:1|Ti:1,24
other_mixed,MF_P4,LEARNED_ANION,joint,F:1|In:1|N:1|O:1|Zr:1,7
other_mixed,MF_P4,LEARNED_ANION,joint,F:1|Li:1|N:1|O:1|Si:1,9
other_mixed,MF_P4,LEARNED_ANION,joint,F:1|Mg:1|N:1|Na:1|O:1,2
other_mixed,MF_P4,LEARNED_ANION,joint,F:1|Mg:1|N:1|O:1|Si:1,21
other_mixed,MF_P4,LEARNED_ANION,joint,F:1|Mn:1|N:1|O:1|Sn:1,34
other_mixed,MF_P4,LEARNED_ANION,joint,F:1|Mo:1|N:1|O:1|Sn:1,1
other_mixed,MF_P4,LEARNED_ANION,joint,F:1|N:1|Nb:1|O:1|Zn:1,3
other_mixed,MF_P4,LEARNED_ANION,joint,F:1|N:1|O:1|Re:1|Zn:1,1
other_mixed,MF_P4,LEARNED_ANION,joint,F:1|N:1|O:1|Si:1|Sn:1,1
other_mixed,MF_P4,LEARNED_ANION,joint,F:1|N:1|O:1|Si:1|Y:1,3
other_mixed,MF_P4,LEARNED_ANION,joint,F:1|N:1|O:1|Sn:1|Ti:1,16
other_mixed,MF_P4,LEARNED_ANION,joint,F:1|N:1|O:1|Sn:1|Zr:1,22
other_mixed,MF_P4,LEARNED_ANION,property,Ag:1|Al:1|N:3,1
other_mixed,MF_P4,LEARNED_ANION,property,Ag:1|Bi:1|F:1|O:2,1
other_mixed,MF_P4,LEARNED_ANION,property,Ag:1|F:1|N:2|Sn:1,1
other_mixed,MF_P4,LEARNED_ANION,property,Ag:1|O:3|Sn:1,1
other_mixed,MF_P4,LEARNED_ANION,property,Al:1|Ba:1|N:1|O:2,1
other_mixed,MF_P4,LEARNED_ANION,property,Al:1|Ba:1|O:3,1
other_mixed,MF_P4,LEARNED_ANION,property,Al:1|Co:1|N:3,1
other_mixed,MF_P4,LEARNED_ANION,property,Al:1|Cr:1|N:2|O:1,1
other_mixed,MF_P4,LEARNED_ANION,property,Al:1|F:1|Ge:1|N:2,1
other_mixed,MF_P4,LEARNED_ANION,property,Al:1|Ir:1|N:3,1
other_mixed,MF_P4,LEARNED_ANION,property,Al:1|N:1|O:2|Sc:1,4
other_mixed,MF_P4,LEARNED_ANION,property,Al:1|N:1|O:2|Zn:1,1
other_mixed,MF_P4,LEARNED_ANION,property,Al:1|N:2|O:1|Pb:1,1
other_mixed,MF_P4,LEARNED_ANION,property,Al:1|N:2|O:1|Sc:1,1
other_mixed,MF_P4,LEARNED_ANION,property,Al:1|N:2|O:1|Zn:1,1
other_mixed,MF_P4,LEARNED_ANION,property,Al:1|N:2|S:1|Y:1,1
other_mixed,MF_P4,LEARNED_ANION,property,Al:1|O:3|Sc:1,2
other_mixed,MF_P4,LEARNED_ANION,property,Al:1|O:3|Y:1,2
other_mixed,MF_P4,LEARNED_ANION,property,As:1|Cs:1|F:1|N:2,1
other_mixed,MF_P4,LEARNED_ANION,property,As:1|Cu:1|N:3,2
other_mixed,MF_P4,LEARNED_ANION,property,As:1|F:1|O:2|Tl:1,1
other_mixed,MF_P4,LEARNED_ANION,property,As:1|In:1|N:2|S:1,1
other_mixed,MF_P4,LEARNED_ANION,property,As:1|Mn:1|N:2|O:1,1
other_mixed,MF_P4,LEARNED_ANION,property,As:1|Mo:1|N:3,1
other_mixed,MF_P4,LEARNED_ANION,property,As:1|N:3|Rb:1,1
other_mixed,MF_P4,LEARNED_ANION,property,Au:1|K:1|N:3,1
other_mixed,MF_P4,LEARNED_ANION,property,B:1|Hg:1|N:2|O:1,1
other_mixed,MF_P4,LEARNED_ANION,property,Ba:1|F:1|Fe:1|N:2,1
other_mixed,MF_P4,LEARNED_ANION,property,Ba:1|F:1|N:1|Nb:1|O:1,1
other_mixed,MF_P4,LEARNED_ANION,property,Ba:1|F:1|O:2|Ta:1,4
other_mixed,MF_P4,LEARNED_ANION,property,Ba:1|Ge:1|N:2|O:1,1
other_mixed,MF_P4,LEARNED_ANION,property,Ba:1|N:1|O:2|Ta:1,1
other_mixed,MF_P4,LEARNED_ANION,property,Ba:1|N:1|O:2|Zr:1,1
other_mixed,MF_P4,LEARNED_ANION,property,Ba:1|N:2|O:1|Ru:1,1
other_mixed,MF_P4,LEARNED_ANION,property,Ba:1|N:2|O:1|Sn:1,1
other_mixed,MF_P4,LEARNED_ANION,property,Ba:1|N:2|O:1|V:1,1
other_mixed,MF_P4,LEARNED_ANION,property,Ba:1|O:3|W:1,1
other_mixed,MF_P4,LEARNED_ANION,property,Be:1|F:1|La:1|O:1|S:1,1
other_mixed,MF_P4,LEARNED_ANION,property,Be:1|Hf:1|N:3,1
other_mixed,MF_P4,LEARNED_ANION,property,Be:1|N:3|Sr:1,1
other_mixed,MF_P4,LEARNED_ANION,property,Be:1|O:3|Si:1,1
other_mixed,MF_P4,LEARNED_ANION,property,Be:2|N:3,1
other_mixed,MF_P4,LEARNED_ANION,property,Bi:1|F:1|Hg:1|N:1|O:1,1
other_mixed,MF_P4,LEARNED_ANION,property,Bi:1|F:1|N:1|O:1|Sb:1,1
other_mixed,MF_P4,LEARNED_ANION,property,Bi:1|N:1|O:2|Sn:1,1
other_mixed,MF_P4,LEARNED_ANION,property,Bi:1|N:2|O:1|Pd:1,1
other_mixed,MF_P4,LEARNED_ANION,property,Ca:1|Cu:1|N:2|O:1,1
other_mixed,MF_P4,LEARNED_ANION,property,Ca:1|N:1|Ni:1|O:2,1
other_mixed,MF_P4,LEARNED_ANION,property,Ca:1|N:1|O:2|Re:1,1
other_mixed,MF_P4,LEARNED_ANION,property,Ca:1|N:1|O:2|Sb:1,1
other_mixed,MF_P4,LEARNED_ANION,property,Ca:1|N:2|O:1|Si:1,1
other_mixed,MF_P4,LEARNED_ANION,property,Cd:1|F:1|Ga:1|N:1|O:1,1
other_mixed,MF_P4,LEARNED_ANION,property,Cd:1|F:1|Hf:1|N:1|O:1,1
other_mixed,MF_P4,LEARNED_ANION,property,Cd:1|F:1|N:1|O:1|Si:1,1
other_mixed,MF_P4,LEARNED_ANION,property,Cd:1|F:1|N:1|O:1|Sn:1,1
other_mixed,MF_P4,LEARNED_ANION,property,Cd:1|F:1|N:1|O:1|Ta:1,2
other_mixed,MF_P4,LEARNED_ANION,property,Cd:1|Ga:1|N:1|O:2,1
other_mixed,MF_P4,LEARNED_ANION,property,Cd:1|Ga:1|N:2|O:1,1
other_mixed,MF_P4,LEARNED_ANION,property,Cd:1|Ge:1|N:1|O:2,1
other_mixed,MF_P4,LEARNED_ANION,property,Cd:1|Ge:1|N:2|O:1,1
other_mixed,MF_P4,LEARNED_ANION,property,Cd:1|Hf:1|O:3,1
other_mixed,MF_P4,LEARNED_ANION,property,Cd:1|In:1|N:1|O:2,1
other_mixed,MF_P4,LEARNED_ANION,property,Cd:1|Li:1|N:2|O:1,1
other_mixed,MF_P4,LEARNED_ANION,property,Cd:1|Li:1|N:3,1
other_mixed,MF_P4,LEARNED_ANION,property,Cd:1|N:3|Os:1,1
other_mixed,MF_P4,LEARNED_ANION,property,Cd:1|N:3|Re:1,1
other_mixed,MF_P4,LEARNED_ANION,property,Cd:1|N:3|Y:1,1
other_mixed,MF_P4,LEARNED_ANION,property,Cd:1|O:3|Sc:1,2
other_mixed,MF_P4,LEARNED_ANION,property,Cd:1|O:3|Sn:1,2
other_mixed,MF_P4,LEARNED_ANION,property,Co:1|N:1|O:2|Pt:1,1
other_mixed,MF_P4,LEARNED_ANION,property,Co:1|N:2|Nb:1|O:1,1
other_mixed,MF_P4,LEARNED_ANION,property,Co:1|N:2|O:1|V:1,1
other_mixed,MF_P4,LEARNED_ANION,property,Co:1|N:3|Os:1,1
other_mixed,MF_P4,LEARNED_ANION,property,Cr:1|F:1|N:2|Ti:1,1
other_mixed,MF_P4,LEARNED_ANION,property,Cr:1|K:1|N:1|O:2,1
other_mixed,MF_P4,LEARNED_ANION,property,Cr:1|N:1|O:2|Os:1,1
other_mixed,MF_P4,LEARNED_ANION,property,Cr:1|N:1|O:2|Sr:1,1
other_mixed,MF_P4,LEARNED_ANION,property,Cr:1|N:1|O:2|Ta:1,1
other_mixed,MF_P4,LEARNED_ANION,property,Cr:1|N:2|O:1|Sn:1,1
other_mixed,MF_P4,LEARNED_ANION,property,Cr:1|N:2|O:1|Zn:1,1
other_mixed,MF_P4,LEARNED_ANION,property,Cr:1|Na:1|O:3,1
other_mixed,MF_P4,LEARNED_ANION,property,Cs:1|F:1|N:1|O:1|Re:1,1
other_mixed,MF_P4,LEARNED_ANION,property,Cs:1|F:1|N:1|O:1|Ru:1,1
other_mixed,MF_P4,LEARNED_ANION,property,Cs:1|Fe:1|N:1|O:2,1
other_mixed,MF_P4,LEARNED_ANION,property,Cs:1|Ga:1|N:3,1
other_mixed,MF_P4,LEARNED_ANION,property,Cs:1|Ge:1|N:3,1
other_mixed,MF_P4,LEARNED_ANION,property,Cs:1|Hg:1|N:2|S:1,1
other_mixed,MF_P4,LEARNED_ANION,property,Cu:1|K:1|N:1|O:2,1
other_mixed,MF_P4,LEARNED_ANION,property,Cu:1|K:1|N:3,1
other_mixed,MF_P4,LEARNED_ANION,property,Cu:1|Li:1|N:3,1
other_mixed,MF_P4,LEARNED_ANION,property,Cu:1|N:2|O:1|Rb:1,1
other_mixed,MF_P4,LEARNED_ANION,property,Cu:1|N:2|S:1|Y:1,1
other_mixed,MF_P4,LEARNED_ANION,property,F:1|Ga:1|K:1|N:2,1
other_mixed,MF_P4,LEARNED_ANION,property,F:1|Ga:1|N:1|O:1|Zr:1,1
other_mixed,MF_P4,LEARNED_ANION,property,F:1|Ga:1|N:2|Sn:1,1
other_mixed,MF_P4,LEARNED_ANION,property,F:1|Ga:1|N:2|Ti:1,1
other_mixed,MF_P4,LEARNED_ANION,property,F:1|Ga:1|O:2|Sc:1,1
other_mixed,MF_P4,LEARNED_ANION,property,F:1|Ga:1|O:2|Sn:1,1
other_mixed,MF_P4,LEARNED_ANION,property,F:1|Ge:1|Hf:1|N:1|O:1,1
other_mixed,MF_P4,LEARNED_ANION,property,F:1|Hf:1|Hg:1|O:2,1
other_mixed,MF_P4,LEARNED_ANION,property,F:1|Hf:1|In:1|O:2,1
other_mixed,MF_P4,LEARNED_ANION,property,F:1|Hf:1|N:1|Na:1|O:1,1
other_mixed,MF_P4,LEARNED_ANION,property,F:1|Hf:1|O:2|Sb:1,1
other_mixed,MF_P4,LEARNED_ANION,property,F:1|In:1|K:1|O:2,1
other_mixed,MF_P4,LEARNED_ANION,property,F:1|In:1|N:1|O:1|Sb:1,1
other_mixed,MF_P4,LEARNED_ANION,property,F:1|In:1|O:1|S:1|Sn:1,1
other_mixed,MF_P4,LEARNED_ANION,property,F:1|K:1|N:1|Nb:1|O:1,1
other_mixed,MF_P4,LEARNED_ANION,property,F:1|K:1|N:1|O:1|Ru:1,1
other_mixed,MF_P4,LEARNED_ANION,property,F:1|K:1|N:1|O:1|Sn:1,1
other_mixed,MF_P4,LEARNED_ANION,property,F:1|K:1|N:1|O:1|Ta:1,3
other_mixed,MF_P4,LEARNED_ANION,property,F:1|K:1|N:1|O:1|W:1,1
other_mixed,MF_P4,LEARNED_ANION,property,F:1|K:1|N:1|O:1|Zr:1,1
other_mixed,MF_P4,LEARNED_ANION,property,F:1|K:1|N:2|Nb:1,1
other_mixed,MF_P4,LEARNED_ANION,property,F:1|K:1|Nb:1|O:2,1
other_mixed,MF_P4,LEARNED_ANION,property,F:1|K:1|O:2|Ru:1,1
other_mixed,MF_P4,LEARNED_ANION,property,F:1|K:1|O:2|Ta:1,3
other_mixed,MF_P4,LEARNED_ANION,property,F:1|La:1|N:1|Nb:1|O:1,1
other_mixed,MF_P4,LEARNED_ANION,property,F:1|La:1|N:1|O:1|Sn:1,1
other_mixed,MF_P4,LEARNED_ANION,property,F:1|La:1|N:1|O:1|Ta:1,1
other_mixed,MF_P4,LEARNED_ANION,property,F:1|La:1|N:2|Sc:1,1
other_mixed,MF_P4,LEARNED_ANION,property,F:1|Mg:1|Mn:1|O:2,1
other_mixed,MF_P4,LEARNED_ANION,property,F:1|Mg:1|N:1|O:1|Sc:1,1
other_mixed,MF_P4,LEARNED_ANION,property,F:1|Mg:1|O:2|Ta:1,1
other_mixed,MF_P4,LEARNED_ANION,property,F:1|Mn:1|N:2|Tl:1,1
other_mixed,MF_P4,LEARNED_ANION,property,F:1|Mn:1|O:1|S:1|Sr:1,1
other_mixed,MF_P4,LEARNED_ANION,property,F:1|N:1|Na:1|O:1|Re:1,1
other_mixed,MF_P4,LEARNED_ANION,property,F:1|N:1|Na:1|Os:1|S:1,1
other_mixed,MF_P4,LEARNED_ANION,property,F:1|N:1|Nb:1|O:1|Sr:1,1
other_mixed,MF_P4,LEARNED_ANION,property,F:1|N:1|O:1|Rb:1|Ta:1,2
other_mixed,MF_P4,LEARNED_ANION,property,F:1|N:1|O:1|Sb:1|Tl:1,1
other_mixed,MF_P4,LEARNED_ANION,property,F:1|N:1|O:1|Si:1|Tl:1,1
other_mixed,MF_P4,LEARNED_ANION,property,F:1|N:1|O:1|Si:1|Zr:1,1
other_mixed,MF_P4,LEARNED_ANION,property,F:1|N:1|O:1|Sn:1|Y:1,1
other_mixed,MF_P4,LEARNED_ANION,property,F:1|N:1|O:1|Tl:1|W:1,1
other_mixed,MF_P4,LEARNED_ANION,property,F:1|N:2|Ni:1|Rb:1,1
other_mixed,MF_P4,LEARNED_ANION,property,F:1|N:2|Sb:1|Sn:1,1
other_mixed,MF_P4,LEARNED_ANION,property,F:1|N:2|Sr:1|Ta:1,1
other_mixed,MF_P4,LEARNED_ANION,property,F:1|Na:1|Nb:1|O:2,1
other_mixed,MF_P4,LEARNED_ANION,property,F:1|Nb:1|O:2|Rb:1,1
other_mixed,MF_P4,LEARNED_ANION,property,F:1|Nb:1|O:2|Sr:1,1
other_mixed,MF_P4,LEARNED_ANION,property,F:1|O:1|Rb:1|S:1|Ta:1,1
other_mixed,MF_P4,LEARNED_ANION,property,F:1|O:2|Rb:1|Sn:1,1
other_mixed,MF_P4,LEARNED_ANION,property,F:1|O:2|Sb:1|Zr:1,1
other_mixed,MF_P4,LEARNED_ANION,property,F:1|O:2|Sc:1|Si:1,1
other_mixed,MF_P4,LEARNED_ANION,property,F:1|O:2|Sn:1|Y:1,1
other_mixed,MF_P4,LEARNED_ANION,property,F:1|O:2|Zn:1|Zr:1,1
other_mixed,MF_P4,LEARNED_ANION,property,Fe:1|K:1|N:1|O:2,1
other_mixed,MF_P4,LEARNED_ANION,property,Fe:1|N:3|Zn:1,1
other_mixed,MF_P4,LEARNED_ANION,property,Ga:1|In:1|N:2|O:1,3
other_mixed,MF_P4,LEARNED_ANION,property,Ga:1|K:1|N:1|O:2,1
other_mixed,MF_P4,LEARNED_ANION,property,Ga:1|Li:1|N:1|O:2,1
other_mixed,MF_P4,LEARNED_ANION,property,Ga:1|N:1|O:2|Sc:1,2
other_mixed,MF_P4,LEARNED_ANION,property,Ga:1|N:2|O:1|Pd:1,1
other_mixed,MF_P4,LEARNED_ANION,property,Ga:1|O:3|Sc:1,1
other_mixed,MF_P4,LEARNED_ANION,property,Ga:1|O:3|Zr:1,1
other_mixed,MF_P4,LEARNED_ANION,property,Ge:1|N:1|O:1|Rb:1|S:1,1
other_mixed,MF_P4,LEARNED_ANION,property,Ge:1|N:2|O:1|Te:1,1
other_mixed,MF_P4,LEARNED_ANION,property,Ge:1|N:2|O:1|Tl:1,1
other_mixed,MF_P4,LEARNED_ANION,property,Ge:1|N:2|O:1|Zr:1,1
other_mixed,MF_P4,LEARNED_ANION,property,Ge:1|N:2|S:1|Sn:1,1
other_mixed,MF_P4,LEARNED_ANION,property,Ge:1|O:3|Rb:1,1
other_mixed,MF_P4,LEARNED_ANION,property,Ge:1|O:3|Ta:1,1
other_mixed,MF_P4,LEARNED_ANION,property,Hf:1|Mo:1|N:2|O:1,1
other_mixed,MF_P4,LEARNED_ANION,property,Hf:1|N:1|O:2|Zn:1,4
other_mixed,MF_P4,LEARNED_ANION,property,Hf:1|N:3|Os:1,1
other_mixed,MF_P4,LEARNED_ANION,property,Hg:1|N:1|Ni:1|O:2,1
other_mixed,MF_P4,LEARNED_ANION,property,Hg:1|N:2|Nb:1|S:1,1
other_mixed,MF_P4,LEARNED_ANION,property,Hg:1|N:2|O:1|Ti:1,1
other_mixed,MF_P4,LEARNED_ANION,property,Hg:1|N:3|Ni:1,1
other_mixed,MF_P4,LEARNED_ANION,property,Hg:1|N:3|Sb:1,2
other_mixed,MF_P4,LEARNED_ANION,property,In:1|Mg:1|N:2|O:1,1
other_mixed,MF_P4,LEARNED_ANION,property,In:1|N:1|O:2|Sc:1,1
other_mixed,MF_P4,LEARNED_ANION,property,In:1|N:1|O:2|W:1,1
other_mixed,MF_P4,LEARNED_ANION,property,In:1|N:1|O:2|Y:1,1
other_mixed,MF_P4,LEARNED_ANION,property,In:1|N:2|O:1|Sc:1,2
other_mixed,MF_P4,LEARNED_ANION,property,In:1|N:2|O:1|Y:1,1
other_mixed,MF_P4,LEARNED_ANION,property,In:1|N:2|O:1|Zr:1,1
other_mixed,MF_P4,LEARNED_ANION,property,In:1|N:3|Y:1,1
other_mixed,MF_P4,LEARNED_ANION,property,In:1|O:3|Sn:1,1
other_mixed,MF_P4,LEARNED_ANION,property,In:1|O:3|W:1,1
other_mixed,MF_P4,LEARNED_ANION,property,Ir:1|K:1|N:3,1
other_mixed,MF_P4,LEARNED_ANION,property,Ir:1|N:1|O:2|Ru:1,1
other_mixed,MF_P4,LEARNED_ANION,property,Ir:1|N:1|O:2|Si:1,1
other_mixed,MF_P4,LEARNED_ANION,property,K:1|Mo:1|N:1|O:2,1
other_mixed,MF_P4,LEARNED_ANION,property,K:1|N:1|Nb:1|O:2,2
other_mixed,MF_P4,LEARNED_ANION,property,K:1|N:1|O:2|Ta:1,1
other_mixed,MF_P4,LEARNED_ANION,property,K:1|N:1|O:2|V:1,1
other_mixed,MF_P4,LEARNED_ANION,property,K:1|N:2|O:1|Sn:1,1
other_mixed,MF_P4,LEARNED_ANION,property,K:1|N:2|O:1|Zr:1,1
other_mixed,MF_P4,LEARNED_ANION,property,K:1|Nb:1|O:3,1
other_mixed,MF_P4,LEARNED_ANION,property,La:1|Mn:1|N:1|O:2,1
other_mixed,MF_P4,LEARNED_ANION,property,La:1|Mo:1|N:2|O:1,1
other_mixed,MF_P4,LEARNED_ANION,property,La:1|N:1|O:2|Re:1,1
other_mixed,MF_P4,LEARNED_ANION,property,La:1|N:1|O:2|Sn:1,1
other_mixed,MF_P4,LEARNED_ANION,property,La:1|N:1|O:2|Zn:1,1
other_mixed,MF_P4,LEARNED_ANION,property,La:1|N:1|O:2|Zr:1,1
other_mixed,MF_P4,LEARNED_ANION,property,La:1|N:2|O:1|Y:1,1
other_mixed,MF_P4,LEARNED_ANION,property,La:1|N:3|Tl:1,1
other_mixed,MF_P4,LEARNED_ANION,property,La:1|O:3|Sb:1,1
other_mixed,MF_P4,LEARNED_ANION,property,La:1|O:3|W:1,1
other_mixed,MF_P4,LEARNED_ANION,property,La:1|O:3|Zr:1,1
other_mixed,MF_P4,LEARNED_ANION,property,Li:1|Mo:1|N:2|O:1,1
other_mixed,MF_P4,LEARNED_ANION,property,Li:1|Mo:1|O:2|S:1,1
other_mixed,MF_P4,LEARNED_ANION,property,Li:1|N:3|Pd:1,1
other_mixed,MF_P4,LEARNED_ANION,property,Mg:1|N:1|O:1|S:1|Tl:1,1
other_mixed,MF_P4,LEARNED_ANION,property,Mg:1|N:1|O:2|Sc:1,2
other_mixed,MF_P4,LEARNED_ANION,property,Mg:1|N:2|O:1|Sc:1,1
other_mixed,MF_P4,LEARNED_ANION,property,Mg:1|O:3|Si:1,1
other_mixed,MF_P4,LEARNED_ANION,property,Mg:1|O:3|Y:1,1
other_mixed,MF_P4,LEARNED_ANION,property,Mn:1|N:1|O:2|Sn:1,1
other_mixed,MF_P4,LEARNED_ANION,property,Mn:1|N:3|W:1,1
other_mixed,MF_P4,LEARNED_ANION,property,Mo:1|N:1|O:2|Sc:1,1
other_mixed,MF_P4,LEARNED_ANION,property,N:1|Na:1|O:1|Ru:1|S:1,1
other_mixed,MF_P4,LEARNED_ANION,property,N:1|Na:1|O:2|Sc:1,1
other_mixed,MF_P4,LEARNED_ANION,property,N:1|Na:1|O:2|Ta:1,1
other_mixed,MF_P4,LEARNED_ANION,property,N:1|Ni:1|O:2|Tl:1,1
other_mixed,MF_P4,LEARNED_ANION,property,N:1|O:1|S:1|Si:1|Tl:1,1
other_mixed,MF_P4,LEARNED_ANION,property,N:1|O:1|S:1|Y:1|Zr:1,1
other_mixed,MF_P4,LEARNED_ANION,property,N:1|O:2|Os:1|Rb:1,2
other_mixed,MF_P4,LEARNED_ANION,property,N:1|O:2|Rb:1|Ta:1,1
other_mixed,MF_P4,LEARNED_ANION,property,N:1|O:2|Rb:1|Te:1,1
other_mixed,MF_P4,LEARNED_ANION,property,N:1|O:2|Re:1|Zn:1,1
other_mixed,MF_P4,LEARNED_ANION,property,N:1|O:2|Ru:1|Sc:1,1
other_mixed,MF_P4,LEARNED_ANION,property,N:1|O:2|Sb:1|Sc:1,1
other_mixed,MF_P4,LEARNED_ANION,property,N:1|O:2|Si:1|Tl:1,1
other_mixed,MF_P4,LEARNED_ANION,property,N:1|O:2|Ti:1|Tl:1,1
other_mixed,MF_P4,LEARNED_ANION,property,N:2|Na:1|O:1|Sb:1,1
other_mixed,MF_P4,LEARNED_ANION,property,N:2|Na:1|O:1|Si:1,1
other_mixed,MF_P4,LEARNED_ANION,property,N:2|Na:1|O:1|Ta:1,1
other_mixed,MF_P4,LEARNED_ANION,property,N:2|Ni:1|O:1|Tl:1,1
other_mixed,MF_P4,LEARNED_ANION,property,N:2|Ni:1|O:1|Y:1,1
other_mixed,MF_P4,LEARNED_ANION,property,N:2|O:1|Os:1|Sn:1,1
other_mixed,MF_P4,LEARNED_ANION,property,N:2|O:1|Os:1|Ta:1,1
other_mixed,MF_P4,LEARNED_ANION,property,N:2|O:1|Re:1|Sr:1,1
other_mixed,MF_P4,LEARNED_ANION,property,N:2|O:1|Ru:1|Ta:1,1
other_mixed,MF_P4,LEARNED_ANION,property,N:2|O:1|Sc:1|W:1,1
other_mixed,MF_P4,LEARNED_ANION,property,N:2|O:1|Si:1|Sn:1,1
other_mixed,MF_P4,LEARNED_ANION,property,N:2|O:1|Si:1|Sr:1,1
other_mixed,MF_P4,LEARNED_ANION,property,N:2|O:1|Sn:1|Zr:1,1
other_mixed,MF_P4,LEARNED_ANION,property,N:2|O:1|Sn:2,1
other_mixed,MF_P4,LEARNED_ANION,property,N:2|O:1|Te:1|Tl:1,1
other_mixed,MF_P4,LEARNED_ANION,property,N:3|Nb:1|Tl:1,1
other_mixed,MF_P4,LEARNED_ANION,property,N:3|Ni:1|Zr:1,1
other_mixed,MF_P4,LEARNED_ANION,property,N:3|Os:1|Pd:1,1
other_mixed,MF_P4,LEARNED_ANION,property,N:3|Pd:1|Tl:1,1
other_mixed,MF_P4,LEARNED_ANION,property,N:3|Re:1|Tl:1,1
other_mixed,MF_P4,LEARNED_ANION,property,N:3|Rh:1|Ru:1,1
other_mixed,MF_P4,LEARNED_ANION,property,N:3|Sb:1|Zr:1,1
other_mixed,MF_P4,LEARNED_ANION,property,N:3|Ti:1|Y:1,1
other_mixed,MF_P4,LEARNED_ANION,property,Na:1|O:3|Ti:1,1
other_mixed,MF_P4,LEARNED_ANION,property,Na:1|O:3|W:1,1
other_mixed,MF_P4,LEARNED_ANION,property,O:2|S:1|Sb:1|Zr:1,1
other_mixed,MF_P4,LEARNED_ANION,property,O:2|S:1|Sc:1|Si:1,1
other_mixed,MF_P4,LEARNED_ANION,property,O:2|S:1|Sn:1|Sr:1,1
other_mixed,MF_P4,LEARNED_ANION,property,O:3|Rb:1|Ta:1,1
other_mixed,MF_P4,LEARNED_ANION,property,O:3|Re:1|Tl:1,1
other_mixed,MF_P4,LEARNED_ANION,property,O:3|Sc:1|Zn:1,1
other_mixed,MF_P4,LEARNED_ANION,property,O:3|Sr:1|Zn:1,1
other_mixed,MF_P4,LEARNED_ANION,property,O:3|Te:1|Zn:1,1
other_mixed,MF_P4,LEARNED_ANION,property,O:3|Zn:1|Zr:1,1
oxide,MF_P0,DECLARED_DOMAIN,fixed_real,Ca:1|O:3|Zr:1,12
oxide,MF_P0,DECLARED_DOMAIN,fixed_real,Fe:1|La:1|O:3,5
oxide,MF_P0,DECLARED_DOMAIN,joint,Al:1|La:1|O:3,49
oxide,MF_P0,DECLARED_DOMAIN,joint,Ba:1|Hf:1|O:3,1
oxide,MF_P0,DECLARED_DOMAIN,joint,Ba:1|O:3|Pb:1,21
oxide,MF_P0,DECLARED_DOMAIN,joint,Ca:1|Ge:1|O:3,54
oxide,MF_P0,DECLARED_DOMAIN,joint,Ca:1|Hf:1|O:3,4
oxide,MF_P0,DECLARED_DOMAIN,joint,Ca:1|O:3|Sn:1,6
oxide,MF_P0,DECLARED_DOMAIN,joint,Co:1|La:1|O:3,27
oxide,MF_P0,DECLARED_DOMAIN,joint,Ga:1|La:1|O:3,15
oxide,MF_P0,DECLARED_DOMAIN,joint,Hf:1|O:3|Sr:1,32
oxide,MF_P0,DECLARED_DOMAIN,joint,La:1|Ni:1|O:3,42
oxide,MF_P0,DECLARED_DOMAIN,joint,La:1|O:3|Sc:1,10
oxide,MF_P0,DECLARED_DOMAIN,joint,Na:1|Nb:1|O:3,33
oxide,MF_P0,DECLARED_DOMAIN,joint,Na:1|O:3|Ta:1,2
oxide,MF_P0,DECLARED_DOMAIN,property,Al:1|La:1|O:3,37
oxide,MF_P0,DECLARED_DOMAIN,property,Ba:1|Ge:1|O:3,13
oxide,MF_P0,DECLARED_DOMAIN,property,Ba:1|Hf:1|O:3,3
oxide,MF_P0,DECLARED_DOMAIN,property,Ba:1|O:3|Sn:1,3
oxide,MF_P0,DECLARED_DOMAIN,property,Ba:1|O:3|Ti:1,4
oxide,MF_P0,DECLARED_DOMAIN,property,Ba:1|O:3|V:1,2
oxide,MF_P0,DECLARED_DOMAIN,property,Ca:1|Ge:1|O:3,10
oxide,MF_P0,DECLARED_DOMAIN,property,Ca:1|Hf:1|O:3,5
oxide,MF_P0,DECLARED_DOMAIN,property,Ca:1|O:3|Sn:1,9
oxide,MF_P0,DECLARED_DOMAIN,property,Ca:1|O:3|Ti:1,3
oxide,MF_P0,DECLARED_DOMAIN,property,Ca:1|O:3|V:1,1
oxide,MF_P0,DECLARED_DOMAIN,property,Ca:1|O:3|Zr:1,20
oxide,MF_P0,DECLARED_DOMAIN,property,Co:1|La:1|O:3,13
oxide,MF_P0,DECLARED_DOMAIN,property,Fe:1|La:1|O:3,15
oxide,MF_P0,DECLARED_DOMAIN,property,Ga:1|La:1|O:3,31
oxide,MF_P0,DECLARED_DOMAIN,property,Ge:1|O:3|Sr:1,9
oxide,MF_P0,DECLARED_DOMAIN,property,La:1|Ni:1|O:3,10
oxide,MF_P0,DECLARED_DOMAIN,property,La:1|O:3|Sc:1,14
oxide,MF_P0,DECLARED_DOMAIN,property,Na:1|Nb:1|O:3,7
oxide,MF_P0,DECLARED_DOMAIN,property,Na:1|O:3|Ta:1,21
oxide,MF_P0,DECLARED_DOMAIN,property,Na:1|O:3|V:1,1
oxide,MF_P0,DECLARED_DOMAIN,property,O:3|Rb:1|V:1,1
oxide,MF_P0,DECLARED_DOMAIN,property,O:3|Sn:1|Sr:1,5
oxide,MF_P0,DECLARED_DOMAIN,property,O:3|Sr:1|Ti:1,1
oxide,MF_P0,DECLARED_DOMAIN,property,O:3|Sr:1|V:1,1
oxide,MF_P0,DECLARED_DOMAIN,property,O:3|Sr:1|Zr:1,2
oxide,MF_P1,DECLARED_DOMAIN,fixed_real,Cr:1|Cs:1|O:3,341
oxide,MF_P1,DECLARED_DOMAIN,fixed_real,Cr:1|O:3|Rb:1,2
oxide,MF_P1,DECLARED_DOMAIN,fixed_real,Cs:1|Fe:1|O:3,3
oxide,MF_P1,DECLARED_DOMAIN,fixed_real,Cs:1|O:3|Zr:1,14
oxide,MF_P1,DECLARED_DOMAIN,joint,Al:1|Ba:1|O:3,2
oxide,MF_P1,DECLARED_DOMAIN,joint,Al:1|La:1|O:3,35
oxide,MF_P1,DECLARED_DOMAIN,joint,Al:1|Na:1|O:3,7
oxide,MF_P1,DECLARED_DOMAIN,joint,Ba:1|Nb:1|O:3,1
oxide,MF_P1,DECLARED_DOMAIN,joint,Ba:1|O:3|Sc:1,4
oxide,MF_P1,DECLARED_DOMAIN,joint,Ba:1|O:3|Y:1,6
oxide,MF_P1,DECLARED_DOMAIN,joint,Ca:1|Co:1|O:3,22
oxide,MF_P1,DECLARED_DOMAIN,joint,Ca:1|Fe:1|O:3,1
oxide,MF_P1,DECLARED_DOMAIN,joint,Ca:1|Ga:1|O:3,7
oxide,MF_P1,DECLARED_DOMAIN,joint,Ca:1|Ge:1|O:3,48
oxide,MF_P1,DECLARED_DOMAIN,joint,Ca:1|Nb:1|O:3,11
oxide,MF_P1,DECLARED_DOMAIN,joint,Ca:1|Ni:1|O:3,40
oxide,MF_P1,DECLARED_DOMAIN,joint,Ca:1|O:3|Sn:1,2
oxide,MF_P1,DECLARED_DOMAIN,joint,Ca:1|O:3|Ta:1,1
oxide,MF_P1,DECLARED_DOMAIN,joint,Ca:1|O:3|Ti:1,1
oxide,MF_P1,DECLARED_DOMAIN,joint,Co:1|Na:1|O:3,1
oxide,MF_P1,DECLARED_DOMAIN,joint,Ga:1|La:1|O:3,9
oxide,MF_P1,DECLARED_DOMAIN,joint,Ge:1|La:1|O:3,9
oxide,MF_P1,DECLARED_DOMAIN,joint,Hf:1|Na:1|O:3,34
oxide,MF_P1,DECLARED_DOMAIN,joint,Hf:1|O:3|Sr:1,2
oxide,MF_P1,DECLARED_DOMAIN,joint,In:1|La:1|O:3,8
oxide,MF_P1,DECLARED_DOMAIN,joint,In:1|Na:1|O:3,2
oxide,MF_P1,DECLARED_DOMAIN,joint,La:1|O:3|Pb:1,24
oxide,MF_P1,DECLARED_DOMAIN,joint,La:1|O:3|Sn:1,6
oxide,MF_P1,DECLARED_DOMAIN,joint,La:1|O:3|Zn:1,3
oxide,MF_P1,DECLARED_DOMAIN,joint,La:1|O:3|Zr:1,1
oxide,MF_P1,DECLARED_DOMAIN,joint,Na:1|Nb:1|O:3,13
oxide,MF_P1,DECLARED_DOMAIN,joint,Na:1|O:3|Pb:1,34
oxide,MF_P1,DECLARED_DOMAIN,joint,Na:1|O:3|Sc:1,4
oxide,MF_P1,DECLARED_DOMAIN,joint,Na:1|O:3|Ti:1,3
oxide,MF_P1,DECLARED_DOMAIN,joint,Na:1|O:3|Y:1,13
oxide,MF_P1,DECLARED_DOMAIN,joint,Nb:1|O:3|Sr:1,6
oxide,MF_P1,DECLARED_DOMAIN,property,Al:1|Ba:1|O:3,7
oxide,MF_P1,DECLARED_DOMAIN,property,Al:1|Ca:1|O:3,18
oxide,MF_P1,DECLARED_DOMAIN,property,Al:1|K:1|O:3,1
oxide,MF_P1,DECLARED_DOMAIN,property,Al:1|La:1|O:3,12
oxide,MF_P1,DECLARED_DOMAIN,property,Al:1|O:3|Rb:1,2
oxide,MF_P1,DECLARED_DOMAIN,property,Al:1|O:3|Sr:1,3
oxide,MF_P1,DECLARED_DOMAIN,property,Ba:1|Co:1|O:3,1
oxide,MF_P1,DECLARED_DOMAIN,property,Ba:1|Cr:1|O:3,1
oxide,MF_P1,DECLARED_DOMAIN,property,Ba:1|Cu:1|O:3,2
oxide,MF_P1,DECLARED_DOMAIN,property,Ba:1|Fe:1|O:3,3
oxide,MF_P1,DECLARED_DOMAIN,property,Ba:1|Ga:1|O:3,3
oxide,MF_P1,DECLARED_DOMAIN,property,Ba:1|Ge:1|O:3,1
oxide,MF_P1,DECLARED_DOMAIN,property,Ba:1|Hf:1|O:3,2
oxide,MF_P1,DECLARED_DOMAIN,property,Ba:1|In:1|O:3,1
oxide,MF_P1,DECLARED_DOMAIN,property,Ba:1|Mo:1|O:3,1
oxide,MF_P1,DECLARED_DOMAIN,property,Ba:1|Nb:1|O:3,1
oxide,MF_P1,DECLARED_DOMAIN,property,Ba:1|Ni:1|O:3,3
oxide,MF_P1,DECLARED_DOMAIN,property,Ba:1|O:3|Pb:1,1
oxide,MF_P1,DECLARED_DOMAIN,property,Ba:1|O:3|Sc:1,3
oxide,MF_P1,DECLARED_DOMAIN,property,Ba:1|O:3|Sn:1,2
oxide,MF_P1,DECLARED_DOMAIN,property,Ba:1|O:3|Ta:1,5
oxide,MF_P1,DECLARED_DOMAIN,property,Ba:1|O:3|Ti:1,1
oxide,MF_P1,DECLARED_DOMAIN,property,Ba:1|O:3|W:1,1
oxide,MF_P1,DECLARED_DOMAIN,property,Ba:1|O:3|Zr:1,2
oxide,MF_P1,DECLARED_DOMAIN,property,Ca:1|Co:1|O:3,1
oxide,MF_P1,DECLARED_DOMAIN,property,Ca:1|Cu:1|O:3,3
oxide,MF_P1,DECLARED_DOMAIN,property,Ca:1|Fe:1|O:3,3
oxide,MF_P1,DECLARED_DOMAIN,property,Ca:1|Ga:1|O:3,9
oxide,MF_P1,DECLARED_DOMAIN,property,Ca:1|Ge:1|O:3,4
oxide,MF_P1,DECLARED_DOMAIN,property,Ca:1|Hf:1|O:3,9
oxide,MF_P1,DECLARED_DOMAIN,property,Ca:1|In:1|O:3,5
oxide,MF_P1,DECLARED_DOMAIN,property,Ca:1|Mn:1|O:3,2
oxide,MF_P1,DECLARED_DOMAIN,property,Ca:1|Mo:1|O:3,3
oxide,MF_P1,DECLARED_DOMAIN,property,Ca:1|Nb:1|O:3,4
oxide,MF_P1,DECLARED_DOMAIN,property,Ca:1|Ni:1|O:3,3
oxide,MF_P1,DECLARED_DOMAIN,property,Ca:1|O:3|Sc:1,9
oxide,MF_P1,DECLARED_DOMAIN,property,Ca:1|O:3|Sn:1,3
oxide,MF_P1,DECLARED_DOMAIN,property,Ca:1|O:3|Ta:1,5
oxide,MF_P1,DECLARED_DOMAIN,property,Ca:1|O:3|Ti:1,2
oxide,MF_P1,DECLARED_DOMAIN,property,Ca:1|O:3|V:1,1
oxide,MF_P1,DECLARED_DOMAIN,property,Ca:1|O:3|Zn:1,3
oxide,MF_P1,DECLARED_DOMAIN,property,Ca:1|O:3|Zr:1,13
oxide,MF_P1,DECLARED_DOMAIN,property,Co:1|K:1|O:3,2
oxide,MF_P1,DECLARED_DOMAIN,property,Co:1|Na:1|O:3,3
oxide,MF_P1,DECLARED_DOMAIN,property,Co:1|O:3|Rb:1,1
oxide,MF_P1,DECLARED_DOMAIN,property,Cr:1|O:3|Rb:1,1
oxide,MF_P1,DECLARED_DOMAIN,property,Cs:1|Cu:1|O:3,3
oxide,MF_P1,DECLARED_DOMAIN,property,Cs:1|Ga:1|O:3,3
oxide,MF_P1,DECLARED_DOMAIN,property,Cs:1|Ge:1|O:3,2
oxide,MF_P1,DECLARED_DOMAIN,property,Cs:1|Mn:1|O:3,3
oxide,MF_P1,DECLARED_DOMAIN,property,Cs:1|Mo:1|O:3,1
oxide,MF_P1,DECLARED_DOMAIN,property,Cs:1|Nb:1|O:3,2
oxide,MF_P1,DECLARED_DOMAIN,property,Cs:1|Ni:1|O:3,2
oxide,MF_P1,DECLARED_DOMAIN,property,Cs:1|O:3|Pb:1,5
oxide,MF_P1,DECLARED_DOMAIN,property,Cs:1|O:3|Sn:1,2
oxide,MF_P1,DECLARED_DOMAIN,property,Cs:1|O:3|Ti:1,1
oxide,MF_P1,DECLARED_DOMAIN,property,Cs:1|O:3|V:1,1
oxide,MF_P1,DECLARED_DOMAIN,property,Cs:1|O:3|W:1,1
oxide,MF_P1,DECLARED_DOMAIN,property,Cs:1|O:3|Y:1,1
oxide,MF_P1,DECLARED_DOMAIN,property,Cs:1|O:3|Zn:1,3
oxide,MF_P1,DECLARED_DOMAIN,property,Cu:1|K:1|O:3,1
oxide,MF_P1,DECLARED_DOMAIN,property,Cu:1|La:1|O:3,1
oxide,MF_P1,DECLARED_DOMAIN,property,Cu:1|Na:1|O:3,2
oxide,MF_P1,DECLARED_DOMAIN,property,Cu:1|O:3|Rb:1,2
oxide,MF_P1,DECLARED_DOMAIN,property,Cu:1|O:3|Sr:1,4
oxide,MF_P1,DECLARED_DOMAIN,property,Fe:1|K:1|O:3,1
oxide,MF_P1,DECLARED_DOMAIN,property,Fe:1|La:1|O:3,1
oxide,MF_P1,DECLARED_DOMAIN,property,Fe:1|Na:1|O:3,1
oxide,MF_P1,DECLARED_DOMAIN,property,Fe:1|O:3|Rb:1,2
oxide,MF_P1,DECLARED_DOMAIN,property,Fe:1|O:3|Sr:1,2
oxide,MF_P1,DECLARED_DOMAIN,property,Ga:1|K:1|O:3,1
oxide,MF_P1,DECLARED_DOMAIN,property,Ga:1|La:1|O:3,11
oxide,MF_P1,DECLARED_DOMAIN,property,Ga:1|Na:1|O:3,1
oxide,MF_P1,DECLARED_DOMAIN,property,Ga:1|O:3|Rb:1,1
oxide,MF_P1,DECLARED_DOMAIN,property,Ga:1|O:3|Sr:1,3
oxide,MF_P1,DECLARED_DOMAIN,property,Ge:1|K:1|O:3,1
oxide,MF_P1,DECLARED_DOMAIN,property,Ge:1|La:1|O:3,6
oxide,MF_P1,DECLARED_DOMAIN,property,Ge:1|Na:1|O:3,4
oxide,MF_P1,DECLARED_DOMAIN,property,Ge:1|O:3|Rb:1,1
oxide,MF_P1,DECLARED_DOMAIN,property,Ge:1|O:3|Sr:1,4
oxide,MF_P1,DECLARED_DOMAIN,property,Hf:1|La:1|O:3,2
oxide,MF_P1,DECLARED_DOMAIN,property,Hf:1|Na:1|O:3,1
oxide,MF_P1,DECLARED_DOMAIN,property,Hf:1|O:3|Rb:1,1
oxide,MF_P1,DECLARED_DOMAIN,property,Hf:1|O:3|Sr:1,2
oxide,MF_P1,DECLARED_DOMAIN,property,In:1|K:1|O:3,2
oxide,MF_P1,DECLARED_DOMAIN,property,In:1|La:1|O:3,7
oxide,MF_P1,DECLARED_DOMAIN,property,In:1|Na:1|O:3,2
oxide,MF_P1,DECLARED_DOMAIN,property,In:1|O:3|Rb:1,1
oxide,MF_P1,DECLARED_DOMAIN,property,K:1|Mo:1|O:3,1
oxide,MF_P1,DECLARED_DOMAIN,property,K:1|Ni:1|O:3,4
oxide,MF_P1,DECLARED_DOMAIN,property,K:1|O:3|Pb:1,4
oxide,MF_P1,DECLARED_DOMAIN,property,K:1|O:3|Sn:1,1
oxide,MF_P1,DECLARED_DOMAIN,property,K:1|O:3|V:1,4
oxide,MF_P1,DECLARED_DOMAIN,property,K:1|O:3|Y:1,2
oxide,MF_P1,DECLARED_DOMAIN,property,K:1|O:3|Zn:1,1
oxide,MF_P1,DECLARED_DOMAIN,property,K:1|O:3|Zr:1,2
oxide,MF_P1,DECLARED_DOMAIN,property,La:1|Mn:1|O:3,1
oxide,MF_P1,DECLARED_DOMAIN,property,La:1|Mo:1|O:3,1
oxide,MF_P1,DECLARED_DOMAIN,property,La:1|Nb:1|O:3,2
oxide,MF_P1,DECLARED_DOMAIN,property,La:1|Ni:1|O:3,1
oxide,MF_P1,DECLARED_DOMAIN,property,La:1|O:3|Sc:1,2
oxide,MF_P1,DECLARED_DOMAIN,property,La:1|O:3|Sn:1,3
oxide,MF_P1,DECLARED_DOMAIN,property,La:1|O:3|Ta:1,1
oxide,MF_P1,DECLARED_DOMAIN,property,La:1|O:3|Zn:1,3
oxide,MF_P1,DECLARED_DOMAIN,property,La:1|O:3|Zr:1,3
oxide,MF_P1,DECLARED_DOMAIN,property,Mn:1|O:3|Rb:1,3
oxide,MF_P1,DECLARED_DOMAIN,property,Mn:1|O:3|Sr:1,3
oxide,MF_P1,DECLARED_DOMAIN,property,Mo:1|O:3|Rb:1,1
oxide,MF_P1,DECLARED_DOMAIN,property,Na:1|Ni:1|O:3,2
oxide,MF_P1,DECLARED_DOMAIN,property,Na:1|O:3|Sn:1,2
oxide,MF_P1,DECLARED_DOMAIN,property,Na:1|O:3|Ta:1,6
oxide,MF_P1,DECLARED_DOMAIN,property,Na:1|O:3|Ti:1,3
oxide,MF_P1,DECLARED_DOMAIN,property,Na:1|O:3|V:1,1
oxide,MF_P1,DECLARED_DOMAIN,property,Na:1|O:3|Y:1,1
oxide,MF_P1,DECLARED_DOMAIN,property,Na:1|O:3|Zn:1,3
oxide,MF_P1,DECLARED_DOMAIN,property,Na:1|O:3|Zr:1,3
oxide,MF_P1,DECLARED_DOMAIN,property,Nb:1|O:3|Rb:1,1
oxide,MF_P1,DECLARED_DOMAIN,property,Nb:1|O:3|Sr:1,1
oxide,MF_P1,DECLARED_DOMAIN,property,Ni:1|O:3|Rb:1,4
oxide,MF_P1,DECLARED_DOMAIN,property,Ni:1|O:3|Sr:1,1
oxide,MF_P1,DECLARED_DOMAIN,property,O:3|Pb:1|Rb:1,2
oxide,MF_P1,DECLARED_DOMAIN,property,O:3|Pb:1|Sr:1,1
oxide,MF_P1,DECLARED_DOMAIN,property,O:3|Rb:1|Sc:1,1
oxide,MF_P1,DECLARED_DOMAIN,property,O:3|Rb:1|Sn:1,2
oxide,MF_P1,DECLARED_DOMAIN,property,O:3|Rb:1|Ti:1,1
oxide,MF_P1,DECLARED_DOMAIN,property,O:3|Rb:1|W:1,2
oxide,MF_P1,DECLARED_DOMAIN,property,O:3|Rb:1|Y:1,1
oxide,MF_P1,DECLARED_DOMAIN,property,O:3|Rb:1|Zn:1,1
oxide,MF_P1,DECLARED_DOMAIN,property,O:3|Sc:1|Sr:1,2
oxide,MF_P1,DECLARED_DOMAIN,property,O:3|Sn:1|Sr:1,2
oxide,MF_P1,DECLARED_DOMAIN,property,O:3|Sr:1|Ta:1,4
oxide,MF_P1,DECLARED_DOMAIN,property,O:3|Sr:1|Ti:1,2
oxide,MF_P1,DECLARED_DOMAIN,property,O:3|Sr:1|W:1,1
oxide,MF_P1,DECLARED_DOMAIN,property,O:3|Sr:1|Y:1,1
oxide,MF_P1,DECLARED_DOMAIN,property,O:3|Sr:1|Zn:1,2
oxide,MF_P2,DECLARED_DOMAIN,fixed_real,Cr:1|Cs:1|O:3,341
oxide,MF_P2,DECLARED_DOMAIN,fixed_real,Cr:1|O:3|Rb:1,2
oxide,MF_P2,DECLARED_DOMAIN,fixed_real,Cs:1|Fe:1|O:3,3
oxide,MF_P2,DECLARED_DOMAIN,fixed_real,Cs:1|O:3|Zr:1,14
oxide,MF_P2,DECLARED_DOMAIN,joint,Al:1|Ba:1|O:3,2
oxide,MF_P2,DECLARED_DOMAIN,joint,Al:1|La:1|O:3,35
oxide,MF_P2,DECLARED_DOMAIN,joint,Al:1|Na:1|O:3,7
oxide,MF_P2,DECLARED_DOMAIN,joint,Ba:1|Nb:1|O:3,1
oxide,MF_P2,DECLARED_DOMAIN,joint,Ba:1|O:3|Sc:1,4
oxide,MF_P2,DECLARED_DOMAIN,joint,Ba:1|O:3|Y:1,6
oxide,MF_P2,DECLARED_DOMAIN,joint,Ca:1|Co:1|O:3,22
oxide,MF_P2,DECLARED_DOMAIN,joint,Ca:1|Fe:1|O:3,1
oxide,MF_P2,DECLARED_DOMAIN,joint,Ca:1|Ga:1|O:3,7
oxide,MF_P2,DECLARED_DOMAIN,joint,Ca:1|Ge:1|O:3,48
oxide,MF_P2,DECLARED_DOMAIN,joint,Ca:1|Nb:1|O:3,11
oxide,MF_P2,DECLARED_DOMAIN,joint,Ca:1|Ni:1|O:3,40
oxide,MF_P2,DECLARED_DOMAIN,joint,Ca:1|O:3|Sn:1,2
oxide,MF_P2,DECLARED_DOMAIN,joint,Ca:1|O:3|Ta:1,1
oxide,MF_P2,DECLARED_DOMAIN,joint,Ca:1|O:3|Ti:1,1
oxide,MF_P2,DECLARED_DOMAIN,joint,Co:1|Na:1|O:3,1
oxide,MF_P2,DECLARED_DOMAIN,joint,Ga:1|La:1|O:3,9
oxide,MF_P2,DECLARED_DOMAIN,joint,Ge:1|La:1|O:3,9
oxide,MF_P2,DECLARED_DOMAIN,joint,Hf:1|Na:1|O:3,34
oxide,MF_P2,DECLARED_DOMAIN,joint,Hf:1|O:3|Sr:1,2
oxide,MF_P2,DECLARED_DOMAIN,joint,In:1|La:1|O:3,8
oxide,MF_P2,DECLARED_DOMAIN,joint,In:1|Na:1|O:3,2
oxide,MF_P2,DECLARED_DOMAIN,joint,La:1|O:3|Pb:1,24
oxide,MF_P2,DECLARED_DOMAIN,joint,La:1|O:3|Sn:1,6
oxide,MF_P2,DECLARED_DOMAIN,joint,La:1|O:3|Zn:1,3
oxide,MF_P2,DECLARED_DOMAIN,joint,La:1|O:3|Zr:1,1
oxide,MF_P2,DECLARED_DOMAIN,joint,Na:1|Nb:1|O:3,13
oxide,MF_P2,DECLARED_DOMAIN,joint,Na:1|O:3|Pb:1,34
oxide,MF_P2,DECLARED_DOMAIN,joint,Na:1|O:3|Sc:1,4
oxide,MF_P2,DECLARED_DOMAIN,joint,Na:1|O:3|Ti:1,3
oxide,MF_P2,DECLARED_DOMAIN,joint,Na:1|O:3|Y:1,13
oxide,MF_P2,DECLARED_DOMAIN,joint,Nb:1|O:3|Sr:1,6
oxide,MF_P2,DECLARED_DOMAIN,property,Al:1|Ba:1|O:3,7
oxide,MF_P2,DECLARED_DOMAIN,property,Al:1|Ca:1|O:3,18
oxide,MF_P2,DECLARED_DOMAIN,property,Al:1|K:1|O:3,1
oxide,MF_P2,DECLARED_DOMAIN,property,Al:1|La:1|O:3,12
oxide,MF_P2,DECLARED_DOMAIN,property,Al:1|O:3|Rb:1,2
oxide,MF_P2,DECLARED_DOMAIN,property,Al:1|O:3|Sr:1,3
oxide,MF_P2,DECLARED_DOMAIN,property,Ba:1|Co:1|O:3,1
oxide,MF_P2,DECLARED_DOMAIN,property,Ba:1|Cr:1|O:3,1
oxide,MF_P2,DECLARED_DOMAIN,property,Ba:1|Cu:1|O:3,2
oxide,MF_P2,DECLARED_DOMAIN,property,Ba:1|Fe:1|O:3,3
oxide,MF_P2,DECLARED_DOMAIN,property,Ba:1|Ga:1|O:3,3
oxide,MF_P2,DECLARED_DOMAIN,property,Ba:1|Ge:1|O:3,1
oxide,MF_P2,DECLARED_DOMAIN,property,Ba:1|Hf:1|O:3,2
oxide,MF_P2,DECLARED_DOMAIN,property,Ba:1|In:1|O:3,1
oxide,MF_P2,DECLARED_DOMAIN,property,Ba:1|Mo:1|O:3,1
oxide,MF_P2,DECLARED_DOMAIN,property,Ba:1|Nb:1|O:3,1
oxide,MF_P2,DECLARED_DOMAIN,property,Ba:1|Ni:1|O:3,3
oxide,MF_P2,DECLARED_DOMAIN,property,Ba:1|O:3|Pb:1,1
oxide,MF_P2,DECLARED_DOMAIN,property,Ba:1|O:3|Sc:1,3
oxide,MF_P2,DECLARED_DOMAIN,property,Ba:1|O:3|Sn:1,2
oxide,MF_P2,DECLARED_DOMAIN,property,Ba:1|O:3|Ta:1,5
oxide,MF_P2,DECLARED_DOMAIN,property,Ba:1|O:3|Ti:1,1
oxide,MF_P2,DECLARED_DOMAIN,property,Ba:1|O:3|W:1,1
oxide,MF_P2,DECLARED_DOMAIN,property,Ba:1|O:3|Zr:1,2
oxide,MF_P2,DECLARED_DOMAIN,property,Ca:1|Co:1|O:3,1
oxide,MF_P2,DECLARED_DOMAIN,property,Ca:1|Cu:1|O:3,3
oxide,MF_P2,DECLARED_DOMAIN,property,Ca:1|Fe:1|O:3,3
oxide,MF_P2,DECLARED_DOMAIN,property,Ca:1|Ga:1|O:3,9
oxide,MF_P2,DECLARED_DOMAIN,property,Ca:1|Ge:1|O:3,4
oxide,MF_P2,DECLARED_DOMAIN,property,Ca:1|Hf:1|O:3,9
oxide,MF_P2,DECLARED_DOMAIN,property,Ca:1|In:1|O:3,5
oxide,MF_P2,DECLARED_DOMAIN,property,Ca:1|Mn:1|O:3,2
oxide,MF_P2,DECLARED_DOMAIN,property,Ca:1|Mo:1|O:3,3
oxide,MF_P2,DECLARED_DOMAIN,property,Ca:1|Nb:1|O:3,4
oxide,MF_P2,DECLARED_DOMAIN,property,Ca:1|Ni:1|O:3,3
oxide,MF_P2,DECLARED_DOMAIN,property,Ca:1|O:3|Sc:1,9
oxide,MF_P2,DECLARED_DOMAIN,property,Ca:1|O:3|Sn:1,3
oxide,MF_P2,DECLARED_DOMAIN,property,Ca:1|O:3|Ta:1,5
oxide,MF_P2,DECLARED_DOMAIN,property,Ca:1|O:3|Ti:1,2
oxide,MF_P2,DECLARED_DOMAIN,property,Ca:1|O:3|V:1,1
oxide,MF_P2,DECLARED_DOMAIN,property,Ca:1|O:3|Zn:1,3
oxide,MF_P2,DECLARED_DOMAIN,property,Ca:1|O:3|Zr:1,13
oxide,MF_P2,DECLARED_DOMAIN,property,Co:1|K:1|O:3,2
oxide,MF_P2,DECLARED_DOMAIN,property,Co:1|Na:1|O:3,3
oxide,MF_P2,DECLARED_DOMAIN,property,Co:1|O:3|Rb:1,1
oxide,MF_P2,DECLARED_DOMAIN,property,Cr:1|O:3|Rb:1,1
oxide,MF_P2,DECLARED_DOMAIN,property,Cs:1|Cu:1|O:3,3
oxide,MF_P2,DECLARED_DOMAIN,property,Cs:1|Ga:1|O:3,3
oxide,MF_P2,DECLARED_DOMAIN,property,Cs:1|Ge:1|O:3,2
oxide,MF_P2,DECLARED_DOMAIN,property,Cs:1|Mn:1|O:3,3
oxide,MF_P2,DECLARED_DOMAIN,property,Cs:1|Mo:1|O:3,1
oxide,MF_P2,DECLARED_DOMAIN,property,Cs:1|Nb:1|O:3,2
oxide,MF_P2,DECLARED_DOMAIN,property,Cs:1|Ni:1|O:3,2
oxide,MF_P2,DECLARED_DOMAIN,property,Cs:1|O:3|Pb:1,5
oxide,MF_P2,DECLARED_DOMAIN,property,Cs:1|O:3|Sn:1,2
oxide,MF_P2,DECLARED_DOMAIN,property,Cs:1|O:3|Ti:1,1
oxide,MF_P2,DECLARED_DOMAIN,property,Cs:1|O:3|V:1,1
oxide,MF_P2,DECLARED_DOMAIN,property,Cs:1|O:3|W:1,1
oxide,MF_P2,DECLARED_DOMAIN,property,Cs:1|O:3|Y:1,1
oxide,MF_P2,DECLARED_DOMAIN,property,Cs:1|O:3|Zn:1,3
oxide,MF_P2,DECLARED_DOMAIN,property,Cu:1|K:1|O:3,1
oxide,MF_P2,DECLARED_DOMAIN,property,Cu:1|La:1|O:3,1
oxide,MF_P2,DECLARED_DOMAIN,property,Cu:1|Na:1|O:3,2
oxide,MF_P2,DECLARED_DOMAIN,property,Cu:1|O:3|Rb:1,2
oxide,MF_P2,DECLARED_DOMAIN,property,Cu:1|O:3|Sr:1,4
oxide,MF_P2,DECLARED_DOMAIN,property,Fe:1|K:1|O:3,1
oxide,MF_P2,DECLARED_DOMAIN,property,Fe:1|La:1|O:3,1
oxide,MF_P2,DECLARED_DOMAIN,property,Fe:1|Na:1|O:3,1
oxide,MF_P2,DECLARED_DOMAIN,property,Fe:1|O:3|Rb:1,2
oxide,MF_P2,DECLARED_DOMAIN,property,Fe:1|O:3|Sr:1,2
oxide,MF_P2,DECLARED_DOMAIN,property,Ga:1|K:1|O:3,1
oxide,MF_P2,DECLARED_DOMAIN,property,Ga:1|La:1|O:3,11
oxide,MF_P2,DECLARED_DOMAIN,property,Ga:1|Na:1|O:3,1
oxide,MF_P2,DECLARED_DOMAIN,property,Ga:1|O:3|Rb:1,1
oxide,MF_P2,DECLARED_DOMAIN,property,Ga:1|O:3|Sr:1,3
oxide,MF_P2,DECLARED_DOMAIN,property,Ge:1|K:1|O:3,1
oxide,MF_P2,DECLARED_DOMAIN,property,Ge:1|La:1|O:3,6
oxide,MF_P2,DECLARED_DOMAIN,property,Ge:1|Na:1|O:3,4
oxide,MF_P2,DECLARED_DOMAIN,property,Ge:1|O:3|Rb:1,1
oxide,MF_P2,DECLARED_DOMAIN,property,Ge:1|O:3|Sr:1,4
oxide,MF_P2,DECLARED_DOMAIN,property,Hf:1|La:1|O:3,2
oxide,MF_P2,DECLARED_DOMAIN,property,Hf:1|Na:1|O:3,1
oxide,MF_P2,DECLARED_DOMAIN,property,Hf:1|O:3|Rb:1,1
oxide,MF_P2,DECLARED_DOMAIN,property,Hf:1|O:3|Sr:1,2
oxide,MF_P2,DECLARED_DOMAIN,property,In:1|K:1|O:3,2
oxide,MF_P2,DECLARED_DOMAIN,property,In:1|La:1|O:3,7
oxide,MF_P2,DECLARED_DOMAIN,property,In:1|Na:1|O:3,2
oxide,MF_P2,DECLARED_DOMAIN,property,In:1|O:3|Rb:1,1
oxide,MF_P2,DECLARED_DOMAIN,property,K:1|Mo:1|O:3,1
oxide,MF_P2,DECLARED_DOMAIN,property,K:1|Ni:1|O:3,4
oxide,MF_P2,DECLARED_DOMAIN,property,K:1|O:3|Pb:1,4
oxide,MF_P2,DECLARED_DOMAIN,property,K:1|O:3|Sn:1,1
oxide,MF_P2,DECLARED_DOMAIN,property,K:1|O:3|V:1,4
oxide,MF_P2,DECLARED_DOMAIN,property,K:1|O:3|Y:1,2
oxide,MF_P2,DECLARED_DOMAIN,property,K:1|O:3|Zn:1,1
oxide,MF_P2,DECLARED_DOMAIN,property,K:1|O:3|Zr:1,2
oxide,MF_P2,DECLARED_DOMAIN,property,La:1|Mn:1|O:3,1
oxide,MF_P2,DECLARED_DOMAIN,property,La:1|Mo:1|O:3,1
oxide,MF_P2,DECLARED_DOMAIN,property,La:1|Nb:1|O:3,2
oxide,MF_P2,DECLARED_DOMAIN,property,La:1|Ni:1|O:3,1
oxide,MF_P2,DECLARED_DOMAIN,property,La:1|O:3|Sc:1,2
oxide,MF_P2,DECLARED_DOMAIN,property,La:1|O:3|Sn:1,3
oxide,MF_P2,DECLARED_DOMAIN,property,La:1|O:3|Ta:1,1
oxide,MF_P2,DECLARED_DOMAIN,property,La:1|O:3|Zn:1,3
oxide,MF_P2,DECLARED_DOMAIN,property,La:1|O:3|Zr:1,3
oxide,MF_P2,DECLARED_DOMAIN,property,Mn:1|O:3|Rb:1,3
oxide,MF_P2,DECLARED_DOMAIN,property,Mn:1|O:3|Sr:1,3
oxide,MF_P2,DECLARED_DOMAIN,property,Mo:1|O:3|Rb:1,1
oxide,MF_P2,DECLARED_DOMAIN,property,Na:1|Ni:1|O:3,2
oxide,MF_P2,DECLARED_DOMAIN,property,Na:1|O:3|Sn:1,2
oxide,MF_P2,DECLARED_DOMAIN,property,Na:1|O:3|Ta:1,6
oxide,MF_P2,DECLARED_DOMAIN,property,Na:1|O:3|Ti:1,3
oxide,MF_P2,DECLARED_DOMAIN,property,Na:1|O:3|V:1,1
oxide,MF_P2,DECLARED_DOMAIN,property,Na:1|O:3|Y:1,1
oxide,MF_P2,DECLARED_DOMAIN,property,Na:1|O:3|Zn:1,3
oxide,MF_P2,DECLARED_DOMAIN,property,Na:1|O:3|Zr:1,3
oxide,MF_P2,DECLARED_DOMAIN,property,Nb:1|O:3|Rb:1,1
oxide,MF_P2,DECLARED_DOMAIN,property,Nb:1|O:3|Sr:1,1
oxide,MF_P2,DECLARED_DOMAIN,property,Ni:1|O:3|Rb:1,4
oxide,MF_P2,DECLARED_DOMAIN,property,Ni:1|O:3|Sr:1,1
oxide,MF_P2,DECLARED_DOMAIN,property,O:3|Pb:1|Rb:1,2
oxide,MF_P2,DECLARED_DOMAIN,property,O:3|Pb:1|Sr:1,1
oxide,MF_P2,DECLARED_DOMAIN,property,O:3|Rb:1|Sc:1,1
oxide,MF_P2,DECLARED_DOMAIN,property,O:3|Rb:1|Sn:1,2
oxide,MF_P2,DECLARED_DOMAIN,property,O:3|Rb:1|Ti:1,1
oxide,MF_P2,DECLARED_DOMAIN,property,O:3|Rb:1|W:1,2
oxide,MF_P2,DECLARED_DOMAIN,property,O:3|Rb:1|Y:1,1
oxide,MF_P2,DECLARED_DOMAIN,property,O:3|Rb:1|Zn:1,1
oxide,MF_P2,DECLARED_DOMAIN,property,O:3|Sc:1|Sr:1,2
oxide,MF_P2,DECLARED_DOMAIN,property,O:3|Sn:1|Sr:1,2
oxide,MF_P2,DECLARED_DOMAIN,property,O:3|Sr:1|Ta:1,4
oxide,MF_P2,DECLARED_DOMAIN,property,O:3|Sr:1|Ti:1,2
oxide,MF_P2,DECLARED_DOMAIN,property,O:3|Sr:1|W:1,1
oxide,MF_P2,DECLARED_DOMAIN,property,O:3|Sr:1|Y:1,1
oxide,MF_P2,DECLARED_DOMAIN,property,O:3|Sr:1|Zn:1,2
oxide,MF_P3,DECLARED_DOMAIN,fixed_real,Cr:1|Cs:1|O:3,337
oxide,MF_P3,DECLARED_DOMAIN,fixed_real,Cr:1|O:3|Rb:1,4
oxide,MF_P3,DECLARED_DOMAIN,fixed_real,Cs:1|Fe:1|O:3,1
oxide,MF_P3,DECLARED_DOMAIN,fixed_real,Cs:1|O:3|V:1,1
oxide,MF_P3,DECLARED_DOMAIN,fixed_real,Cs:1|O:3|Zr:1,17
oxide,MF_P3,DECLARED_DOMAIN,joint,Ag:1|Ge:1|O:3,2
oxide,MF_P3,DECLARED_DOMAIN,joint,Ag:1|O:3|Sb:1,2
oxide,MF_P3,DECLARED_DOMAIN,joint,Al:1|O:3|Pb:1,1
oxide,MF_P3,DECLARED_DOMAIN,joint,Al:1|O:3|Y:1,36
oxide,MF_P3,DECLARED_DOMAIN,joint,As:1|O:3|Sc:1,7
oxide,MF_P3,DECLARED_DOMAIN,joint,B:1|Bi:1|O:3,6
oxide,MF_P3,DECLARED_DOMAIN,joint,B:1|Cd:1|O:3,1
oxide,MF_P3,DECLARED_DOMAIN,joint,B:1|Ga:1|O:3,1
oxide,MF_P3,DECLARED_DOMAIN,joint,B:1|In:1|O:3,1
oxide,MF_P3,DECLARED_DOMAIN,joint,B:1|O:3|Pb:1,16
oxide,MF_P3,DECLARED_DOMAIN,joint,Bi:1|O:3|Si:1,3
oxide,MF_P3,DECLARED_DOMAIN,joint,Cd:1|Ge:1|O:3,1
oxide,MF_P3,DECLARED_DOMAIN,joint,Ga:1|Ni:1|O:3,4
oxide,MF_P3,DECLARED_DOMAIN,joint,Ga:1|O:3|Pt:1,6
oxide,MF_P3,DECLARED_DOMAIN,joint,Ga:1|O:3|Rh:1,5
oxide,MF_P3,DECLARED_DOMAIN,joint,Ge:1|Hg:1|O:3,25
oxide,MF_P3,DECLARED_DOMAIN,joint,Ge:1|O:3|Sb:1,1
oxide,MF_P3,DECLARED_DOMAIN,joint,Ge:1|O:3|Te:1,2
oxide,MF_P3,DECLARED_DOMAIN,joint,Hf:1|Li:1|O:3,35
oxide,MF_P3,DECLARED_DOMAIN,joint,Hg:1|O:3|Sb:1,42
oxide,MF_P3,DECLARED_DOMAIN,joint,In:1|O:3|Si:1,2
oxide,MF_P3,DECLARED_DOMAIN,joint,Ir:1|O:3|Sc:1,8
oxide,MF_P3,DECLARED_DOMAIN,joint,Li:1|Mo:1|O:3,1
oxide,MF_P3,DECLARED_DOMAIN,joint,Li:1|Nb:1|O:3,34
oxide,MF_P3,DECLARED_DOMAIN,joint,Li:1|O:3|Ta:1,2
oxide,MF_P3,DECLARED_DOMAIN,joint,Li:1|O:3|Zr:1,1
oxide,MF_P3,DECLARED_DOMAIN,joint,Mg:1|O:3|Pt:1,7
oxide,MF_P3,DECLARED_DOMAIN,joint,Mg:1|O:3|Rh:1,4
oxide,MF_P3,DECLARED_DOMAIN,joint,Mg:1|O:3|Zr:1,35
oxide,MF_P3,DECLARED_DOMAIN,joint,Ni:1|O:3|Zn:1,1
oxide,MF_P3,DECLARED_DOMAIN,joint,O:3|Pb:1|Si:1,6
oxide,MF_P3,DECLARED_DOMAIN,joint,O:3|Pt:1|Zn:1,4
oxide,MF_P3,DECLARED_DOMAIN,joint,O:3|Rh:1|Sc:1,21
oxide,MF_P3,DECLARED_DOMAIN,joint,O:3|Rh:1|Y:1,2
oxide,MF_P3,DECLARED_DOMAIN,joint,O:3|Rh:1|Zn:1,2
oxide,MF_P3,DECLARED_DOMAIN,joint,O:3|Sb:1|Sc:1,22
oxide,MF_P3,DECLARED_DOMAIN,joint,O:3|Sc:1|Te:1,11
oxide,MF_P3,DECLARED_DOMAIN,property,Ag:1|Bi:1|O:3,1
oxide,MF_P3,DECLARED_DOMAIN,property,Ag:1|Co:1|O:3,1
oxide,MF_P3,DECLARED_DOMAIN,property,Ag:1|Cr:1|O:3,1
oxide,MF_P3,DECLARED_DOMAIN,property,Ag:1|In:1|O:3,1
oxide,MF_P3,DECLARED_DOMAIN,property,Ag:1|O:3|Pb:1,1
oxide,MF_P3,DECLARED_DOMAIN,property,Ag:1|O:3|Sc:1,1
oxide,MF_P3,DECLARED_DOMAIN,property,Ag:1|O:3|Si:1,1
oxide,MF_P3,DECLARED_DOMAIN,property,Ag:1|O:3|Ti:1,1
oxide,MF_P3,DECLARED_DOMAIN,property,Ag:1|O:3|Zn:1,1
oxide,MF_P3,DECLARED_DOMAIN,property,Al:1|Au:1|O:3,1
oxide,MF_P3,DECLARED_DOMAIN,property,Al:1|Be:1|O:3,2
oxide,MF_P3,DECLARED_DOMAIN,property,Al:1|Ca:1|O:3,3
oxide,MF_P3,DECLARED_DOMAIN,property,Al:1|Cd:1|O:3,2
oxide,MF_P3,DECLARED_DOMAIN,property,Al:1|Cr:1|O:3,1
oxide,MF_P3,DECLARED_DOMAIN,property,Al:1|Ga:1|O:3,1
oxide,MF_P3,DECLARED_DOMAIN,property,Al:1|Ge:1|O:3,2
oxide,MF_P3,DECLARED_DOMAIN,property,Al:1|Hf:1|O:3,1
oxide,MF_P3,DECLARED_DOMAIN,property,Al:1|Hg:1|O:3,1
oxide,MF_P3,DECLARED_DOMAIN,property,Al:1|In:1|O:3,3
oxide,MF_P3,DECLARED_DOMAIN,property,Al:1|Ir:1|O:3,1
oxide,MF_P3,DECLARED_DOMAIN,property,Al:1|La:1|O:3,1
oxide,MF_P3,DECLARED_DOMAIN,property,Al:1|Mg:1|O:3,2
oxide,MF_P3,DECLARED_DOMAIN,property,Al:1|Mn:1|O:3,1
oxide,MF_P3,DECLARED_DOMAIN,property,Al:1|O:3|Os:1,1
oxide,MF_P3,DECLARED_DOMAIN,property,Al:1|O:3|Si:1,2
oxide,MF_P3,DECLARED_DOMAIN,property,Al:1|O:3|Sn:1,1
oxide,MF_P3,DECLARED_DOMAIN,property,Al:1|O:3|Sr:1,1
oxide,MF_P3,DECLARED_DOMAIN,property,Al:1|O:3|Te:1,1
oxide,MF_P3,DECLARED_DOMAIN,property,Al:1|O:3|Y:1,2
oxide,MF_P3,DECLARED_DOMAIN,property,Al:1|O:3|Zn:1,1
oxide,MF_P3,DECLARED_DOMAIN,property,Al:1|O:3|Zr:1,1
oxide,MF_P3,DECLARED_DOMAIN,property,Al:2|O:3,1
oxide,MF_P3,DECLARED_DOMAIN,property,As:1|Ca:1|O:3,1
oxide,MF_P3,DECLARED_DOMAIN,property,As:1|Ga:1|O:3,1
oxide,MF_P3,DECLARED_DOMAIN,property,As:1|Mn:1|O:3,1
oxide,MF_P3,DECLARED_DOMAIN,property,As:1|O:3|Si:1,1
oxide,MF_P3,DECLARED_DOMAIN,property,As:1|O:3|Sn:1,1
oxide,MF_P3,DECLARED_DOMAIN,property,As:1|O:3|Ti:1,1
oxide,MF_P3,DECLARED_DOMAIN,property,As:1|O:3|Tl:1,1
oxide,MF_P3,DECLARED_DOMAIN,property,As:1|O:3|V:1,1
oxide,MF_P3,DECLARED_DOMAIN,property,As:1|O:3|Zn:1,1
oxide,MF_P3,DECLARED_DOMAIN,property,Au:1|B:1|O:3,1
oxide,MF_P3,DECLARED_DOMAIN,property,Au:1|O:3|Ta:1,1
oxide,MF_P3,DECLARED_DOMAIN,property,B:1|Ba:1|O:3,1
oxide,MF_P3,DECLARED_DOMAIN,property,B:1|O:3|Sc:1,1
oxide,MF_P3,DECLARED_DOMAIN,property,B:1|O:3|Zn:1,1
oxide,MF_P3,DECLARED_DOMAIN,property,Ba:1|Hf:1|O:3,1
oxide,MF_P3,DECLARED_DOMAIN,property,Ba:1|Ir:1|O:3,1
oxide,MF_P3,DECLARED_DOMAIN,property,Ba:1|La:1|O:3,1
oxide,MF_P3,DECLARED_DOMAIN,property,Ba:1|Ni:1|O:3,1
oxide,MF_P3,DECLARED_DOMAIN,property,Ba:1|O:3|Os:1,1
oxide,MF_P3,DECLARED_DOMAIN,property,Ba:1|O:3|Pd:1,1
oxide,MF_P3,DECLARED_DOMAIN,property,Ba:1|O:3|Re:1,1
oxide,MF_P3,DECLARED_DOMAIN,property,Ba:1|O:3|Sb:1,1
oxide,MF_P3,DECLARED_DOMAIN,property,Ba:1|O:3|Ta:1,3
oxide,MF_P3,DECLARED_DOMAIN,property,Ba:1|O:3|Zr:1,1
oxide,MF_P3,DECLARED_DOMAIN,property,Be:1|Bi:1|O:3,1
oxide,MF_P3,DECLARED_DOMAIN,property,Be:1|Ca:1|O:3,1
oxide,MF_P3,DECLARED_DOMAIN,property,Be:1|Cd:1|O:3,1
oxide,MF_P3,DECLARED_DOMAIN,property,Be:1|Cu:1|O:3,1
oxide,MF_P3,DECLARED_DOMAIN,property,Be:1|Hg:1|O:3,2
oxide,MF_P3,DECLARED_DOMAIN,property,Be:1|La:1|O:3,1
oxide,MF_P3,DECLARED_DOMAIN,property,Be:1|Li:1|O:3,2
oxide,MF_P3,DECLARED_DOMAIN,property,Be:1|Nb:1|O:3,1
oxide,MF_P3,DECLARED_DOMAIN,property,Be:1|O:3|Ru:1,1
oxide,MF_P3,DECLARED_DOMAIN,property,Be:1|O:3|Ta:1,1
oxide,MF_P3,DECLARED_DOMAIN,property,Be:1|O:3|Tl:1,1
oxide,MF_P3,DECLARED_DOMAIN,property,Be:1|O:3|V:1,1
oxide,MF_P3,DECLARED_DOMAIN,property,Be:1|O:3|Zr:1,1
oxide,MF_P3,DECLARED_DOMAIN,property,Bi:1|Ca:1|O:3,1
oxide,MF_P3,DECLARED_DOMAIN,property,Bi:1|Ga:1|O:3,1
oxide,MF_P3,DECLARED_DOMAIN,property,Bi:1|K:1|O:3,1
oxide,MF_P3,DECLARED_DOMAIN,property,Bi:1|O:3|Tl:1,1
oxide,MF_P3,DECLARED_DOMAIN,property,Ca:1|Cd:1|O:3,1
oxide,MF_P3,DECLARED_DOMAIN,property,Ca:1|Ga:1|O:3,2
oxide,MF_P3,DECLARED_DOMAIN,property,Ca:1|Hf:1|O:3,2
oxide,MF_P3,DECLARED_DOMAIN,property,Ca:1|Mg:1|O:3,2
oxide,MF_P3,DECLARED_DOMAIN,property,Ca:1|O:3|Os:1,1
oxide,MF_P3,DECLARED_DOMAIN,property,Ca:1|O:3|Ru:1,1
oxide,MF_P3,DECLARED_DOMAIN,property,Ca:1|O:3|Sc:1,4
oxide,MF_P3,DECLARED_DOMAIN,property,Ca:1|O:3|Si:1,1
oxide,MF_P3,DECLARED_DOMAIN,property,Ca:1|O:3|Ta:1,3
oxide,MF_P3,DECLARED_DOMAIN,property,Ca:1|O:3|Ti:1,1
oxide,MF_P3,DECLARED_DOMAIN,property,Ca:1|O:3|Zr:1,3
oxide,MF_P3,DECLARED_DOMAIN,property,Cd:1|Ga:1|O:3,2
oxide,MF_P3,DECLARED_DOMAIN,property,Cd:1|Ge:1|O:3,2
oxide,MF_P3,DECLARED_DOMAIN,property,Cd:1|Hf:1|O:3,1
oxide,MF_P3,DECLARED_DOMAIN,property,Cd:1|In:1|O:3,1
oxide,MF_P3,DECLARED_DOMAIN,property,Cd:1|K:1|O:3,1
oxide,MF_P3,DECLARED_DOMAIN,property,Cd:1|Mn:1|O:3,1
oxide,MF_P3,DECLARED_DOMAIN,property,Cd:1|Na:1|O:3,1
oxide,MF_P3,DECLARED_DOMAIN,property,Cd:1|O:3|Os:1,1
oxide,MF_P3,DECLARED_DOMAIN,property,Cd:1|O:3|Re:1,1
oxide,MF_P3,DECLARED_DOMAIN,property,Cd:1|O:3|Ru:1,1
oxide,MF_P3,DECLARED_DOMAIN,property,Cd:1|O:3|Sb:1,2
oxide,MF_P3,DECLARED_DOMAIN,property,Cd:1|O:3|Sc:1,1
oxide,MF_P3,DECLARED_DOMAIN,property,Cd:1|O:3|Si:1,2
oxide,MF_P3,DECLARED_DOMAIN,property,Cd:1|O:3|Sn:1,1
oxide,MF_P3,DECLARED_DOMAIN,property,Cd:1|O:3|Tl:1,1
oxide,MF_P3,DECLARED_DOMAIN,property,Cd:1|O:3|Y:1,2
oxide,MF_P3,DECLARED_DOMAIN,property,Cd:2|O:3,1
oxide,MF_P3,DECLARED_DOMAIN,property,Co:1|Nb:1|O:3,1
oxide,MF_P3,DECLARED_DOMAIN,property,Co:1|Ni:1|O:3,1
oxide,MF_P3,DECLARED_DOMAIN,property,Co:1|O:3|Pb:1,1
oxide,MF_P3,DECLARED_DOMAIN,property,Co:1|O:3|Rb:1,2
oxide,MF_P3,DECLARED_DOMAIN,property,Co:1|O:3|Sc:1,1
oxide,MF_P3,DECLARED_DOMAIN,property,Co:1|O:3|Sr:1,1
oxide,MF_P3,DECLARED_DOMAIN,property,Co:1|O:3|Ti:1,2
oxide,MF_P3,DECLARED_DOMAIN,property,Co:1|O:3|Tl:1,1
oxide,MF_P3,DECLARED_DOMAIN,property,Co:1|O:3|V:1,1
oxide,MF_P3,DECLARED_DOMAIN,property,Cr:1|O:3|Pb:1,1
oxide,MF_P3,DECLARED_DOMAIN,property,Cs:1|Ga:1|O:3,1
oxide,MF_P3,DECLARED_DOMAIN,property,Cs:1|O:3|Ru:1,2
oxide,MF_P3,DECLARED_DOMAIN,property,Cu:1|Hg:1|O:3,1
oxide,MF_P3,DECLARED_DOMAIN,property,Cu:1|Li:1|O:3,1
oxide,MF_P3,DECLARED_DOMAIN,property,Cu:1|O:3|Sc:1,1
oxide,MF_P3,DECLARED_DOMAIN,property,Cu:1|O:3|Sn:1,1
oxide,MF_P3,DECLARED_DOMAIN,property,Cu:1|O:3|Zn:1,1
oxide,MF_P3,DECLARED_DOMAIN,property,Fe:1|Ge:1|O:3,1
oxide,MF_P3,DECLARED_DOMAIN,property,Fe:1|Mn:1|O:3,1
oxide,MF_P3,DECLARED_DOMAIN,property,Fe:1|Na:1|O:3,1
oxide,MF_P3,DECLARED_DOMAIN,property,Fe:1|O:3|V:1,1
oxide,MF_P3,DECLARED_DOMAIN,property,Fe:1|O:3|Zn:1,1
oxide,MF_P3,DECLARED_DOMAIN,property,Ga:1|Ge:1|O:3,1
oxide,MF_P3,DECLARED_DOMAIN,property,Ga:1|Hf:1|O:3,1
oxide,MF_P3,DECLARED_DOMAIN,property,Ga:1|In:1|O:3,1
oxide,MF_P3,DECLARED_DOMAIN,property,Ga:1|La:1|O:3,1
oxide,MF_P3,DECLARED_DOMAIN,property,Ga:1|Li:1|O:3,2
oxide,MF_P3,DECLARED_DOMAIN,property,Ga:1|Ni:1|O:3,1
oxide,MF_P3,DECLARED_DOMAIN,property,Ga:1|O:3|Os:1,1
oxide,MF_P3,DECLARED_DOMAIN,property,Ga:1|O:3|Sc:1,3
oxide,MF_P3,DECLARED_DOMAIN,property,Ga:1|O:3|Si:1,4
oxide,MF_P3,DECLARED_DOMAIN,property,Ga:1|O:3|Sn:1,1
oxide,MF_P3,DECLARED_DOMAIN,property,Ga:1|O:3|Ta:1,1
oxide,MF_P3,DECLARED_DOMAIN,property,Ga:1|O:3|Tl:1,1
oxide,MF_P3,DECLARED_DOMAIN,property,Ga:1|O:3|V:1,1
oxide,MF_P3,DECLARED_DOMAIN,property,Ga:1|O:3|Y:1,2
oxide,MF_P3,DECLARED_DOMAIN,property,Ga:1|O:3|Zr:1,6
oxide,MF_P3,DECLARED_DOMAIN,property,Ge:1|Hf:1|O:3,1
oxide,MF_P3,DECLARED_DOMAIN,property,Ge:1|Hg:1|O:3,2
oxide,MF_P3,DECLARED_DOMAIN,property,Ge:1|In:1|O:3,2
oxide,MF_P3,DECLARED_DOMAIN,property,Ge:1|Li:1|O:3,1
oxide,MF_P3,DECLARED_DOMAIN,property,Ge:1|Mg:1|O:3,1
oxide,MF_P3,DECLARED_DOMAIN,property,Ge:1|Mo:1|O:3,1
oxide,MF_P3,DECLARED_DOMAIN,property,Ge:1|Na:1|O:3,2
oxide,MF_P3,DECLARED_DOMAIN,property,Ge:1|O:3|Sn:1,1
oxide,MF_P3,DECLARED_DOMAIN,property,Ge:1|O:3|Tl:1,1
oxide,MF_P3,DECLARED_DOMAIN,property,Ge:1|O:3|Y:1,1
oxide,MF_P3,DECLARED_DOMAIN,property,Ge:1|O:3|Zr:1,2
oxide,MF_P3,DECLARED_DOMAIN,property,Hf:1|In:1|O:3,4
oxide,MF_P3,DECLARED_DOMAIN,property,Hf:1|La:1|O:3,1
oxide,MF_P3,DECLARED_DOMAIN,property,Hf:1|Li:1|O:3,1
oxide,MF_P3,DECLARED_DOMAIN,property,Hf:1|O:3|Os:1,1
oxide,MF_P3,DECLARED_DOMAIN,property,Hf:1|O:3|Rh:1,1
oxide,MF_P3,DECLARED_DOMAIN,property,Hf:1|O:3|Ru:1,1
oxide,MF_P3,DECLARED_DOMAIN,property,Hf:1|O:3|Sn:1,3
oxide,MF_P3,DECLARED_DOMAIN,property,Hf:1|O:3|Sr:1,3
oxide,MF_P3,DECLARED_DOMAIN,property,Hf:1|O:3|V:1,1
oxide,MF_P3,DECLARED_DOMAIN,property,Hf:1|O:3|Zn:1,1
oxide,MF_P3,DECLARED_DOMAIN,property,Hf:1|O:3|Zr:1,1
oxide,MF_P3,DECLARED_DOMAIN,property,Hf:2|O:3,1
oxide,MF_P3,DECLARED_DOMAIN,property,Hg:1|O:3|Rb:1,1
oxide,MF_P3,DECLARED_DOMAIN,property,Hg:1|O:3|Ru:1,1
oxide,MF_P3,DECLARED_DOMAIN,property,Hg:1|O:3|Sr:1,1
oxide,MF_P3,DECLARED_DOMAIN,property,In:1|O:3|Re:1,1
oxide,MF_P3,DECLARED_DOMAIN,property,In:1|O:3|Sc:1,1
oxide,MF_P3,DECLARED_DOMAIN,property,In:1|O:3|Sr:1,1
oxide,MF_P3,DECLARED_DOMAIN,property,Ir:1|O:3|V:1,2
oxide,MF_P3,DECLARED_DOMAIN,property,Ir:1|O:3|Zn:1,2
oxide,MF_P3,DECLARED_DOMAIN,property,Ir:1|O:3|Zr:1,1
oxide,MF_P3,DECLARED_DOMAIN,property,K:1|O:3|Pt:1,1
oxide,MF_P3,DECLARED_DOMAIN,property,K:1|O:3|Ru:1,1
oxide,MF_P3,DECLARED_DOMAIN,property,K:1|O:3|W:1,1
oxide,MF_P3,DECLARED_DOMAIN,property,La:1|O:3|Re:1,1
oxide,MF_P3,DECLARED_DOMAIN,property,La:1|O:3|Sc:1,2
oxide,MF_P3,DECLARED_DOMAIN,property,La:1|O:3|Si:1,1
oxide,MF_P3,DECLARED_DOMAIN,property,La:1|O:3|Ta:1,1
oxide,MF_P3,DECLARED_DOMAIN,property,La:1|O:3|Y:1,1
oxide,MF_P3,DECLARED_DOMAIN,property,Li:1|Mo:1|O:3,2
oxide,MF_P3,DECLARED_DOMAIN,property,Li:1|Nb:1|O:3,3
oxide,MF_P3,DECLARED_DOMAIN,property,Li:1|Ni:1|O:3,1
oxide,MF_P3,DECLARED_DOMAIN,property,Li:1|O:3|Ru:1,1
oxide,MF_P3,DECLARED_DOMAIN,property,Li:1|O:3|Sb:1,1
oxide,MF_P3,DECLARED_DOMAIN,property,Li:1|O:3|Ta:1,16
oxide,MF_P3,DECLARED_DOMAIN,property,Li:1|O:3|Ti:1,2
oxide,MF_P3,DECLARED_DOMAIN,property,Li:1|O:3|Y:1,1
oxide,MF_P3,DECLARED_DOMAIN,property,Li:1|O:3|Zn:1,1
oxide,MF_P3,DECLARED_DOMAIN,property,Li:1|O:3|Zr:1,2
oxide,MF_P3,DECLARED_DOMAIN,property,Mg:1|O:3|Os:1,1
oxide,MF_P3,DECLARED_DOMAIN,property,Mg:1|O:3|Pb:1,1
oxide,MF_P3,DECLARED_DOMAIN,property,Mg:1|O:3|Rb:1,1
oxide,MF_P3,DECLARED_DOMAIN,property,Mg:1|O:3|Sc:1,1
oxide,MF_P3,DECLARED_DOMAIN,property,Mg:1|O:3|Si:1,1
oxide,MF_P3,DECLARED_DOMAIN,property,Mg:1|O:3|Sr:1,1
oxide,MF_P3,DECLARED_DOMAIN,property,Mg:1|O:3|Tl:1,1
oxide,MF_P3,DECLARED_DOMAIN,property,Mg:1|O:3|Zn:1,1
oxide,MF_P3,DECLARED_DOMAIN,property,Mg:2|O:3,1
oxide,MF_P3,DECLARED_DOMAIN,property,Mn:1|O:3|Os:1,1
oxide,MF_P3,DECLARED_DOMAIN,property,Mn:1|O:3|Ru:1,1
oxide,MF_P3,DECLARED_DOMAIN,property,Mn:1|O:3|Sn:1,1
oxide,MF_P3,DECLARED_DOMAIN,property,Mn:1|O:3|Ti:1,1
oxide,MF_P3,DECLARED_DOMAIN,property,Mo:1|O:3|Os:1,1
oxide,MF_P3,DECLARED_DOMAIN,property,Mo:1|O:3|Pb:1,1
oxide,MF_P3,DECLARED_DOMAIN,property,Na:1|Nb:1|O:3,1
oxide,MF_P3,DECLARED_DOMAIN,property,Na:1|O:3|Pd:1,2
oxide,MF_P3,DECLARED_DOMAIN,property,Na:1|O:3|Ru:1,2
oxide,MF_P3,DECLARED_DOMAIN,property,Na:1|O:3|Sc:1,1
oxide,MF_P3,DECLARED_DOMAIN,property,Na:1|O:3|Ta:1,1
oxide,MF_P3,DECLARED_DOMAIN,property,Na:1|O:3|Ti:1,1
oxide,MF_P3,DECLARED_DOMAIN,property,Na:1|O:3|V:1,1
oxide,MF_P3,DECLARED_DOMAIN,property,Nb:1|O:3|Os:1,1
oxide,MF_P3,DECLARED_DOMAIN,property,Nb:1|O:3|Sc:1,1
oxide,MF_P3,DECLARED_DOMAIN,property,Nb:1|O:3|Te:1,1
oxide,MF_P3,DECLARED_DOMAIN,property,Nb:1|O:3|Zn:1,1
oxide,MF_P3,DECLARED_DOMAIN,property,Ni:1|O:3|Pd:1,1
oxide,MF_P3,DECLARED_DOMAIN,property,Ni:1|O:3|Sr:1,2
oxide,MF_P3,DECLARED_DOMAIN,property,Ni:1|O:3|Te:1,1
oxide,MF_P3,DECLARED_DOMAIN,property,Ni:1|O:3|V:1,1
oxide,MF_P3,DECLARED_DOMAIN,property,Ni:1|O:3|Zn:1,1
oxide,MF_P3,DECLARED_DOMAIN,property,O:3|Os:1|Rb:1,1
oxide,MF_P3,DECLARED_DOMAIN,property,O:3|Os:1|Ru:1,1
oxide,MF_P3,DECLARED_DOMAIN,property,O:3|Os:1|Sc:1,1
oxide,MF_P3,DECLARED_DOMAIN,property,O:3|Os:1|Zn:1,1
oxide,MF_P3,DECLARED_DOMAIN,property,O:3|Pb:1|Re:1,1
oxide,MF_P3,DECLARED_DOMAIN,property,O:3|Rb:1|Ru:1,1
oxide,MF_P3,DECLARED_DOMAIN,property,O:3|Rb:1|Sb:1,2
oxide,MF_P3,DECLARED_DOMAIN,property,O:3|Rb:1|Te:1,1
oxide,MF_P3,DECLARED_DOMAIN,property,O:3|Rb:1|Tl:1,2
oxide,MF_P3,DECLARED_DOMAIN,property,O:3|Rb:1|V:1,1
oxide,MF_P3,DECLARED_DOMAIN,property,O:3|Rb:1|W:1,1
oxide,MF_P3,DECLARED_DOMAIN,property,O:3|Rb:2,1
oxide,MF_P3,DECLARED_DOMAIN,property,O:3|Re:1|V:1,2
oxide,MF_P3,DECLARED_DOMAIN,property,O:3|Rh:1|Si:1,1
oxide,MF_P3,DECLARED_DOMAIN,property,O:3|Ru:1|Si:1,1
oxide,MF_P3,DECLARED_DOMAIN,property,O:3|Ru:1|Y:1,1
oxide,MF_P3,DECLARED_DOMAIN,property,O:3|Sb:1|Sn:1,1
oxide,MF_P3,DECLARED_DOMAIN,property,O:3|Sb:1|Ti:1,1
oxide,MF_P3,DECLARED_DOMAIN,property,O:3|Sb:1|Y:1,1
oxide,MF_P3,DECLARED_DOMAIN,property,O:3|Sb:1|Zr:1,1
oxide,MF_P3,DECLARED_DOMAIN,property,O:3|Sc:1|Sn:1,6
oxide,MF_P3,DECLARED_DOMAIN,property,O:3|Sc:1|Sr:1,1
oxide,MF_P3,DECLARED_DOMAIN,property,O:3|Sc:1|Te:1,1
oxide,MF_P3,DECLARED_DOMAIN,property,O:3|Sc:1|Tl:1,1
oxide,MF_P3,DECLARED_DOMAIN,property,O:3|Si:1|Sn:1,3
oxide,MF_P3,DECLARED_DOMAIN,property,O:3|Si:1|Tl:1,1
oxide,MF_P3,DECLARED_DOMAIN,property,O:3|Si:1|Zn:1,1
oxide,MF_P3,DECLARED_DOMAIN,property,O:3|Si:1|Zr:1,2
oxide,MF_P3,DECLARED_DOMAIN,property,O:3|Si:2,2
oxide,MF_P3,DECLARED_DOMAIN,property,O:3|Sn:1|Sr:1,1
oxide,MF_P3,DECLARED_DOMAIN,property,O:3|Sn:1|Zr:1,6
oxide,MF_P3,DECLARED_DOMAIN,property,O:3|Sr:1|Ta:1,1
oxide,MF_P3,DECLARED_DOMAIN,property,O:3|Sr:1|V:1,1
oxide,MF_P3,DECLARED_DOMAIN,property,O:3|Sr:1|Zn:1,1
oxide,MF_P3,DECLARED_DOMAIN,property,O:3|Sr:1|Zr:1,2
oxide,MF_P3,DECLARED_DOMAIN,property,O:3|Ta:1|Te:1,1
oxide,MF_P3,DECLARED_DOMAIN,property,O:3|Ta:1|Y:1,1
oxide,MF_P3,DECLARED_DOMAIN,property,O:3|Ta:1|Zr:1,1
oxide,MF_P3,DECLARED_DOMAIN,property,O:3|Te:1|Tl:1,1
oxide,MF_P3,DECLARED_DOMAIN,property,O:3|Tl:1|V:1,1
oxide,MF_P3,DECLARED_DOMAIN,property,O:3|V:1|W:1,1
oxide,MF_P3,DECLARED_DOMAIN,property,O:3|Zn:1|Zr:1,1
oxide,MF_P3,LEARNED_ANION,fixed_real,Cr:1|Cs:1|N:3,341
oxide,MF_P3,LEARNED_ANION,fixed_real,Cr:1|N:3|Rb:1,3
oxide,MF_P3,LEARNED_ANION,fixed_real,Cr:1|N:3|Ta:1,1
oxide,MF_P3,LEARNED_ANION,fixed_real,Cs:1|N:3|V:1,2
oxide,MF_P3,LEARNED_ANION,fixed_real,Cs:1|N:3|Zr:1,13
oxide,MF_P3,LEARNED_ANION,joint,Ag:1|Ge:1|O:3,4
oxide,MF_P3,LEARNED_ANION,joint,Ag:1|O:3|Sb:1,1
oxide,MF_P3,LEARNED_ANION,joint,Al:1|O:3|Y:1,35
oxide,MF_P3,LEARNED_ANION,joint,As:1|Ga:1|O:3,1
oxide,MF_P3,LEARNED_ANION,joint,As:1|O:3|Sc:1,6
oxide,MF_P3,LEARNED_ANION,joint,B:1|Bi:1|O:3,3
oxide,MF_P3,LEARNED_ANION,joint,B:1|In:1|O:3,2
oxide,MF_P3,LEARNED_ANION,joint,B:1|O:3|Pb:1,16
oxide,MF_P3,LEARNED_ANION,joint,Be:1|Nb:1|O:3,2
oxide,MF_P3,LEARNED_ANION,joint,Bi:1|O:3|Si:1,3
oxide,MF_P3,LEARNED_ANION,joint,Cd:1|Ge:1|O:3,2
oxide,MF_P3,LEARNED_ANION,joint,Cd:1|O:3|Sb:1,1
oxide,MF_P3,LEARNED_ANION,joint,Ga:1|Ni:1|O:3,1
oxide,MF_P3,LEARNED_ANION,joint,Ga:1|O:3|Pt:1,12
oxide,MF_P3,LEARNED_ANION,joint,Ga:1|O:3|Rh:1,4
oxide,MF_P3,LEARNED_ANION,joint,Ge:1|Hg:1|O:3,24
oxide,MF_P3,LEARNED_ANION,joint,Ge:1|O:3|Sb:1,2
oxide,MF_P3,LEARNED_ANION,joint,Hf:1|Li:1|O:3,36
oxide,MF_P3,LEARNED_ANION,joint,Hg:1|Mn:1|O:3,1
oxide,MF_P3,LEARNED_ANION,joint,Hg:1|O:3|Sb:1,38
oxide,MF_P3,LEARNED_ANION,joint,Hg:1|O:3|Sc:1,1
oxide,MF_P3,LEARNED_ANION,joint,In:1|O:3|Si:1,3
oxide,MF_P3,LEARNED_ANION,joint,Ir:1|Ni:1|O:3,1
oxide,MF_P3,LEARNED_ANION,joint,Ir:1|O:3|Sc:1,8
oxide,MF_P3,LEARNED_ANION,joint,Li:1|Nb:1|O:3,30
oxide,MF_P3,LEARNED_ANION,joint,Li:1|O:3|Ta:1,2
oxide,MF_P3,LEARNED_ANION,joint,Li:1|O:3|Ti:1,2
oxide,MF_P3,LEARNED_ANION,joint,Mg:1|O:3|Pt:1,2
oxide,MF_P3,LEARNED_ANION,joint,Mg:1|O:3|Rh:1,6
oxide,MF_P3,LEARNED_ANION,joint,Mg:1|O:3|Zr:1,36
oxide,MF_P3,LEARNED_ANION,joint,Ni:1|O:3|Zn:1,2
oxide,MF_P3,LEARNED_ANION,joint,O:3|Pb:1|Si:1,9
oxide,MF_P3,LEARNED_ANION,joint,O:3|Pt:1|Zn:1,2
oxide,MF_P3,LEARNED_ANION,joint,O:3|Rh:1|Sc:1,21
oxide,MF_P3,LEARNED_ANION,joint,O:3|Rh:1|Zn:1,5
oxide,MF_P3,LEARNED_ANION,joint,O:3|Sb:1|Sc:1,21
oxide,MF_P3,LEARNED_ANION,joint,O:3|Sc:1|Te:1,13
oxide,MF_P3,LEARNED_ANION,joint,O:3|Sc:1|Zn:1,1
oxide,MF_P3,LEARNED_ANION,joint,O:3|Si:1|Y:1,1
oxide,MF_P3,LEARNED_ANION,property,Ag:1|Ga:1|O:3,1
oxide,MF_P3,LEARNED_ANION,property,Ag:1|N:3|Re:1,2
oxide,MF_P3,LEARNED_ANION,property,Ag:1|N:3|Sb:1,1
oxide,MF_P3,LEARNED_ANION,property,Al:1|Be:1|O:3,1
oxide,MF_P3,LEARNED_ANION,property,Al:1|Bi:1|N:3,1
oxide,MF_P3,LEARNED_ANION,property,Al:1|Ca:1|O:3,4
oxide,MF_P3,LEARNED_ANION,property,Al:1|Cd:1|N:3,1
oxide,MF_P3,LEARNED_ANION,property,Al:1|Cd:1|O:3,1
oxide,MF_P3,LEARNED_ANION,property,Al:1|Cr:1|N:3,1
oxide,MF_P3,LEARNED_ANION,property,Al:1|Cu:1|N:3,1
oxide,MF_P3,LEARNED_ANION,property,Al:1|Ga:1|N:3,2
oxide,MF_P3,LEARNED_ANION,property,Al:1|Ga:1|O:3,4
oxide,MF_P3,LEARNED_ANION,property,Al:1|Hf:1|N:3,1
oxide,MF_P3,LEARNED_ANION,property,Al:1|Hf:1|O:3,2
oxide,MF_P3,LEARNED_ANION,property,Al:1|In:1|O:3,1
oxide,MF_P3,LEARNED_ANION,property,Al:1|K:1|N:3,1
oxide,MF_P3,LEARNED_ANION,property,Al:1|La:1|N:3,1
oxide,MF_P3,LEARNED_ANION,property,Al:1|Li:1|N:3,1
oxide,MF_P3,LEARNED_ANION,property,Al:1|Mg:1|N:3,1
oxide,MF_P3,LEARNED_ANION,property,Al:1|N:3|Ni:1,1
oxide,MF_P3,LEARNED_ANION,property,Al:1|N:3|Sn:1,1
oxide,MF_P3,LEARNED_ANION,property,Al:1|N:3|V:1,1
oxide,MF_P3,LEARNED_ANION,property,Al:1|O:3|Sc:1,1
oxide,MF_P3,LEARNED_ANION,property,Al:1|O:3|Sn:1,6
oxide,MF_P3,LEARNED_ANION,property,Al:1|O:3|Sr:1,4
oxide,MF_P3,LEARNED_ANION,property,Al:1|O:3|Y:1,1
oxide,MF_P3,LEARNED_ANION,property,As:1|Cd:1|O:3,3
oxide,MF_P3,LEARNED_ANION,property,As:1|Hf:1|N:3,1
oxide,MF_P3,LEARNED_ANION,property,As:1|N:3|Pt:1,1
oxide,MF_P3,LEARNED_ANION,property,As:1|N:3|Rb:1,1
oxide,MF_P3,LEARNED_ANION,property,As:1|O:3|Sn:1,1
oxide,MF_P3,LEARNED_ANION,property,B:1|Co:1|N:3,1
oxide,MF_P3,LEARNED_ANION,property,B:1|N:3|Nb:1,1
oxide,MF_P3,LEARNED_ANION,property,B:1|N:3|Ru:1,1
oxide,MF_P3,LEARNED_ANION,property,B:1|N:3|Zn:1,1
oxide,MF_P3,LEARNED_ANION,property,Ba:1|Bi:1|N:3,1
oxide,MF_P3,LEARNED_ANION,property,Ba:1|Bi:1|O:3,1
oxide,MF_P3,LEARNED_ANION,property,Ba:1|Cu:1|N:3,1
oxide,MF_P3,LEARNED_ANION,property,Ba:1|Fe:1|N:3,1
oxide,MF_P3,LEARNED_ANION,property,Ba:1|Ga:1|O:3,1
oxide,MF_P3,LEARNED_ANION,property,Ba:1|Ge:1|O:3,1
oxide,MF_P3,LEARNED_ANION,property,Ba:1|Hf:1|N:3,1
oxide,MF_P3,LEARNED_ANION,property,Ba:1|Li:1|N:3,1
oxide,MF_P3,LEARNED_ANION,property,Ba:1|Mo:1|N:3,1
oxide,MF_P3,LEARNED_ANION,property,Ba:1|N:3|Tl:1,2
oxide,MF_P3,LEARNED_ANION,property,Ba:1|O:3|Sc:1,1
oxide,MF_P3,LEARNED_ANION,property,Ba:1|O:3|Ti:1,1
oxide,MF_P3,LEARNED_ANION,property,Be:1|Bi:1|N:3,1
oxide,MF_P3,LEARNED_ANION,property,Be:1|Cr:1|N:3,1
oxide,MF_P3,LEARNED_ANION,property,Be:1|Cu:1|N:3,1
oxide,MF_P3,LEARNED_ANION,property,Be:1|Hf:1|N:3,1
oxide,MF_P3,LEARNED_ANION,property,Be:1|In:1|O:3,1
oxide,MF_P3,LEARNED_ANION,property,Be:1|La:1|O:3,2
oxide,MF_P3,LEARNED_ANION,property,Be:1|N:3|Si:1,1
oxide,MF_P3,LEARNED_ANION,property,Be:1|N:3|Sr:1,1
oxide,MF_P3,LEARNED_ANION,property,Be:1|N:3|Tl:1,1
oxide,MF_P3,LEARNED_ANION,property,Be:1|Ni:1|O:3,1
oxide,MF_P3,LEARNED_ANION,property,Be:1|O:3|Sc:1,1
oxide,MF_P3,LEARNED_ANION,property,Bi:1|Fe:1|N:3,1
oxide,MF_P3,LEARNED_ANION,property,Bi:1|Ga:1|N:3,1
oxide,MF_P3,LEARNED_ANION,property,Bi:1|Ge:1|O:3,1
oxide,MF_P3,LEARNED_ANION,property,Bi:1|Li:1|N:3,1
oxide,MF_P3,LEARNED_ANION,property,Bi:1|Mg:1|O:3,1
oxide,MF_P3,LEARNED_ANION,property,Bi:1|N:3|Y:1,1
oxide,MF_P3,LEARNED_ANION,property,Bi:1|O:3|Sb:1,2
oxide,MF_P3,LEARNED_ANION,property,Bi:1|O:3|Sc:1,1
oxide,MF_P3,LEARNED_ANION,property,Ca:1|Ga:1|O:3,2
oxide,MF_P3,LEARNED_ANION,property,Ca:1|La:1|N:3,1
oxide,MF_P3,LEARNED_ANION,property,Ca:1|N:3|Os:1,1
oxide,MF_P3,LEARNED_ANION,property,Ca:1|N:3|Ru:1,1
oxide,MF_P3,LEARNED_ANION,property,Ca:1|N:3|Sc:1,1
oxide,MF_P3,LEARNED_ANION,property,Ca:1|N:3|Te:1,1
oxide,MF_P3,LEARNED_ANION,property,Ca:1|Nb:1|O:3,1
oxide,MF_P3,LEARNED_ANION,property,Ca:1|O:3|Sc:1,4
oxide,MF_P3,LEARNED_ANION,property,Ca:1|O:3|Si:1,4
oxide,MF_P3,LEARNED_ANION,property,Ca:1|O:3|Ta:1,3
oxide,MF_P3,LEARNED_ANION,property,Ca:1|O:3|Zr:1,2
oxide,MF_P3,LEARNED_ANION,property,Cd:1|Fe:1|N:3,1
oxide,MF_P3,LEARNED_ANION,property,Cd:1|Ga:1|O:3,2
oxide,MF_P3,LEARNED_ANION,property,Cd:1|Hf:1|N:3,1
oxide,MF_P3,LEARNED_ANION,property,Cd:1|Hf:1|O:3,1
oxide,MF_P3,LEARNED_ANION,property,Cd:1|In:1|O:3,1
oxide,MF_P3,LEARNED_ANION,property,Cd:1|La:1|O:3,1
oxide,MF_P3,LEARNED_ANION,property,Cd:1|N:3|Os:1,1
oxide,MF_P3,LEARNED_ANION,property,Cd:1|N:3|Sc:1,2
oxide,MF_P3,LEARNED_ANION,property,Cd:1|N:3|Te:1,1
oxide,MF_P3,LEARNED_ANION,property,Cd:1|N:3|Ti:1,1
oxide,MF_P3,LEARNED_ANION,property,Cd:1|N:3|Tl:1,1
oxide,MF_P3,LEARNED_ANION,property,Cd:1|N:3|Zr:1,1
oxide,MF_P3,LEARNED_ANION,property,Cd:1|Nb:1|O:3,1
oxide,MF_P3,LEARNED_ANION,property,Cd:1|O:3|Sc:1,1
oxide,MF_P3,LEARNED_ANION,property,Cd:1|O:3|Sn:1,2
oxide,MF_P3,LEARNED_ANION,property,Cd:1|O:3|Y:1,1
oxide,MF_P3,LEARNED_ANION,property,Cd:1|O:3|Zn:1,1
oxide,MF_P3,LEARNED_ANION,property,Cd:1|O:3|Zr:1,1
oxide,MF_P3,LEARNED_ANION,property,Co:1|Ga:1|N:3,1
oxide,MF_P3,LEARNED_ANION,property,Co:1|Hg:1|N:3,1
oxide,MF_P3,LEARNED_ANION,property,Co:1|Ir:1|N:3,1
oxide,MF_P3,LEARNED_ANION,property,Co:1|N:3|Sn:1,1
oxide,MF_P3,LEARNED_ANION,property,Cr:1|Ga:1|N:3,1
oxide,MF_P3,LEARNED_ANION,property,Cr:1|Hg:1|N:3,1
oxide,MF_P3,LEARNED_ANION,property,Cr:1|N:3|Na:1,1
oxide,MF_P3,LEARNED_ANION,property,Cr:1|N:3|Os:1,1
oxide,MF_P3,LEARNED_ANION,property,Cr:1|N:3|Pd:1,1
oxide,MF_P3,LEARNED_ANION,property,Cr:1|N:3|Rb:1,1
oxide,MF_P3,LEARNED_ANION,property,Cr:1|N:3|Re:1,1
oxide,MF_P3,LEARNED_ANION,property,Cr:1|N:3|Ti:1,1
oxide,MF_P3,LEARNED_ANION,property,Cs:1|Fe:1|N:3,1
oxide,MF_P3,LEARNED_ANION,property,Cs:1|Hg:1|N:3,2
oxide,MF_P3,LEARNED_ANION,property,Cs:1|Mn:1|N:3,1
oxide,MF_P3,LEARNED_ANION,property,Cs:1|Mo:1|N:3,1
oxide,MF_P3,LEARNED_ANION,property,Cs:1|N:3|Os:1,1
oxide,MF_P3,LEARNED_ANION,property,Cs:1|N:3|Tl:1,1
oxide,MF_P3,LEARNED_ANION,property,Cs:1|N:3|Zn:1,1
oxide,MF_P3,LEARNED_ANION,property,Cu:1|Hf:1|O:3,1
oxide,MF_P3,LEARNED_ANION,property,Cu:1|Mn:1|N:3,1
oxide,MF_P3,LEARNED_ANION,property,Cu:1|Mo:1|N:3,1
oxide,MF_P3,LEARNED_ANION,property,Cu:1|N:3|Na:1,1
oxide,MF_P3,LEARNED_ANION,property,Cu:1|N:3|Sr:1,1
oxide,MF_P3,LEARNED_ANION,property,Cu:1|N:3|Ti:1,1
oxide,MF_P3,LEARNED_ANION,property,Fe:1|N:3|Ru:1,1
oxide,MF_P3,LEARNED_ANION,property,Fe:1|N:3|Sr:1,1
oxide,MF_P3,LEARNED_ANION,property,Fe:1|N:3|Te:1,1
oxide,MF_P3,LEARNED_ANION,property,Fe:1|O:3|V:1,1
oxide,MF_P3,LEARNED_ANION,property,Ga:1|Hf:1|N:3,2
oxide,MF_P3,LEARNED_ANION,property,Ga:1|In:1|N:3,1
oxide,MF_P3,LEARNED_ANION,property,Ga:1|Ir:1|N:3,1
oxide,MF_P3,LEARNED_ANION,property,Ga:1|La:1|N:3,1
oxide,MF_P3,LEARNED_ANION,property,Ga:1|Li:1|O:3,2
oxide,MF_P3,LEARNED_ANION,property,Ga:1|Mg:1|N:3,1
oxide,MF_P3,LEARNED_ANION,property,Ga:1|N:3|Os:1,1
oxide,MF_P3,LEARNED_ANION,property,Ga:1|N:3|Sc:1,1
oxide,MF_P3,LEARNED_ANION,property,Ga:1|N:3|Zr:1,1
oxide,MF_P3,LEARNED_ANION,property,Ga:1|O:3|Pb:1,1
oxide,MF_P3,LEARNED_ANION,property,Ga:1|O:3|Sc:1,4
oxide,MF_P3,LEARNED_ANION,property,Ga:1|O:3|Si:1,1
oxide,MF_P3,LEARNED_ANION,property,Ga:1|O:3|Sn:1,1
oxide,MF_P3,LEARNED_ANION,property,Ga:1|O:3|Tl:1,1
oxide,MF_P3,LEARNED_ANION,property,Ga:1|O:3|Zn:1,1
oxide,MF_P3,LEARNED_ANION,property,Ga:1|O:3|Zr:1,6
oxide,MF_P3,LEARNED_ANION,property,Ga:2|O:3,3
oxide,MF_P3,LEARNED_ANION,property,Ge:1|La:1|O:3,1
oxide,MF_P3,LEARNED_ANION,property,Ge:1|Li:1|O:3,1
oxide,MF_P3,LEARNED_ANION,property,Ge:1|N:3|Ni:1,1
oxide,MF_P3,LEARNED_ANION,property,Ge:1|N:3|Pd:1,1
oxide,MF_P3,LEARNED_ANION,property,Ge:1|N:3|Rh:1,1
oxide,MF_P3,LEARNED_ANION,property,Ge:1|N:3|Sb:1,1
oxide,MF_P3,LEARNED_ANION,property,Ge:1|N:3|W:1,1
oxide,MF_P3,LEARNED_ANION,property,Ge:1|Na:1|O:3,1
oxide,MF_P3,LEARNED_ANION,property,Ge:1|O:3|Sc:1,1
oxide,MF_P3,LEARNED_ANION,property,Ge:1|O:3|Sn:1,2
oxide,MF_P3,LEARNED_ANION,property,Ge:1|O:3|Sr:1,1
oxide,MF_P3,LEARNED_ANION,property,Ge:1|O:3|Y:1,1
oxide,MF_P3,LEARNED_ANION,property,Ge:1|O:3|Zr:1,1
oxide,MF_P3,LEARNED_ANION,property,Hf:1|La:1|O:3,1
oxide,MF_P3,LEARNED_ANION,property,Hf:1|N:3|Na:1,1
oxide,MF_P3,LEARNED_ANION,property,Hf:1|N:3|Tl:1,1
oxide,MF_P3,LEARNED_ANION,property,Hf:1|N:3|Zn:1,1
oxide,MF_P3,LEARNED_ANION,property,Hf:1|O:3|Si:1,1
oxide,MF_P3,LEARNED_ANION,property,Hf:1|O:3|Sn:1,2
oxide,MF_P3,LEARNED_ANION,property,Hf:1|O:3|Zn:1,2
oxide,MF_P3,LEARNED_ANION,property,Hf:1|O:3|Zr:1,1
oxide,MF_P3,LEARNED_ANION,property,Hg:1|N:3|Pb:1,1
oxide,MF_P3,LEARNED_ANION,property,Hg:1|N:3|Pt:1,1
oxide,MF_P3,LEARNED_ANION,property,Hg:1|N:3|Re:1,1
oxide,MF_P3,LEARNED_ANION,property,Hg:1|N:3|Ru:1,1
oxide,MF_P3,LEARNED_ANION,property,Hg:1|N:3|Si:1,1
oxide,MF_P3,LEARNED_ANION,property,Hg:1|N:3|Ti:1,1
oxide,MF_P3,LEARNED_ANION,property,Hg:1|N:3|Tl:1,1
oxide,MF_P3,LEARNED_ANION,property,Hg:1|N:3|V:1,1
oxide,MF_P3,LEARNED_ANION,property,Hg:1|N:3|W:1,1
oxide,MF_P3,LEARNED_ANION,property,Hg:1|Nb:1|O:3,1
oxide,MF_P3,LEARNED_ANION,property,Hg:1|O:3|Pb:1,1
oxide,MF_P3,LEARNED_ANION,property,Hg:1|O:3|Y:1,1
oxide,MF_P3,LEARNED_ANION,property,In:1|Mo:1|O:3,1
oxide,MF_P3,LEARNED_ANION,property,In:1|N:3|Ni:1,1
oxide,MF_P3,LEARNED_ANION,property,In:1|N:3|Pb:1,1
oxide,MF_P3,LEARNED_ANION,property,In:1|N:3|Sc:1,2
oxide,MF_P3,LEARNED_ANION,property,In:1|N:3|Si:1,1
oxide,MF_P3,LEARNED_ANION,property,In:1|N:3|Sr:1,1
oxide,MF_P3,LEARNED_ANION,property,In:1|O:3|Sn:1,2
oxide,MF_P3,LEARNED_ANION,property,In:1|O:3|Zn:1,1
oxide,MF_P3,LEARNED_ANION,property,In:2|O:3,2
oxide,MF_P3,LEARNED_ANION,property,Ir:1|K:1|N:3,1
oxide,MF_P3,LEARNED_ANION,property,Ir:1|N:3|Rb:1,2
oxide,MF_P3,LEARNED_ANION,property,Ir:1|N:3|V:1,1
oxide,MF_P3,LEARNED_ANION,property,Ir:1|N:3|Y:1,1
oxide,MF_P3,LEARNED_ANION,property,K:1|N:3|Os:1,1
oxide,MF_P3,LEARNED_ANION,property,K:1|N:3|Si:1,3
oxide,MF_P3,LEARNED_ANION,property,K:1|O:3|Os:1,1
oxide,MF_P3,LEARNED_ANION,property,K:1|O:3|Ta:1,1
oxide,MF_P3,LEARNED_ANION,property,La:1|N:3|Re:1,1
oxide,MF_P3,LEARNED_ANION,property,La:1|N:3|Ru:1,1
oxide,MF_P3,LEARNED_ANION,property,La:1|O:3|Sc:1,1
oxide,MF_P3,LEARNED_ANION,property,La:1|O:3|Sn:1,1
oxide,MF_P3,LEARNED_ANION,property,La:1|O:3|Y:1,1
oxide,MF_P3,LEARNED_ANION,property,La:1|O:3|Zr:1,3
oxide,MF_P3,LEARNED_ANION,property,La:2|O:3,1
oxide,MF_P3,LEARNED_ANION,property,Li:1|N:3|Nb:1,1
oxide,MF_P3,LEARNED_ANION,property,Li:1|N:3|Si:1,1
oxide,MF_P3,LEARNED_ANION,property,Li:1|Nb:1|O:3,2
oxide,MF_P3,LEARNED_ANION,property,Li:1|O:3|Ta:1,13
oxide,MF_P3,LEARNED_ANION,property,Li:1|O:3|Ti:1,1
oxide,MF_P3,LEARNED_ANION,property,Li:1|O:3|Zr:1,1
oxide,MF_P3,LEARNED_ANION,property,Mg:1|N:3|Ru:1,2
oxide,MF_P3,LEARNED_ANION,property,Mg:1|N:3|W:1,1
oxide,MF_P3,LEARNED_ANION,property,Mn:1|N:3|V:1,1
oxide,MF_P3,LEARNED_ANION,property,Mn:1|N:3|Y:1,1
oxide,MF_P3,LEARNED_ANION,property,Mn:1|Nb:1|O:3,1
oxide,MF_P3,LEARNED_ANION,property,Mn:2|N:3,1
oxide,MF_P3,LEARNED_ANION,property,Mo:1|N:3|Ni:1,1
oxide,MF_P3,LEARNED_ANION,property,Mo:1|N:3|Os:1,1
oxide,MF_P3,LEARNED_ANION,property,Mo:1|N:3|Pt:1,1
oxide,MF_P3,LEARNED_ANION,property,Mo:1|N:3|Ru:1,1
oxide,MF_P3,LEARNED_ANION,property,Mo:1|N:3|Ta:1,1
oxide,MF_P3,LEARNED_ANION,property,N:3|Na:1|Os:1,2
oxide,MF_P3,LEARNED_ANION,property,N:3|Na:1|Si:1,1
oxide,MF_P3,LEARNED_ANION,property,N:3|Nb:1|V:1,1
oxide,MF_P3,LEARNED_ANION,property,N:3|Ni:1|Ru:1,1
oxide,MF_P3,LEARNED_ANION,property,N:3|Os:1|Pb:1,1
oxide,MF_P3,LEARNED_ANION,property,N:3|Os:1|Ta:1,1
oxide,MF_P3,LEARNED_ANION,property,N:3|Os:1|Y:1,1
oxide,MF_P3,LEARNED_ANION,property,N:3|Pb:1|V:1,1
oxide,MF_P3,LEARNED_ANION,property,N:3|Pb:1|Y:1,1
oxide,MF_P3,LEARNED_ANION,property,N:3|Rb:1|Re:1,1
oxide,MF_P3,LEARNED_ANION,property,N:3|Rb:1|Rh:1,1
oxide,MF_P3,LEARNED_ANION,property,N:3|Rb:1|Sb:1,1
oxide,MF_P3,LEARNED_ANION,property,N:3|Rb:1|Sc:1,1
oxide,MF_P3,LEARNED_ANION,property,N:3|Rb:1|Si:1,2
oxide,MF_P3,LEARNED_ANION,property,N:3|Rb:1|Te:1,2
oxide,MF_P3,LEARNED_ANION,property,N:3|Re:1|Ru:1,1
oxide,MF_P3,LEARNED_ANION,property,N:3|Re:1|Y:1,1
oxide,MF_P3,LEARNED_ANION,property,N:3|Rh:1|Sc:1,2
oxide,MF_P3,LEARNED_ANION,property,N:3|Ru:1|Si:1,1
oxide,MF_P3,LEARNED_ANION,property,N:3|Ru:1|Sr:1,1
oxide,MF_P3,LEARNED_ANION,property,N:3|Ru:1|Tl:1,1
oxide,MF_P3,LEARNED_ANION,property,N:3|Sb:1|Si:1,1
oxide,MF_P3,LEARNED_ANION,property,N:3|Sb:1|Zn:1,2
oxide,MF_P3,LEARNED_ANION,property,N:3|Sc:1|Si:1,2
oxide,MF_P3,LEARNED_ANION,property,N:3|Sc:1|Ta:1,1
oxide,MF_P3,LEARNED_ANION,property,N:3|Sc:1|Zn:1,1
oxide,MF_P3,LEARNED_ANION,property,N:3|Sc:1|Zr:1,1
oxide,MF_P3,LEARNED_ANION,property,N:3|Si:1|Sn:1,1
oxide,MF_P3,LEARNED_ANION,property,N:3|Si:1|Sr:1,1
oxide,MF_P3,LEARNED_ANION,property,N:3|Sn:1|Y:1,1
oxide,MF_P3,LEARNED_ANION,property,N:3|Sn:1|Zn:1,1
oxide,MF_P3,LEARNED_ANION,property,N:3|Ta:1|Zn:1,1
oxide,MF_P3,LEARNED_ANION,property,N:3|Te:1|Zr:1,1
oxide,MF_P3,LEARNED_ANION,property,N:3|Ti:2,1
oxide,MF_P3,LEARNED_ANION,property,N:3|Tl:1|V:1,2
oxide,MF_P3,LEARNED_ANION,property,N:3|Tl:1|W:1,1
oxide,MF_P3,LEARNED_ANION,property,N:3|Tl:1|Zn:1,1
oxide,MF_P3,LEARNED_ANION,property,N:3|Tl:2,1
oxide,MF_P3,LEARNED_ANION,property,N:3|W:1|Zr:1,1
oxide,MF_P3,LEARNED_ANION,property,Na:1|Nb:1|O:3,2
oxide,MF_P3,LEARNED_ANION,property,Na:1|O:3|Ta:1,5
oxide,MF_P3,LEARNED_ANION,property,O:3|Pb:1|Sc:1,1
oxide,MF_P3,LEARNED_ANION,property,O:3|Sb:1|Sn:1,1
oxide,MF_P3,LEARNED_ANION,property,O:3|Sc:1|Si:1,1
oxide,MF_P3,LEARNED_ANION,property,O:3|Sc:1|Sn:1,3
oxide,MF_P3,LEARNED_ANION,property,O:3|Sc:1|Y:1,2
oxide,MF_P3,LEARNED_ANION,property,O:3|Si:1|Sn:1,2
oxide,MF_P3,LEARNED_ANION,property,O:3|Si:1|Sr:1,2
oxide,MF_P3,LEARNED_ANION,property,O:3|Si:1|Y:1,2
oxide,MF_P3,LEARNED_ANION,property,O:3|Si:1|Zn:1,1
oxide,MF_P3,LEARNED_ANION,property,O:3|Sn:1|Zr:1,4
oxide,MF_P4,DECLARED_DOMAIN,fixed_real,Cr:1|Cs:1|O:3,335
oxide,MF_P4,DECLARED_DOMAIN,fixed_real,Cr:1|O:3|Rb:1,6
oxide,MF_P4,DECLARED_DOMAIN,fixed_real,Cr:1|O:3|Ta:1,1
oxide,MF_P4,DECLARED_DOMAIN,fixed_real,Cs:1|Fe:1|O:3,2
oxide,MF_P4,DECLARED_DOMAIN,fixed_real,Cs:1|O:3|Zr:1,16
oxide,MF_P4,DECLARED_DOMAIN,joint,Ag:1|Ge:1|O:3,2
oxide,MF_P4,DECLARED_DOMAIN,joint,Ag:1|O:3|Sb:1,1
oxide,MF_P4,DECLARED_DOMAIN,joint,Al:1|O:3|Y:1,32
oxide,MF_P4,DECLARED_DOMAIN,joint,As:1|O:3|Sc:1,8
oxide,MF_P4,DECLARED_DOMAIN,joint,B:1|Bi:1|O:3,4
oxide,MF_P4,DECLARED_DOMAIN,joint,B:1|Cd:1|O:3,1
oxide,MF_P4,DECLARED_DOMAIN,joint,B:1|In:1|O:3,2
oxide,MF_P4,DECLARED_DOMAIN,joint,B:1|O:3|Pb:1,12
oxide,MF_P4,DECLARED_DOMAIN,joint,Bi:1|O:3|Si:1,6
oxide,MF_P4,DECLARED_DOMAIN,joint,Cd:1|Ge:1|O:3,1
oxide,MF_P4,DECLARED_DOMAIN,joint,Cd:1|O:3|Sb:1,2
oxide,MF_P4,DECLARED_DOMAIN,joint,Ga:1|Ni:1|O:3,1
oxide,MF_P4,DECLARED_DOMAIN,joint,Ga:1|O:3|Pt:1,11
oxide,MF_P4,DECLARED_DOMAIN,joint,Ga:1|O:3|Rh:1,8
oxide,MF_P4,DECLARED_DOMAIN,joint,Ge:1|Hg:1|O:3,22
oxide,MF_P4,DECLARED_DOMAIN,joint,Ge:1|O:3|Sb:1,1
oxide,MF_P4,DECLARED_DOMAIN,joint,Hf:1|Li:1|O:3,33
oxide,MF_P4,DECLARED_DOMAIN,joint,Hf:1|Na:1|O:3,1
oxide,MF_P4,DECLARED_DOMAIN,joint,Hf:1|O:3|Y:1,1
oxide,MF_P4,DECLARED_DOMAIN,joint,Hg:1|O:3|Sb:1,44
oxide,MF_P4,DECLARED_DOMAIN,joint,Ir:1|O:3|Sc:1,5
oxide,MF_P4,DECLARED_DOMAIN,joint,Li:1|Nb:1|O:3,32
oxide,MF_P4,DECLARED_DOMAIN,joint,Li:1|O:3|Os:1,2
oxide,MF_P4,DECLARED_DOMAIN,joint,Li:1|O:3|Re:1,1
oxide,MF_P4,DECLARED_DOMAIN,joint,Li:1|O:3|Ta:1,3
oxide,MF_P4,DECLARED_DOMAIN,joint,Mg:1|Ni:1|O:3,1
oxide,MF_P4,DECLARED_DOMAIN,joint,Mg:1|O:3|Pt:1,3
oxide,MF_P4,DECLARED_DOMAIN,joint,Mg:1|O:3|Rh:1,3
oxide,MF_P4,DECLARED_DOMAIN,joint,Mg:1|O:3|Zr:1,36
oxide,MF_P4,DECLARED_DOMAIN,joint,Ni:1|O:3|Rh:1,1
oxide,MF_P4,DECLARED_DOMAIN,joint,O:3|Pb:1|Si:1,11
oxide,MF_P4,DECLARED_DOMAIN,joint,O:3|Pt:1|Zn:1,6
oxide,MF_P4,DECLARED_DOMAIN,joint,O:3|Rh:1|Sc:1,21
oxide,MF_P4,DECLARED_DOMAIN,joint,O:3|Rh:1|Zn:1,3
oxide,MF_P4,DECLARED_DOMAIN,joint,O:3|Ru:1|Sc:1,1
oxide,MF_P4,DECLARED_DOMAIN,joint,O:3|Sb:1|Sc:1,26
oxide,MF_P4,DECLARED_DOMAIN,joint,O:3|Sc:1|Te:1,9
oxide,MF_P4,DECLARED_DOMAIN,joint,O:3|Si:1|Y:1,3
oxide,MF_P4,DECLARED_DOMAIN,property,Ag:1|Al:1|O:3,2
oxide,MF_P4,DECLARED_DOMAIN,property,Ag:1|As:1|O:3,1
oxide,MF_P4,DECLARED_DOMAIN,property,Ag:1|Bi:1|O:3,1
oxide,MF_P4,DECLARED_DOMAIN,property,Ag:1|Ca:1|O:3,1
oxide,MF_P4,DECLARED_DOMAIN,property,Ag:1|Fe:1|O:3,1
oxide,MF_P4,DECLARED_DOMAIN,property,Ag:1|O:3|Sb:1,1
oxide,MF_P4,DECLARED_DOMAIN,property,Al:1|Ba:1|O:3,3
oxide,MF_P4,DECLARED_DOMAIN,property,Al:1|Be:1|O:3,1
oxide,MF_P4,DECLARED_DOMAIN,property,Al:1|Ca:1|O:3,5
oxide,MF_P4,DECLARED_DOMAIN,property,Al:1|Ga:1|O:3,3
oxide,MF_P4,DECLARED_DOMAIN,property,Al:1|Hf:1|O:3,1
oxide,MF_P4,DECLARED_DOMAIN,property,Al:1|Hg:1|O:3,3
oxide,MF_P4,DECLARED_DOMAIN,property,Al:1|In:1|O:3,2
oxide,MF_P4,DECLARED_DOMAIN,property,Al:1|Ir:1|O:3,1
oxide,MF_P4,DECLARED_DOMAIN,property,Al:1|La:1|O:3,2
oxide,MF_P4,DECLARED_DOMAIN,property,Al:1|O:3|Pt:1,1
oxide,MF_P4,DECLARED_DOMAIN,property,Al:1|O:3|Sb:1,1
oxide,MF_P4,DECLARED_DOMAIN,property,Al:1|O:3|Sc:1,1
oxide,MF_P4,DECLARED_DOMAIN,property,Al:1|O:3|Si:1,1
oxide,MF_P4,DECLARED_DOMAIN,property,Al:1|O:3|Sn:1,4
oxide,MF_P4,DECLARED_DOMAIN,property,Al:1|O:3|Sr:1,1
oxide,MF_P4,DECLARED_DOMAIN,property,Al:1|O:3|Tl:1,1
oxide,MF_P4,DECLARED_DOMAIN,property,Al:1|O:3|Zn:1,2
oxide,MF_P4,DECLARED_DOMAIN,property,Al:1|O:3|Zr:1,2
oxide,MF_P4,DECLARED_DOMAIN,property,As:1|Ga:1|O:3,1
oxide,MF_P4,DECLARED_DOMAIN,property,As:1|Hg:1|O:3,1
oxide,MF_P4,DECLARED_DOMAIN,property,As:1|In:1|O:3,1
oxide,MF_P4,DECLARED_DOMAIN,property,As:1|Mg:1|O:3,1
oxide,MF_P4,DECLARED_DOMAIN,property,As:1|O:3|Ti:1,2
oxide,MF_P4,DECLARED_DOMAIN,property,Au:1|B:1|O:3,1
oxide,MF_P4,DECLARED_DOMAIN,property,Au:1|Hf:1|O:3,1
oxide,MF_P4,DECLARED_DOMAIN,property,B:1|Ba:1|O:3,1
oxide,MF_P4,DECLARED_DOMAIN,property,B:1|O:3|Zr:1,1
oxide,MF_P4,DECLARED_DOMAIN,property,Ba:1|Cd:1|O:3,1
oxide,MF_P4,DECLARED_DOMAIN,property,Ba:1|In:1|O:3,2
oxide,MF_P4,DECLARED_DOMAIN,property,Ba:1|Ir:1|O:3,1
oxide,MF_P4,DECLARED_DOMAIN,property,Ba:1|Nb:1|O:3,1
oxide,MF_P4,DECLARED_DOMAIN,property,Ba:1|O:3|Pb:1,1
oxide,MF_P4,DECLARED_DOMAIN,property,Ba:1|O:3|Re:1,1
oxide,MF_P4,DECLARED_DOMAIN,property,Ba:1|O:3|Ru:1,1
oxide,MF_P4,DECLARED_DOMAIN,property,Ba:1|O:3|Ta:1,1
oxide,MF_P4,DECLARED_DOMAIN,property,Ba:1|O:3|Ti:1,1
oxide,MF_P4,DECLARED_DOMAIN,property,Be:1|Ca:1|O:3,1
oxide,MF_P4,DECLARED_DOMAIN,property,Be:1|Cd:1|O:3,1
oxide,MF_P4,DECLARED_DOMAIN,property,Be:1|Cu:1|O:3,1
oxide,MF_P4,DECLARED_DOMAIN,property,Be:1|Ga:1|O:3,1
oxide,MF_P4,DECLARED_DOMAIN,property,Be:1|Hf:1|O:3,2
oxide,MF_P4,DECLARED_DOMAIN,property,Be:1|Mg:1|O:3,1
oxide,MF_P4,DECLARED_DOMAIN,property,Bi:1|Ga:1|O:3,1
oxide,MF_P4,DECLARED_DOMAIN,property,Bi:1|Hf:1|O:3,1
oxide,MF_P4,DECLARED_DOMAIN,property,Bi:1|In:1|O:3,1
oxide,MF_P4,DECLARED_DOMAIN,property,Bi:1|O:3|Rb:1,1
oxide,MF_P4,DECLARED_DOMAIN,property,Bi:1|O:3|Si:1,2
oxide,MF_P4,DECLARED_DOMAIN,property,Bi:1|O:3|Sn:1,1
oxide,MF_P4,DECLARED_DOMAIN,property,Ca:1|Ga:1|O:3,2
oxide,MF_P4,DECLARED_DOMAIN,property,Ca:1|Ge:1|O:3,1
oxide,MF_P4,DECLARED_DOMAIN,property,Ca:1|Hf:1|O:3,1
oxide,MF_P4,DECLARED_DOMAIN,property,Ca:1|Mo:1|O:3,1
oxide,MF_P4,DECLARED_DOMAIN,property,Ca:1|O:3|Re:1,1
oxide,MF_P4,DECLARED_DOMAIN,property,Ca:1|O:3|Ru:1,1
oxide,MF_P4,DECLARED_DOMAIN,property,Ca:1|O:3|Sc:1,3
oxide,MF_P4,DECLARED_DOMAIN,property,Ca:1|O:3|Si:1,5
oxide,MF_P4,DECLARED_DOMAIN,property,Ca:1|O:3|Ta:1,2
oxide,MF_P4,DECLARED_DOMAIN,property,Ca:1|O:3|Ti:1,1
oxide,MF_P4,DECLARED_DOMAIN,property,Ca:1|O:3|Zr:1,1
oxide,MF_P4,DECLARED_DOMAIN,property,Cd:1|Cr:1|O:3,1
oxide,MF_P4,DECLARED_DOMAIN,property,Cd:1|Ga:1|O:3,2
oxide,MF_P4,DECLARED_DOMAIN,property,Cd:1|Ge:1|O:3,2
oxide,MF_P4,DECLARED_DOMAIN,property,Cd:1|Hf:1|O:3,1
oxide,MF_P4,DECLARED_DOMAIN,property,Cd:1|Mg:1|O:3,1
oxide,MF_P4,DECLARED_DOMAIN,property,Cd:1|Mn:1|O:3,2
oxide,MF_P4,DECLARED_DOMAIN,property,Cd:1|O:3|Sb:1,3
oxide,MF_P4,DECLARED_DOMAIN,property,Cd:1|O:3|Sc:1,1
oxide,MF_P4,DECLARED_DOMAIN,property,Cd:1|O:3|Si:1,1
oxide,MF_P4,DECLARED_DOMAIN,property,Cd:1|O:3|Sn:1,2
oxide,MF_P4,DECLARED_DOMAIN,property,Cd:1|O:3|Ta:1,1
oxide,MF_P4,DECLARED_DOMAIN,property,Cd:1|O:3|Ti:1,2
oxide,MF_P4,DECLARED_DOMAIN,property,Cd:1|O:3|Tl:1,1
oxide,MF_P4,DECLARED_DOMAIN,property,Co:1|Cs:1|O:3,1
oxide,MF_P4,DECLARED_DOMAIN,property,Co:1|Cu:1|O:3,1
oxide,MF_P4,DECLARED_DOMAIN,property,Co:1|Hf:1|O:3,2
oxide,MF_P4,DECLARED_DOMAIN,property,Co:1|Li:1|O:3,2
oxide,MF_P4,DECLARED_DOMAIN,property,Co:1|Mn:1|O:3,1
oxide,MF_P4,DECLARED_DOMAIN,property,Co:1|Mo:1|O:3,1
oxide,MF_P4,DECLARED_DOMAIN,property,Co:1|O:3|Os:1,1
oxide,MF_P4,DECLARED_DOMAIN,property,Co:1|O:3|Rb:1,1
oxide,MF_P4,DECLARED_DOMAIN,property,Co:1|O:3|Re:1,1
oxide,MF_P4,DECLARED_DOMAIN,property,Co:1|O:3|Sc:1,1
oxide,MF_P4,DECLARED_DOMAIN,property,Co:1|O:3|Ta:1,1
oxide,MF_P4,DECLARED_DOMAIN,property,Co:1|O:3|V:1,1
oxide,MF_P4,DECLARED_DOMAIN,property,Co:1|O:3|W:1,1
oxide,MF_P4,DECLARED_DOMAIN,property,Cr:1|K:1|O:3,1
oxide,MF_P4,DECLARED_DOMAIN,property,Cr:1|Ni:1|O:3,3
oxide,MF_P4,DECLARED_DOMAIN,property,Cr:1|O:3|Tl:1,1
oxide,MF_P4,DECLARED_DOMAIN,property,Cs:1|Cu:1|O:3,1
oxide,MF_P4,DECLARED_DOMAIN,property,Cs:1|Ga:1|O:3,1
oxide,MF_P4,DECLARED_DOMAIN,property,Cs:1|Hg:1|O:3,1
oxide,MF_P4,DECLARED_DOMAIN,property,Cs:1|Nb:1|O:3,1
oxide,MF_P4,DECLARED_DOMAIN,property,Cs:1|O:3|Pt:1,1
oxide,MF_P4,DECLARED_DOMAIN,property,Cs:1|O:3|Ru:1,1
oxide,MF_P4,DECLARED_DOMAIN,property,Cs:1|O:3|Si:1,1
oxide,MF_P4,DECLARED_DOMAIN,property,Cs:1|O:3|Ti:1,2
oxide,MF_P4,DECLARED_DOMAIN,property,Cs:1|O:3|Zn:1,1
oxide,MF_P4,DECLARED_DOMAIN,property,Cu:1|Hf:1|O:3,1
oxide,MF_P4,DECLARED_DOMAIN,property,Cu:1|In:1|O:3,1
oxide,MF_P4,DECLARED_DOMAIN,property,Cu:1|K:1|O:3,1
oxide,MF_P4,DECLARED_DOMAIN,property,Cu:1|Li:1|O:3,1
oxide,MF_P4,DECLARED_DOMAIN,property,Cu:1|Mn:1|O:3,1
oxide,MF_P4,DECLARED_DOMAIN,property,Cu:1|Nb:1|O:3,1
oxide,MF_P4,DECLARED_DOMAIN,property,Cu:1|O:3|Zr:1,1
oxide,MF_P4,DECLARED_DOMAIN,property,Fe:1|Li:1|O:3,1
oxide,MF_P4,DECLARED_DOMAIN,property,Fe:1|Na:1|O:3,1
oxide,MF_P4,DECLARED_DOMAIN,property,Fe:1|Ni:1|O:3,1
oxide,MF_P4,DECLARED_DOMAIN,property,Fe:1|O:3|Pb:1,1
oxide,MF_P4,DECLARED_DOMAIN,property,Fe:1|O:3|Pd:1,1
oxide,MF_P4,DECLARED_DOMAIN,property,Fe:1|O:3|Sc:1,1
oxide,MF_P4,DECLARED_DOMAIN,property,Fe:1|O:3|Te:1,1
oxide,MF_P4,DECLARED_DOMAIN,property,Ga:1|Hf:1|O:3,1
oxide,MF_P4,DECLARED_DOMAIN,property,Ga:1|Hg:1|O:3,1
oxide,MF_P4,DECLARED_DOMAIN,property,Ga:1|In:1|O:3,1
oxide,MF_P4,DECLARED_DOMAIN,property,Ga:1|Li:1|O:3,1
oxide,MF_P4,DECLARED_DOMAIN,property,Ga:1|Na:1|O:3,1
oxide,MF_P4,DECLARED_DOMAIN,property,Ga:1|Ni:1|O:3,1
oxide,MF_P4,DECLARED_DOMAIN,property,Ga:1|O:3|Sc:1,1
oxide,MF_P4,DECLARED_DOMAIN,property,Ga:1|O:3|Si:1,2
oxide,MF_P4,DECLARED_DOMAIN,property,Ga:1|O:3|Sn:1,3
oxide,MF_P4,DECLARED_DOMAIN,property,Ga:1|O:3|Sr:1,5
oxide,MF_P4,DECLARED_DOMAIN,property,Ga:1|O:3|Tl:1,1
oxide,MF_P4,DECLARED_DOMAIN,property,Ga:1|O:3|Zn:1,1
oxide,MF_P4,DECLARED_DOMAIN,property,Ga:1|O:3|Zr:1,8
oxide,MF_P4,DECLARED_DOMAIN,property,Ge:1|In:1|O:3,1
oxide,MF_P4,DECLARED_DOMAIN,property,Ge:1|Ir:1|O:3,1
oxide,MF_P4,DECLARED_DOMAIN,property,Ge:1|Ni:1|O:3,1
oxide,MF_P4,DECLARED_DOMAIN,property,Ge:1|O:3|Pb:1,1
oxide,MF_P4,DECLARED_DOMAIN,property,Ge:1|O:3|Sc:1,1
oxide,MF_P4,DECLARED_DOMAIN,property,Ge:1|O:3|Sn:1,1
oxide,MF_P4,DECLARED_DOMAIN,property,Ge:1|O:3|Ti:1,1
oxide,MF_P4,DECLARED_DOMAIN,property,Ge:1|O:3|Y:1,1
oxide,MF_P4,DECLARED_DOMAIN,property,Hf:1|Hg:1|O:3,1
oxide,MF_P4,DECLARED_DOMAIN,property,Hf:1|In:1|O:3,1
oxide,MF_P4,DECLARED_DOMAIN,property,Hf:1|Ir:1|O:3,1
oxide,MF_P4,DECLARED_DOMAIN,property,Hf:1|La:1|O:3,1
oxide,MF_P4,DECLARED_DOMAIN,property,Hf:1|Li:1|O:3,1
oxide,MF_P4,DECLARED_DOMAIN,property,Hf:1|Ni:1|O:3,2
oxide,MF_P4,DECLARED_DOMAIN,property,Hf:1|O:3|Ru:1,1
oxide,MF_P4,DECLARED_DOMAIN,property,Hf:1|O:3|Si:1,3
oxide,MF_P4,DECLARED_DOMAIN,property,Hf:1|O:3|Sn:1,4
oxide,MF_P4,DECLARED_DOMAIN,property,Hf:1|O:3|W:1,1
oxide,MF_P4,DECLARED_DOMAIN,property,Hf:1|O:3|Y:1,1
oxide,MF_P4,DECLARED_DOMAIN,property,Hf:1|O:3|Zn:1,3
oxide,MF_P4,DECLARED_DOMAIN,property,Hg:1|Na:1|O:3,1
oxide,MF_P4,DECLARED_DOMAIN,property,Hg:1|O:3|Os:1,1
oxide,MF_P4,DECLARED_DOMAIN,property,Hg:1|O:3|Rb:1,1
oxide,MF_P4,DECLARED_DOMAIN,property,Hg:1|O:3|Re:1,1
oxide,MF_P4,DECLARED_DOMAIN,property,Hg:1|O:3|Sn:1,2
oxide,MF_P4,DECLARED_DOMAIN,property,In:1|Mg:1|O:3,1
oxide,MF_P4,DECLARED_DOMAIN,property,In:1|O:3|Ru:1,2
oxide,MF_P4,DECLARED_DOMAIN,property,In:1|O:3|Si:1,1
oxide,MF_P4,DECLARED_DOMAIN,property,In:1|O:3|Y:1,1
oxide,MF_P4,DECLARED_DOMAIN,property,In:1|O:3|Zn:1,1
oxide,MF_P4,DECLARED_DOMAIN,property,In:1|O:3|Zr:1,3
oxide,MF_P4,DECLARED_DOMAIN,property,In:2|O:3,1
oxide,MF_P4,DECLARED_DOMAIN,property,Ir:1|K:1|O:3,1
oxide,MF_P4,DECLARED_DOMAIN,property,Ir:1|Nb:1|O:3,1
oxide,MF_P4,DECLARED_DOMAIN,property,Ir:1|O:3|Sc:1,1
oxide,MF_P4,DECLARED_DOMAIN,property,Ir:1|O:3|Ta:1,1
oxide,MF_P4,DECLARED_DOMAIN,property,K:1|Li:1|O:3,1
oxide,MF_P4,DECLARED_DOMAIN,property,K:1|O:3|Os:1,2
oxide,MF_P4,DECLARED_DOMAIN,property,K:1|O:3|Re:1,1
oxide,MF_P4,DECLARED_DOMAIN,property,K:1|O:3|Sb:1,1
oxide,MF_P4,DECLARED_DOMAIN,property,K:1|O:3|Y:1,1
oxide,MF_P4,DECLARED_DOMAIN,property,La:1|O:3|Re:1,1
oxide,MF_P4,DECLARED_DOMAIN,property,La:1|O:3|Ru:1,1
oxide,MF_P4,DECLARED_DOMAIN,property,La:1|O:3|Sc:1,1
oxide,MF_P4,DECLARED_DOMAIN,property,La:1|O:3|Te:1,1
oxide,MF_P4,DECLARED_DOMAIN,property,La:1|O:3|V:1,1
oxide,MF_P4,DECLARED_DOMAIN,property,La:1|O:3|Y:1,1
oxide,MF_P4,DECLARED_DOMAIN,property,La:1|O:3|Zr:1,1
oxide,MF_P4,DECLARED_DOMAIN,property,Li:1|Nb:1|O:3,3
oxide,MF_P4,DECLARED_DOMAIN,property,Li:1|O:3|Os:1,1
oxide,MF_P4,DECLARED_DOMAIN,property,Li:1|O:3|Pb:1,1
oxide,MF_P4,DECLARED_DOMAIN,property,Li:1|O:3|Ru:1,1
oxide,MF_P4,DECLARED_DOMAIN,property,Li:1|O:3|Ta:1,15
oxide,MF_P4,DECLARED_DOMAIN,property,Li:1|O:3|Ti:1,1
oxide,MF_P4,DECLARED_DOMAIN,property,Li:1|O:3|Tl:1,2
oxide,MF_P4,DECLARED_DOMAIN,property,Li:1|O:3|Zr:1,1
oxide,MF_P4,DECLARED_DOMAIN,property,Mg:1|Mo:1|O:3,1
oxide,MF_P4,DECLARED_DOMAIN,property,Mg:1|O:3|Pb:1,1
oxide,MF_P4,DECLARED_DOMAIN,property,Mg:1|O:3|Sc:1,1
oxide,MF_P4,DECLARED_DOMAIN,property,Mg:1|O:3|Si:1,1
oxide,MF_P4,DECLARED_DOMAIN,property,Mg:1|O:3|Tl:1,1
oxide,MF_P4,DECLARED_DOMAIN,property,Mg:1|O:3|Y:1,2
oxide,MF_P4,DECLARED_DOMAIN,property,Mg:1|O:3|Zr:1,1
oxide,MF_P4,DECLARED_DOMAIN,property,Mn:1|O:3|Rh:1,1
oxide,MF_P4,DECLARED_DOMAIN,property,Mn:1|O:3|Ru:1,1
oxide,MF_P4,DECLARED_DOMAIN,property,Mn:1|O:3|Te:1,1
oxide,MF_P4,DECLARED_DOMAIN,property,Mn:1|O:3|Y:1,1
oxide,MF_P4,DECLARED_DOMAIN,property,Mo:1|Na:1|O:3,1
oxide,MF_P4,DECLARED_DOMAIN,property,Mo:1|O:3|Pb:1,1
oxide,MF_P4,DECLARED_DOMAIN,property,Mo:1|O:3|Ti:1,1
oxide,MF_P4,DECLARED_DOMAIN,property,Mo:1|O:3|Tl:1,1
oxide,MF_P4,DECLARED_DOMAIN,property,Mo:1|O:3|Y:1,1
oxide,MF_P4,DECLARED_DOMAIN,property,Na:1|Nb:1|O:3,2
oxide,MF_P4,DECLARED_DOMAIN,property,Na:1|O:3|Ru:1,1
oxide,MF_P4,DECLARED_DOMAIN,property,Na:1|O:3|Ta:1,1
oxide,MF_P4,DECLARED_DOMAIN,property,Na:1|O:3|Zr:1,1
oxide,MF_P4,DECLARED_DOMAIN,property,Nb:1|Ni:1|O:3,1
oxide,MF_P4,DECLARED_DOMAIN,property,Nb:1|O:3|Rb:1,2
oxide,MF_P4,DECLARED_DOMAIN,property,Nb:1|O:3|Sr:1,2
oxide,MF_P4,DECLARED_DOMAIN,property,Ni:1|O:3|Sc:1,1
oxide,MF_P4,DECLARED_DOMAIN,property,O:3|Os:1|Sc:1,1
oxide,MF_P4,DECLARED_DOMAIN,property,O:3|Os:1|Sr:1,1
oxide,MF_P4,DECLARED_DOMAIN,property,O:3|Os:1|Tl:1,2
oxide,MF_P4,DECLARED_DOMAIN,property,O:3|Pb:1|Si:1,1
oxide,MF_P4,DECLARED_DOMAIN,property,O:3|Rb:1|Sb:1,1
oxide,MF_P4,DECLARED_DOMAIN,property,O:3|Rb:1|Sn:1,1
oxide,MF_P4,DECLARED_DOMAIN,property,O:3|Re:1|Ti:1,1
oxide,MF_P4,DECLARED_DOMAIN,property,O:3|Re:2,1
oxide,MF_P4,DECLARED_DOMAIN,property,O:3|Ru:1|Sr:1,2
oxide,MF_P4,DECLARED_DOMAIN,property,O:3|Sb:1|Zr:1,1
oxide,MF_P4,DECLARED_DOMAIN,property,O:3|Sc:1|Sn:1,4
oxide,MF_P4,DECLARED_DOMAIN,property,O:3|Sc:1|Sr:1,3
oxide,MF_P4,DECLARED_DOMAIN,property,O:3|Sc:1|Tl:1,2
oxide,MF_P4,DECLARED_DOMAIN,property,O:3|Sc:1|Y:1,2
oxide,MF_P4,DECLARED_DOMAIN,property,O:3|Sc:1|Zn:1,1
oxide,MF_P4,DECLARED_DOMAIN,property,O:3|Si:1|Sn:1,2
oxide,MF_P4,DECLARED_DOMAIN,property,O:3|Si:1|Y:1,2
oxide,MF_P4,DECLARED_DOMAIN,property,O:3|Si:1|Zr:1,5
oxide,MF_P4,DECLARED_DOMAIN,property,O:3|Si:2,1
oxide,MF_P4,DECLARED_DOMAIN,property,O:3|Sn:1|Tl:1,1
oxide,MF_P4,DECLARED_DOMAIN,property,O:3|Sn:1|V:1,1
oxide,MF_P4,DECLARED_DOMAIN,property,O:3|Sn:1|Zn:1,1
oxide,MF_P4,DECLARED_DOMAIN,property,O:3|Sn:1|Zr:1,4
oxide,MF_P4,DECLARED_DOMAIN,property,O:3|Sn:2,1
oxide,MF_P4,DECLARED_DOMAIN,property,O:3|Sr:1|Ta:1,1
oxide,MF_P4,DECLARED_DOMAIN,property,O:3|Sr:1|W:1,1
oxide,MF_P4,DECLARED_DOMAIN,property,O:3|Sr:1|Zr:1,1
oxide,MF_P4,DECLARED_DOMAIN,property,O:3|Ta:1|Tl:1,1
oxide,MF_P4,DECLARED_DOMAIN,property,O:3|Te:1|Ti:1,1
oxide,MF_P4,DECLARED_DOMAIN,property,O:3|Te:1|Zn:1,1
oxide,MF_P4,DECLARED_DOMAIN,property,O:3|Ti:1|Tl:1,1
oxide,MF_P4,DECLARED_DOMAIN,property,O:3|Tl:1|W:1,2
oxide,MF_P4,DECLARED_DOMAIN,property,O:3|Tl:1|Y:1,1
oxide,MF_P4,DECLARED_DOMAIN,property,O:3|V:1|Zn:1,2
oxide,MF_P4,DECLARED_DOMAIN,property,O:3|V:1|Zr:1,1
oxide,MF_P4,DECLARED_DOMAIN,property,O:3|Y:1|Zn:1,2
oxide,MF_P4,DECLARED_DOMAIN,property,O:3|Y:1|Zr:1,1
oxide,MF_P4,DECLARED_DOMAIN,property,O:3|Zn:1|Zr:1,1
oxide,MF_P4,DECLARED_DOMAIN,property,O:3|Zn:2,1
oxide,MF_P4,LEARNED_ANION,fixed_real,Cr:1|Cs:1|N:2|O:1,1
oxide,MF_P4,LEARNED_ANION,fixed_real,Cr:1|Cs:1|N:3,340
oxide,MF_P4,LEARNED_ANION,fixed_real,Cr:1|N:3|Rb:1,3
oxide,MF_P4,LEARNED_ANION,fixed_real,Cr:1|N:3|Ta:1,1
oxide,MF_P4,LEARNED_ANION,fixed_real,Cs:1|N:3|V:1,2
oxide,MF_P4,LEARNED_ANION,fixed_real,Cs:1|N:3|Zr:1,13
oxide,MF_P4,LEARNED_ANION,joint,Ag:1|Ge:1|O:3,4
oxide,MF_P4,LEARNED_ANION,joint,Ag:1|O:3|Sb:1,1
oxide,MF_P4,LEARNED_ANION,joint,Al:1|O:3|Y:1,35
oxide,MF_P4,LEARNED_ANION,joint,As:1|Ga:1|O:3,1
oxide,MF_P4,LEARNED_ANION,joint,As:1|O:3|Sc:1,6
oxide,MF_P4,LEARNED_ANION,joint,B:1|Bi:1|O:3,3
oxide,MF_P4,LEARNED_ANION,joint,B:1|F:1|In:1|O:2,2
oxide,MF_P4,LEARNED_ANION,joint,B:1|F:1|O:2|Pb:1,7
oxide,MF_P4,LEARNED_ANION,joint,B:1|O:3|Pb:1,9
oxide,MF_P4,LEARNED_ANION,joint,Be:1|Nb:1|O:3,2
oxide,MF_P4,LEARNED_ANION,joint,Bi:1|F:1|O:2|Si:1,1
oxide,MF_P4,LEARNED_ANION,joint,Bi:1|O:3|Si:1,2
oxide,MF_P4,LEARNED_ANION,joint,Cd:1|Ge:1|O:3,2
oxide,MF_P4,LEARNED_ANION,joint,Cd:1|O:3|Sb:1,1
oxide,MF_P4,LEARNED_ANION,joint,F:1|O:2|Pb:1|Si:1,4
oxide,MF_P4,LEARNED_ANION,joint,Ga:1|Ni:1|O:3,1
oxide,MF_P4,LEARNED_ANION,joint,Ga:1|O:3|Pt:1,12
oxide,MF_P4,LEARNED_ANION,joint,Ga:1|O:3|Rh:1,4
oxide,MF_P4,LEARNED_ANION,joint,Ge:1|Hg:1|O:3,24
oxide,MF_P4,LEARNED_ANION,joint,Ge:1|O:3|Sb:1,2
oxide,MF_P4,LEARNED_ANION,joint,Hf:1|Li:1|O:3,36
oxide,MF_P4,LEARNED_ANION,joint,Hg:1|Mn:1|O:3,1
oxide,MF_P4,LEARNED_ANION,joint,Hg:1|O:3|Sb:1,38
oxide,MF_P4,LEARNED_ANION,joint,Hg:1|O:3|Sc:1,1
oxide,MF_P4,LEARNED_ANION,joint,In:1|O:3|Si:1,3
oxide,MF_P4,LEARNED_ANION,joint,Ir:1|Ni:1|O:3,1
oxide,MF_P4,LEARNED_ANION,joint,Ir:1|O:3|Sc:1,8
oxide,MF_P4,LEARNED_ANION,joint,Li:1|Nb:1|O:3,30
oxide,MF_P4,LEARNED_ANION,joint,Li:1|O:3|Ta:1,2
oxide,MF_P4,LEARNED_ANION,joint,Li:1|O:3|Ti:1,2
oxide,MF_P4,LEARNED_ANION,joint,Mg:1|O:3|Pt:1,2
oxide,MF_P4,LEARNED_ANION,joint,Mg:1|O:3|Rh:1,6
oxide,MF_P4,LEARNED_ANION,joint,Mg:1|O:3|Zr:1,36
oxide,MF_P4,LEARNED_ANION,joint,Ni:1|O:3|Zn:1,2
oxide,MF_P4,LEARNED_ANION,joint,O:3|Pb:1|Si:1,5
oxide,MF_P4,LEARNED_ANION,joint,O:3|Pt:1|Zn:1,2
oxide,MF_P4,LEARNED_ANION,joint,O:3|Rh:1|Sc:1,21
oxide,MF_P4,LEARNED_ANION,joint,O:3|Rh:1|Zn:1,5
oxide,MF_P4,LEARNED_ANION,joint,O:3|Sb:1|Sc:1,21
oxide,MF_P4,LEARNED_ANION,joint,O:3|Sc:1|Te:1,13
oxide,MF_P4,LEARNED_ANION,joint,O:3|Sc:1|Zn:1,1
oxide,MF_P4,LEARNED_ANION,joint,O:3|Si:1|Y:1,1
oxide,MF_P4,LEARNED_ANION,property,Ag:1|Ga:1|N:2|O:1,1
oxide,MF_P4,LEARNED_ANION,property,Ag:1|N:3|Re:1,1
oxide,MF_P4,LEARNED_ANION,property,Ag:1|N:3|Sb:1,1
oxide,MF_P4,LEARNED_ANION,property,Ag:1|O:3|Re:1,1
oxide,MF_P4,LEARNED_ANION,property,Al:1|Be:1|N:1|O:2,1
oxide,MF_P4,LEARNED_ANION,property,Al:1|Bi:1|N:3,1
oxide,MF_P4,LEARNED_ANION,property,Al:1|Ca:1|F:1|O:2,3
oxide,MF_P4,LEARNED_ANION,property,Al:1|Ca:1|O:3,1
oxide,MF_P4,LEARNED_ANION,property,Al:1|Cd:1|N:1|O:2,2
oxide,MF_P4,LEARNED_ANION,property,Al:1|Cr:1|N:2|O:1,1
oxide,MF_P4,LEARNED_ANION,property,Al:1|Cu:1|N:3,1
oxide,MF_P4,LEARNED_ANION,property,Al:1|F:1|Ga:1|O:2,4
oxide,MF_P4,LEARNED_ANION,property,Al:1|F:1|N:1|O:1|Sn:1,1
oxide,MF_P4,LEARNED_ANION,property,Al:1|F:1|O:2|Sn:1,4
oxide,MF_P4,LEARNED_ANION,property,Al:1|F:1|O:2|Sr:1,2
oxide,MF_P4,LEARNED_ANION,property,Al:1|Ga:1|N:1|O:2,1
oxide,MF_P4,LEARNED_ANION,property,Al:1|Ga:1|O:3,1
oxide,MF_P4,LEARNED_ANION,property,Al:1|Hf:1|N:1|O:2,2
oxide,MF_P4,LEARNED_ANION,property,Al:1|Hf:1|N:2|O:1,1
oxide,MF_P4,LEARNED_ANION,property,Al:1|In:1|O:3,1
oxide,MF_P4,LEARNED_ANION,property,Al:1|K:1|N:3,1
oxide,MF_P4,LEARNED_ANION,property,Al:1|La:1|N:1|O:2,1
oxide,MF_P4,LEARNED_ANION,property,Al:1|Li:1|N:1|O:2,1
oxide,MF_P4,LEARNED_ANION,property,Al:1|Mg:1|N:2|O:1,1
oxide,MF_P4,LEARNED_ANION,property,Al:1|N:2|Ni:1|O:1,1
oxide,MF_P4,LEARNED_ANION,property,Al:1|N:2|O:1|Sn:1,1
oxide,MF_P4,LEARNED_ANION,property,Al:1|N:2|O:1|V:1,1
oxide,MF_P4,LEARNED_ANION,property,Al:1|O:3|Sc:1,1
oxide,MF_P4,LEARNED_ANION,property,Al:1|O:3|Sn:1,1
oxide,MF_P4,LEARNED_ANION,property,Al:1|O:3|Sr:1,2
oxide,MF_P4,LEARNED_ANION,property,Al:1|O:3|Y:1,1
oxide,MF_P4,LEARNED_ANION,property,As:1|Cd:1|F:1|N:1|O:1,1
oxide,MF_P4,LEARNED_ANION,property,As:1|Cd:1|N:1|O:2,1
oxide,MF_P4,LEARNED_ANION,property,As:1|Cd:1|O:3,1
oxide,MF_P4,LEARNED_ANION,property,As:1|F:1|O:2|Sn:1,1
oxide,MF_P4,LEARNED_ANION,property,As:1|Hf:1|N:1|O:2,1
oxide,MF_P4,LEARNED_ANION,property,As:1|N:2|O:1|Pt:1,1
oxide,MF_P4,LEARNED_ANION,property,As:1|N:3|Rb:1,1
oxide,MF_P4,LEARNED_ANION,property,B:1|Co:1|N:1|O:2,1
oxide,MF_P4,LEARNED_ANION,property,B:1|N:2|Nb:1|O:1,1
oxide,MF_P4,LEARNED_ANION,property,B:1|N:3|Ru:1,1
oxide,MF_P4,LEARNED_ANION,property,B:1|N:3|Zn:1,1
oxide,MF_P4,LEARNED_ANION,property,Ba:1|Bi:1|N:2|O:1,1
oxide,MF_P4,LEARNED_ANION,property,Ba:1|Bi:1|N:2|S:1,1
oxide,MF_P4,LEARNED_ANION,property,Ba:1|Cu:1|N:3,1
oxide,MF_P4,LEARNED_ANION,property,Ba:1|Fe:1|N:2|O:1,1
oxide,MF_P4,LEARNED_ANION,property,Ba:1|Ga:1|O:3,1
oxide,MF_P4,LEARNED_ANION,property,Ba:1|Ge:1|O:3,1
oxide,MF_P4,LEARNED_ANION,property,Ba:1|Hf:1|N:2|O:1,1
oxide,MF_P4,LEARNED_ANION,property,Ba:1|Li:1|N:3,1
oxide,MF_P4,LEARNED_ANION,property,Ba:1|Mo:1|N:3,1
oxide,MF_P4,LEARNED_ANION,property,Ba:1|N:1|O:2|Tl:1,1
oxide,MF_P4,LEARNED_ANION,property,Ba:1|N:3|Tl:1,1
oxide,MF_P4,LEARNED_ANION,property,Ba:1|O:3|Sc:1,1
oxide,MF_P4,LEARNED_ANION,property,Ba:1|O:3|Ti:1,1
oxide,MF_P4,LEARNED_ANION,property,Be:1|Bi:1|N:1|O:2,1
oxide,MF_P4,LEARNED_ANION,property,Be:1|Cr:1|N:3,1
oxide,MF_P4,LEARNED_ANION,property,Be:1|Cu:1|N:2|O:1,1
oxide,MF_P4,LEARNED_ANION,property,Be:1|F:1|La:1|O:2,1
oxide,MF_P4,LEARNED_ANION,property,Be:1|F:1|N:2|Sr:1,1
oxide,MF_P4,LEARNED_ANION,property,Be:1|Hf:1|N:3,1
oxide,MF_P4,LEARNED_ANION,property,Be:1|In:1|N:2|O:1,1
oxide,MF_P4,LEARNED_ANION,property,Be:1|La:1|O:3,1
oxide,MF_P4,LEARNED_ANION,property,Be:1|N:1|Ni:1|O:2,1
oxide,MF_P4,LEARNED_ANION,property,Be:1|N:1|O:2|Sc:1,1
oxide,MF_P4,LEARNED_ANION,property,Be:1|N:2|O:1|Si:1,1
oxide,MF_P4,LEARNED_ANION,property,Be:1|N:3|Tl:1,1
oxide,MF_P4,LEARNED_ANION,property,Bi:1|F:1|Ge:1|N:1|O:1,1
oxide,MF_P4,LEARNED_ANION,property,Bi:1|F:1|N:1|O:1|Sb:1,1
oxide,MF_P4,LEARNED_ANION,property,Bi:1|F:1|N:1|O:1|Sc:1,1
oxide,MF_P4,LEARNED_ANION,property,Bi:1|Fe:1|N:2|O:1,1
oxide,MF_P4,LEARNED_ANION,property,Bi:1|Ga:1|N:2|O:1,1
oxide,MF_P4,LEARNED_ANION,property,Bi:1|Li:1|N:1|O:2,1
oxide,MF_P4,LEARNED_ANION,property,Bi:1|Mg:1|N:1|O:2,1
oxide,MF_P4,LEARNED_ANION,property,Bi:1|N:1|O:2|Sb:1,1
oxide,MF_P4,LEARNED_ANION,property,Bi:1|N:2|O:1|Y:1,1
oxide,MF_P4,LEARNED_ANION,property,Ca:1|F:1|O:2|Zr:1,1
oxide,MF_P4,LEARNED_ANION,property,Ca:1|Ga:1|O:3,2
oxide,MF_P4,LEARNED_ANION,property,Ca:1|La:1|N:1|O:2,1
oxide,MF_P4,LEARNED_ANION,property,Ca:1|N:1|O:2|Os:1,1
oxide,MF_P4,LEARNED_ANION,property,Ca:1|N:1|O:2|Ru:1,1
oxide,MF_P4,LEARNED_ANION,property,Ca:1|N:2|O:1|Sc:1,1
oxide,MF_P4,LEARNED_ANION,property,Ca:1|N:3|Te:1,1
oxide,MF_P4,LEARNED_ANION,property,Ca:1|Nb:1|O:3,1
oxide,MF_P4,LEARNED_ANION,property,Ca:1|O:3|Sc:1,4
oxide,MF_P4,LEARNED_ANION,property,Ca:1|O:3|Si:1,4
oxide,MF_P4,LEARNED_ANION,property,Ca:1|O:3|Ta:1,3
oxide,MF_P4,LEARNED_ANION,property,Ca:1|O:3|Zr:1,1
oxide,MF_P4,LEARNED_ANION,property,Cd:1|F:1|Ga:1|N:1|O:1,1
oxide,MF_P4,LEARNED_ANION,property,Cd:1|F:1|In:1|N:1|O:1,1
oxide,MF_P4,LEARNED_ANION,property,Cd:1|F:1|N:1|Nb:1|O:1,1
oxide,MF_P4,LEARNED_ANION,property,Cd:1|F:1|N:1|O:1|Sc:1,1
oxide,MF_P4,LEARNED_ANION,property,Cd:1|F:1|N:1|O:1|Sn:1,1
oxide,MF_P4,LEARNED_ANION,property,Cd:1|F:1|N:1|O:1|Zn:1,1
oxide,MF_P4,LEARNED_ANION,property,Cd:1|F:1|N:1|O:1|Zr:1,1
oxide,MF_P4,LEARNED_ANION,property,Cd:1|F:1|N:2|Sc:1,1
oxide,MF_P4,LEARNED_ANION,property,Cd:1|F:1|O:1|S:1|Sn:1,1
oxide,MF_P4,LEARNED_ANION,property,Cd:1|Fe:1|N:2|O:1,1
oxide,MF_P4,LEARNED_ANION,property,Cd:1|Ga:1|O:3,1
oxide,MF_P4,LEARNED_ANION,property,Cd:1|Hf:1|N:1|O:2,2
oxide,MF_P4,LEARNED_ANION,property,Cd:1|La:1|N:1|O:2,1
oxide,MF_P4,LEARNED_ANION,property,Cd:1|N:1|O:2|Os:1,1
oxide,MF_P4,LEARNED_ANION,property,Cd:1|N:1|O:2|Te:1,1
oxide,MF_P4,LEARNED_ANION,property,Cd:1|N:1|O:2|Zr:1,1
oxide,MF_P4,LEARNED_ANION,property,Cd:1|N:2|O:1|Sc:1,1
oxide,MF_P4,LEARNED_ANION,property,Cd:1|N:2|O:1|Ti:1,1
oxide,MF_P4,LEARNED_ANION,property,Cd:1|N:3|Tl:1,1
oxide,MF_P4,LEARNED_ANION,property,Cd:1|O:3|Y:1,1
oxide,MF_P4,LEARNED_ANION,property,Co:1|Ga:1|N:2|O:1,1
oxide,MF_P4,LEARNED_ANION,property,Co:1|Hg:1|N:3,1
oxide,MF_P4,LEARNED_ANION,property,Co:1|Ir:1|N:3,1
oxide,MF_P4,LEARNED_ANION,property,Co:1|N:3|Sn:1,1
oxide,MF_P4,LEARNED_ANION,property,Cr:1|F:1|N:1|O:1|Re:1,1
oxide,MF_P4,LEARNED_ANION,property,Cr:1|Ga:1|N:2|O:1,1
oxide,MF_P4,LEARNED_ANION,property,Cr:1|Hg:1|N:2|O:1,1
oxide,MF_P4,LEARNED_ANION,property,Cr:1|N:1|Na:1|O:2,1
oxide,MF_P4,LEARNED_ANION,property,Cr:1|N:3|Os:1,1
oxide,MF_P4,LEARNED_ANION,property,Cr:1|N:3|Pd:1,1
oxide,MF_P4,LEARNED_ANION,property,Cr:1|N:3|Ti:1,1
oxide,MF_P4,LEARNED_ANION,property,Cr:1|O:3|Rb:1,1
oxide,MF_P4,LEARNED_ANION,property,Cs:1|F:1|Hg:1|N:2,1
oxide,MF_P4,LEARNED_ANION,property,Cs:1|Fe:1|N:3,1
oxide,MF_P4,LEARNED_ANION,property,Cs:1|Hg:1|N:3,1
oxide,MF_P4,LEARNED_ANION,property,Cs:1|Mn:1|N:2|O:1,1
oxide,MF_P4,LEARNED_ANION,property,Cs:1|Mo:1|N:2|O:1,1
oxide,MF_P4,LEARNED_ANION,property,Cs:1|N:2|O:1|Tl:1,1
oxide,MF_P4,LEARNED_ANION,property,Cs:1|N:3|Os:1,1
oxide,MF_P4,LEARNED_ANION,property,Cs:1|N:3|Zn:1,1
oxide,MF_P4,LEARNED_ANION,property,Cu:1|Hf:1|N:1|O:2,1
oxide,MF_P4,LEARNED_ANION,property,Cu:1|Mn:1|N:2|O:1,1
oxide,MF_P4,LEARNED_ANION,property,Cu:1|Mo:1|N:2|O:1,1
oxide,MF_P4,LEARNED_ANION,property,Cu:1|N:2|O:1|Sr:1,1
oxide,MF_P4,LEARNED_ANION,property,Cu:1|N:2|O:1|Ti:1,1
oxide,MF_P4,LEARNED_ANION,property,Cu:1|N:3|Na:1,1
oxide,MF_P4,LEARNED_ANION,property,F:1|Ga:1|N:1|O:1|Sn:1,1
oxide,MF_P4,LEARNED_ANION,property,F:1|Ga:1|O:2|Sc:1,2
oxide,MF_P4,LEARNED_ANION,property,F:1|Ga:1|O:2|Si:1,1
oxide,MF_P4,LEARNED_ANION,property,F:1|Ga:1|O:2|Zr:1,5
oxide,MF_P4,LEARNED_ANION,property,F:1|Ga:2|O:2,3
oxide,MF_P4,LEARNED_ANION,property,F:1|Ge:1|N:1|O:1|Sn:1,1
oxide,MF_P4,LEARNED_ANION,property,F:1|Ge:1|O:2|Sc:1,1
oxide,MF_P4,LEARNED_ANION,property,F:1|Ge:1|O:2|Zr:1,1
oxide,MF_P4,LEARNED_ANION,property,F:1|In:1|O:2|Sn:1,2
oxide,MF_P4,LEARNED_ANION,property,F:1|In:2|N:1|O:1,1
oxide,MF_P4,LEARNED_ANION,property,F:1|Ir:1|K:1|N:1|O:1,1
oxide,MF_P4,LEARNED_ANION,property,F:1|La:1|N:1|O:1|Sn:1,1
oxide,MF_P4,LEARNED_ANION,property,F:1|La:1|O:2|Sc:1,1
oxide,MF_P4,LEARNED_ANION,property,F:1|Mo:1|N:1|O:1|Ta:1,1
oxide,MF_P4,LEARNED_ANION,property,F:1|N:1|O:1|Sb:1|Sn:1,1
oxide,MF_P4,LEARNED_ANION,property,F:1|N:2|Ru:1|Si:1,1
oxide,MF_P4,LEARNED_ANION,property,F:1|N:2|Tl:1|V:1,1
oxide,MF_P4,LEARNED_ANION,property,F:1|O:2|Sc:1|Si:1,1
oxide,MF_P4,LEARNED_ANION,property,F:1|O:2|Sc:1|Sn:1,2
oxide,MF_P4,LEARNED_ANION,property,F:1|O:2|Sc:1|Y:1,1
oxide,MF_P4,LEARNED_ANION,property,F:1|O:2|Si:1|Sr:1,1
oxide,MF_P4,LEARNED_ANION,property,F:1|O:2|Sn:1|Zr:1,3
oxide,MF_P4,LEARNED_ANION,property,Fe:1|N:1|O:1|S:1|V:1,1
oxide,MF_P4,LEARNED_ANION,property,Fe:1|N:1|O:2|Ru:1,1
oxide,MF_P4,LEARNED_ANION,property,Fe:1|N:2|O:1|Sr:1,1
oxide,MF_P4,LEARNED_ANION,property,Fe:1|N:2|O:1|Te:1,1
oxide,MF_P4,LEARNED_ANION,property,Ga:1|Hf:1|N:1|O:2,1
oxide,MF_P4,LEARNED_ANION,property,Ga:1|Hf:1|N:3,1
oxide,MF_P4,LEARNED_ANION,property,Ga:1|In:1|N:3,1
oxide,MF_P4,LEARNED_ANION,property,Ga:1|Ir:1|N:3,1
oxide,MF_P4,LEARNED_ANION,property,Ga:1|La:1|N:1|O:2,1
oxide,MF_P4,LEARNED_ANION,property,Ga:1|Li:1|O:3,2
oxide,MF_P4,LEARNED_ANION,property,Ga:1|Mg:1|N:3,1
oxide,MF_P4,LEARNED_ANION,property,Ga:1|N:1|O:2|Zn:1,1
oxide,MF_P4,LEARNED_ANION,property,Ga:1|N:1|O:2|Zr:1,1
oxide,MF_P4,LEARNED_ANION,property,Ga:1|N:2|O:1|Os:1,1
oxide,MF_P4,LEARNED_ANION,property,Ga:1|N:2|O:1|Sc:1,1
oxide,MF_P4,LEARNED_ANION,property,Ga:1|O:3|Pb:1,1
oxide,MF_P4,LEARNED_ANION,property,Ga:1|O:3|Sc:1,2
oxide,MF_P4,LEARNED_ANION,property,Ga:1|O:3|Tl:1,1
oxide,MF_P4,LEARNED_ANION,property,Ga:1|O:3|Zr:1,1
oxide,MF_P4,LEARNED_ANION,property,Ge:1|La:1|N:2|S:1,1
oxide,MF_P4,LEARNED_ANION,property,Ge:1|Li:1|O:3,1
oxide,MF_P4,LEARNED_ANION,property,Ge:1|N:1|Na:1|O:2,1
oxide,MF_P4,LEARNED_ANION,property,Ge:1|N:1|Ni:1|O:2,1
oxide,MF_P4,LEARNED_ANION,property,Ge:1|N:1|O:2|Rh:1,1
oxide,MF_P4,LEARNED_ANION,property,Ge:1|N:1|O:2|Sn:1,1
oxide,MF_P4,LEARNED_ANION,property,Ge:1|N:1|O:2|W:1,1
oxide,MF_P4,LEARNED_ANION,property,Ge:1|N:2|O:1|Pd:1,1
oxide,MF_P4,LEARNED_ANION,property,Ge:1|N:2|O:1|Y:1,1
oxide,MF_P4,LEARNED_ANION,property,Ge:1|N:3|Sb:1,1
oxide,MF_P4,LEARNED_ANION,property,Ge:1|O:3|Sr:1,1
oxide,MF_P4,LEARNED_ANION,property,Hf:1|La:1|O:3,1
oxide,MF_P4,LEARNED_ANION,property,Hf:1|N:1|O:2|Si:1,1
oxide,MF_P4,LEARNED_ANION,property,Hf:1|N:1|O:2|Zn:1,1
oxide,MF_P4,LEARNED_ANION,property,Hf:1|N:1|O:2|Zr:1,1
oxide,MF_P4,LEARNED_ANION,property,Hf:1|N:2|Na:1|O:1,1
oxide,MF_P4,LEARNED_ANION,property,Hf:1|N:2|O:1|Sn:1,1
oxide,MF_P4,LEARNED_ANION,property,Hf:1|N:2|O:1|Zn:1,1
oxide,MF_P4,LEARNED_ANION,property,Hf:1|N:3|Tl:1,1
oxide,MF_P4,LEARNED_ANION,property,Hf:1|O:3|Sn:1,1
oxide,MF_P4,LEARNED_ANION,property,Hf:1|O:3|Zn:1,1
oxide,MF_P4,LEARNED_ANION,property,Hg:1|N:1|O:2|Pb:1,2
oxide,MF_P4,LEARNED_ANION,property,Hg:1|N:1|O:2|Ru:1,1
oxide,MF_P4,LEARNED_ANION,property,Hg:1|N:2|S:1|V:1,1
oxide,MF_P4,LEARNED_ANION,property,Hg:1|N:2|S:1|Y:1,1
oxide,MF_P4,LEARNED_ANION,property,Hg:1|N:3|Pt:1,1
oxide,MF_P4,LEARNED_ANION,property,Hg:1|N:3|Re:1,1
oxide,MF_P4,LEARNED_ANION,property,Hg:1|N:3|Si:1,1
oxide,MF_P4,LEARNED_ANION,property,Hg:1|N:3|Ti:1,1
oxide,MF_P4,LEARNED_ANION,property,Hg:1|N:3|Tl:1,1
oxide,MF_P4,LEARNED_ANION,property,Hg:1|N:3|W:1,1
oxide,MF_P4,LEARNED_ANION,property,Hg:1|Nb:1|O:2|S:1,1
oxide,MF_P4,LEARNED_ANION,property,In:1|Mo:1|N:2|O:1,1
oxide,MF_P4,LEARNED_ANION,property,In:1|N:1|O:2|Sc:1,1
oxide,MF_P4,LEARNED_ANION,property,In:1|N:2|Ni:1|O:1,1
oxide,MF_P4,LEARNED_ANION,property,In:1|N:2|O:1|Sc:1,1
oxide,MF_P4,LEARNED_ANION,property,In:1|N:3|Pb:1,1
oxide,MF_P4,LEARNED_ANION,property,In:1|N:3|Si:1,1
oxide,MF_P4,LEARNED_ANION,property,In:1|O:2|S:1|Zn:1,1
oxide,MF_P4,LEARNED_ANION,property,In:1|O:3|Sr:1,1
oxide,MF_P4,LEARNED_ANION,property,In:2|N:1|O:2,1
oxide,MF_P4,LEARNED_ANION,property,Ir:1|N:1|O:2|Y:1,1
oxide,MF_P4,LEARNED_ANION,property,Ir:1|N:2|Rb:1|S:1,1
oxide,MF_P4,LEARNED_ANION,property,Ir:1|N:3|Rb:1,1
oxide,MF_P4,LEARNED_ANION,property,Ir:1|N:3|V:1,1
oxide,MF_P4,LEARNED_ANION,property,K:1|N:2|O:1|Os:1,1
oxide,MF_P4,LEARNED_ANION,property,K:1|N:2|O:1|Si:1,1
oxide,MF_P4,LEARNED_ANION,property,K:1|N:2|S:1|Ta:1,1
oxide,MF_P4,LEARNED_ANION,property,K:1|N:3|Os:1,1
oxide,MF_P4,LEARNED_ANION,property,K:1|N:3|Si:1,2
oxide,MF_P4,LEARNED_ANION,property,La:1|N:1|O:2|Ru:1,1
oxide,MF_P4,LEARNED_ANION,property,La:1|N:1|O:2|Zr:1,1
oxide,MF_P4,LEARNED_ANION,property,La:1|N:3|Re:1,1
oxide,MF_P4,LEARNED_ANION,property,La:1|O:3|Y:1,1
oxide,MF_P4,LEARNED_ANION,property,La:1|O:3|Zr:1,2
oxide,MF_P4,LEARNED_ANION,property,La:2|O:3,1
oxide,MF_P4,LEARNED_ANION,property,Li:1|N:1|Nb:1|O:2,1
oxide,MF_P4,LEARNED_ANION,property,Li:1|N:3|Si:1,1
oxide,MF_P4,LEARNED_ANION,property,Li:1|Nb:1|O:3,2
oxide,MF_P4,LEARNED_ANION,property,Li:1|O:3|Ta:1,13
oxide,MF_P4,LEARNED_ANION,property,Li:1|O:3|Ti:1,1
oxide,MF_P4,LEARNED_ANION,property,Li:1|O:3|Zr:1,1
oxide,MF_P4,LEARNED_ANION,property,Mg:1|N:1|O:2|Ru:1,1
oxide,MF_P4,LEARNED_ANION,property,Mg:1|N:3|Ru:1,1
oxide,MF_P4,LEARNED_ANION,property,Mg:1|N:3|W:1,1
oxide,MF_P4,LEARNED_ANION,property,Mn:1|N:2|Nb:1|S:1,1
oxide,MF_P4,LEARNED_ANION,property,Mn:1|N:2|O:1|V:1,1
oxide,MF_P4,LEARNED_ANION,property,Mn:1|N:3|Y:1,1
oxide,MF_P4,LEARNED_ANION,property,Mn:2|N:2|O:1,1
oxide,MF_P4,LEARNED_ANION,property,Mo:1|N:2|O:1|Os:1,1
oxide,MF_P4,LEARNED_ANION,property,Mo:1|N:2|O:1|Pt:1,1
oxide,MF_P4,LEARNED_ANION,property,Mo:1|N:3|Ni:1,1
oxide,MF_P4,LEARNED_ANION,property,Mo:1|N:3|Ru:1,1
oxide,MF_P4,LEARNED_ANION,property,N:1|Na:1|O:2|Os:1,2
oxide,MF_P4,LEARNED_ANION,property,N:1|Na:1|O:2|Si:1,1
oxide,MF_P4,LEARNED_ANION,property,N:1|Na:1|O:2|Ta:1,1
oxide,MF_P4,LEARNED_ANION,property,N:1|Nb:1|O:2|V:1,1
oxide,MF_P4,LEARNED_ANION,property,N:1|O:2|Os:1|Ta:1,1
oxide,MF_P4,LEARNED_ANION,property,N:1|O:2|Pb:1|Sc:1,1
oxide,MF_P4,LEARNED_ANION,property,N:1|O:2|Re:1|Y:1,1
oxide,MF_P4,LEARNED_ANION,property,N:1|O:2|Rh:1|Sc:1,1
oxide,MF_P4,LEARNED_ANION,property,N:1|O:2|Sc:1|Si:1,2
oxide,MF_P4,LEARNED_ANION,property,N:1|O:2|Sc:1|Zr:1,1
oxide,MF_P4,LEARNED_ANION,property,N:1|O:2|Si:1|Zn:1,1
oxide,MF_P4,LEARNED_ANION,property,N:1|O:2|Sn:1|Y:1,1
oxide,MF_P4,LEARNED_ANION,property,N:1|O:2|Te:1|Zr:1,1
oxide,MF_P4,LEARNED_ANION,property,N:1|O:2|Tl:2,1
oxide,MF_P4,LEARNED_ANION,property,N:2|Ni:1|O:1|Ru:1,1
oxide,MF_P4,LEARNED_ANION,property,N:2|O:1|Pb:1|V:1,1
oxide,MF_P4,LEARNED_ANION,property,N:2|O:1|Rb:1|Rh:1,1
oxide,MF_P4,LEARNED_ANION,property,N:2|O:1|Rb:1|Sb:1,1
oxide,MF_P4,LEARNED_ANION,property,N:2|O:1|Rb:1|Sc:1,1
oxide,MF_P4,LEARNED_ANION,property,N:2|O:1|Rb:1|Si:1,2
oxide,MF_P4,LEARNED_ANION,property,N:2|O:1|Re:1|Ru:1,1
oxide,MF_P4,LEARNED_ANION,property,N:2|O:1|Sb:1|Si:1,1
oxide,MF_P4,LEARNED_ANION,property,N:2|O:1|Sb:1|Zn:1,1
oxide,MF_P4,LEARNED_ANION,property,N:2|O:1|Sc:1|Ta:1,1
oxide,MF_P4,LEARNED_ANION,property,N:2|O:1|Sc:1|Zn:1,1
oxide,MF_P4,LEARNED_ANION,property,N:2|O:1|Si:1|Sn:1,1
oxide,MF_P4,LEARNED_ANION,property,N:2|O:1|Si:1|Sr:1,1
oxide,MF_P4,LEARNED_ANION,property,N:2|O:1|Tl:1|W:1,1
oxide,MF_P4,LEARNED_ANION,property,N:2|O:1|Tl:1|Zn:1,1
oxide,MF_P4,LEARNED_ANION,property,N:2|O:1|W:1|Zr:1,1
oxide,MF_P4,LEARNED_ANION,property,N:2|Rb:1|S:1|Te:1,1
oxide,MF_P4,LEARNED_ANION,property,N:3|Os:1|Pb:1,1
oxide,MF_P4,LEARNED_ANION,property,N:3|Os:1|Y:1,1
oxide,MF_P4,LEARNED_ANION,property,N:3|Pb:1|Y:1,1
oxide,MF_P4,LEARNED_ANION,property,N:3|Rb:1|Re:1,1
oxide,MF_P4,LEARNED_ANION,property,N:3|Rh:1|Sc:1,1
oxide,MF_P4,LEARNED_ANION,property,N:3|Ru:1|Sr:1,1
oxide,MF_P4,LEARNED_ANION,property,N:3|Ru:1|Tl:1,1
oxide,MF_P4,LEARNED_ANION,property,N:3|Sb:1|Zn:1,1
oxide,MF_P4,LEARNED_ANION,property,N:3|Sn:1|Zn:1,1
oxide,MF_P4,LEARNED_ANION,property,N:3|Ta:1|Zn:1,1
oxide,MF_P4,LEARNED_ANION,property,N:3|Ti:2,1
oxide,MF_P4,LEARNED_ANION,property,N:3|Tl:1|V:1,1
oxide,MF_P4,LEARNED_ANION,property,Na:1|Nb:1|O:2|S:1,1
oxide,MF_P4,LEARNED_ANION,property,Na:1|Nb:1|O:3,1
oxide,MF_P4,LEARNED_ANION,property,Na:1|O:3|Ta:1,4
oxide,MF_P4,LEARNED_ANION,property,O:3|Rb:1|Te:1,1
oxide,MF_P4,LEARNED_ANION,property,O:3|Sc:1|Sn:1,1
oxide,MF_P4,LEARNED_ANION,property,O:3|Sc:1|Y:1,1
oxide,MF_P4,LEARNED_ANION,property,O:3|Si:1|Sn:1,2
oxide,MF_P4,LEARNED_ANION,property,O:3|Si:1|Sr:1,1
oxide,MF_P4,LEARNED_ANION,property,O:3|Si:1|Y:1,2
oxide,MF_P4,LEARNED_ANION,property,O:3|Sn:1|Zr:1,1
oxychalcogenide,MF_P3,LEARNED_ANION,fixed_real,Cr:1|Cs:1|N:3,348
oxychalcogenide,MF_P3,LEARNED_ANION,fixed_real,Cs:1|Fe:1|N:3,2
oxychalcogenide,MF_P3,LEARNED_ANION,fixed_real,Cs:1|N:3|Zr:1,10
oxychalcogenide,MF_P3,LEARNED_ANION,joint,Ag:1|Hf:1|O:3,7
oxychalcogenide,MF_P3,LEARNED_ANION,joint,Ag:1|O:3|Ti:1,2
oxychalcogenide,MF_P3,LEARNED_ANION,joint,Ag:1|O:3|Y:1,2
oxychalcogenide,MF_P3,LEARNED_ANION,joint,Ba:1|Bi:1|O:3,32
oxychalcogenide,MF_P3,LEARNED_ANION,joint,Ba:1|In:1|O:3,1
oxychalcogenide,MF_P3,LEARNED_ANION,joint,Ba:1|O:3|Sn:1,1
oxychalcogenide,MF_P3,LEARNED_ANION,joint,Be:1|Mg:1|O:3,2
oxychalcogenide,MF_P3,LEARNED_ANION,joint,Bi:1|Na:1|O:3,2
oxychalcogenide,MF_P3,LEARNED_ANION,joint,Bi:1|O:3|Sb:1,2
oxychalcogenide,MF_P3,LEARNED_ANION,joint,Bi:1|O:3|Sn:1,9
oxychalcogenide,MF_P3,LEARNED_ANION,joint,Bi:1|O:3|Sr:1,13
oxychalcogenide,MF_P3,LEARNED_ANION,joint,Bi:1|O:3|Te:1,1
oxychalcogenide,MF_P3,LEARNED_ANION,joint,Cd:1|Hf:1|O:3,35
oxychalcogenide,MF_P3,LEARNED_ANION,joint,Cd:1|O:3|Ti:1,1
oxychalcogenide,MF_P3,LEARNED_ANION,joint,Co:1|Mg:1|O:3,1
oxychalcogenide,MF_P3,LEARNED_ANION,joint,Ga:1|O:3|Sc:1,1
oxychalcogenide,MF_P3,LEARNED_ANION,joint,Ge:1|O:3|Sn:1,1
oxychalcogenide,MF_P3,LEARNED_ANION,joint,Hf:1|Hg:1|O:3,17
oxychalcogenide,MF_P3,LEARNED_ANION,joint,Hg:1|O:3|Ti:1,10
oxychalcogenide,MF_P3,LEARNED_ANION,joint,In:1|O:3|Sb:1,33
oxychalcogenide,MF_P3,LEARNED_ANION,joint,In:1|O:3|Sr:1,3
oxychalcogenide,MF_P3,LEARNED_ANION,joint,La:1|Mg:1|O:3,37
oxychalcogenide,MF_P3,LEARNED_ANION,joint,Mg:1|O:3|Rh:1,2
oxychalcogenide,MF_P3,LEARNED_ANION,joint,Mg:1|O:3|Sc:1,39
oxychalcogenide,MF_P3,LEARNED_ANION,joint,Mg:1|O:3|Y:1,31
oxychalcogenide,MF_P3,LEARNED_ANION,joint,Ni:1|O:3|Sn:1,1
oxychalcogenide,MF_P3,LEARNED_ANION,joint,O:3|Sb:1|Sc:1,2
oxychalcogenide,MF_P3,LEARNED_ANION,joint,O:3|Sb:1|Sn:1,5
oxychalcogenide,MF_P3,LEARNED_ANION,joint,O:3|Sc:1|Sn:1,18
oxychalcogenide,MF_P3,LEARNED_ANION,joint,O:3|Sc:1|Y:1,3
oxychalcogenide,MF_P3,LEARNED_ANION,joint,O:3|Sn:1|Sr:1,20
oxychalcogenide,MF_P3,LEARNED_ANION,joint,O:3|Sn:1|Te:1,1
oxychalcogenide,MF_P3,LEARNED_ANION,joint,O:3|Sn:2,23
oxychalcogenide,MF_P3,LEARNED_ANION,joint,O:3|Tl:1|Y:1,2
oxychalcogenide,MF_P3,LEARNED_ANION,property,Ag:1|Al:1|O:3,1
oxychalcogenide,MF_P3,LEARNED_ANION,property,Ag:1|Ga:1|N:3,1
oxychalcogenide,MF_P3,LEARNED_ANION,property,Ag:1|Ga:1|O:3,1
oxychalcogenide,MF_P3,LEARNED_ANION,property,Ag:1|Ge:1|O:3,1
oxychalcogenide,MF_P3,LEARNED_ANION,property,Ag:1|In:1|O:3,1
oxychalcogenide,MF_P3,LEARNED_ANION,property,Ag:1|N:3|Sc:1,1
oxychalcogenide,MF_P3,LEARNED_ANION,property,Ag:1|N:3|Ta:1,1
oxychalcogenide,MF_P3,LEARNED_ANION,property,Ag:1|N:3|W:1,1
oxychalcogenide,MF_P3,LEARNED_ANION,property,Ag:1|O:3|Sb:1,1
oxychalcogenide,MF_P3,LEARNED_ANION,property,Ag:1|O:3|Si:1,1
oxychalcogenide,MF_P3,LEARNED_ANION,property,Ag:1|O:3|Sn:1,4
oxychalcogenide,MF_P3,LEARNED_ANION,property,Ag:1|O:3|Ta:1,1
oxychalcogenide,MF_P3,LEARNED_ANION,property,Al:1|Ba:1|N:3,2
oxychalcogenide,MF_P3,LEARNED_ANION,property,Al:1|Ca:1|O:3,2
oxychalcogenide,MF_P3,LEARNED_ANION,property,Al:1|Cd:1|N:3,2
oxychalcogenide,MF_P3,LEARNED_ANION,property,Al:1|K:1|O:3,1
oxychalcogenide,MF_P3,LEARNED_ANION,property,Al:1|La:1|O:3,1
oxychalcogenide,MF_P3,LEARNED_ANION,property,Al:1|N:3|Na:1,1
oxychalcogenide,MF_P3,LEARNED_ANION,property,Al:1|N:3|Re:1,1
oxychalcogenide,MF_P3,LEARNED_ANION,property,Al:1|N:3|Sb:1,1
oxychalcogenide,MF_P3,LEARNED_ANION,property,Al:1|N:3|Tl:1,1
oxychalcogenide,MF_P3,LEARNED_ANION,property,Al:1|N:3|V:1,1
oxychalcogenide,MF_P3,LEARNED_ANION,property,Al:1|N:3|Zr:1,7
oxychalcogenide,MF_P3,LEARNED_ANION,property,Al:1|Nb:1|O:3,1
oxychalcogenide,MF_P3,LEARNED_ANION,property,Al:1|O:3|Sb:1,1
oxychalcogenide,MF_P3,LEARNED_ANION,property,Al:1|O:3|Zr:1,2
oxychalcogenide,MF_P3,LEARNED_ANION,property,As:1|Cd:1|O:3,1
oxychalcogenide,MF_P3,LEARNED_ANION,property,As:1|Cu:1|N:3,1
oxychalcogenide,MF_P3,LEARNED_ANION,property,As:1|Mn:1|N:3,1
oxychalcogenide,MF_P3,LEARNED_ANION,property,As:1|N:3|Na:1,1
oxychalcogenide,MF_P3,LEARNED_ANION,property,As:1|N:3|W:1,1
oxychalcogenide,MF_P3,LEARNED_ANION,property,As:1|N:3|Zn:1,1
oxychalcogenide,MF_P3,LEARNED_ANION,property,As:1|N:3|Zr:1,1
oxychalcogenide,MF_P3,LEARNED_ANION,property,Au:1|B:1|N:3,1
oxychalcogenide,MF_P3,LEARNED_ANION,property,Au:1|Hf:1|N:3,1
oxychalcogenide,MF_P3,LEARNED_ANION,property,Au:1|N:3|Pd:1,2
oxychalcogenide,MF_P3,LEARNED_ANION,property,B:1|N:3|Ru:1,1
oxychalcogenide,MF_P3,LEARNED_ANION,property,B:1|N:3|Sc:1,1
oxychalcogenide,MF_P3,LEARNED_ANION,property,B:1|N:3|Sn:1,1
oxychalcogenide,MF_P3,LEARNED_ANION,property,B:1|N:3|Zr:1,1
oxychalcogenide,MF_P3,LEARNED_ANION,property,Ba:1|Fe:1|N:3,2
oxychalcogenide,MF_P3,LEARNED_ANION,property,Ba:1|Ga:1|N:3,1
oxychalcogenide,MF_P3,LEARNED_ANION,property,Ba:1|Ge:1|O:3,3
oxychalcogenide,MF_P3,LEARNED_ANION,property,Ba:1|N:3|Os:1,1
oxychalcogenide,MF_P3,LEARNED_ANION,property,Ba:1|N:3|Sn:1,1
oxychalcogenide,MF_P3,LEARNED_ANION,property,Ba:1|N:3|Ti:1,1
oxychalcogenide,MF_P3,LEARNED_ANION,property,Ba:1|N:3|W:1,1
oxychalcogenide,MF_P3,LEARNED_ANION,property,Ba:1|Nb:1|O:3,1
oxychalcogenide,MF_P3,LEARNED_ANION,property,Ba:1|O:3|Os:1,1
oxychalcogenide,MF_P3,LEARNED_ANION,property,Ba:1|O:3|Sb:1,1
oxychalcogenide,MF_P3,LEARNED_ANION,property,Ba:1|O:3|Sn:1,5
oxychalcogenide,MF_P3,LEARNED_ANION,property,Ba:1|O:3|Ta:1,1
oxychalcogenide,MF_P3,LEARNED_ANION,property,Ba:1|O:3|Zn:1,1
oxychalcogenide,MF_P3,LEARNED_ANION,property,Ba:1|O:3|Zr:1,1
oxychalcogenide,MF_P3,LEARNED_ANION,property,Be:1|Bi:1|O:3,1
oxychalcogenide,MF_P3,LEARNED_ANION,property,Be:1|Cs:1|N:3,1
oxychalcogenide,MF_P3,LEARNED_ANION,property,Be:1|Ga:1|O:3,1
oxychalcogenide,MF_P3,LEARNED_ANION,property,Be:1|Hg:1|N:3,1
oxychalcogenide,MF_P3,LEARNED_ANION,property,Be:1|In:1|O:3,1
oxychalcogenide,MF_P3,LEARNED_ANION,property,Be:1|La:1|N:3,1
oxychalcogenide,MF_P3,LEARNED_ANION,property,Be:1|Li:1|N:3,1
oxychalcogenide,MF_P3,LEARNED_ANION,property,Be:1|N:3|Nb:1,1
oxychalcogenide,MF_P3,LEARNED_ANION,property,Be:1|N:3|Tl:1,1
oxychalcogenide,MF_P3,LEARNED_ANION,property,Be:1|N:3|Y:1,1
oxychalcogenide,MF_P3,LEARNED_ANION,property,Be:1|N:3|Zr:1,6
oxychalcogenide,MF_P3,LEARNED_ANION,property,Be:1|O:3|Ti:1,1
oxychalcogenide,MF_P3,LEARNED_ANION,property,Be:1|O:3|Zr:1,3
oxychalcogenide,MF_P3,LEARNED_ANION,property,Bi:1|K:1|O:3,1
oxychalcogenide,MF_P3,LEARNED_ANION,property,Bi:1|N:3|Na:1,1
oxychalcogenide,MF_P3,LEARNED_ANION,property,Bi:1|O:3|Sb:1,1
oxychalcogenide,MF_P3,LEARNED_ANION,property,Bi:1|O:3|Si:1,1
oxychalcogenide,MF_P3,LEARNED_ANION,property,Bi:1|O:3|Ta:1,1
oxychalcogenide,MF_P3,LEARNED_ANION,property,Ca:1|Ge:1|N:3,1
oxychalcogenide,MF_P3,LEARNED_ANION,property,Ca:1|Ge:1|O:3,2
oxychalcogenide,MF_P3,LEARNED_ANION,property,Ca:1|Hf:1|N:3,2
oxychalcogenide,MF_P3,LEARNED_ANION,property,Ca:1|In:1|O:3,2
oxychalcogenide,MF_P3,LEARNED_ANION,property,Ca:1|Mo:1|N:3,2
oxychalcogenide,MF_P3,LEARNED_ANION,property,Ca:1|N:3|Nb:1,1
oxychalcogenide,MF_P3,LEARNED_ANION,property,Ca:1|N:3|Re:1,1
oxychalcogenide,MF_P3,LEARNED_ANION,property,Ca:1|N:3|W:1,1
oxychalcogenide,MF_P3,LEARNED_ANION,property,Ca:1|O:3|Sn:1,1
oxychalcogenide,MF_P3,LEARNED_ANION,property,Ca:1|O:3|Zn:1,1
oxychalcogenide,MF_P3,LEARNED_ANION,property,Cd:1|Co:1|N:3,1
oxychalcogenide,MF_P3,LEARNED_ANION,property,Cd:1|Fe:1|N:3,1
oxychalcogenide,MF_P3,LEARNED_ANION,property,Cd:1|Fe:1|O:3,2
oxychalcogenide,MF_P3,LEARNED_ANION,property,Cd:1|Ga:1|O:3,2
oxychalcogenide,MF_P3,LEARNED_ANION,property,Cd:1|Ge:1|O:3,1
oxychalcogenide,MF_P3,LEARNED_ANION,property,Cd:1|Hf:1|N:3,1
oxychalcogenide,MF_P3,LEARNED_ANION,property,Cd:1|Hf:1|O:3,1
oxychalcogenide,MF_P3,LEARNED_ANION,property,Cd:1|Mn:1|N:3,1
oxychalcogenide,MF_P3,LEARNED_ANION,property,Cd:1|Mn:1|O:3,1
oxychalcogenide,MF_P3,LEARNED_ANION,property,Cd:1|N:3|Sb:1,1
oxychalcogenide,MF_P3,LEARNED_ANION,property,Cd:1|N:3|V:1,1
oxychalcogenide,MF_P3,LEARNED_ANION,property,Cd:1|N:3|Zr:1,1
oxychalcogenide,MF_P3,LEARNED_ANION,property,Cd:1|O:3|Sb:1,1
oxychalcogenide,MF_P3,LEARNED_ANION,property,Cd:1|O:3|Si:1,2
oxychalcogenide,MF_P3,LEARNED_ANION,property,Cd:1|O:3|Sn:1,1
oxychalcogenide,MF_P3,LEARNED_ANION,property,Cd:1|O:3|Ta:1,1
oxychalcogenide,MF_P3,LEARNED_ANION,property,Cd:1|O:3|Y:1,2
oxychalcogenide,MF_P3,LEARNED_ANION,property,Cd:1|O:3|Zr:1,1
oxychalcogenide,MF_P3,LEARNED_ANION,property,Co:1|Cs:1|N:3,1
oxychalcogenide,MF_P3,LEARNED_ANION,property,Co:1|Cu:1|N:3,1
oxychalcogenide,MF_P3,LEARNED_ANION,property,Co:1|Ga:1|N:3,2
oxychalcogenide,MF_P3,LEARNED_ANION,property,Co:1|Hg:1|N:3,1
oxychalcogenide,MF_P3,LEARNED_ANION,property,Co:1|N:3|Tl:1,1
oxychalcogenide,MF_P3,LEARNED_ANION,property,Co:1|N:3|Zn:1,1
oxychalcogenide,MF_P3,LEARNED_ANION,property,Co:1|N:3|Zr:1,1
oxychalcogenide,MF_P3,LEARNED_ANION,property,Co:1|Na:1|O:3,1
oxychalcogenide,MF_P3,LEARNED_ANION,property,Cr:1|Cs:1|N:3,1
oxychalcogenide,MF_P3,LEARNED_ANION,property,Cr:1|Hf:1|N:3,1
oxychalcogenide,MF_P3,LEARNED_ANION,property,Cr:1|Hg:1|N:3,1
oxychalcogenide,MF_P3,LEARNED_ANION,property,Cr:1|Ir:1|O:3,1
oxychalcogenide,MF_P3,LEARNED_ANION,property,Cr:1|K:1|O:3,1
oxychalcogenide,MF_P3,LEARNED_ANION,property,Cr:1|La:1|N:3,1
oxychalcogenide,MF_P3,LEARNED_ANION,property,Cr:1|N:3|Na:1,1
oxychalcogenide,MF_P3,LEARNED_ANION,property,Cr:1|N:3|Sc:1,2
oxychalcogenide,MF_P3,LEARNED_ANION,property,Cr:1|N:3|Ti:1,1
oxychalcogenide,MF_P3,LEARNED_ANION,property,Cr:1|N:3|Zn:1,1
oxychalcogenide,MF_P3,LEARNED_ANION,property,Cr:1|O:3|W:1,1
oxychalcogenide,MF_P3,LEARNED_ANION,property,Cr:1|O:3|Zn:1,1
oxychalcogenide,MF_P3,LEARNED_ANION,property,Cs:1|Fe:1|N:3,1
oxychalcogenide,MF_P3,LEARNED_ANION,property,Cs:1|Ge:1|O:3,1
oxychalcogenide,MF_P3,LEARNED_ANION,property,Cs:1|Ir:1|N:3,1
oxychalcogenide,MF_P3,LEARNED_ANION,property,Cs:1|Mn:1|O:3,1
oxychalcogenide,MF_P3,LEARNED_ANION,property,Cs:1|N:3|Os:1,1
oxychalcogenide,MF_P3,LEARNED_ANION,property,Cs:1|N:3|Sc:1,1
oxychalcogenide,MF_P3,LEARNED_ANION,property,Cs:1|N:3|Si:1,2
oxychalcogenide,MF_P3,LEARNED_ANION,property,Cs:1|N:3|Sn:1,1
oxychalcogenide,MF_P3,LEARNED_ANION,property,Cs:1|N:3|Te:1,1
oxychalcogenide,MF_P3,LEARNED_ANION,property,Cs:1|O:3|Ti:1,1
oxychalcogenide,MF_P3,LEARNED_ANION,property,Cs:1|O:3|V:1,1
oxychalcogenide,MF_P3,LEARNED_ANION,property,Cu:1|Ga:1|N:3,1
oxychalcogenide,MF_P3,LEARNED_ANION,property,Cu:1|N:3|Nb:1,1
oxychalcogenide,MF_P3,LEARNED_ANION,property,Cu:1|N:3|Rb:1,1
oxychalcogenide,MF_P3,LEARNED_ANION,property,Cu:1|N:3|Ru:1,1
oxychalcogenide,MF_P3,LEARNED_ANION,property,Cu:1|N:3|Zr:1,1
oxychalcogenide,MF_P3,LEARNED_ANION,property,Fe:1|Ga:1|O:3,1
oxychalcogenide,MF_P3,LEARNED_ANION,property,Fe:1|In:1|N:3,1
oxychalcogenide,MF_P3,LEARNED_ANION,property,Fe:1|N:3|Na:1,3
oxychalcogenide,MF_P3,LEARNED_ANION,property,Fe:1|N:3|Sc:1,1
oxychalcogenide,MF_P3,LEARNED_ANION,property,Fe:1|N:3|Ti:1,1
oxychalcogenide,MF_P3,LEARNED_ANION,property,Fe:1|N:3|V:1,2
oxychalcogenide,MF_P3,LEARNED_ANION,property,Fe:1|N:3|W:1,1
oxychalcogenide,MF_P3,LEARNED_ANION,property,Fe:1|Na:1|O:3,1
oxychalcogenide,MF_P3,LEARNED_ANION,property,Fe:1|O:3|Y:1,1
oxychalcogenide,MF_P3,LEARNED_ANION,property,Ga:1|Hg:1|O:3,1
oxychalcogenide,MF_P3,LEARNED_ANION,property,Ga:1|In:1|N:3,1
oxychalcogenide,MF_P3,LEARNED_ANION,property,Ga:1|Li:1|O:3,1
oxychalcogenide,MF_P3,LEARNED_ANION,property,Ga:1|N:3|Na:1,1
oxychalcogenide,MF_P3,LEARNED_ANION,property,Ga:1|N:3|Ru:1,1
oxychalcogenide,MF_P3,LEARNED_ANION,property,Ga:1|N:3|Sr:1,1
oxychalcogenide,MF_P3,LEARNED_ANION,property,Ga:1|N:3|W:1,2
oxychalcogenide,MF_P3,LEARNED_ANION,property,Ga:1|N:3|Zn:1,1
oxychalcogenide,MF_P3,LEARNED_ANION,property,Ga:1|N:3|Zr:1,1
oxychalcogenide,MF_P3,LEARNED_ANION,property,Ga:1|Na:1|O:3,1
oxychalcogenide,MF_P3,LEARNED_ANION,property,Ga:1|O:3|Ta:1,1
oxychalcogenide,MF_P3,LEARNED_ANION,property,Ga:1|O:3|Tl:1,1
oxychalcogenide,MF_P3,LEARNED_ANION,property,Ga:1|O:3|Y:1,2
oxychalcogenide,MF_P3,LEARNED_ANION,property,Ga:2|O:3,1
oxychalcogenide,MF_P3,LEARNED_ANION,property,Ge:1|In:1|N:3,2
oxychalcogenide,MF_P3,LEARNED_ANION,property,Ge:1|La:1|N:3,1
oxychalcogenide,MF_P3,LEARNED_ANION,property,Ge:1|La:1|O:3,2
oxychalcogenide,MF_P3,LEARNED_ANION,property,Ge:1|Li:1|O:3,1
oxychalcogenide,MF_P3,LEARNED_ANION,property,Ge:1|N:3|Sb:1,1
oxychalcogenide,MF_P3,LEARNED_ANION,property,Ge:1|N:3|Sc:1,1
oxychalcogenide,MF_P3,LEARNED_ANION,property,Ge:1|N:3|Te:1,1
oxychalcogenide,MF_P3,LEARNED_ANION,property,Ge:1|N:3|Y:1,1
oxychalcogenide,MF_P3,LEARNED_ANION,property,Ge:1|O:3|Re:1,1
oxychalcogenide,MF_P3,LEARNED_ANION,property,Ge:1|O:3|Si:1,1
oxychalcogenide,MF_P3,LEARNED_ANION,property,Ge:1|O:3|Sn:1,3
oxychalcogenide,MF_P3,LEARNED_ANION,property,Ge:1|O:3|Tl:1,2
oxychalcogenide,MF_P3,LEARNED_ANION,property,Ge:1|O:3|Y:1,3
oxychalcogenide,MF_P3,LEARNED_ANION,property,Ge:1|O:3|Zr:1,1
oxychalcogenide,MF_P3,LEARNED_ANION,property,Hf:1|In:1|N:3,1
oxychalcogenide,MF_P3,LEARNED_ANION,property,Hf:1|In:1|O:3,1
oxychalcogenide,MF_P3,LEARNED_ANION,property,Hf:1|La:1|O:3,2
oxychalcogenide,MF_P3,LEARNED_ANION,property,Hf:1|Mn:1|N:3,1
oxychalcogenide,MF_P3,LEARNED_ANION,property,Hf:1|N:3|Sb:1,1
oxychalcogenide,MF_P3,LEARNED_ANION,property,Hf:1|N:3|Sn:1,1
oxychalcogenide,MF_P3,LEARNED_ANION,property,Hf:1|N:3|W:1,1
oxychalcogenide,MF_P3,LEARNED_ANION,property,Hf:1|O:3|Y:1,1
oxychalcogenide,MF_P3,LEARNED_ANION,property,Hg:1|In:1|N:3,1
oxychalcogenide,MF_P3,LEARNED_ANION,property,Hg:1|N:3|Re:1,1
oxychalcogenide,MF_P3,LEARNED_ANION,property,In:1|La:1|N:3,1
oxychalcogenide,MF_P3,LEARNED_ANION,property,In:1|La:1|O:3,1
oxychalcogenide,MF_P3,LEARNED_ANION,property,In:1|Li:1|O:3,1
oxychalcogenide,MF_P3,LEARNED_ANION,property,In:1|N:3|Te:1,1
oxychalcogenide,MF_P3,LEARNED_ANION,property,In:1|N:3|Zr:1,1
oxychalcogenide,MF_P3,LEARNED_ANION,property,In:1|O:3|Rb:1,1
oxychalcogenide,MF_P3,LEARNED_ANION,property,In:1|O:3|Sb:1,1
oxychalcogenide,MF_P3,LEARNED_ANION,property,In:1|O:3|Zn:1,1
oxychalcogenide,MF_P3,LEARNED_ANION,property,Ir:1|Li:1|N:3,1
oxychalcogenide,MF_P3,LEARNED_ANION,property,Ir:1|N:3|Re:1,1
oxychalcogenide,MF_P3,LEARNED_ANION,property,Ir:1|N:3|Ti:1,1
oxychalcogenide,MF_P3,LEARNED_ANION,property,Ir:1|N:3|Zr:1,1
oxychalcogenide,MF_P3,LEARNED_ANION,property,K:1|N:3|W:1,1
oxychalcogenide,MF_P3,LEARNED_ANION,property,K:1|O:3|Os:1,1
oxychalcogenide,MF_P3,LEARNED_ANION,property,La:1|Mo:1|N:3,1
oxychalcogenide,MF_P3,LEARNED_ANION,property,La:1|N:3|Ni:1,1
oxychalcogenide,MF_P3,LEARNED_ANION,property,La:1|N:3|Sn:1,1
oxychalcogenide,MF_P3,LEARNED_ANION,property,La:1|Nb:1|O:3,2
oxychalcogenide,MF_P3,LEARNED_ANION,property,La:1|O:3|Sb:1,1
oxychalcogenide,MF_P3,LEARNED_ANION,property,La:1|O:3|Sc:1,2
oxychalcogenide,MF_P3,LEARNED_ANION,property,La:1|O:3|Sn:1,5
oxychalcogenide,MF_P3,LEARNED_ANION,property,La:1|O:3|Sr:1,1
oxychalcogenide,MF_P3,LEARNED_ANION,property,La:1|O:3|Ta:1,1
oxychalcogenide,MF_P3,LEARNED_ANION,property,La:1|O:3|W:1,1
oxychalcogenide,MF_P3,LEARNED_ANION,property,La:1|O:3|Zr:1,1
oxychalcogenide,MF_P3,LEARNED_ANION,property,Li:1|Mn:1|O:3,1
oxychalcogenide,MF_P3,LEARNED_ANION,property,Li:1|N:3|Re:1,1
oxychalcogenide,MF_P3,LEARNED_ANION,property,Li:1|N:3|Y:1,1
oxychalcogenide,MF_P3,LEARNED_ANION,property,Li:1|O:3|Sn:1,1
oxychalcogenide,MF_P3,LEARNED_ANION,property,Li:1|O:3|Ti:1,1
oxychalcogenide,MF_P3,LEARNED_ANION,property,Li:1|O:3|Zr:1,1
oxychalcogenide,MF_P3,LEARNED_ANION,property,Mg:1|N:3|Nb:1,1
oxychalcogenide,MF_P3,LEARNED_ANION,property,Mg:1|N:3|Pd:1,1
oxychalcogenide,MF_P3,LEARNED_ANION,property,Mg:1|N:3|Re:1,2
oxychalcogenide,MF_P3,LEARNED_ANION,property,Mg:1|N:3|Sn:1,1
oxychalcogenide,MF_P3,LEARNED_ANION,property,Mg:1|N:3|V:1,1
oxychalcogenide,MF_P3,LEARNED_ANION,property,Mg:1|Ni:1|O:3,1
oxychalcogenide,MF_P3,LEARNED_ANION,property,Mg:1|O:3|Rb:1,1
oxychalcogenide,MF_P3,LEARNED_ANION,property,Mg:1|O:3|Sb:1,1
oxychalcogenide,MF_P3,LEARNED_ANION,property,Mg:1|O:3|Sn:1,3
oxychalcogenide,MF_P3,LEARNED_ANION,property,Mg:1|O:3|Ta:1,1
oxychalcogenide,MF_P3,LEARNED_ANION,property,Mg:1|O:3|V:1,1
oxychalcogenide,MF_P3,LEARNED_ANION,property,Mn:1|N:3|Re:1,1
oxychalcogenide,MF_P3,LEARNED_ANION,property,Mn:1|N:3|Tl:1,1
oxychalcogenide,MF_P3,LEARNED_ANION,property,Mn:1|O:3|Sr:1,1
oxychalcogenide,MF_P3,LEARNED_ANION,property,Mn:1|O:3|W:1,1
oxychalcogenide,MF_P3,LEARNED_ANION,property,Mo:1|N:3|Sb:1,1
oxychalcogenide,MF_P3,LEARNED_ANION,property,Mo:1|N:3|Sn:1,1
oxychalcogenide,MF_P3,LEARNED_ANION,property,Mo:1|O:3|Tl:1,1
oxychalcogenide,MF_P3,LEARNED_ANION,property,N:3|Na:1|Pb:1,1
oxychalcogenide,MF_P3,LEARNED_ANION,property,N:3|Na:1|Sn:1,2
oxychalcogenide,MF_P3,LEARNED_ANION,property,N:3|Nb:1|Tl:1,1
oxychalcogenide,MF_P3,LEARNED_ANION,property,N:3|Ni:1|Rh:1,2
oxychalcogenide,MF_P3,LEARNED_ANION,property,N:3|Ni:1|Ru:1,1
oxychalcogenide,MF_P3,LEARNED_ANION,property,N:3|Ni:1|Sc:1,1
oxychalcogenide,MF_P3,LEARNED_ANION,property,N:3|Ni:1|Sr:1,1
oxychalcogenide,MF_P3,LEARNED_ANION,property,N:3|Ni:1|Zr:1,1
oxychalcogenide,MF_P3,LEARNED_ANION,property,N:3|Os:1|Rb:1,1
oxychalcogenide,MF_P3,LEARNED_ANION,property,N:3|Os:1|Re:1,1
oxychalcogenide,MF_P3,LEARNED_ANION,property,N:3|Os:1|Ru:1,1
oxychalcogenide,MF_P3,LEARNED_ANION,property,N:3|Os:1|Tl:1,1
oxychalcogenide,MF_P3,LEARNED_ANION,property,N:3|Os:1|Zn:1,1
oxychalcogenide,MF_P3,LEARNED_ANION,property,N:3|Pd:1|Si:1,1
oxychalcogenide,MF_P3,LEARNED_ANION,property,N:3|Rb:1|Sc:1,1
oxychalcogenide,MF_P3,LEARNED_ANION,property,N:3|Rb:1|Si:1,1
oxychalcogenide,MF_P3,LEARNED_ANION,property,N:3|Re:1|Sb:1,1
oxychalcogenide,MF_P3,LEARNED_ANION,property,N:3|Re:1|Ti:1,1
oxychalcogenide,MF_P3,LEARNED_ANION,property,N:3|Re:1|Zr:1,1
oxychalcogenide,MF_P3,LEARNED_ANION,property,N:3|Rh:1|Sr:1,1
oxychalcogenide,MF_P3,LEARNED_ANION,property,N:3|Ru:1|Te:1,1
oxychalcogenide,MF_P3,LEARNED_ANION,property,N:3|Ru:1|Zr:1,1
oxychalcogenide,MF_P3,LEARNED_ANION,property,N:3|Sb:1|Sc:1,1
oxychalcogenide,MF_P3,LEARNED_ANION,property,N:3|Sb:1|Y:1,1
oxychalcogenide,MF_P3,LEARNED_ANION,property,N:3|Sc:2,2
oxychalcogenide,MF_P3,LEARNED_ANION,property,N:3|Si:1|Zr:1,7
oxychalcogenide,MF_P3,LEARNED_ANION,property,N:3|Sr:1|W:1,2
oxychalcogenide,MF_P3,LEARNED_ANION,property,N:3|Sr:1|Zr:1,1
oxychalcogenide,MF_P3,LEARNED_ANION,property,N:3|Ti:1|Y:1,1
oxychalcogenide,MF_P3,LEARNED_ANION,property,N:3|W:1|Y:1,1
oxychalcogenide,MF_P3,LEARNED_ANION,property,N:3|Zn:1|Zr:1,1
oxychalcogenide,MF_P3,LEARNED_ANION,property,N:3|Zr:2,2
oxychalcogenide,MF_P3,LEARNED_ANION,property,Na:1|Nb:1|O:3,1
oxychalcogenide,MF_P3,LEARNED_ANION,property,Na:1|O:3|Re:1,1
oxychalcogenide,MF_P3,LEARNED_ANION,property,Na:1|O:3|Si:1,1
oxychalcogenide,MF_P3,LEARNED_ANION,property,Na:1|O:3|Zr:1,1
oxychalcogenide,MF_P3,LEARNED_ANION,property,Nb:1|O:3|Sc:1,1
oxychalcogenide,MF_P3,LEARNED_ANION,property,Nb:1|O:3|Sr:1,1
oxychalcogenide,MF_P3,LEARNED_ANION,property,O:3|Os:1|Y:1,1
oxychalcogenide,MF_P3,LEARNED_ANION,property,O:3|Re:1|Zr:1,1
oxychalcogenide,MF_P3,LEARNED_ANION,property,O:3|Sb:1|Sr:1,1
oxychalcogenide,MF_P3,LEARNED_ANION,property,O:3|Sb:1|Zn:1,1
oxychalcogenide,MF_P3,LEARNED_ANION,property,O:3|Sb:2,1
oxychalcogenide,MF_P3,LEARNED_ANION,property,O:3|Sc:1|Si:1,1
oxychalcogenide,MF_P3,LEARNED_ANION,property,O:3|Sc:1|Y:1,1
oxychalcogenide,MF_P3,LEARNED_ANION,property,O:3|Si:1|Sr:1,1
oxychalcogenide,MF_P3,LEARNED_ANION,property,O:3|Si:1|Zr:1,2
oxychalcogenide,MF_P3,LEARNED_ANION,property,O:3|Sn:2,2
oxychalcogenide,MF_P3,LEARNED_ANION,property,O:3|Sr:1|Ta:1,1
oxychalcogenide,MF_P3,LEARNED_ANION,property,O:3|Sr:1|W:1,1
oxychalcogenide,MF_P3,LEARNED_ANION,property,O:3|Tl:1|Zr:1,2
oxychalcogenide,MF_P3,LEARNED_ANION,property,O:3|W:1|Zr:1,1
oxychalcogenide,MF_P3,LEARNED_ANION,property,O:3|Zn:1|Zr:1,1
oxychalcogenide,MF_P4,LEARNED_ANION,fixed_real,Cr:1|Cs:1|N:2|O:1,1
oxychalcogenide,MF_P4,LEARNED_ANION,fixed_real,Cr:1|Cs:1|N:3,347
oxychalcogenide,MF_P4,LEARNED_ANION,fixed_real,Cs:1|Fe:1|N:3,2
oxychalcogenide,MF_P4,LEARNED_ANION,fixed_real,Cs:1|N:3|Zr:1,10
oxychalcogenide,MF_P4,LEARNED_ANION,joint,Ag:1|Hf:1|O:2|S:1,7
oxychalcogenide,MF_P4,LEARNED_ANION,joint,Ag:1|O:2|S:1|Ti:1,2
oxychalcogenide,MF_P4,LEARNED_ANION,joint,Ag:1|O:2|S:1|Y:1,2
oxychalcogenide,MF_P4,LEARNED_ANION,joint,Ba:1|Bi:1|O:2|S:1,32
oxychalcogenide,MF_P4,LEARNED_ANION,joint,Ba:1|In:1|O:2|S:1,1
oxychalcogenide,MF_P4,LEARNED_ANION,joint,Ba:1|O:2|S:1|Sn:1,1
oxychalcogenide,MF_P4,LEARNED_ANION,joint,Be:1|Mg:1|O:2|S:1,2
oxychalcogenide,MF_P4,LEARNED_ANION,joint,Bi:1|Na:1|O:2|S:1,2
oxychalcogenide,MF_P4,LEARNED_ANION,joint,Bi:1|O:2|S:1|Sb:1,2
oxychalcogenide,MF_P4,LEARNED_ANION,joint,Bi:1|O:2|S:1|Sn:1,9
oxychalcogenide,MF_P4,LEARNED_ANION,joint,Bi:1|O:2|S:1|Te:1,1
oxychalcogenide,MF_P4,LEARNED_ANION,joint,Bi:1|O:3|Sr:1,13
oxychalcogenide,MF_P4,LEARNED_ANION,joint,Cd:1|Hf:1|O:2|S:1,35
oxychalcogenide,MF_P4,LEARNED_ANION,joint,Cd:1|O:2|S:1|Ti:1,1
oxychalcogenide,MF_P4,LEARNED_ANION,joint,Co:1|Mg:1|O:2|S:1,1
oxychalcogenide,MF_P4,LEARNED_ANION,joint,Ga:1|O:2|S:1|Sc:1,1
oxychalcogenide,MF_P4,LEARNED_ANION,joint,Ge:1|O:2|S:1|Sn:1,1
oxychalcogenide,MF_P4,LEARNED_ANION,joint,Hf:1|Hg:1|O:2|S:1,17
oxychalcogenide,MF_P4,LEARNED_ANION,joint,Hg:1|O:2|S:1|Ti:1,10
oxychalcogenide,MF_P4,LEARNED_ANION,joint,In:1|O:2|S:1|Sb:1,33
oxychalcogenide,MF_P4,LEARNED_ANION,joint,In:1|O:3|Sr:1,3
oxychalcogenide,MF_P4,LEARNED_ANION,joint,La:1|Mg:1|O:2|S:1,37
oxychalcogenide,MF_P4,LEARNED_ANION,joint,Mg:1|O:2|Rh:1|S:1,2
oxychalcogenide,MF_P4,LEARNED_ANION,joint,Mg:1|O:2|S:1|Sc:1,39
oxychalcogenide,MF_P4,LEARNED_ANION,joint,Mg:1|O:2|S:1|Y:1,31
oxychalcogenide,MF_P4,LEARNED_ANION,joint,Ni:1|O:2|S:1|Sn:1,1
oxychalcogenide,MF_P4,LEARNED_ANION,joint,O:2|S:1|Sb:1|Sc:1,2
oxychalcogenide,MF_P4,LEARNED_ANION,joint,O:2|S:1|Sb:1|Sn:1,5
oxychalcogenide,MF_P4,LEARNED_ANION,joint,O:2|S:1|Sc:1|Sn:1,18
oxychalcogenide,MF_P4,LEARNED_ANION,joint,O:2|S:1|Sc:1|Y:1,3
oxychalcogenide,MF_P4,LEARNED_ANION,joint,O:2|S:1|Sn:1|Sr:1,1
oxychalcogenide,MF_P4,LEARNED_ANION,joint,O:2|S:1|Sn:1|Te:1,1
oxychalcogenide,MF_P4,LEARNED_ANION,joint,O:2|S:1|Sn:2,23
oxychalcogenide,MF_P4,LEARNED_ANION,joint,O:2|S:1|Tl:1|Y:1,2
oxychalcogenide,MF_P4,LEARNED_ANION,joint,O:3|Sn:1|Sr:1,19
oxychalcogenide,MF_P4,LEARNED_ANION,property,Ag:1|Al:1|F:1|N:1|O:1,1
oxychalcogenide,MF_P4,LEARNED_ANION,property,Ag:1|F:1|Ga:1|O:2,1
oxychalcogenide,MF_P4,LEARNED_ANION,property,Ag:1|F:1|Ge:1|O:1|S:1,1
oxychalcogenide,MF_P4,LEARNED_ANION,property,Ag:1|F:1|In:1|O:2,1
oxychalcogenide,MF_P4,LEARNED_ANION,property,Ag:1|F:1|N:1|O:1|Si:1,1
oxychalcogenide,MF_P4,LEARNED_ANION,property,Ag:1|F:1|N:1|O:1|Sn:1,1
oxychalcogenide,MF_P4,LEARNED_ANION,property,Ag:1|F:1|N:2|W:1,1
oxychalcogenide,MF_P4,LEARNED_ANION,property,Ag:1|Ga:1|N:2|O:1,1
oxychalcogenide,MF_P4,LEARNED_ANION,property,Ag:1|N:1|O:2|Sn:1,2
oxychalcogenide,MF_P4,LEARNED_ANION,property,Ag:1|N:1|O:2|Ta:1,1
oxychalcogenide,MF_P4,LEARNED_ANION,property,Ag:1|N:2|S:1|Ta:1,1
oxychalcogenide,MF_P4,LEARNED_ANION,property,Ag:1|N:3|Sc:1,1
oxychalcogenide,MF_P4,LEARNED_ANION,property,Ag:1|O:3|Sb:1,1
oxychalcogenide,MF_P4,LEARNED_ANION,property,Ag:1|O:3|Sn:1,1
oxychalcogenide,MF_P4,LEARNED_ANION,property,Al:1|Ba:1|F:1|N:2,1
oxychalcogenide,MF_P4,LEARNED_ANION,property,Al:1|Ba:1|N:2|O:1,1
oxychalcogenide,MF_P4,LEARNED_ANION,property,Al:1|Ca:1|F:1|N:1|O:1,2
oxychalcogenide,MF_P4,LEARNED_ANION,property,Al:1|Cd:1|F:1|N:2,1
oxychalcogenide,MF_P4,LEARNED_ANION,property,Al:1|Cd:1|N:2|O:1,1
oxychalcogenide,MF_P4,LEARNED_ANION,property,Al:1|F:1|N:1|O:1|Zr:1,1
oxychalcogenide,MF_P4,LEARNED_ANION,property,Al:1|F:1|N:2|Zr:1,1
oxychalcogenide,MF_P4,LEARNED_ANION,property,Al:1|K:1|N:2|O:1,1
oxychalcogenide,MF_P4,LEARNED_ANION,property,Al:1|La:1|O:3,1
oxychalcogenide,MF_P4,LEARNED_ANION,property,Al:1|N:1|Nb:1|O:2,1
oxychalcogenide,MF_P4,LEARNED_ANION,property,Al:1|N:1|O:2|Sb:1,2
oxychalcogenide,MF_P4,LEARNED_ANION,property,Al:1|N:1|O:2|Tl:1,1
oxychalcogenide,MF_P4,LEARNED_ANION,property,Al:1|N:1|O:2|Zr:1,2
oxychalcogenide,MF_P4,LEARNED_ANION,property,Al:1|N:2|Na:1|O:1,1
oxychalcogenide,MF_P4,LEARNED_ANION,property,Al:1|N:2|O:1|Re:1,1
oxychalcogenide,MF_P4,LEARNED_ANION,property,Al:1|N:2|O:1|V:1,1
oxychalcogenide,MF_P4,LEARNED_ANION,property,Al:1|N:2|O:1|Zr:1,4
oxychalcogenide,MF_P4,LEARNED_ANION,property,Al:1|O:2|S:1|Zr:1,1
oxychalcogenide,MF_P4,LEARNED_ANION,property,As:1|Cd:1|N:1|O:1|S:1,1
oxychalcogenide,MF_P4,LEARNED_ANION,property,As:1|Cu:1|N:2|O:1,1
oxychalcogenide,MF_P4,LEARNED_ANION,property,As:1|Mn:1|N:3,1
oxychalcogenide,MF_P4,LEARNED_ANION,property,As:1|N:1|O:2|Zr:1,1
oxychalcogenide,MF_P4,LEARNED_ANION,property,As:1|N:2|Na:1|O:1,1
oxychalcogenide,MF_P4,LEARNED_ANION,property,As:1|N:2|O:1|Zn:1,1
oxychalcogenide,MF_P4,LEARNED_ANION,property,As:1|N:3|W:1,1
oxychalcogenide,MF_P4,LEARNED_ANION,property,Au:1|B:1|N:3,1
oxychalcogenide,MF_P4,LEARNED_ANION,property,Au:1|Hf:1|N:3,1
oxychalcogenide,MF_P4,LEARNED_ANION,property,Au:1|N:3|Pd:1,2
oxychalcogenide,MF_P4,LEARNED_ANION,property,B:1|F:1|N:2|Sc:1,1
oxychalcogenide,MF_P4,LEARNED_ANION,property,B:1|N:2|O:1|Zr:1,1
oxychalcogenide,MF_P4,LEARNED_ANION,property,B:1|N:3|Ru:1,1
oxychalcogenide,MF_P4,LEARNED_ANION,property,B:1|N:3|Sn:1,1
oxychalcogenide,MF_P4,LEARNED_ANION,property,Ba:1|F:1|Ga:1|N:2,1
oxychalcogenide,MF_P4,LEARNED_ANION,property,Ba:1|F:1|Ge:1|N:1|O:1,2
oxychalcogenide,MF_P4,LEARNED_ANION,property,Ba:1|F:1|N:1|Nb:1|O:1,1
oxychalcogenide,MF_P4,LEARNED_ANION,property,Ba:1|F:1|N:1|O:1|Sn:1,2
oxychalcogenide,MF_P4,LEARNED_ANION,property,Ba:1|F:1|N:1|O:1|Zr:1,1
oxychalcogenide,MF_P4,LEARNED_ANION,property,Ba:1|F:1|O:2|Sn:1,3
oxychalcogenide,MF_P4,LEARNED_ANION,property,Ba:1|F:1|O:2|Ta:1,1
oxychalcogenide,MF_P4,LEARNED_ANION,property,Ba:1|Fe:1|N:1|O:2,1
oxychalcogenide,MF_P4,LEARNED_ANION,property,Ba:1|Fe:1|N:2|O:1,1
oxychalcogenide,MF_P4,LEARNED_ANION,property,Ba:1|Ge:1|O:3,1
oxychalcogenide,MF_P4,LEARNED_ANION,property,Ba:1|N:1|O:1|Os:1|S:1,1
oxychalcogenide,MF_P4,LEARNED_ANION,property,Ba:1|N:1|O:2|Os:1,1
oxychalcogenide,MF_P4,LEARNED_ANION,property,Ba:1|N:1|O:2|Zn:1,1
oxychalcogenide,MF_P4,LEARNED_ANION,property,Ba:1|N:2|O:1|Ti:1,1
oxychalcogenide,MF_P4,LEARNED_ANION,property,Ba:1|N:2|O:1|W:1,1
oxychalcogenide,MF_P4,LEARNED_ANION,property,Ba:1|N:3|Sn:1,1
oxychalcogenide,MF_P4,LEARNED_ANION,property,Ba:1|O:3|Sb:1,1
oxychalcogenide,MF_P4,LEARNED_ANION,property,Be:1|Bi:1|F:1|O:1|S:1,1
oxychalcogenide,MF_P4,LEARNED_ANION,property,Be:1|Cs:1|N:3,1
oxychalcogenide,MF_P4,LEARNED_ANION,property,Be:1|F:1|N:1|S:1|Zr:1,1
oxychalcogenide,MF_P4,LEARNED_ANION,property,Be:1|F:1|N:2|Tl:1,1
oxychalcogenide,MF_P4,LEARNED_ANION,property,Be:1|F:1|O:2|Ti:1,1
oxychalcogenide,MF_P4,LEARNED_ANION,property,Be:1|Ga:1|N:2|O:1,1
oxychalcogenide,MF_P4,LEARNED_ANION,property,Be:1|Hg:1|N:2|O:1,1
oxychalcogenide,MF_P4,LEARNED_ANION,property,Be:1|In:1|N:2|S:1,1
oxychalcogenide,MF_P4,LEARNED_ANION,property,Be:1|La:1|N:3,1
oxychalcogenide,MF_P4,LEARNED_ANION,property,Be:1|Li:1|N:2|O:1,1
oxychalcogenide,MF_P4,LEARNED_ANION,property,Be:1|N:1|O:1|S:1|Zr:1,1
oxychalcogenide,MF_P4,LEARNED_ANION,property,Be:1|N:2|O:1|Zr:1,3
oxychalcogenide,MF_P4,LEARNED_ANION,property,Be:1|N:3|Nb:1,1
oxychalcogenide,MF_P4,LEARNED_ANION,property,Be:1|N:3|Y:1,1
oxychalcogenide,MF_P4,LEARNED_ANION,property,Be:1|N:3|Zr:1,3
oxychalcogenide,MF_P4,LEARNED_ANION,property,Be:1|O:3|Zr:1,1
oxychalcogenide,MF_P4,LEARNED_ANION,property,Bi:1|F:1|N:1|Na:1|O:1,1
oxychalcogenide,MF_P4,LEARNED_ANION,property,Bi:1|F:1|N:1|O:1|Sb:1,1
oxychalcogenide,MF_P4,LEARNED_ANION,property,Bi:1|F:1|N:1|O:1|Si:1,1
oxychalcogenide,MF_P4,LEARNED_ANION,property,Bi:1|F:1|N:2|Ta:1,1
oxychalcogenide,MF_P4,LEARNED_ANION,property,Bi:1|K:1|O:3,1
oxychalcogenide,MF_P4,LEARNED_ANION,property,Ca:1|F:1|Ge:1|N:1|O:1,1
oxychalcogenide,MF_P4,LEARNED_ANION,property,Ca:1|F:1|In:1|O:2,1
oxychalcogenide,MF_P4,LEARNED_ANION,property,Ca:1|F:1|N:1|O:1|Sn:1,1
oxychalcogenide,MF_P4,LEARNED_ANION,property,Ca:1|F:1|O:2|Zn:1,1
oxychalcogenide,MF_P4,LEARNED_ANION,property,Ca:1|Ge:1|N:2|O:1,1
oxychalcogenide,MF_P4,LEARNED_ANION,property,Ca:1|Ge:1|O:3,1
oxychalcogenide,MF_P4,LEARNED_ANION,property,Ca:1|Hf:1|N:2|O:1,2
oxychalcogenide,MF_P4,LEARNED_ANION,property,Ca:1|In:1|O:2|S:1,1
oxychalcogenide,MF_P4,LEARNED_ANION,property,Ca:1|Mo:1|N:2|O:1,2
oxychalcogenide,MF_P4,LEARNED_ANION,property,Ca:1|N:1|Nb:1|O:2,1
oxychalcogenide,MF_P4,LEARNED_ANION,property,Ca:1|N:1|O:2|Re:1,1
oxychalcogenide,MF_P4,LEARNED_ANION,property,Ca:1|N:3|W:1,1
oxychalcogenide,MF_P4,LEARNED_ANION,property,Cd:1|Co:1|N:2|O:1,1
oxychalcogenide,MF_P4,LEARNED_ANION,property,Cd:1|F:1|Ga:1|N:1|O:1,1
oxychalcogenide,MF_P4,LEARNED_ANION,property,Cd:1|F:1|Ga:1|O:2,1
oxychalcogenide,MF_P4,LEARNED_ANION,property,Cd:1|F:1|Ge:1|O:2,1
oxychalcogenide,MF_P4,LEARNED_ANION,property,Cd:1|F:1|Hf:1|N:1|O:1,1
oxychalcogenide,MF_P4,LEARNED_ANION,property,Cd:1|F:1|N:1|O:1|Y:1,2
oxychalcogenide,MF_P4,LEARNED_ANION,property,Cd:1|F:1|N:1|O:1|Zr:1,2
oxychalcogenide,MF_P4,LEARNED_ANION,property,Cd:1|F:1|N:2|Si:1,1
oxychalcogenide,MF_P4,LEARNED_ANION,property,Cd:1|F:1|O:1|S:1|Sb:1,1
oxychalcogenide,MF_P4,LEARNED_ANION,property,Cd:1|Fe:1|N:1|O:2,1
oxychalcogenide,MF_P4,LEARNED_ANION,property,Cd:1|Fe:1|N:2|O:1,1
oxychalcogenide,MF_P4,LEARNED_ANION,property,Cd:1|Fe:1|N:2|S:1,1
oxychalcogenide,MF_P4,LEARNED_ANION,property,Cd:1|Hf:1|N:1|O:2,1
oxychalcogenide,MF_P4,LEARNED_ANION,property,Cd:1|Mn:1|N:1|O:2,1
oxychalcogenide,MF_P4,LEARNED_ANION,property,Cd:1|Mn:1|N:2|O:1,1
oxychalcogenide,MF_P4,LEARNED_ANION,property,Cd:1|N:1|O:1|S:1|Sn:1,1
oxychalcogenide,MF_P4,LEARNED_ANION,property,Cd:1|N:1|O:1|S:1|Ta:1,1
oxychalcogenide,MF_P4,LEARNED_ANION,property,Cd:1|N:1|O:2|Si:1,1
oxychalcogenide,MF_P4,LEARNED_ANION,property,Cd:1|N:2|O:1|Sb:1,1
oxychalcogenide,MF_P4,LEARNED_ANION,property,Cd:1|N:3|V:1,1
oxychalcogenide,MF_P4,LEARNED_ANION,property,Co:1|Cs:1|F:1|N:1|O:1,1
oxychalcogenide,MF_P4,LEARNED_ANION,property,Co:1|Cu:1|N:3,1
oxychalcogenide,MF_P4,LEARNED_ANION,property,Co:1|F:1|O:2|Zr:1,1
oxychalcogenide,MF_P4,LEARNED_ANION,property,Co:1|Ga:1|N:1|O:2,1
oxychalcogenide,MF_P4,LEARNED_ANION,property,Co:1|Ga:1|N:2|O:1,1
oxychalcogenide,MF_P4,LEARNED_ANION,property,Co:1|Hg:1|N:2|O:1,1
oxychalcogenide,MF_P4,LEARNED_ANION,property,Co:1|N:1|Na:1|O:2,1
oxychalcogenide,MF_P4,LEARNED_ANION,property,Co:1|N:2|O:1|Zn:1,1
oxychalcogenide,MF_P4,LEARNED_ANION,property,Co:1|N:3|Tl:1,1
oxychalcogenide,MF_P4,LEARNED_ANION,property,Cr:1|Cs:1|N:2|O:1,1
oxychalcogenide,MF_P4,LEARNED_ANION,property,Cr:1|F:1|Hf:1|N:2,1
oxychalcogenide,MF_P4,LEARNED_ANION,property,Cr:1|F:1|N:2|Sc:1,1
oxychalcogenide,MF_P4,LEARNED_ANION,property,Cr:1|Hg:1|N:2|O:1,1
oxychalcogenide,MF_P4,LEARNED_ANION,property,Cr:1|Ir:1|N:2|S:1,1
oxychalcogenide,MF_P4,LEARNED_ANION,property,Cr:1|K:1|O:2|S:1,1
oxychalcogenide,MF_P4,LEARNED_ANION,property,Cr:1|La:1|N:3,1
oxychalcogenide,MF_P4,LEARNED_ANION,property,Cr:1|N:1|O:1|S:1|Zn:1,1
oxychalcogenide,MF_P4,LEARNED_ANION,property,Cr:1|N:1|O:2|Sc:1,1
oxychalcogenide,MF_P4,LEARNED_ANION,property,Cr:1|N:2|Na:1|O:1,1
oxychalcogenide,MF_P4,LEARNED_ANION,property,Cr:1|N:3|Ti:1,1
oxychalcogenide,MF_P4,LEARNED_ANION,property,Cr:1|N:3|Zn:1,1
oxychalcogenide,MF_P4,LEARNED_ANION,property,Cr:1|O:2|S:1|W:1,1
oxychalcogenide,MF_P4,LEARNED_ANION,property,Cs:1|F:1|N:2|Sc:1,1
oxychalcogenide,MF_P4,LEARNED_ANION,property,Cs:1|F:1|N:2|Si:1,1
oxychalcogenide,MF_P4,LEARNED_ANION,property,Cs:1|F:1|O:2|V:1,1
oxychalcogenide,MF_P4,LEARNED_ANION,property,Cs:1|Fe:1|N:2|O:1,1
oxychalcogenide,MF_P4,LEARNED_ANION,property,Cs:1|Ge:1|N:1|O:2,1
oxychalcogenide,MF_P4,LEARNED_ANION,property,Cs:1|Ir:1|N:1|O:1|S:1,1
oxychalcogenide,MF_P4,LEARNED_ANION,property,Cs:1|Mn:1|N:1|O:2,1
oxychalcogenide,MF_P4,LEARNED_ANION,property,Cs:1|N:1|O:2|Ti:1,1
oxychalcogenide,MF_P4,LEARNED_ANION,property,Cs:1|N:2|O:1|Os:1,1
oxychalcogenide,MF_P4,LEARNED_ANION,property,Cs:1|N:2|O:1|Sn:1,1
oxychalcogenide,MF_P4,LEARNED_ANION,property,Cs:1|N:2|O:1|Te:1,1
oxychalcogenide,MF_P4,LEARNED_ANION,property,Cs:1|N:3|Si:1,1
oxychalcogenide,MF_P4,LEARNED_ANION,property,Cu:1|Ga:1|N:2|O:1,1
oxychalcogenide,MF_P4,LEARNED_ANION,property,Cu:1|N:2|Nb:1|O:1,1
oxychalcogenide,MF_P4,LEARNED_ANION,property,Cu:1|N:2|O:1|Zr:1,1
oxychalcogenide,MF_P4,LEARNED_ANION,property,Cu:1|N:3|Rb:1,1
oxychalcogenide,MF_P4,LEARNED_ANION,property,Cu:1|N:3|Ru:1,1
oxychalcogenide,MF_P4,LEARNED_ANION,property,F:1|Fe:1|In:1|N:2,1
oxychalcogenide,MF_P4,LEARNED_ANION,property,F:1|Fe:1|O:2|Y:1,1
oxychalcogenide,MF_P4,LEARNED_ANION,property,F:1|Ga:1|Li:1|O:2,1
oxychalcogenide,MF_P4,LEARNED_ANION,property,F:1|Ga:1|N:1|Na:1|O:1,1
oxychalcogenide,MF_P4,LEARNED_ANION,property,F:1|Ga:1|N:1|O:1|Tl:1,1
oxychalcogenide,MF_P4,LEARNED_ANION,property,F:1|Ga:1|N:1|O:1|Y:1,1
oxychalcogenide,MF_P4,LEARNED_ANION,property,F:1|Ga:1|N:2|Sr:1,1
oxychalcogenide,MF_P4,LEARNED_ANION,property,F:1|Ga:1|O:1|S:1|Y:1,1
oxychalcogenide,MF_P4,LEARNED_ANION,property,F:1|Ga:2|N:1|S:1,1
oxychalcogenide,MF_P4,LEARNED_ANION,property,F:1|Ge:1|In:1|N:1|O:1,1
oxychalcogenide,MF_P4,LEARNED_ANION,property,F:1|Ge:1|In:1|N:2,1
oxychalcogenide,MF_P4,LEARNED_ANION,property,F:1|Ge:1|La:1|N:1|O:1,1
oxychalcogenide,MF_P4,LEARNED_ANION,property,F:1|Ge:1|La:1|O:1|S:1,1
oxychalcogenide,MF_P4,LEARNED_ANION,property,F:1|Ge:1|Li:1|O:2,1
oxychalcogenide,MF_P4,LEARNED_ANION,property,F:1|Ge:1|N:1|O:1|Re:1,1
oxychalcogenide,MF_P4,LEARNED_ANION,property,F:1|Ge:1|N:1|O:1|Sn:1,1
oxychalcogenide,MF_P4,LEARNED_ANION,property,F:1|Ge:1|N:1|O:1|Y:1,2
oxychalcogenide,MF_P4,LEARNED_ANION,property,F:1|Ge:1|N:2|Zr:1,1
oxychalcogenide,MF_P4,LEARNED_ANION,property,F:1|Ge:1|O:2|Sn:1,1
oxychalcogenide,MF_P4,LEARNED_ANION,property,F:1|Ge:1|O:2|Tl:1,1
oxychalcogenide,MF_P4,LEARNED_ANION,property,F:1|Ge:1|O:2|Y:1,2
oxychalcogenide,MF_P4,LEARNED_ANION,property,F:1|Hf:1|In:1|N:1|O:1,1
oxychalcogenide,MF_P4,LEARNED_ANION,property,F:1|Hf:1|In:1|N:2,1
oxychalcogenide,MF_P4,LEARNED_ANION,property,F:1|Hf:1|La:1|O:1|S:1,1
oxychalcogenide,MF_P4,LEARNED_ANION,property,F:1|In:1|La:1|O:1|S:1,1
oxychalcogenide,MF_P4,LEARNED_ANION,property,F:1|In:1|Li:1|O:2,1
oxychalcogenide,MF_P4,LEARNED_ANION,property,F:1|In:1|N:1|O:1|Rb:1,1
oxychalcogenide,MF_P4,LEARNED_ANION,property,F:1|La:1|N:1|Nb:1|O:1,1
oxychalcogenide,MF_P4,LEARNED_ANION,property,F:1|La:1|N:1|O:1|Sn:1,1
oxychalcogenide,MF_P4,LEARNED_ANION,property,F:1|La:1|N:1|O:1|Ta:1,1
oxychalcogenide,MF_P4,LEARNED_ANION,property,F:1|La:1|N:1|O:1|W:1,1
oxychalcogenide,MF_P4,LEARNED_ANION,property,F:1|La:1|O:1|S:1|Sn:1,1
oxychalcogenide,MF_P4,LEARNED_ANION,property,F:1|La:1|O:2|Sb:1,1
oxychalcogenide,MF_P4,LEARNED_ANION,property,F:1|La:1|O:2|Sn:1,2
oxychalcogenide,MF_P4,LEARNED_ANION,property,F:1|La:1|O:2|Sr:1,1
oxychalcogenide,MF_P4,LEARNED_ANION,property,F:1|Li:1|Mn:1|O:2,1
oxychalcogenide,MF_P4,LEARNED_ANION,property,F:1|Li:1|N:1|O:1|Sn:1,1
oxychalcogenide,MF_P4,LEARNED_ANION,property,F:1|Li:1|O:2|Ti:1,1
oxychalcogenide,MF_P4,LEARNED_ANION,property,F:1|Li:1|O:2|Zr:1,1
oxychalcogenide,MF_P4,LEARNED_ANION,property,F:1|Mg:1|N:1|Ni:1|O:1,1
oxychalcogenide,MF_P4,LEARNED_ANION,property,F:1|Mg:1|N:1|O:1|Rb:1,1
oxychalcogenide,MF_P4,LEARNED_ANION,property,F:1|Mg:1|N:1|O:1|V:1,1
oxychalcogenide,MF_P4,LEARNED_ANION,property,F:1|Mg:1|N:2|Pd:1,1
oxychalcogenide,MF_P4,LEARNED_ANION,property,F:1|Mg:1|N:2|V:1,1
oxychalcogenide,MF_P4,LEARNED_ANION,property,F:1|Mg:1|O:2|Sn:1,1
oxychalcogenide,MF_P4,LEARNED_ANION,property,F:1|Mg:1|O:2|Ta:1,1
oxychalcogenide,MF_P4,LEARNED_ANION,property,F:1|Mo:1|N:1|O:1|Sb:1,1
oxychalcogenide,MF_P4,LEARNED_ANION,property,F:1|Mo:1|O:2|Tl:1,1
oxychalcogenide,MF_P4,LEARNED_ANION,property,F:1|N:1|Na:1|O:1|Re:1,1
oxychalcogenide,MF_P4,LEARNED_ANION,property,F:1|N:1|Na:1|O:1|Si:1,1
oxychalcogenide,MF_P4,LEARNED_ANION,property,F:1|N:1|Na:1|O:1|Sn:1,1
oxychalcogenide,MF_P4,LEARNED_ANION,property,F:1|N:1|Na:1|O:1|Zr:1,1
oxychalcogenide,MF_P4,LEARNED_ANION,property,F:1|N:1|Nb:1|O:1|Sc:1,1
oxychalcogenide,MF_P4,LEARNED_ANION,property,F:1|N:1|O:1|Re:1|Ti:1,1
oxychalcogenide,MF_P4,LEARNED_ANION,property,F:1|N:1|O:1|Sb:1|Sc:1,1
oxychalcogenide,MF_P4,LEARNED_ANION,property,F:1|N:1|O:1|Sb:2,1
oxychalcogenide,MF_P4,LEARNED_ANION,property,F:1|N:1|O:1|Sn:2,2
oxychalcogenide,MF_P4,LEARNED_ANION,property,F:1|N:1|O:1|Sr:1|Zr:1,1
oxychalcogenide,MF_P4,LEARNED_ANION,property,F:1|N:1|O:1|Tl:1|Zr:1,1
oxychalcogenide,MF_P4,LEARNED_ANION,property,F:1|N:2|Nb:1|Tl:1,1
oxychalcogenide,MF_P4,LEARNED_ANION,property,F:1|Na:1|Nb:1|O:2,1
oxychalcogenide,MF_P4,LEARNED_ANION,property,F:1|O:2|Sc:1|Si:1,1
oxychalcogenide,MF_P4,LEARNED_ANION,property,F:1|O:2|Sr:1|Ta:1,1
oxychalcogenide,MF_P4,LEARNED_ANION,property,Fe:1|Ga:1|O:2|S:1,1
oxychalcogenide,MF_P4,LEARNED_ANION,property,Fe:1|N:1|Na:1|O:2,1
oxychalcogenide,MF_P4,LEARNED_ANION,property,Fe:1|N:1|O:2|V:1,2
oxychalcogenide,MF_P4,LEARNED_ANION,property,Fe:1|N:2|Na:1|O:1,1
oxychalcogenide,MF_P4,LEARNED_ANION,property,Fe:1|N:2|Na:1|S:1,1
oxychalcogenide,MF_P4,LEARNED_ANION,property,Fe:1|N:2|O:1|Ti:1,1
oxychalcogenide,MF_P4,LEARNED_ANION,property,Fe:1|N:2|O:1|W:1,1
oxychalcogenide,MF_P4,LEARNED_ANION,property,Fe:1|N:3|Na:1,1
oxychalcogenide,MF_P4,LEARNED_ANION,property,Fe:1|N:3|Sc:1,1
oxychalcogenide,MF_P4,LEARNED_ANION,property,Ga:1|Hg:1|N:1|O:2,1
oxychalcogenide,MF_P4,LEARNED_ANION,property,Ga:1|In:1|N:2|O:1,1
oxychalcogenide,MF_P4,LEARNED_ANION,property,Ga:1|N:1|Na:1|O:2,1
oxychalcogenide,MF_P4,LEARNED_ANION,property,Ga:1|N:1|O:2|Ru:1,1
oxychalcogenide,MF_P4,LEARNED_ANION,property,Ga:1|N:2|O:1|Ta:1,1
oxychalcogenide,MF_P4,LEARNED_ANION,property,Ga:1|N:2|O:1|W:1,1
oxychalcogenide,MF_P4,LEARNED_ANION,property,Ga:1|N:2|O:1|Zn:1,1
oxychalcogenide,MF_P4,LEARNED_ANION,property,Ga:1|N:2|O:1|Zr:1,1
oxychalcogenide,MF_P4,LEARNED_ANION,property,Ga:1|N:3|W:1,1
oxychalcogenide,MF_P4,LEARNED_ANION,property,Ge:1|La:1|N:3,1
oxychalcogenide,MF_P4,LEARNED_ANION,property,Ge:1|N:1|O:2|Si:1,1
oxychalcogenide,MF_P4,LEARNED_ANION,property,Ge:1|N:1|O:2|Sn:1,1
oxychalcogenide,MF_P4,LEARNED_ANION,property,Ge:1|N:2|O:1|Sb:1,1
oxychalcogenide,MF_P4,LEARNED_ANION,property,Ge:1|N:3|Te:1,1
oxychalcogenide,MF_P4,LEARNED_ANION,property,Ge:1|O:3|Sc:1,1
oxychalcogenide,MF_P4,LEARNED_ANION,property,Ge:1|O:3|Tl:1,1
oxychalcogenide,MF_P4,LEARNED_ANION,property,Hf:1|La:1|N:1|O:2,1
oxychalcogenide,MF_P4,LEARNED_ANION,property,Hf:1|Mn:1|N:1|O:2,1
oxychalcogenide,MF_P4,LEARNED_ANION,property,Hf:1|N:2|O:1|Sb:1,1
oxychalcogenide,MF_P4,LEARNED_ANION,property,Hf:1|N:2|O:1|Sn:1,1
oxychalcogenide,MF_P4,LEARNED_ANION,property,Hf:1|N:3|W:1,1
oxychalcogenide,MF_P4,LEARNED_ANION,property,Hf:1|O:3|Y:1,1
oxychalcogenide,MF_P4,LEARNED_ANION,property,Hg:1|In:1|N:1|O:2,1
oxychalcogenide,MF_P4,LEARNED_ANION,property,Hg:1|N:1|O:2|Re:1,1
oxychalcogenide,MF_P4,LEARNED_ANION,property,In:1|La:1|N:2|O:1,1
oxychalcogenide,MF_P4,LEARNED_ANION,property,In:1|N:1|O:2|Sb:1,1
oxychalcogenide,MF_P4,LEARNED_ANION,property,In:1|N:1|O:2|Zn:1,1
oxychalcogenide,MF_P4,LEARNED_ANION,property,In:1|N:2|O:1|Zr:1,1
oxychalcogenide,MF_P4,LEARNED_ANION,property,In:1|O:3|Te:1,1
oxychalcogenide,MF_P4,LEARNED_ANION,property,Ir:1|Li:1|N:2|O:1,1
oxychalcogenide,MF_P4,LEARNED_ANION,property,Ir:1|N:2|O:1|Re:1,1
oxychalcogenide,MF_P4,LEARNED_ANION,property,Ir:1|N:2|O:1|Ti:1,1
oxychalcogenide,MF_P4,LEARNED_ANION,property,Ir:1|N:3|Zr:1,1
oxychalcogenide,MF_P4,LEARNED_ANION,property,K:1|N:2|O:1|W:1,1
oxychalcogenide,MF_P4,LEARNED_ANION,property,K:1|N:2|Os:1|S:1,1
oxychalcogenide,MF_P4,LEARNED_ANION,property,La:1|Mo:1|N:1|O:2,1
oxychalcogenide,MF_P4,LEARNED_ANION,property,La:1|N:1|O:1|S:1|Sn:1,1
oxychalcogenide,MF_P4,LEARNED_ANION,property,La:1|N:1|O:2|Sc:1,1
oxychalcogenide,MF_P4,LEARNED_ANION,property,La:1|N:1|O:2|Zr:1,1
oxychalcogenide,MF_P4,LEARNED_ANION,property,La:1|N:3|Sn:1,1
oxychalcogenide,MF_P4,LEARNED_ANION,property,La:1|Nb:1|O:3,1
oxychalcogenide,MF_P4,LEARNED_ANION,property,La:1|Ni:1|O:3,1
oxychalcogenide,MF_P4,LEARNED_ANION,property,La:1|O:3|Sc:1,1
oxychalcogenide,MF_P4,LEARNED_ANION,property,Li:1|N:2|O:1|Re:1,1
oxychalcogenide,MF_P4,LEARNED_ANION,property,Li:1|N:2|O:1|Y:1,1
oxychalcogenide,MF_P4,LEARNED_ANION,property,Mg:1|N:1|O:2|Re:1,1
oxychalcogenide,MF_P4,LEARNED_ANION,property,Mg:1|N:1|O:2|Sn:1,1
oxychalcogenide,MF_P4,LEARNED_ANION,property,Mg:1|N:2|Nb:1|O:1,1
oxychalcogenide,MF_P4,LEARNED_ANION,property,Mg:1|N:2|O:1|Sn:1,1
oxychalcogenide,MF_P4,LEARNED_ANION,property,Mg:1|N:3|Re:1,1
oxychalcogenide,MF_P4,LEARNED_ANION,property,Mg:1|O:2|S:1|Sn:1,1
oxychalcogenide,MF_P4,LEARNED_ANION,property,Mg:1|O:3|Sb:1,1
oxychalcogenide,MF_P4,LEARNED_ANION,property,Mn:1|N:2|O:1|Re:1,1
oxychalcogenide,MF_P4,LEARNED_ANION,property,Mn:1|N:2|O:1|Sr:1,1
oxychalcogenide,MF_P4,LEARNED_ANION,property,Mn:1|N:2|O:1|W:1,1
oxychalcogenide,MF_P4,LEARNED_ANION,property,Mn:1|N:3|Tl:1,1
oxychalcogenide,MF_P4,LEARNED_ANION,property,Mo:1|N:2|O:1|Sn:1,1
oxychalcogenide,MF_P4,LEARNED_ANION,property,N:1|Ni:1|O:2|Rh:1,1
oxychalcogenide,MF_P4,LEARNED_ANION,property,N:1|Ni:1|O:2|Ru:1,1
oxychalcogenide,MF_P4,LEARNED_ANION,property,N:1|O:1|Os:1|S:1|Y:1,1
oxychalcogenide,MF_P4,LEARNED_ANION,property,N:1|O:1|S:1|Sb:1|Zn:1,1
oxychalcogenide,MF_P4,LEARNED_ANION,property,N:1|O:1|S:1|Si:1|Zr:1,1
oxychalcogenide,MF_P4,LEARNED_ANION,property,N:1|O:2|Os:1|Rb:1,1
oxychalcogenide,MF_P4,LEARNED_ANION,property,N:1|O:2|Ru:1|Zr:1,1
oxychalcogenide,MF_P4,LEARNED_ANION,property,N:1|O:2|Sb:1|Sr:1,1
oxychalcogenide,MF_P4,LEARNED_ANION,property,N:1|O:2|Sc:1|Y:1,1
oxychalcogenide,MF_P4,LEARNED_ANION,property,N:1|O:2|Sc:2,2
oxychalcogenide,MF_P4,LEARNED_ANION,property,N:1|O:2|Si:1|Sr:1,1
oxychalcogenide,MF_P4,LEARNED_ANION,property,N:1|O:2|Si:1|Zr:1,3
oxychalcogenide,MF_P4,LEARNED_ANION,property,N:1|O:2|Sr:1|W:1,1
oxychalcogenide,MF_P4,LEARNED_ANION,property,N:1|O:2|Tl:1|Zr:1,1
oxychalcogenide,MF_P4,LEARNED_ANION,property,N:2|Na:1|O:1|Pb:1,1
oxychalcogenide,MF_P4,LEARNED_ANION,property,N:2|Na:1|O:1|Sn:1,1
oxychalcogenide,MF_P4,LEARNED_ANION,property,N:2|Ni:1|O:1|Rh:1,1
oxychalcogenide,MF_P4,LEARNED_ANION,property,N:2|Ni:1|O:1|Sc:1,1
oxychalcogenide,MF_P4,LEARNED_ANION,property,N:2|Ni:1|O:1|Sr:1,1
oxychalcogenide,MF_P4,LEARNED_ANION,property,N:2|Ni:1|O:1|Zr:1,1
oxychalcogenide,MF_P4,LEARNED_ANION,property,N:2|O:1|Os:1|Ru:1,1
oxychalcogenide,MF_P4,LEARNED_ANION,property,N:2|O:1|Re:1|Sb:1,1
oxychalcogenide,MF_P4,LEARNED_ANION,property,N:2|O:1|Sb:1|Y:1,1
oxychalcogenide,MF_P4,LEARNED_ANION,property,N:2|O:1|Si:1|Zr:1,2
oxychalcogenide,MF_P4,LEARNED_ANION,property,N:2|O:1|Sr:1|W:1,1
oxychalcogenide,MF_P4,LEARNED_ANION,property,N:2|O:1|Ti:1|Y:1,1
oxychalcogenide,MF_P4,LEARNED_ANION,property,N:2|O:1|W:1|Y:1,1
oxychalcogenide,MF_P4,LEARNED_ANION,property,N:2|O:1|Zn:1|Zr:1,1
oxychalcogenide,MF_P4,LEARNED_ANION,property,N:2|O:1|Zr:2,2
oxychalcogenide,MF_P4,LEARNED_ANION,property,N:2|S:1|Si:1|Zr:1,1
oxychalcogenide,MF_P4,LEARNED_ANION,property,N:2|S:1|W:1|Zr:1,1
oxychalcogenide,MF_P4,LEARNED_ANION,property,N:2|S:1|Zn:1|Zr:1,1
oxychalcogenide,MF_P4,LEARNED_ANION,property,N:3|Os:1|Re:1,1
oxychalcogenide,MF_P4,LEARNED_ANION,property,N:3|Os:1|Tl:1,1
oxychalcogenide,MF_P4,LEARNED_ANION,property,N:3|Os:1|Zn:1,1
oxychalcogenide,MF_P4,LEARNED_ANION,property,N:3|Pd:1|Si:1,1
oxychalcogenide,MF_P4,LEARNED_ANION,property,N:3|Rb:1|Sc:1,1
oxychalcogenide,MF_P4,LEARNED_ANION,property,N:3|Rb:1|Si:1,1
oxychalcogenide,MF_P4,LEARNED_ANION,property,N:3|Re:1|Zr:1,1
oxychalcogenide,MF_P4,LEARNED_ANION,property,N:3|Ru:1|Te:1,1
oxychalcogenide,MF_P4,LEARNED_ANION,property,N:3|Si:1|Zr:1,2
oxychalcogenide,MF_P4,LEARNED_ANION,property,Nb:1|O:3|Sr:1,1
oxychalcogenide,MF_P4,LEARNED_ANION,property,O:2|Re:1|S:1|Zr:1,1
oxychalcogenide,MF_P4,LEARNED_ANION,property,O:3|Rh:1|Sr:1,1
oxychalcogenide,MF_P4,LEARNED_ANION,property,O:3|Sr:1|W:1,1
oxyhalide,MF_P3,LEARNED_ANION,fixed_real,Cr:1|Cs:1|N:3,332
oxyhalide,MF_P3,LEARNED_ANION,fixed_real,Cr:1|N:3|Rb:1,5
oxyhalide,MF_P3,LEARNED_ANION,fixed_real,Cs:1|Fe:1|N:3,1
oxyhalide,MF_P3,LEARNED_ANION,fixed_real,Cs:1|N:3|Zr:1,21
oxyhalide,MF_P3,LEARNED_ANION,fixed_real,N:3|Rb:1|V:1,1
oxyhalide,MF_P3,LEARNED_ANION,joint,Ag:1|Hf:1|O:3,2
oxyhalide,MF_P3,LEARNED_ANION,joint,Ag:1|O:3|Ti:1,3
oxyhalide,MF_P3,LEARNED_ANION,joint,Al:1|Ga:1|O:3,21
oxyhalide,MF_P3,LEARNED_ANION,joint,Al:1|O:3|Zn:1,2
oxyhalide,MF_P3,LEARNED_ANION,joint,As:1|Co:1|O:3,2
oxyhalide,MF_P3,LEARNED_ANION,joint,As:1|Ge:1|O:3,13
oxyhalide,MF_P3,LEARNED_ANION,joint,As:1|Mn:1|O:3,24
oxyhalide,MF_P3,LEARNED_ANION,joint,As:1|Ni:1|O:3,13
oxyhalide,MF_P3,LEARNED_ANION,joint,Au:1|O:3|Ti:1,35
oxyhalide,MF_P3,LEARNED_ANION,joint,Ba:1|Ga:1|O:3,1
oxyhalide,MF_P3,LEARNED_ANION,joint,Ba:1|O:3|Sc:1,32
oxyhalide,MF_P3,LEARNED_ANION,joint,Co:1|O:3|Ru:1,2
oxyhalide,MF_P3,LEARNED_ANION,joint,Cu:1|Hf:1|O:3,35
oxyhalide,MF_P3,LEARNED_ANION,joint,Cu:1|Na:1|O:3,3
oxyhalide,MF_P3,LEARNED_ANION,joint,Cu:1|O:3|Si:1,6
oxyhalide,MF_P3,LEARNED_ANION,joint,Cu:1|O:3|Ti:1,1
oxyhalide,MF_P3,LEARNED_ANION,joint,Ga:1|Hf:1|O:3,36
oxyhalide,MF_P3,LEARNED_ANION,joint,Ga:1|O:3|Si:1,18
oxyhalide,MF_P3,LEARNED_ANION,joint,Hf:1|Hg:1|O:3,26
oxyhalide,MF_P3,LEARNED_ANION,joint,Hg:1|O:3|Ti:1,5
oxyhalide,MF_P3,LEARNED_ANION,joint,Hg:1|O:3|Zr:1,1
oxyhalide,MF_P3,LEARNED_ANION,joint,Mg:1|Na:1|O:3,2
oxyhalide,MF_P3,LEARNED_ANION,joint,Na:1|Ni:1|O:3,5
oxyhalide,MF_P3,LEARNED_ANION,joint,Na:1|O:3|Pd:1,2
oxyhalide,MF_P3,LEARNED_ANION,joint,Na:1|O:3|Pt:1,21
oxyhalide,MF_P3,LEARNED_ANION,joint,Na:1|O:3|Rh:1,1
oxyhalide,MF_P3,LEARNED_ANION,joint,Na:1|O:3|Sc:1,2
oxyhalide,MF_P3,LEARNED_ANION,joint,Ni:1|O:3|Ru:1,18
oxyhalide,MF_P3,LEARNED_ANION,joint,O:3|Sc:1|Sr:1,3
oxyhalide,MF_P3,LEARNED_ANION,joint,O:3|Si:1|Zn:1,25
oxyhalide,MF_P3,LEARNED_ANION,property,Ag:1|Ga:1|O:3,1
oxyhalide,MF_P3,LEARNED_ANION,property,Ag:1|In:1|N:3,1
oxyhalide,MF_P3,LEARNED_ANION,property,Ag:1|O:3|Zn:1,1
oxyhalide,MF_P3,LEARNED_ANION,property,Al:1|Ba:1|O:3,2
oxyhalide,MF_P3,LEARNED_ANION,property,Al:1|Ca:1|N:3,1
oxyhalide,MF_P3,LEARNED_ANION,property,Al:1|Ca:1|O:3,10
oxyhalide,MF_P3,LEARNED_ANION,property,Al:1|Co:1|O:3,1
oxyhalide,MF_P3,LEARNED_ANION,property,Al:1|K:1|O:3,1
oxyhalide,MF_P3,LEARNED_ANION,property,Al:1|La:1|O:3,6
oxyhalide,MF_P3,LEARNED_ANION,property,Al:1|Li:1|O:3,1
oxyhalide,MF_P3,LEARNED_ANION,property,Al:1|Mn:1|N:3,1
oxyhalide,MF_P3,LEARNED_ANION,property,Al:1|N:3|Na:1,1
oxyhalide,MF_P3,LEARNED_ANION,property,Al:1|N:3|Os:1,1
oxyhalide,MF_P3,LEARNED_ANION,property,Al:1|N:3|Rb:1,1
oxyhalide,MF_P3,LEARNED_ANION,property,Al:1|N:3|Ru:1,1
oxyhalide,MF_P3,LEARNED_ANION,property,Al:1|N:3|Sc:1,1
oxyhalide,MF_P3,LEARNED_ANION,property,Al:1|N:3|Ta:1,1
oxyhalide,MF_P3,LEARNED_ANION,property,Al:1|N:3|Te:1,2
oxyhalide,MF_P3,LEARNED_ANION,property,Al:1|N:3|Zn:1,1
oxyhalide,MF_P3,LEARNED_ANION,property,Al:1|O:3|Sr:1,1
oxyhalide,MF_P3,LEARNED_ANION,property,Al:1|O:3|V:1,1
oxyhalide,MF_P3,LEARNED_ANION,property,Al:1|O:3|Y:1,1
oxyhalide,MF_P3,LEARNED_ANION,property,As:1|Co:1|N:3,1
oxyhalide,MF_P3,LEARNED_ANION,property,As:1|Ge:1|N:3,2
oxyhalide,MF_P3,LEARNED_ANION,property,As:1|Hf:1|N:3,1
oxyhalide,MF_P3,LEARNED_ANION,property,As:1|In:1|N:3,1
oxyhalide,MF_P3,LEARNED_ANION,property,As:1|Mo:1|N:3,1
oxyhalide,MF_P3,LEARNED_ANION,property,As:1|N:3|Na:1,1
oxyhalide,MF_P3,LEARNED_ANION,property,As:1|N:3|Pt:1,1
oxyhalide,MF_P3,LEARNED_ANION,property,As:1|N:3|Rh:1,1
oxyhalide,MF_P3,LEARNED_ANION,property,As:1|N:3|Si:1,1
oxyhalide,MF_P3,LEARNED_ANION,property,As:1|N:3|Ta:1,1
oxyhalide,MF_P3,LEARNED_ANION,property,As:1|N:3|Zr:1,1
oxyhalide,MF_P3,LEARNED_ANION,property,As:1|O:3|Os:1,1
oxyhalide,MF_P3,LEARNED_ANION,property,B:1|Cr:1|N:3,1
oxyhalide,MF_P3,LEARNED_ANION,property,B:1|Mg:1|N:3,1
oxyhalide,MF_P3,LEARNED_ANION,property,B:1|N:3|Ta:1,1
oxyhalide,MF_P3,LEARNED_ANION,property,B:1|N:3|Ti:1,1
oxyhalide,MF_P3,LEARNED_ANION,property,B:1|N:3|Zn:1,1
oxyhalide,MF_P3,LEARNED_ANION,property,Ba:1|Be:1|N:3,1
oxyhalide,MF_P3,LEARNED_ANION,property,Ba:1|Be:1|O:3,1
oxyhalide,MF_P3,LEARNED_ANION,property,Ba:1|Ga:1|O:3,2
oxyhalide,MF_P3,LEARNED_ANION,property,Ba:1|Hf:1|O:3,2
oxyhalide,MF_P3,LEARNED_ANION,property,Ba:1|In:1|O:3,1
oxyhalide,MF_P3,LEARNED_ANION,property,Ba:1|Mg:1|O:3,1
oxyhalide,MF_P3,LEARNED_ANION,property,Ba:1|N:3|Os:1,1
oxyhalide,MF_P3,LEARNED_ANION,property,Ba:1|N:3|Ru:1,2
oxyhalide,MF_P3,LEARNED_ANION,property,Ba:1|N:3|Si:1,2
oxyhalide,MF_P3,LEARNED_ANION,property,Ba:1|N:3|Ta:1,1
oxyhalide,MF_P3,LEARNED_ANION,property,Ba:1|N:3|W:1,1
oxyhalide,MF_P3,LEARNED_ANION,property,Ba:1|O:3|Sc:1,1
oxyhalide,MF_P3,LEARNED_ANION,property,Ba:1|O:3|Sn:1,1
oxyhalide,MF_P3,LEARNED_ANION,property,Ba:1|O:3|Ti:1,1
oxyhalide,MF_P3,LEARNED_ANION,property,Ba:1|O:3|Y:1,1
oxyhalide,MF_P3,LEARNED_ANION,property,Ba:1|O:3|Zr:1,4
oxyhalide,MF_P3,LEARNED_ANION,property,Ba:2|O:3,1
oxyhalide,MF_P3,LEARNED_ANION,property,Be:1|Cd:1|N:3,1
oxyhalide,MF_P3,LEARNED_ANION,property,Be:1|Hg:1|N:3,1
oxyhalide,MF_P3,LEARNED_ANION,property,Be:1|N:3|Na:1,1
oxyhalide,MF_P3,LEARNED_ANION,property,Be:1|N:3|Pb:1,1
oxyhalide,MF_P3,LEARNED_ANION,property,Be:1|N:3|Ru:1,1
oxyhalide,MF_P3,LEARNED_ANION,property,Be:1|N:3|Ta:1,1
oxyhalide,MF_P3,LEARNED_ANION,property,Be:1|N:3|W:1,1
oxyhalide,MF_P3,LEARNED_ANION,property,Be:1|N:3|Zn:1,1
oxyhalide,MF_P3,LEARNED_ANION,property,Be:1|Na:1|O:3,1
oxyhalide,MF_P3,LEARNED_ANION,property,Bi:1|Co:1|N:3,1
oxyhalide,MF_P3,LEARNED_ANION,property,Bi:1|Hf:1|N:3,1
oxyhalide,MF_P3,LEARNED_ANION,property,Bi:1|Mn:1|N:3,1
oxyhalide,MF_P3,LEARNED_ANION,property,Bi:1|N:3|Ni:1,1
oxyhalide,MF_P3,LEARNED_ANION,property,Bi:1|N:3|Rh:1,1
oxyhalide,MF_P3,LEARNED_ANION,property,Bi:1|O:3|Sc:1,1
oxyhalide,MF_P3,LEARNED_ANION,property,Ca:1|Cr:1|O:3,1
oxyhalide,MF_P3,LEARNED_ANION,property,Ca:1|Ga:1|O:3,7
oxyhalide,MF_P3,LEARNED_ANION,property,Ca:1|Ge:1|N:3,1
oxyhalide,MF_P3,LEARNED_ANION,property,Ca:1|Ge:1|O:3,1
oxyhalide,MF_P3,LEARNED_ANION,property,Ca:1|Hf:1|O:3,2
oxyhalide,MF_P3,LEARNED_ANION,property,Ca:1|In:1|O:3,1
oxyhalide,MF_P3,LEARNED_ANION,property,Ca:1|La:1|O:3,1
oxyhalide,MF_P3,LEARNED_ANION,property,Ca:1|Li:1|O:3,1
oxyhalide,MF_P3,LEARNED_ANION,property,Ca:1|N:3|Os:1,1
oxyhalide,MF_P3,LEARNED_ANION,property,Ca:1|N:3|W:1,1
oxyhalide,MF_P3,LEARNED_ANION,property,Ca:1|O:3|Re:1,1
oxyhalide,MF_P3,LEARNED_ANION,property,Ca:1|O:3|Sc:1,4
oxyhalide,MF_P3,LEARNED_ANION,property,Ca:1|O:3|Si:1,1
oxyhalide,MF_P3,LEARNED_ANION,property,Ca:1|O:3|Sn:1,1
oxyhalide,MF_P3,LEARNED_ANION,property,Ca:1|O:3|Ta:1,2
oxyhalide,MF_P3,LEARNED_ANION,property,Ca:1|O:3|Ti:1,1
oxyhalide,MF_P3,LEARNED_ANION,property,Ca:1|O:3|Zn:1,2
oxyhalide,MF_P3,LEARNED_ANION,property,Ca:1|O:3|Zr:1,4
oxyhalide,MF_P3,LEARNED_ANION,property,Cd:1|Li:1|N:3,1
oxyhalide,MF_P3,LEARNED_ANION,property,Cd:1|Li:1|O:3,2
oxyhalide,MF_P3,LEARNED_ANION,property,Cd:1|N:3|Re:1,1
oxyhalide,MF_P3,LEARNED_ANION,property,Cd:1|N:3|Sb:1,1
oxyhalide,MF_P3,LEARNED_ANION,property,Cd:1|N:3|Sn:1,1
oxyhalide,MF_P3,LEARNED_ANION,property,Cd:1|N:3|Te:1,1
oxyhalide,MF_P3,LEARNED_ANION,property,Cd:1|N:3|Tl:1,1
oxyhalide,MF_P3,LEARNED_ANION,property,Cd:1|O:3|Re:1,1
oxyhalide,MF_P3,LEARNED_ANION,property,Cd:1|O:3|Sc:1,1
oxyhalide,MF_P3,LEARNED_ANION,property,Cd:1|O:3|V:1,1
oxyhalide,MF_P3,LEARNED_ANION,property,Cd:1|O:3|W:1,2
oxyhalide,MF_P3,LEARNED_ANION,property,Co:1|Ga:1|O:3,1
oxyhalide,MF_P3,LEARNED_ANION,property,Co:1|N:3|Ni:1,1
oxyhalide,MF_P3,LEARNED_ANION,property,Co:1|N:3|Sb:1,2
oxyhalide,MF_P3,LEARNED_ANION,property,Co:1|N:3|Sc:1,1
oxyhalide,MF_P3,LEARNED_ANION,property,Cr:1|Fe:1|N:3,1
oxyhalide,MF_P3,LEARNED_ANION,property,Cr:1|Li:1|N:3,1
oxyhalide,MF_P3,LEARNED_ANION,property,Cr:1|N:3|Si:1,1
oxyhalide,MF_P3,LEARNED_ANION,property,Cs:1|Ge:1|O:3,1
oxyhalide,MF_P3,LEARNED_ANION,property,Cs:1|K:1|N:3,1
oxyhalide,MF_P3,LEARNED_ANION,property,Cs:1|N:3|Os:1,1
oxyhalide,MF_P3,LEARNED_ANION,property,Cs:1|N:3|Ru:1,1
oxyhalide,MF_P3,LEARNED_ANION,property,Cs:1|N:3|Sn:1,1
oxyhalide,MF_P3,LEARNED_ANION,property,Cs:1|N:3|Ti:1,1
oxyhalide,MF_P3,LEARNED_ANION,property,Cs:1|O:3|Ta:1,2
oxyhalide,MF_P3,LEARNED_ANION,property,Cu:1|Hf:1|N:3,2
oxyhalide,MF_P3,LEARNED_ANION,property,Cu:1|Ir:1|N:3,1
oxyhalide,MF_P3,LEARNED_ANION,property,Cu:1|Li:1|N:3,1
oxyhalide,MF_P3,LEARNED_ANION,property,Cu:1|Mg:1|N:3,1
oxyhalide,MF_P3,LEARNED_ANION,property,Cu:1|N:3|Pb:1,1
oxyhalide,MF_P3,LEARNED_ANION,property,Cu:1|N:3|Ru:1,1
oxyhalide,MF_P3,LEARNED_ANION,property,Cu:1|N:3|Tl:1,1
oxyhalide,MF_P3,LEARNED_ANION,property,Cu:1|N:3|V:1,1
oxyhalide,MF_P3,LEARNED_ANION,property,Cu:1|N:3|Zn:1,1
oxyhalide,MF_P3,LEARNED_ANION,property,Fe:1|Ge:1|N:3,1
oxyhalide,MF_P3,LEARNED_ANION,property,Fe:1|Ir:1|N:3,1
oxyhalide,MF_P3,LEARNED_ANION,property,Fe:1|Ir:1|O:3,1
oxyhalide,MF_P3,LEARNED_ANION,property,Fe:1|N:3|Na:1,1
oxyhalide,MF_P3,LEARNED_ANION,property,Fe:1|N:3|Ni:1,1
oxyhalide,MF_P3,LEARNED_ANION,property,Ga:1|Ge:1|N:3,1
oxyhalide,MF_P3,LEARNED_ANION,property,Ga:1|Hf:1|N:3,1
oxyhalide,MF_P3,LEARNED_ANION,property,Ga:1|In:1|O:3,1
oxyhalide,MF_P3,LEARNED_ANION,property,Ga:1|Ir:1|N:3,1
oxyhalide,MF_P3,LEARNED_ANION,property,Ga:1|K:1|O:3,2
oxyhalide,MF_P3,LEARNED_ANION,property,Ga:1|La:1|O:3,2
oxyhalide,MF_P3,LEARNED_ANION,property,Ga:1|Li:1|N:3,2
oxyhalide,MF_P3,LEARNED_ANION,property,Ga:1|Li:1|O:3,4
oxyhalide,MF_P3,LEARNED_ANION,property,Ga:1|N:3|Ni:1,1
oxyhalide,MF_P3,LEARNED_ANION,property,Ga:1|N:3|Sb:1,1
oxyhalide,MF_P3,LEARNED_ANION,property,Ga:1|N:3|Si:1,1
oxyhalide,MF_P3,LEARNED_ANION,property,Ga:1|N:3|Tl:1,1
oxyhalide,MF_P3,LEARNED_ANION,property,Ga:1|Na:1|O:3,1
oxyhalide,MF_P3,LEARNED_ANION,property,Ga:1|O:3|Ta:1,1
oxyhalide,MF_P3,LEARNED_ANION,property,Ga:1|O:3|Ti:1,1
oxyhalide,MF_P3,LEARNED_ANION,property,Ga:1|O:3|Y:1,1
oxyhalide,MF_P3,LEARNED_ANION,property,Ge:1|Hf:1|N:3,1
oxyhalide,MF_P3,LEARNED_ANION,property,Ge:1|In:1|N:3,2
oxyhalide,MF_P3,LEARNED_ANION,property,Ge:1|La:1|O:3,3
oxyhalide,MF_P3,LEARNED_ANION,property,Ge:1|Li:1|N:3,1
oxyhalide,MF_P3,LEARNED_ANION,property,Ge:1|Li:1|O:3,1
oxyhalide,MF_P3,LEARNED_ANION,property,Ge:1|Mn:1|N:3,1
oxyhalide,MF_P3,LEARNED_ANION,property,Ge:1|N:3|Nb:1,1
oxyhalide,MF_P3,LEARNED_ANION,property,Ge:1|N:3|Ru:1,1
oxyhalide,MF_P3,LEARNED_ANION,property,Ge:1|N:3|Zn:1,1
oxyhalide,MF_P3,LEARNED_ANION,property,Ge:1|Na:1|O:3,2
oxyhalide,MF_P3,LEARNED_ANION,property,Hf:1|Ir:1|N:3,1
oxyhalide,MF_P3,LEARNED_ANION,property,Hf:1|La:1|O:3,1
oxyhalide,MF_P3,LEARNED_ANION,property,Hf:1|Li:1|O:3,2
oxyhalide,MF_P3,LEARNED_ANION,property,Hf:1|Mo:1|O:3,1
oxyhalide,MF_P3,LEARNED_ANION,property,Hf:1|N:3|Os:1,1
oxyhalide,MF_P3,LEARNED_ANION,property,Hf:1|N:3|Ru:1,1
oxyhalide,MF_P3,LEARNED_ANION,property,Hf:1|N:3|W:1,1
oxyhalide,MF_P3,LEARNED_ANION,property,Hf:1|O:3|Sr:1,2
oxyhalide,MF_P3,LEARNED_ANION,property,Hf:2|O:3,1
oxyhalide,MF_P3,LEARNED_ANION,property,Hg:1|In:1|N:3,1
oxyhalide,MF_P3,LEARNED_ANION,property,Hg:1|Mg:1|N:3,1
oxyhalide,MF_P3,LEARNED_ANION,property,Hg:1|N:3|Re:1,1
oxyhalide,MF_P3,LEARNED_ANION,property,Hg:1|N:3|Ru:1,1
oxyhalide,MF_P3,LEARNED_ANION,property,Hg:1|O:3|Ru:1,1
oxyhalide,MF_P3,LEARNED_ANION,property,In:1|Li:1|O:3,2
oxyhalide,MF_P3,LEARNED_ANION,property,In:1|Mg:1|N:3,1
oxyhalide,MF_P3,LEARNED_ANION,property,In:1|Mg:1|O:3,1
oxyhalide,MF_P3,LEARNED_ANION,property,In:1|N:3|Os:1,1
oxyhalide,MF_P3,LEARNED_ANION,property,In:1|N:3|Si:1,1
oxyhalide,MF_P3,LEARNED_ANION,property,In:1|N:3|Sr:1,1
oxyhalide,MF_P3,LEARNED_ANION,property,In:1|N:3|Y:1,1
oxyhalide,MF_P3,LEARNED_ANION,property,In:1|O:3|Sn:1,1
oxyhalide,MF_P3,LEARNED_ANION,property,In:1|O:3|Sr:1,2
oxyhalide,MF_P3,LEARNED_ANION,property,In:1|O:3|V:1,1
oxyhalide,MF_P3,LEARNED_ANION,property,In:1|O:3|Y:1,1
oxyhalide,MF_P3,LEARNED_ANION,property,Ir:1|N:3|Na:1,1
oxyhalide,MF_P3,LEARNED_ANION,property,Ir:1|N:3|Os:1,1
oxyhalide,MF_P3,LEARNED_ANION,property,Ir:1|N:3|Te:1,1
oxyhalide,MF_P3,LEARNED_ANION,property,Ir:1|N:3|Tl:1,1
oxyhalide,MF_P3,LEARNED_ANION,property,K:1|Mo:1|O:3,1
oxyhalide,MF_P3,LEARNED_ANION,property,K:1|N:3|Ru:1,1
oxyhalide,MF_P3,LEARNED_ANION,property,K:1|N:3|Sc:1,1
oxyhalide,MF_P3,LEARNED_ANION,property,K:1|N:3|Sn:1,1
oxyhalide,MF_P3,LEARNED_ANION,property,K:1|N:3|Y:1,1
oxyhalide,MF_P3,LEARNED_ANION,property,K:1|Nb:1|O:3,2
oxyhalide,MF_P3,LEARNED_ANION,property,K:1|O:3|Sn:1,1
oxyhalide,MF_P3,LEARNED_ANION,property,K:1|O:3|Ta:1,3
oxyhalide,MF_P3,LEARNED_ANION,property,La:1|Li:1|N:3,1
oxyhalide,MF_P3,LEARNED_ANION,property,La:1|Mg:1|O:3,2
oxyhalide,MF_P3,LEARNED_ANION,property,La:1|Mo:1|O:3,1
oxyhalide,MF_P3,LEARNED_ANION,property,La:1|N:3|Ni:1,1
oxyhalide,MF_P3,LEARNED_ANION,property,La:1|Nb:1|O:3,2
oxyhalide,MF_P3,LEARNED_ANION,property,La:1|O:3|Sc:1,1
oxyhalide,MF_P3,LEARNED_ANION,property,La:1|O:3|Sr:1,1
oxyhalide,MF_P3,LEARNED_ANION,property,La:1|O:3|Ta:1,2
oxyhalide,MF_P3,LEARNED_ANION,property,La:1|O:3|Ti:1,1
oxyhalide,MF_P3,LEARNED_ANION,property,La:1|O:3|Tl:1,1
oxyhalide,MF_P3,LEARNED_ANION,property,La:1|O:3|V:1,2
oxyhalide,MF_P3,LEARNED_ANION,property,La:1|O:3|Zr:1,1
oxyhalide,MF_P3,LEARNED_ANION,property,La:2|N:3,1
oxyhalide,MF_P3,LEARNED_ANION,property,Li:1|N:3|Rh:1,1
oxyhalide,MF_P3,LEARNED_ANION,property,Li:1|N:3|Si:1,1
oxyhalide,MF_P3,LEARNED_ANION,property,Li:1|N:3|Ti:1,1
oxyhalide,MF_P3,LEARNED_ANION,property,Li:1|O:3|Si:1,1
oxyhalide,MF_P3,LEARNED_ANION,property,Li:1|O:3|Ti:1,1
oxyhalide,MF_P3,LEARNED_ANION,property,Li:1|O:3|Zr:1,4
oxyhalide,MF_P3,LEARNED_ANION,property,Mg:1|N:3|Os:1,1
oxyhalide,MF_P3,LEARNED_ANION,property,Mg:1|N:3|Pd:1,1
oxyhalide,MF_P3,LEARNED_ANION,property,Mg:1|N:3|Re:1,1
oxyhalide,MF_P3,LEARNED_ANION,property,Mg:1|N:3|Sn:1,1
oxyhalide,MF_P3,LEARNED_ANION,property,Mg:1|N:3|Tl:1,1
oxyhalide,MF_P3,LEARNED_ANION,property,Mg:1|Nb:1|O:3,1
oxyhalide,MF_P3,LEARNED_ANION,property,Mg:1|O:3|W:1,1
oxyhalide,MF_P3,LEARNED_ANION,property,Mn:1|N:3|Os:1,1
oxyhalide,MF_P3,LEARNED_ANION,property,Mn:1|O:3|Sn:1,1
oxyhalide,MF_P3,LEARNED_ANION,property,Mo:1|N:3|Sc:1,1
oxyhalide,MF_P3,LEARNED_ANION,property,N:3|Na:1|Ni:1,2
oxyhalide,MF_P3,LEARNED_ANION,property,N:3|Nb:1|W:1,1
oxyhalide,MF_P3,LEARNED_ANION,property,N:3|Nb:1|Y:1,1
oxyhalide,MF_P3,LEARNED_ANION,property,N:3|Nb:1|Zn:1,1
oxyhalide,MF_P3,LEARNED_ANION,property,N:3|Nb:1|Zr:1,1
oxyhalide,MF_P3,LEARNED_ANION,property,N:3|Ni:1|Os:1,1
oxyhalide,MF_P3,LEARNED_ANION,property,N:3|Ni:1|Pd:1,1
oxyhalide,MF_P3,LEARNED_ANION,property,N:3|Ni:1|Si:1,1
oxyhalide,MF_P3,LEARNED_ANION,property,N:3|Ni:1|Sr:1,2
oxyhalide,MF_P3,LEARNED_ANION,property,N:3|Ni:1|Ta:1,1
oxyhalide,MF_P3,LEARNED_ANION,property,N:3|Ni:1|Zn:1,1
oxyhalide,MF_P3,LEARNED_ANION,property,N:3|Os:1|Pt:1,1
oxyhalide,MF_P3,LEARNED_ANION,property,N:3|Os:1|Rb:1,1
oxyhalide,MF_P3,LEARNED_ANION,property,N:3|Os:1|Ti:1,1
oxyhalide,MF_P3,LEARNED_ANION,property,N:3|Os:1|Y:1,1
oxyhalide,MF_P3,LEARNED_ANION,property,N:3|Os:1|Zn:1,1
oxyhalide,MF_P3,LEARNED_ANION,property,N:3|Os:1|Zr:1,1
oxyhalide,MF_P3,LEARNED_ANION,property,N:3|Pb:2,1
oxyhalide,MF_P3,LEARNED_ANION,property,N:3|Pd:1|Rh:1,1
oxyhalide,MF_P3,LEARNED_ANION,property,N:3|Pt:1|Si:1,1
oxyhalide,MF_P3,LEARNED_ANION,property,N:3|Pt:1|Ta:1,1
oxyhalide,MF_P3,LEARNED_ANION,property,N:3|Pt:1|Zn:1,1
oxyhalide,MF_P3,LEARNED_ANION,property,N:3|Rb:1|Ru:1,2
oxyhalide,MF_P3,LEARNED_ANION,property,N:3|Re:1|Sb:1,1
oxyhalide,MF_P3,LEARNED_ANION,property,N:3|Re:1|Sn:1,1
oxyhalide,MF_P3,LEARNED_ANION,property,N:3|Re:1|V:1,1
oxyhalide,MF_P3,LEARNED_ANION,property,N:3|Re:1|Zn:1,1
oxyhalide,MF_P3,LEARNED_ANION,property,N:3|Rh:1|Sb:1,1
oxyhalide,MF_P3,LEARNED_ANION,property,N:3|Ru:1|Sr:1,1
oxyhalide,MF_P3,LEARNED_ANION,property,N:3|Ru:1|Tl:1,1
oxyhalide,MF_P3,LEARNED_ANION,property,N:3|Ru:1|V:1,1
oxyhalide,MF_P3,LEARNED_ANION,property,N:3|Sb:1|Sc:1,1
oxyhalide,MF_P3,LEARNED_ANION,property,N:3|Sb:1|Si:1,1
oxyhalide,MF_P3,LEARNED_ANION,property,N:3|Sb:1|Sr:1,1
oxyhalide,MF_P3,LEARNED_ANION,property,N:3|Sb:1|Te:1,1
oxyhalide,MF_P3,LEARNED_ANION,property,N:3|Sb:1|Zn:1,1
oxyhalide,MF_P3,LEARNED_ANION,property,N:3|Sb:1|Zr:1,1
oxyhalide,MF_P3,LEARNED_ANION,property,N:3|Si:1|Ti:1,1
oxyhalide,MF_P3,LEARNED_ANION,property,N:3|Si:1|Y:1,1
oxyhalide,MF_P3,LEARNED_ANION,property,N:3|Si:1|Zr:1,1
oxyhalide,MF_P3,LEARNED_ANION,property,N:3|Ti:1|V:1,1
oxyhalide,MF_P3,LEARNED_ANION,property,N:3|Tl:1|V:1,1
oxyhalide,MF_P3,LEARNED_ANION,property,N:3|Tl:1|Y:1,1
oxyhalide,MF_P3,LEARNED_ANION,property,Na:1|O:3|Ta:1,6
oxyhalide,MF_P3,LEARNED_ANION,property,Na:1|O:3|Ti:1,1
oxyhalide,MF_P3,LEARNED_ANION,property,Na:1|O:3|Zn:1,1
oxyhalide,MF_P3,LEARNED_ANION,property,Nb:1|O:3|Rb:1,2
oxyhalide,MF_P3,LEARNED_ANION,property,Ni:1|O:3|Zr:1,1
oxyhalide,MF_P3,LEARNED_ANION,property,O:3|Rb:1|Ti:1,1
oxyhalide,MF_P3,LEARNED_ANION,property,O:3|Sc:1|Sr:1,3
oxyhalide,MF_P3,LEARNED_ANION,property,O:3|Si:1|Sr:1,2
oxyhalide,MF_P3,LEARNED_ANION,property,O:3|Si:1|Zr:1,1
oxyhalide,MF_P3,LEARNED_ANION,property,O:3|Sr:1|V:1,2
oxyhalide,MF_P3,LEARNED_ANION,property,O:3|Sr:1|Zr:1,2
oxyhalide,MF_P3,LEARNED_ANION,property,O:3|Te:1|Y:1,1
oxyhalide,MF_P3,LEARNED_ANION,property,O:3|Tl:1|Zr:1,1
oxyhalide,MF_P3,LEARNED_ANION,property,O:3|V:1|Zn:1,1
oxyhalide,MF_P3,LEARNED_ANION,property,O:3|Zr:2,1
oxyhalide,MF_P4,LEARNED_ANION,fixed_real,Cr:1|Cs:1|N:3,332
oxyhalide,MF_P4,LEARNED_ANION,fixed_real,Cr:1|N:3|Rb:1,5
oxyhalide,MF_P4,LEARNED_ANION,fixed_real,Cs:1|Fe:1|N:3,1
oxyhalide,MF_P4,LEARNED_ANION,fixed_real,Cs:1|N:3|Zr:1,21
oxyhalide,MF_P4,LEARNED_ANION,fixed_real,N:3|Rb:1|V:1,1
oxyhalide,MF_P4,LEARNED_ANION,joint,Ag:1|F:1|Hf:1|O:2,2
oxyhalide,MF_P4,LEARNED_ANION,joint,Ag:1|F:1|O:2|Ti:1,3
oxyhalide,MF_P4,LEARNED_ANION,joint,Al:1|F:1|Ga:1|O:2,21
oxyhalide,MF_P4,LEARNED_ANION,joint,Al:1|F:1|O:2|Zn:1,2
oxyhalide,MF_P4,LEARNED_ANION,joint,As:1|Co:1|F:1|O:2,2
oxyhalide,MF_P4,LEARNED_ANION,joint,As:1|F:1|Ge:1|O:2,13
oxyhalide,MF_P4,LEARNED_ANION,joint,As:1|F:1|Mn:1|O:2,24
oxyhalide,MF_P4,LEARNED_ANION,joint,As:1|F:1|Ni:1|O:2,13
oxyhalide,MF_P4,LEARNED_ANION,joint,Au:1|F:1|N:1|O:1|Ti:1,1
oxyhalide,MF_P4,LEARNED_ANION,joint,Au:1|F:1|O:2|Ti:1,34
oxyhalide,MF_P4,LEARNED_ANION,joint,Ba:1|F:1|Ga:1|O:2,1
oxyhalide,MF_P4,LEARNED_ANION,joint,Ba:1|F:1|O:2|Sc:1,32
oxyhalide,MF_P4,LEARNED_ANION,joint,Co:1|F:1|O:2|Ru:1,2
oxyhalide,MF_P4,LEARNED_ANION,joint,Cu:1|F:1|Hf:1|O:2,35
oxyhalide,MF_P4,LEARNED_ANION,joint,Cu:1|F:1|Na:1|O:2,3
oxyhalide,MF_P4,LEARNED_ANION,joint,Cu:1|F:1|O:2|Si:1,6
oxyhalide,MF_P4,LEARNED_ANION,joint,Cu:1|F:1|O:2|Ti:1,1
oxyhalide,MF_P4,LEARNED_ANION,joint,F:1|Ga:1|Hf:1|O:2,36
oxyhalide,MF_P4,LEARNED_ANION,joint,F:1|Ga:1|O:2|Si:1,18
oxyhalide,MF_P4,LEARNED_ANION,joint,F:1|Hf:1|Hg:1|O:2,26
oxyhalide,MF_P4,LEARNED_ANION,joint,F:1|Hg:1|O:2|Ti:1,5
oxyhalide,MF_P4,LEARNED_ANION,joint,F:1|Hg:1|O:2|Zr:1,1
oxyhalide,MF_P4,LEARNED_ANION,joint,F:1|Mg:1|Na:1|O:2,2
oxyhalide,MF_P4,LEARNED_ANION,joint,F:1|Na:1|Ni:1|O:2,5
oxyhalide,MF_P4,LEARNED_ANION,joint,F:1|Na:1|O:2|Pd:1,2
oxyhalide,MF_P4,LEARNED_ANION,joint,F:1|Na:1|O:2|Pt:1,21
oxyhalide,MF_P4,LEARNED_ANION,joint,F:1|Na:1|O:2|Rh:1,1
oxyhalide,MF_P4,LEARNED_ANION,joint,F:1|Na:1|O:2|Sc:1,2
oxyhalide,MF_P4,LEARNED_ANION,joint,F:1|Ni:1|O:2|Ru:1,18
oxyhalide,MF_P4,LEARNED_ANION,joint,F:1|O:2|Sc:1|Sr:1,3
oxyhalide,MF_P4,LEARNED_ANION,joint,F:1|O:2|Si:1|Zn:1,25
oxyhalide,MF_P4,LEARNED_ANION,property,Ag:1|Ga:1|O:3,1
oxyhalide,MF_P4,LEARNED_ANION,property,Ag:1|In:1|N:2|O:1,1
oxyhalide,MF_P4,LEARNED_ANION,property,Ag:1|O:3|Zn:1,1
oxyhalide,MF_P4,LEARNED_ANION,property,Al:1|Ba:1|F:1|O:2,1
oxyhalide,MF_P4,LEARNED_ANION,property,Al:1|Ba:1|O:3,1
oxyhalide,MF_P4,LEARNED_ANION,property,Al:1|Ca:1|F:1|O:2,3
oxyhalide,MF_P4,LEARNED_ANION,property,Al:1|Ca:1|N:1|O:2,1
oxyhalide,MF_P4,LEARNED_ANION,property,Al:1|Ca:1|O:3,7
oxyhalide,MF_P4,LEARNED_ANION,property,Al:1|Co:1|F:1|O:2,1
oxyhalide,MF_P4,LEARNED_ANION,property,Al:1|F:1|La:1|O:2,2
oxyhalide,MF_P4,LEARNED_ANION,property,Al:1|F:1|N:1|Na:1|S:1,1
oxyhalide,MF_P4,LEARNED_ANION,property,Al:1|F:1|O:2|V:1,1
oxyhalide,MF_P4,LEARNED_ANION,property,Al:1|K:1|O:3,1
oxyhalide,MF_P4,LEARNED_ANION,property,Al:1|La:1|N:1|O:2,1
oxyhalide,MF_P4,LEARNED_ANION,property,Al:1|La:1|O:3,3
oxyhalide,MF_P4,LEARNED_ANION,property,Al:1|Li:1|O:3,1
oxyhalide,MF_P4,LEARNED_ANION,property,Al:1|Mn:1|N:3,1
oxyhalide,MF_P4,LEARNED_ANION,property,Al:1|N:1|O:2|Sr:1,1
oxyhalide,MF_P4,LEARNED_ANION,property,Al:1|N:2|O:1|Sc:1,1
oxyhalide,MF_P4,LEARNED_ANION,property,Al:1|N:2|O:1|Ta:1,1
oxyhalide,MF_P4,LEARNED_ANION,property,Al:1|N:2|O:1|Te:1,1
oxyhalide,MF_P4,LEARNED_ANION,property,Al:1|N:3|Os:1,1
oxyhalide,MF_P4,LEARNED_ANION,property,Al:1|N:3|Rb:1,1
oxyhalide,MF_P4,LEARNED_ANION,property,Al:1|N:3|Ru:1,1
oxyhalide,MF_P4,LEARNED_ANION,property,Al:1|N:3|Te:1,1
oxyhalide,MF_P4,LEARNED_ANION,property,Al:1|N:3|Zn:1,1
oxyhalide,MF_P4,LEARNED_ANION,property,Al:1|O:3|Y:1,1
oxyhalide,MF_P4,LEARNED_ANION,property,As:1|Co:1|N:3,1
oxyhalide,MF_P4,LEARNED_ANION,property,As:1|Ge:1|N:2|O:1,1
oxyhalide,MF_P4,LEARNED_ANION,property,As:1|Ge:1|N:3,1
oxyhalide,MF_P4,LEARNED_ANION,property,As:1|Hf:1|N:2|O:1,1
oxyhalide,MF_P4,LEARNED_ANION,property,As:1|In:1|N:1|O:1|S:1,1
oxyhalide,MF_P4,LEARNED_ANION,property,As:1|Mo:1|N:3,1
oxyhalide,MF_P4,LEARNED_ANION,property,As:1|N:1|O:1|S:1|Si:1,1
oxyhalide,MF_P4,LEARNED_ANION,property,As:1|N:2|Na:1|O:1,1
oxyhalide,MF_P4,LEARNED_ANION,property,As:1|N:2|O:1|Pt:1,1
oxyhalide,MF_P4,LEARNED_ANION,property,As:1|N:2|O:1|Zr:1,1
oxyhalide,MF_P4,LEARNED_ANION,property,As:1|N:2|Os:1|S:1,1
oxyhalide,MF_P4,LEARNED_ANION,property,As:1|N:3|Rh:1,1
oxyhalide,MF_P4,LEARNED_ANION,property,As:1|N:3|Ta:1,1
oxyhalide,MF_P4,LEARNED_ANION,property,B:1|Cr:1|N:3,1
oxyhalide,MF_P4,LEARNED_ANION,property,B:1|F:1|N:2|Ta:1,1
oxyhalide,MF_P4,LEARNED_ANION,property,B:1|Mg:1|N:2|O:1,1
oxyhalide,MF_P4,LEARNED_ANION,property,B:1|N:2|O:1|Zn:1,1
oxyhalide,MF_P4,LEARNED_ANION,property,B:1|N:3|Ti:1,1
oxyhalide,MF_P4,LEARNED_ANION,property,Ba:1|Be:1|F:1|O:2,1
oxyhalide,MF_P4,LEARNED_ANION,property,Ba:1|Be:1|N:2|O:1,1
oxyhalide,MF_P4,LEARNED_ANION,property,Ba:1|F:1|Ga:1|O:2,2
oxyhalide,MF_P4,LEARNED_ANION,property,Ba:1|F:1|Hf:1|N:1|O:1,1
oxyhalide,MF_P4,LEARNED_ANION,property,Ba:1|F:1|In:1|O:2,1
oxyhalide,MF_P4,LEARNED_ANION,property,Ba:1|F:1|N:1|O:1|Y:1,1
oxyhalide,MF_P4,LEARNED_ANION,property,Ba:1|F:1|N:1|O:1|Zr:1,2
oxyhalide,MF_P4,LEARNED_ANION,property,Ba:1|F:1|O:2|Sn:1,1
oxyhalide,MF_P4,LEARNED_ANION,property,Ba:1|F:1|O:2|Ti:1,1
oxyhalide,MF_P4,LEARNED_ANION,property,Ba:1|Hf:1|N:1|O:2,1
oxyhalide,MF_P4,LEARNED_ANION,property,Ba:1|Mg:1|N:1|O:2,1
oxyhalide,MF_P4,LEARNED_ANION,property,Ba:1|N:1|O:2|Ta:1,1
oxyhalide,MF_P4,LEARNED_ANION,property,Ba:1|N:1|O:2|W:1,1
oxyhalide,MF_P4,LEARNED_ANION,property,Ba:1|N:2|O:1|Ru:1,1
oxyhalide,MF_P4,LEARNED_ANION,property,Ba:1|N:2|O:1|Si:1,1
oxyhalide,MF_P4,LEARNED_ANION,property,Ba:1|N:3|Os:1,1
oxyhalide,MF_P4,LEARNED_ANION,property,Ba:1|N:3|Ru:1,1
oxyhalide,MF_P4,LEARNED_ANION,property,Ba:1|O:3|Sc:1,1
oxyhalide,MF_P4,LEARNED_ANION,property,Ba:1|O:3|Si:1,1
oxyhalide,MF_P4,LEARNED_ANION,property,Ba:1|O:3|Zr:1,2
oxyhalide,MF_P4,LEARNED_ANION,property,Ba:2|N:2|S:1,1
oxyhalide,MF_P4,LEARNED_ANION,property,Be:1|Cd:1|N:2|O:1,1
oxyhalide,MF_P4,LEARNED_ANION,property,Be:1|F:1|Na:1|O:1|S:1,1
oxyhalide,MF_P4,LEARNED_ANION,property,Be:1|Hg:1|N:2|S:1,1
oxyhalide,MF_P4,LEARNED_ANION,property,Be:1|N:2|O:1|Ru:1,1
oxyhalide,MF_P4,LEARNED_ANION,property,Be:1|N:3|Na:1,1
oxyhalide,MF_P4,LEARNED_ANION,property,Be:1|N:3|Pb:1,1
oxyhalide,MF_P4,LEARNED_ANION,property,Be:1|N:3|Ta:1,1
oxyhalide,MF_P4,LEARNED_ANION,property,Be:1|N:3|W:1,1
oxyhalide,MF_P4,LEARNED_ANION,property,Be:1|N:3|Zn:1,1
oxyhalide,MF_P4,LEARNED_ANION,property,Bi:1|Co:1|N:1|O:2,1
oxyhalide,MF_P4,LEARNED_ANION,property,Bi:1|F:1|Mn:1|N:2,1
oxyhalide,MF_P4,LEARNED_ANION,property,Bi:1|Hf:1|N:2|O:1,1
oxyhalide,MF_P4,LEARNED_ANION,property,Bi:1|N:2|Ni:1|O:1,1
oxyhalide,MF_P4,LEARNED_ANION,property,Bi:1|N:2|O:1|Sc:1,1
oxyhalide,MF_P4,LEARNED_ANION,property,Bi:1|N:3|Rh:1,1
oxyhalide,MF_P4,LEARNED_ANION,property,Ca:1|Cr:1|N:2|S:1,1
oxyhalide,MF_P4,LEARNED_ANION,property,Ca:1|F:1|Ga:1|N:1|O:1,1
oxyhalide,MF_P4,LEARNED_ANION,property,Ca:1|F:1|Ga:1|O:2,3
oxyhalide,MF_P4,LEARNED_ANION,property,Ca:1|F:1|Ge:1|O:2,1
oxyhalide,MF_P4,LEARNED_ANION,property,Ca:1|F:1|Hf:1|O:2,1
oxyhalide,MF_P4,LEARNED_ANION,property,Ca:1|F:1|In:1|O:2,1
oxyhalide,MF_P4,LEARNED_ANION,property,Ca:1|F:1|La:1|O:2,1
oxyhalide,MF_P4,LEARNED_ANION,property,Ca:1|F:1|N:1|O:1|Sn:1,1
oxyhalide,MF_P4,LEARNED_ANION,property,Ca:1|F:1|N:1|O:1|Ta:1,1
oxyhalide,MF_P4,LEARNED_ANION,property,Ca:1|F:1|N:1|O:1|Zr:1,1
oxyhalide,MF_P4,LEARNED_ANION,property,Ca:1|F:1|O:2|Sc:1,1
oxyhalide,MF_P4,LEARNED_ANION,property,Ca:1|F:1|O:2|Ta:1,1
oxyhalide,MF_P4,LEARNED_ANION,property,Ca:1|F:1|O:2|Zn:1,2
oxyhalide,MF_P4,LEARNED_ANION,property,Ca:1|F:1|O:2|Zr:1,1
oxyhalide,MF_P4,LEARNED_ANION,property,Ca:1|Ga:1|N:1|O:2,1
oxyhalide,MF_P4,LEARNED_ANION,property,Ca:1|Ga:1|O:3,2
oxyhalide,MF_P4,LEARNED_ANION,property,Ca:1|Ge:1|N:1|O:2,1
oxyhalide,MF_P4,LEARNED_ANION,property,Ca:1|Hf:1|N:1|O:2,1
oxyhalide,MF_P4,LEARNED_ANION,property,Ca:1|Li:1|N:2|S:1,1
oxyhalide,MF_P4,LEARNED_ANION,property,Ca:1|N:1|O:1|S:1|Ti:1,1
oxyhalide,MF_P4,LEARNED_ANION,property,Ca:1|N:1|O:2|Os:1,1
oxyhalide,MF_P4,LEARNED_ANION,property,Ca:1|N:1|O:2|Si:1,1
oxyhalide,MF_P4,LEARNED_ANION,property,Ca:1|N:1|O:2|W:1,1
oxyhalide,MF_P4,LEARNED_ANION,property,Ca:1|N:3|Re:1,1
oxyhalide,MF_P4,LEARNED_ANION,property,Ca:1|O:3|Sc:1,3
oxyhalide,MF_P4,LEARNED_ANION,property,Ca:1|O:3|Zr:1,2
oxyhalide,MF_P4,LEARNED_ANION,property,Cd:1|F:1|Li:1|N:1|O:1,1
oxyhalide,MF_P4,LEARNED_ANION,property,Cd:1|F:1|Li:1|O:2,1
oxyhalide,MF_P4,LEARNED_ANION,property,Cd:1|F:1|N:2|Te:1,1
oxyhalide,MF_P4,LEARNED_ANION,property,Cd:1|F:1|O:1|S:1|W:1,1
oxyhalide,MF_P4,LEARNED_ANION,property,Cd:1|Li:1|N:3,1
oxyhalide,MF_P4,LEARNED_ANION,property,Cd:1|N:2|O:1|Re:1,1
oxyhalide,MF_P4,LEARNED_ANION,property,Cd:1|N:2|O:1|Sc:1,1
oxyhalide,MF_P4,LEARNED_ANION,property,Cd:1|N:2|O:1|Sn:1,1
oxyhalide,MF_P4,LEARNED_ANION,property,Cd:1|N:2|O:1|Tl:1,1
oxyhalide,MF_P4,LEARNED_ANION,property,Cd:1|N:2|O:1|W:1,1
oxyhalide,MF_P4,LEARNED_ANION,property,Cd:1|N:3|Sb:1,1
oxyhalide,MF_P4,LEARNED_ANION,property,Cd:1|O:2|Re:1|S:1,1
oxyhalide,MF_P4,LEARNED_ANION,property,Cd:1|O:2|S:1|V:1,1
oxyhalide,MF_P4,LEARNED_ANION,property,Co:1|Ga:1|N:2|O:1,1
oxyhalide,MF_P4,LEARNED_ANION,property,Co:1|N:2|O:1|Sb:1,2
oxyhalide,MF_P4,LEARNED_ANION,property,Co:1|N:3|Ni:1,1
oxyhalide,MF_P4,LEARNED_ANION,property,Co:1|N:3|Sc:1,1
oxyhalide,MF_P4,LEARNED_ANION,property,Cr:1|F:1|Fe:1|N:2,1
oxyhalide,MF_P4,LEARNED_ANION,property,Cr:1|Li:1|N:2|O:1,1
oxyhalide,MF_P4,LEARNED_ANION,property,Cr:1|N:3|Si:1,1
oxyhalide,MF_P4,LEARNED_ANION,property,Cs:1|F:1|K:1|N:2,1
oxyhalide,MF_P4,LEARNED_ANION,property,Cs:1|F:1|N:1|O:1|Ta:1,2
oxyhalide,MF_P4,LEARNED_ANION,property,Cs:1|Ge:1|N:2|S:1,1
oxyhalide,MF_P4,LEARNED_ANION,property,Cs:1|N:1|O:2|Sn:1,1
oxyhalide,MF_P4,LEARNED_ANION,property,Cs:1|N:2|O:1|Ru:1,1
oxyhalide,MF_P4,LEARNED_ANION,property,Cs:1|N:3|Os:1,1
oxyhalide,MF_P4,LEARNED_ANION,property,Cs:1|N:3|Ti:1,1
oxyhalide,MF_P4,LEARNED_ANION,property,Cu:1|F:1|Hf:1|O:2,1
oxyhalide,MF_P4,LEARNED_ANION,property,Cu:1|F:1|N:2|Ru:1,1
oxyhalide,MF_P4,LEARNED_ANION,property,Cu:1|Hf:1|N:3,1
oxyhalide,MF_P4,LEARNED_ANION,property,Cu:1|Ir:1|N:2|O:1,1
oxyhalide,MF_P4,LEARNED_ANION,property,Cu:1|Li:1|N:2|O:1,1
oxyhalide,MF_P4,LEARNED_ANION,property,Cu:1|Mg:1|N:2|O:1,1
oxyhalide,MF_P4,LEARNED_ANION,property,Cu:1|N:3|Pb:1,1
oxyhalide,MF_P4,LEARNED_ANION,property,Cu:1|N:3|Tl:1,1
oxyhalide,MF_P4,LEARNED_ANION,property,Cu:1|N:3|V:1,1
oxyhalide,MF_P4,LEARNED_ANION,property,Cu:1|N:3|Zn:1,1
oxyhalide,MF_P4,LEARNED_ANION,property,F:1|Fe:1|Ni:1|O:2,1
oxyhalide,MF_P4,LEARNED_ANION,property,F:1|Ga:1|K:1|N:1|O:1,1
oxyhalide,MF_P4,LEARNED_ANION,property,F:1|Ga:1|La:1|O:2,2
oxyhalide,MF_P4,LEARNED_ANION,property,F:1|Ga:1|Li:1|N:1|O:1,1
oxyhalide,MF_P4,LEARNED_ANION,property,F:1|Ga:1|Li:1|O:2,1
oxyhalide,MF_P4,LEARNED_ANION,property,F:1|Ga:1|N:1|O:1|Ta:1,1
oxyhalide,MF_P4,LEARNED_ANION,property,F:1|Ge:1|La:1|N:1|O:1,2
oxyhalide,MF_P4,LEARNED_ANION,property,F:1|Ge:1|La:1|O:2,1
oxyhalide,MF_P4,LEARNED_ANION,property,F:1|Ge:1|Li:1|O:2,1
oxyhalide,MF_P4,LEARNED_ANION,property,F:1|Ge:1|Na:1|O:2,2
oxyhalide,MF_P4,LEARNED_ANION,property,F:1|Hf:1|N:2|Ru:1,1
oxyhalide,MF_P4,LEARNED_ANION,property,F:1|In:1|Li:1|N:1|O:1,1
oxyhalide,MF_P4,LEARNED_ANION,property,F:1|In:1|Li:1|O:2,1
oxyhalide,MF_P4,LEARNED_ANION,property,F:1|In:1|Mg:1|O:2,1
oxyhalide,MF_P4,LEARNED_ANION,property,F:1|In:1|N:1|O:1|Y:1,1
oxyhalide,MF_P4,LEARNED_ANION,property,F:1|K:1|N:1|Nb:1|O:1,1
oxyhalide,MF_P4,LEARNED_ANION,property,F:1|K:1|N:1|O:1|Sn:1,1
oxyhalide,MF_P4,LEARNED_ANION,property,F:1|K:1|N:1|O:1|Ta:1,2
oxyhalide,MF_P4,LEARNED_ANION,property,F:1|K:1|Nb:1|O:2,1
oxyhalide,MF_P4,LEARNED_ANION,property,F:1|K:1|O:2|Ta:1,1
oxyhalide,MF_P4,LEARNED_ANION,property,F:1|La:1|Mg:1|O:2,1
oxyhalide,MF_P4,LEARNED_ANION,property,F:1|La:1|N:1|Nb:1|S:1,1
oxyhalide,MF_P4,LEARNED_ANION,property,F:1|La:1|N:1|O:1|Sr:1,1
oxyhalide,MF_P4,LEARNED_ANION,property,F:1|La:1|N:1|O:1|Ti:1,1
oxyhalide,MF_P4,LEARNED_ANION,property,F:1|La:1|Nb:1|O:1|S:1,1
oxyhalide,MF_P4,LEARNED_ANION,property,F:1|La:1|O:2|Ta:1,2
oxyhalide,MF_P4,LEARNED_ANION,property,F:1|La:1|O:2|Tl:1,1
oxyhalide,MF_P4,LEARNED_ANION,property,F:1|Li:1|N:1|O:1|Zr:1,2
oxyhalide,MF_P4,LEARNED_ANION,property,F:1|Li:1|O:2|Si:1,1
oxyhalide,MF_P4,LEARNED_ANION,property,F:1|Li:1|O:2|Zr:1,1
oxyhalide,MF_P4,LEARNED_ANION,property,F:1|Mg:1|Nb:1|O:2,1
oxyhalide,MF_P4,LEARNED_ANION,property,F:1|N:1|Na:1|Ni:1|O:1,1
oxyhalide,MF_P4,LEARNED_ANION,property,F:1|N:1|Na:1|O:1|Ta:1,3
oxyhalide,MF_P4,LEARNED_ANION,property,F:1|N:1|O:1|Rb:1|Ti:1,1
oxyhalide,MF_P4,LEARNED_ANION,property,F:1|N:1|O:1|Sr:1|V:1,1
oxyhalide,MF_P4,LEARNED_ANION,property,F:1|N:1|S:1|Tl:1|Zr:1,1
oxyhalide,MF_P4,LEARNED_ANION,property,F:1|N:2|Na:1|Ni:1,1
oxyhalide,MF_P4,LEARNED_ANION,property,F:1|N:2|Nb:1|Rb:1,1
oxyhalide,MF_P4,LEARNED_ANION,property,F:1|N:2|Nb:1|Y:1,1
oxyhalide,MF_P4,LEARNED_ANION,property,F:1|N:2|Pt:1|Si:1,1
oxyhalide,MF_P4,LEARNED_ANION,property,F:1|N:2|Sb:1|Zr:1,1
oxyhalide,MF_P4,LEARNED_ANION,property,F:1|N:2|Te:1|Y:1,1
oxyhalide,MF_P4,LEARNED_ANION,property,F:1|Na:1|O:1|S:1|Ta:1,1
oxyhalide,MF_P4,LEARNED_ANION,property,F:1|Na:1|O:2|Ta:1,1
oxyhalide,MF_P4,LEARNED_ANION,property,F:1|Na:1|O:2|Ti:1,1
oxyhalide,MF_P4,LEARNED_ANION,property,F:1|Na:1|O:2|Zn:1,1
oxyhalide,MF_P4,LEARNED_ANION,property,F:1|O:2|Sc:1|Sr:1,1
oxyhalide,MF_P4,LEARNED_ANION,property,F:1|O:2|Tl:1|Y:1,1
oxyhalide,MF_P4,LEARNED_ANION,property,Fe:1|Ge:1|N:2|O:1,1
oxyhalide,MF_P4,LEARNED_ANION,property,Fe:1|Ir:1|N:2|O:1,1
oxyhalide,MF_P4,LEARNED_ANION,property,Fe:1|Ir:1|N:3,1
oxyhalide,MF_P4,LEARNED_ANION,property,Fe:1|N:1|Na:1|O:2,1
oxyhalide,MF_P4,LEARNED_ANION,property,Ga:1|Ge:1|N:3,1
oxyhalide,MF_P4,LEARNED_ANION,property,Ga:1|Hf:1|N:3,1
oxyhalide,MF_P4,LEARNED_ANION,property,Ga:1|In:1|N:1|O:2,1
oxyhalide,MF_P4,LEARNED_ANION,property,Ga:1|Ir:1|N:3,1
oxyhalide,MF_P4,LEARNED_ANION,property,Ga:1|K:1|N:1|O:2,1
oxyhalide,MF_P4,LEARNED_ANION,property,Ga:1|Li:1|N:1|O:2,1
oxyhalide,MF_P4,LEARNED_ANION,property,Ga:1|Li:1|N:3,2
oxyhalide,MF_P4,LEARNED_ANION,property,Ga:1|Li:1|O:2|S:1,1
oxyhalide,MF_P4,LEARNED_ANION,property,Ga:1|N:1|Na:1|O:2,1
oxyhalide,MF_P4,LEARNED_ANION,property,Ga:1|N:1|O:2|Sb:1,1
oxyhalide,MF_P4,LEARNED_ANION,property,Ga:1|N:1|O:2|Ti:1,1
oxyhalide,MF_P4,LEARNED_ANION,property,Ga:1|N:2|Ni:1|O:1,1
oxyhalide,MF_P4,LEARNED_ANION,property,Ga:1|N:3|Si:1,1
oxyhalide,MF_P4,LEARNED_ANION,property,Ga:1|N:3|Tl:1,1
oxyhalide,MF_P4,LEARNED_ANION,property,Ga:1|O:3|Y:1,1
oxyhalide,MF_P4,LEARNED_ANION,property,Ge:1|Hf:1|N:3,1
oxyhalide,MF_P4,LEARNED_ANION,property,Ge:1|In:1|N:1|O:2,1
oxyhalide,MF_P4,LEARNED_ANION,property,Ge:1|In:1|N:3,1
oxyhalide,MF_P4,LEARNED_ANION,property,Ge:1|Li:1|N:2|O:1,1
oxyhalide,MF_P4,LEARNED_ANION,property,Ge:1|Mn:1|N:3,1
oxyhalide,MF_P4,LEARNED_ANION,property,Ge:1|N:1|O:2|Zn:1,1
oxyhalide,MF_P4,LEARNED_ANION,property,Ge:1|N:2|O:1|Ru:1,1
oxyhalide,MF_P4,LEARNED_ANION,property,Ge:1|N:3|Nb:1,1
oxyhalide,MF_P4,LEARNED_ANION,property,Hf:1|Ir:1|N:3,1
oxyhalide,MF_P4,LEARNED_ANION,property,Hf:1|La:1|O:3,1
oxyhalide,MF_P4,LEARNED_ANION,property,Hf:1|Li:1|N:1|O:2,2
oxyhalide,MF_P4,LEARNED_ANION,property,Hf:1|Mo:1|N:1|O:2,1
oxyhalide,MF_P4,LEARNED_ANION,property,Hf:1|N:2|O:1|W:1,1
oxyhalide,MF_P4,LEARNED_ANION,property,Hf:1|N:3|Os:1,1
oxyhalide,MF_P4,LEARNED_ANION,property,Hf:1|O:3|Sr:1,2
oxyhalide,MF_P4,LEARNED_ANION,property,Hf:2|N:1|O:2,1
oxyhalide,MF_P4,LEARNED_ANION,property,Hg:1|In:1|N:1|O:2,1
oxyhalide,MF_P4,LEARNED_ANION,property,Hg:1|Mg:1|N:2|O:1,1
oxyhalide,MF_P4,LEARNED_ANION,property,Hg:1|N:1|O:2|Ru:1,1
oxyhalide,MF_P4,LEARNED_ANION,property,Hg:1|N:2|Re:1|S:1,1
oxyhalide,MF_P4,LEARNED_ANION,property,Hg:1|N:3|Ru:1,1
oxyhalide,MF_P4,LEARNED_ANION,property,In:1|Mg:1|N:2|O:1,1
oxyhalide,MF_P4,LEARNED_ANION,property,In:1|N:1|O:1|S:1|Sr:1,1
oxyhalide,MF_P4,LEARNED_ANION,property,In:1|N:1|O:2|Si:1,1
oxyhalide,MF_P4,LEARNED_ANION,property,In:1|N:1|O:2|Sn:1,1
oxyhalide,MF_P4,LEARNED_ANION,property,In:1|N:1|O:2|Sr:1,1
oxyhalide,MF_P4,LEARNED_ANION,property,In:1|N:1|O:2|V:1,1
oxyhalide,MF_P4,LEARNED_ANION,property,In:1|N:2|O:1|Y:1,1
oxyhalide,MF_P4,LEARNED_ANION,property,In:1|N:3|Os:1,1
oxyhalide,MF_P4,LEARNED_ANION,property,In:1|O:3|Sr:1,1
oxyhalide,MF_P4,LEARNED_ANION,property,Ir:1|N:2|O:1|Os:1,1
oxyhalide,MF_P4,LEARNED_ANION,property,Ir:1|N:3|Na:1,1
oxyhalide,MF_P4,LEARNED_ANION,property,Ir:1|N:3|Te:1,1
oxyhalide,MF_P4,LEARNED_ANION,property,Ir:1|N:3|Tl:1,1
oxyhalide,MF_P4,LEARNED_ANION,property,K:1|Mo:1|N:1|O:2,1
oxyhalide,MF_P4,LEARNED_ANION,property,K:1|N:1|O:2|Sc:1,1
oxyhalide,MF_P4,LEARNED_ANION,property,K:1|N:2|O:1|Y:1,1
oxyhalide,MF_P4,LEARNED_ANION,property,K:1|N:3|Ru:1,1
oxyhalide,MF_P4,LEARNED_ANION,property,K:1|N:3|Sn:1,1
oxyhalide,MF_P4,LEARNED_ANION,property,La:1|Li:1|N:1|O:2,1
oxyhalide,MF_P4,LEARNED_ANION,property,La:1|Mg:1|O:3,1
oxyhalide,MF_P4,LEARNED_ANION,property,La:1|Mo:1|O:2|S:1,1
oxyhalide,MF_P4,LEARNED_ANION,property,La:1|N:1|O:2|V:1,1
oxyhalide,MF_P4,LEARNED_ANION,property,La:1|N:1|O:2|Zr:1,1
oxyhalide,MF_P4,LEARNED_ANION,property,La:1|N:3|Ni:1,1
oxyhalide,MF_P4,LEARNED_ANION,property,La:1|O:3|Sc:1,1
oxyhalide,MF_P4,LEARNED_ANION,property,La:1|O:3|V:1,1
oxyhalide,MF_P4,LEARNED_ANION,property,La:2|N:1|O:2,1
oxyhalide,MF_P4,LEARNED_ANION,property,Li:1|N:2|O:1|Rh:1,1
oxyhalide,MF_P4,LEARNED_ANION,property,Li:1|N:2|O:1|Si:1,1
oxyhalide,MF_P4,LEARNED_ANION,property,Li:1|N:2|O:1|Ti:1,1
oxyhalide,MF_P4,LEARNED_ANION,property,Li:1|O:3|Ti:1,1
oxyhalide,MF_P4,LEARNED_ANION,property,Li:1|O:3|Zr:1,1
oxyhalide,MF_P4,LEARNED_ANION,property,Mg:1|N:2|O:1|Pd:1,1
oxyhalide,MF_P4,LEARNED_ANION,property,Mg:1|N:2|O:1|Tl:1,1
oxyhalide,MF_P4,LEARNED_ANION,property,Mg:1|N:3|Os:1,1
oxyhalide,MF_P4,LEARNED_ANION,property,Mg:1|N:3|Re:1,1
oxyhalide,MF_P4,LEARNED_ANION,property,Mg:1|N:3|Sn:1,1
oxyhalide,MF_P4,LEARNED_ANION,property,Mg:1|O:3|W:1,1
oxyhalide,MF_P4,LEARNED_ANION,property,Mn:1|N:3|Os:1,1
oxyhalide,MF_P4,LEARNED_ANION,property,Mn:1|N:3|Sn:1,1
oxyhalide,MF_P4,LEARNED_ANION,property,Mo:1|N:1|O:2|Sc:1,1
oxyhalide,MF_P4,LEARNED_ANION,property,N:1|Nb:1|O:2|W:1,1
oxyhalide,MF_P4,LEARNED_ANION,property,N:1|Ni:1|O:2|Zn:1,1
oxyhalide,MF_P4,LEARNED_ANION,property,N:1|Ni:1|O:2|Zr:1,1
oxyhalide,MF_P4,LEARNED_ANION,property,N:1|O:1|S:1|Sb:1|Zn:1,1
oxyhalide,MF_P4,LEARNED_ANION,property,N:1|O:2|Ru:1|Sr:1,1
oxyhalide,MF_P4,LEARNED_ANION,property,N:1|O:2|V:1|Zn:1,1
oxyhalide,MF_P4,LEARNED_ANION,property,N:1|O:2|Zr:2,1
oxyhalide,MF_P4,LEARNED_ANION,property,N:2|Nb:1|O:1|Rb:1,1
oxyhalide,MF_P4,LEARNED_ANION,property,N:2|Nb:1|O:1|Zr:1,1
oxyhalide,MF_P4,LEARNED_ANION,property,N:2|Ni:1|O:1|Os:1,1
oxyhalide,MF_P4,LEARNED_ANION,property,N:2|Ni:1|O:1|Pd:1,1
oxyhalide,MF_P4,LEARNED_ANION,property,N:2|Ni:1|O:1|Si:1,1
oxyhalide,MF_P4,LEARNED_ANION,property,N:2|Ni:1|O:1|Sr:1,1
oxyhalide,MF_P4,LEARNED_ANION,property,N:2|Ni:1|O:1|Ta:1,1
oxyhalide,MF_P4,LEARNED_ANION,property,N:2|O:1|Os:1|Pt:1,1
oxyhalide,MF_P4,LEARNED_ANION,property,N:2|O:1|Os:1|Rb:1,1
oxyhalide,MF_P4,LEARNED_ANION,property,N:2|O:1|Os:1|Zn:1,1
oxyhalide,MF_P4,LEARNED_ANION,property,N:2|O:1|Pt:1|Zn:1,1
oxyhalide,MF_P4,LEARNED_ANION,property,N:2|O:1|Rb:1|Ru:1,2
oxyhalide,MF_P4,LEARNED_ANION,property,N:2|O:1|Re:1|V:1,1
oxyhalide,MF_P4,LEARNED_ANION,property,N:2|O:1|Ru:1|Tl:1,1
oxyhalide,MF_P4,LEARNED_ANION,property,N:2|O:1|Ru:1|V:1,1
oxyhalide,MF_P4,LEARNED_ANION,property,N:2|O:1|Sb:1|Sc:1,1
oxyhalide,MF_P4,LEARNED_ANION,property,N:2|O:1|Si:1|Y:1,1
oxyhalide,MF_P4,LEARNED_ANION,property,N:2|O:1|Si:1|Zr:1,1
oxyhalide,MF_P4,LEARNED_ANION,property,N:2|O:1|Sr:1|V:1,1
oxyhalide,MF_P4,LEARNED_ANION,property,N:2|O:1|Ti:1|V:1,1
oxyhalide,MF_P4,LEARNED_ANION,property,N:3|Nb:1|Zn:1,1
oxyhalide,MF_P4,LEARNED_ANION,property,N:3|Ni:1|Sr:1,1
oxyhalide,MF_P4,LEARNED_ANION,property,N:3|Os:1|Ti:1,1
oxyhalide,MF_P4,LEARNED_ANION,property,N:3|Os:1|Y:1,1
oxyhalide,MF_P4,LEARNED_ANION,property,N:3|Os:1|Zr:1,1
oxyhalide,MF_P4,LEARNED_ANION,property,N:3|Pb:2,1
oxyhalide,MF_P4,LEARNED_ANION,property,N:3|Pd:1|Rh:1,1
oxyhalide,MF_P4,LEARNED_ANION,property,N:3|Pt:1|Ta:1,1
oxyhalide,MF_P4,LEARNED_ANION,property,N:3|Re:1|Sb:1,1
oxyhalide,MF_P4,LEARNED_ANION,property,N:3|Re:1|Sn:1,1
oxyhalide,MF_P4,LEARNED_ANION,property,N:3|Re:1|Zn:1,1
oxyhalide,MF_P4,LEARNED_ANION,property,N:3|Rh:1|Sb:1,1
oxyhalide,MF_P4,LEARNED_ANION,property,N:3|Sb:1|Si:1,1
oxyhalide,MF_P4,LEARNED_ANION,property,N:3|Sb:1|Sr:1,1
oxyhalide,MF_P4,LEARNED_ANION,property,N:3|Sb:1|Te:1,1
oxyhalide,MF_P4,LEARNED_ANION,property,N:3|Si:1|Ti:1,1
oxyhalide,MF_P4,LEARNED_ANION,property,N:3|Tl:1|V:1,1
oxyhalide,MF_P4,LEARNED_ANION,property,Na:1|O:3|Ta:1,1
oxyhalide,MF_P4,LEARNED_ANION,property,O:2|S:1|Si:1|Zr:1,1
oxyhalide,MF_P4,LEARNED_ANION,property,O:3|Sc:1|Sr:1,2
oxyhalide,MF_P4,LEARNED_ANION,property,O:3|Si:1|Sr:1,2
oxyhalide,MF_P4,LEARNED_ANION,property,O:3|Sr:1|Zr:1,2
oxynitride,MF_P3,LEARNED_ANION,fixed_real,Cr:1|Cs:1|N:3,602
oxynitride,MF_P3,LEARNED_ANION,fixed_real,Cr:1|N:3|Rb:1,5
oxynitride,MF_P3,LEARNED_ANION,fixed_real,Cr:1|N:3|Ta:1,1
oxynitride,MF_P3,LEARNED_ANION,fixed_real,Cs:1|Fe:1|N:3,3
oxynitride,MF_P3,LEARNED_ANION,fixed_real,Cs:1|N:3|V:1,2
oxynitride,MF_P3,LEARNED_ANION,fixed_real,Cs:1|N:3|Zr:1,34
oxynitride,MF_P3,LEARNED_ANION,fixed_real,N:3|Rb:1|Zr:1,1
oxynitride,MF_P3,LEARNED_ANION,joint,Ag:1|Cr:1|O:3,2
oxynitride,MF_P3,LEARNED_ANION,joint,Ag:1|O:3|Zr:1,34
oxynitride,MF_P3,LEARNED_ANION,joint,Al:1|Hf:1|O:3,43
oxynitride,MF_P3,LEARNED_ANION,joint,Al:1|N:3|Ti:1,32
oxynitride,MF_P3,LEARNED_ANION,joint,Al:1|N:3|V:1,2
oxynitride,MF_P3,LEARNED_ANION,joint,Al:1|N:3|Zr:1,2
oxynitride,MF_P3,LEARNED_ANION,joint,Al:1|O:3|Zr:1,23
oxynitride,MF_P3,LEARNED_ANION,joint,As:1|Hf:1|N:3,2
oxynitride,MF_P3,LEARNED_ANION,joint,As:1|O:3|Sn:1,1
oxynitride,MF_P3,LEARNED_ANION,joint,Bi:1|Cr:1|O:3,17
oxynitride,MF_P3,LEARNED_ANION,joint,Bi:1|Fe:1|O:3,2
oxynitride,MF_P3,LEARNED_ANION,joint,Bi:1|Ga:1|O:3,22
oxynitride,MF_P3,LEARNED_ANION,joint,Bi:1|N:3|Nb:1,37
oxynitride,MF_P3,LEARNED_ANION,joint,Bi:1|N:3|V:1,29
oxynitride,MF_P3,LEARNED_ANION,joint,Bi:1|O:3|Sn:1,2
oxynitride,MF_P3,LEARNED_ANION,joint,Bi:1|O:3|Zr:1,17
oxynitride,MF_P3,LEARNED_ANION,joint,Co:1|O:3|Os:1,29
oxynitride,MF_P3,LEARNED_ANION,joint,Co:1|O:3|Ru:1,2
oxynitride,MF_P3,LEARNED_ANION,joint,Cu:1|Ge:1|O:3,2
oxynitride,MF_P3,LEARNED_ANION,joint,Cu:1|N:3|Na:1,36
oxynitride,MF_P3,LEARNED_ANION,joint,Fe:1|O:3|Os:1,6
oxynitride,MF_P3,LEARNED_ANION,joint,Ga:1|Ge:1|O:3,1
oxynitride,MF_P3,LEARNED_ANION,joint,Ga:1|N:3|Na:1,36
oxynitride,MF_P3,LEARNED_ANION,joint,Ga:1|O:3|Pd:1,1
oxynitride,MF_P3,LEARNED_ANION,joint,Ga:1|O:3|Sb:1,1
oxynitride,MF_P3,LEARNED_ANION,joint,Ga:1|O:3|Te:1,8
oxynitride,MF_P3,LEARNED_ANION,joint,Ge:1|N:3|Os:1,2
oxynitride,MF_P3,LEARNED_ANION,joint,Ge:1|O:3|Sn:1,11
oxynitride,MF_P3,LEARNED_ANION,joint,Ge:1|O:3|Zn:1,31
oxynitride,MF_P3,LEARNED_ANION,joint,Ge:2|O:3,1
oxynitride,MF_P3,LEARNED_ANION,joint,Hf:1|N:3|Sb:1,4
oxynitride,MF_P3,LEARNED_ANION,joint,Hf:1|N:3|Te:1,30
oxynitride,MF_P3,LEARNED_ANION,joint,Hf:1|O:3|Ti:1,4
oxynitride,MF_P3,LEARNED_ANION,joint,In:1|Ni:1|O:3,7
oxynitride,MF_P3,LEARNED_ANION,joint,In:1|O:3|Pt:1,28
oxynitride,MF_P3,LEARNED_ANION,joint,In:1|O:3|Rh:1,1
oxynitride,MF_P3,LEARNED_ANION,joint,N:3|Os:1|Sc:1,34
oxynitride,MF_P3,LEARNED_ANION,joint,N:3|Sn:1|V:1,6
oxynitride,MF_P3,LEARNED_ANION,joint,N:3|Ti:1|Zr:1,2
oxynitride,MF_P3,LEARNED_ANION,joint,N:3|V:1|Zr:1,34
oxynitride,MF_P3,LEARNED_ANION,joint,Ni:1|O:3|Zn:1,2
oxynitride,MF_P3,LEARNED_ANION,joint,O:3|Os:1|Zr:1,1
oxynitride,MF_P3,LEARNED_ANION,joint,O:3|Pd:1|Sn:1,1
oxynitride,MF_P3,LEARNED_ANION,joint,O:3|Ru:1|Zr:1,34
oxynitride,MF_P3,LEARNED_ANION,joint,O:3|Sb:1|Sn:1,1
oxynitride,MF_P3,LEARNED_ANION,joint,O:3|Sc:1|Sn:1,8
oxynitride,MF_P3,LEARNED_ANION,joint,O:3|Sn:1|Te:1,15
oxynitride,MF_P3,LEARNED_ANION,joint,O:3|Ti:1|Zr:1,2
oxynitride,MF_P3,LEARNED_ANION,property,Ag:1|Ge:1|O:3,1
oxynitride,MF_P3,LEARNED_ANION,property,Ag:1|N:3|Ni:1,1
oxynitride,MF_P3,LEARNED_ANION,property,Ag:1|N:3|Ru:1,1
oxynitride,MF_P3,LEARNED_ANION,property,Ag:1|N:3|Sc:1,2
oxynitride,MF_P3,LEARNED_ANION,property,Ag:1|N:3|Zn:1,1
oxynitride,MF_P3,LEARNED_ANION,property,Ag:1|O:3|Sb:1,1
oxynitride,MF_P3,LEARNED_ANION,property,Ag:1|O:3|Si:1,1
oxynitride,MF_P3,LEARNED_ANION,property,Ag:1|O:3|Sr:1,1
oxynitride,MF_P3,LEARNED_ANION,property,Ag:1|O:3|Y:1,1
oxynitride,MF_P3,LEARNED_ANION,property,Al:1|As:1|N:3,2
oxynitride,MF_P3,LEARNED_ANION,property,Al:1|Au:1|O:3,1
oxynitride,MF_P3,LEARNED_ANION,property,Al:1|Ba:1|N:3,2
oxynitride,MF_P3,LEARNED_ANION,property,Al:1|Be:1|N:3,3
oxynitride,MF_P3,LEARNED_ANION,property,Al:1|Bi:1|N:3,1
oxynitride,MF_P3,LEARNED_ANION,property,Al:1|Cd:1|N:3,1
oxynitride,MF_P3,LEARNED_ANION,property,Al:1|Cd:1|O:3,1
oxynitride,MF_P3,LEARNED_ANION,property,Al:1|Co:1|N:3,1
oxynitride,MF_P3,LEARNED_ANION,property,Al:1|Cs:1|N:3,1
oxynitride,MF_P3,LEARNED_ANION,property,Al:1|Ga:1|N:3,1
oxynitride,MF_P3,LEARNED_ANION,property,Al:1|Ge:1|N:3,1
oxynitride,MF_P3,LEARNED_ANION,property,Al:1|Ge:1|O:3,1
oxynitride,MF_P3,LEARNED_ANION,property,Al:1|In:1|N:3,2
oxynitride,MF_P3,LEARNED_ANION,property,Al:1|In:1|O:3,1
oxynitride,MF_P3,LEARNED_ANION,property,Al:1|La:1|O:3,2
oxynitride,MF_P3,LEARNED_ANION,property,Al:1|Li:1|N:3,1
oxynitride,MF_P3,LEARNED_ANION,property,Al:1|Li:1|O:3,7
oxynitride,MF_P3,LEARNED_ANION,property,Al:1|Mg:1|O:3,1
oxynitride,MF_P3,LEARNED_ANION,property,Al:1|N:3|Nb:1,1
oxynitride,MF_P3,LEARNED_ANION,property,Al:1|N:3|Os:1,1
oxynitride,MF_P3,LEARNED_ANION,property,Al:1|N:3|Pt:1,1
oxynitride,MF_P3,LEARNED_ANION,property,Al:1|N:3|Re:1,1
oxynitride,MF_P3,LEARNED_ANION,property,Al:1|N:3|Si:1,1
oxynitride,MF_P3,LEARNED_ANION,property,Al:1|N:3|Ta:1,1
oxynitride,MF_P3,LEARNED_ANION,property,Al:1|N:3|Te:1,2
oxynitride,MF_P3,LEARNED_ANION,property,Al:1|N:3|Zr:1,1
oxynitride,MF_P3,LEARNED_ANION,property,Al:1|Na:1|O:3,3
oxynitride,MF_P3,LEARNED_ANION,property,Al:1|O:3|Tl:1,1
oxynitride,MF_P3,LEARNED_ANION,property,Al:1|O:3|Y:1,3
oxynitride,MF_P3,LEARNED_ANION,property,Al:2|N:3,1
oxynitride,MF_P3,LEARNED_ANION,property,As:1|Bi:1|N:3,1
oxynitride,MF_P3,LEARNED_ANION,property,As:1|Ca:1|N:3,1
oxynitride,MF_P3,LEARNED_ANION,property,As:1|Cd:1|N:3,2
oxynitride,MF_P3,LEARNED_ANION,property,As:1|Cd:1|O:3,1
oxynitride,MF_P3,LEARNED_ANION,property,As:1|Cu:1|N:3,2
oxynitride,MF_P3,LEARNED_ANION,property,As:1|Hg:1|O:3,1
oxynitride,MF_P3,LEARNED_ANION,property,As:1|In:1|N:3,1
oxynitride,MF_P3,LEARNED_ANION,property,As:1|K:1|N:3,1
oxynitride,MF_P3,LEARNED_ANION,property,As:1|La:1|O:3,1
oxynitride,MF_P3,LEARNED_ANION,property,As:1|Li:1|N:3,1
oxynitride,MF_P3,LEARNED_ANION,property,As:1|Li:1|O:3,1
oxynitride,MF_P3,LEARNED_ANION,property,As:1|N:3|Na:1,1
oxynitride,MF_P3,LEARNED_ANION,property,As:1|N:3|Nb:1,1
oxynitride,MF_P3,LEARNED_ANION,property,As:1|N:3|Ru:1,1
oxynitride,MF_P3,LEARNED_ANION,property,As:1|N:3|Si:1,1
oxynitride,MF_P3,LEARNED_ANION,property,As:1|N:3|Y:1,1
oxynitride,MF_P3,LEARNED_ANION,property,As:1|O:3|Rb:1,1
oxynitride,MF_P3,LEARNED_ANION,property,As:1|O:3|Sr:1,3
oxynitride,MF_P3,LEARNED_ANION,property,Au:1|Ba:1|O:3,1
oxynitride,MF_P3,LEARNED_ANION,property,Au:1|Co:1|O:3,2
oxynitride,MF_P3,LEARNED_ANION,property,Au:1|Cu:1|O:3,1
oxynitride,MF_P3,LEARNED_ANION,property,Au:1|Hg:1|O:3,1
oxynitride,MF_P3,LEARNED_ANION,property,Au:1|Na:1|O:3,1
oxynitride,MF_P3,LEARNED_ANION,property,Au:1|O:3|Re:1,1
oxynitride,MF_P3,LEARNED_ANION,property,B:1|N:3|Si:1,1
oxynitride,MF_P3,LEARNED_ANION,property,B:1|N:3|Sr:1,1
oxynitride,MF_P3,LEARNED_ANION,property,Ba:1|Be:1|O:3,1
oxynitride,MF_P3,LEARNED_ANION,property,Ba:1|Co:1|N:3,1
oxynitride,MF_P3,LEARNED_ANION,property,Ba:1|Cr:1|O:3,1
oxynitride,MF_P3,LEARNED_ANION,property,Ba:1|Ga:1|O:3,3
oxynitride,MF_P3,LEARNED_ANION,property,Ba:1|Ge:1|N:3,1
oxynitride,MF_P3,LEARNED_ANION,property,Ba:1|Ge:1|O:3,2
oxynitride,MF_P3,LEARNED_ANION,property,Ba:1|Hf:1|O:3,1
oxynitride,MF_P3,LEARNED_ANION,property,Ba:1|Mn:1|N:3,1
oxynitride,MF_P3,LEARNED_ANION,property,Ba:1|N:3|Os:1,2
oxynitride,MF_P3,LEARNED_ANION,property,Ba:1|N:3|Rh:1,1
oxynitride,MF_P3,LEARNED_ANION,property,Ba:1|N:3|Ru:1,1
oxynitride,MF_P3,LEARNED_ANION,property,Ba:1|N:3|Si:1,1
oxynitride,MF_P3,LEARNED_ANION,property,Ba:1|N:3|Sn:1,1
oxynitride,MF_P3,LEARNED_ANION,property,Ba:1|N:3|Y:1,2
oxynitride,MF_P3,LEARNED_ANION,property,Ba:1|N:3|Zn:1,1
oxynitride,MF_P3,LEARNED_ANION,property,Ba:1|Ni:1|O:3,1
oxynitride,MF_P3,LEARNED_ANION,property,Ba:1|O:3|Ru:1,1
oxynitride,MF_P3,LEARNED_ANION,property,Ba:1|O:3|Sb:1,1
oxynitride,MF_P3,LEARNED_ANION,property,Ba:1|O:3|Sn:1,3
oxynitride,MF_P3,LEARNED_ANION,property,Ba:1|O:3|Ta:1,1
oxynitride,MF_P3,LEARNED_ANION,property,Ba:1|O:3|Ti:1,1
oxynitride,MF_P3,LEARNED_ANION,property,Ba:1|O:3|Zn:1,1
oxynitride,MF_P3,LEARNED_ANION,property,Ba:1|O:3|Zr:1,1
oxynitride,MF_P3,LEARNED_ANION,property,Be:1|Bi:1|N:3,1
oxynitride,MF_P3,LEARNED_ANION,property,Be:1|Ca:1|O:3,1
oxynitride,MF_P3,LEARNED_ANION,property,Be:1|Co:1|O:3,1
oxynitride,MF_P3,LEARNED_ANION,property,Be:1|Cs:1|N:3,1
oxynitride,MF_P3,LEARNED_ANION,property,Be:1|K:1|N:3,1
oxynitride,MF_P3,LEARNED_ANION,property,Be:1|K:1|O:3,1
oxynitride,MF_P3,LEARNED_ANION,property,Be:1|La:1|N:3,1
oxynitride,MF_P3,LEARNED_ANION,property,Be:1|La:1|O:3,2
oxynitride,MF_P3,LEARNED_ANION,property,Be:1|Li:1|N:3,2
oxynitride,MF_P3,LEARNED_ANION,property,Be:1|Li:1|O:3,1
oxynitride,MF_P3,LEARNED_ANION,property,Be:1|Mg:1|O:3,1
oxynitride,MF_P3,LEARNED_ANION,property,Be:1|N:3|Ni:1,1
oxynitride,MF_P3,LEARNED_ANION,property,Be:1|N:3|Si:1,1
oxynitride,MF_P3,LEARNED_ANION,property,Be:1|N:3|Te:1,1
oxynitride,MF_P3,LEARNED_ANION,property,Be:1|N:3|V:1,1
oxynitride,MF_P3,LEARNED_ANION,property,Be:1|O:3|Os:1,1
oxynitride,MF_P3,LEARNED_ANION,property,Be:1|O:3|Rb:1,1
oxynitride,MF_P3,LEARNED_ANION,property,Be:1|O:3|Sc:1,1
oxynitride,MF_P3,LEARNED_ANION,property,Be:1|O:3|Sr:1,1
oxynitride,MF_P3,LEARNED_ANION,property,Be:1|O:3|Y:1,4
oxynitride,MF_P3,LEARNED_ANION,property,Bi:1|Co:1|N:3,2
oxynitride,MF_P3,LEARNED_ANION,property,Bi:1|Ge:1|O:3,1
oxynitride,MF_P3,LEARNED_ANION,property,Bi:1|In:1|N:3,1
oxynitride,MF_P3,LEARNED_ANION,property,Bi:1|K:1|N:3,1
oxynitride,MF_P3,LEARNED_ANION,property,Bi:1|La:1|O:3,1
oxynitride,MF_P3,LEARNED_ANION,property,Bi:1|Mn:1|N:3,1
oxynitride,MF_P3,LEARNED_ANION,property,Bi:1|N:3|Rb:1,1
oxynitride,MF_P3,LEARNED_ANION,property,Bi:1|N:3|Sc:1,1
oxynitride,MF_P3,LEARNED_ANION,property,Bi:1|N:3|Y:1,1
oxynitride,MF_P3,LEARNED_ANION,property,Bi:1|N:3|Zr:1,1
oxynitride,MF_P3,LEARNED_ANION,property,Bi:1|Nb:1|O:3,1
oxynitride,MF_P3,LEARNED_ANION,property,Bi:1|O:3|Si:1,1
oxynitride,MF_P3,LEARNED_ANION,property,Bi:1|O:3|Sr:1,1
oxynitride,MF_P3,LEARNED_ANION,property,Bi:1|O:3|Tl:1,1
oxynitride,MF_P3,LEARNED_ANION,property,Bi:1|O:3|Zn:1,1
oxynitride,MF_P3,LEARNED_ANION,property,Ca:1|Cd:1|O:3,1
oxynitride,MF_P3,LEARNED_ANION,property,Ca:1|Cu:1|N:3,1
oxynitride,MF_P3,LEARNED_ANION,property,Ca:1|Ga:1|O:3,6
oxynitride,MF_P3,LEARNED_ANION,property,Ca:1|Ge:1|N:3,1
oxynitride,MF_P3,LEARNED_ANION,property,Ca:1|Ge:1|O:3,2
oxynitride,MF_P3,LEARNED_ANION,property,Ca:1|Hf:1|N:3,1
oxynitride,MF_P3,LEARNED_ANION,property,Ca:1|In:1|O:3,1
oxynitride,MF_P3,LEARNED_ANION,property,Ca:1|Mn:1|N:3,1
oxynitride,MF_P3,LEARNED_ANION,property,Ca:1|N:3|Sb:1,1
oxynitride,MF_P3,LEARNED_ANION,property,Ca:1|N:3|Te:1,1
oxynitride,MF_P3,LEARNED_ANION,property,Ca:1|N:3|Tl:1,1
oxynitride,MF_P3,LEARNED_ANION,property,Ca:1|N:3|V:1,1
oxynitride,MF_P3,LEARNED_ANION,property,Ca:1|N:3|Zn:1,1
oxynitride,MF_P3,LEARNED_ANION,property,Ca:1|Ni:1|O:3,1
oxynitride,MF_P3,LEARNED_ANION,property,Ca:1|O:3|Sb:1,2
oxynitride,MF_P3,LEARNED_ANION,property,Ca:1|O:3|Sc:1,1
oxynitride,MF_P3,LEARNED_ANION,property,Ca:1|O:3|Si:1,3
oxynitride,MF_P3,LEARNED_ANION,property,Ca:1|O:3|Sn:1,3
oxynitride,MF_P3,LEARNED_ANION,property,Ca:1|O:3|W:1,1
oxynitride,MF_P3,LEARNED_ANION,property,Ca:1|O:3|Zn:1,1
oxynitride,MF_P3,LEARNED_ANION,property,Ca:1|O:3|Zr:1,1
oxynitride,MF_P3,LEARNED_ANION,property,Cd:1|Cr:1|N:3,1
oxynitride,MF_P3,LEARNED_ANION,property,Cd:1|Cs:1|N:3,1
oxynitride,MF_P3,LEARNED_ANION,property,Cd:1|Cu:1|N:3,1
oxynitride,MF_P3,LEARNED_ANION,property,Cd:1|Fe:1|N:3,1
oxynitride,MF_P3,LEARNED_ANION,property,Cd:1|Ga:1|N:3,1
oxynitride,MF_P3,LEARNED_ANION,property,Cd:1|Ga:1|O:3,4
oxynitride,MF_P3,LEARNED_ANION,property,Cd:1|Ge:1|N:3,2
oxynitride,MF_P3,LEARNED_ANION,property,Cd:1|Hf:1|O:3,2
oxynitride,MF_P3,LEARNED_ANION,property,Cd:1|Hg:1|O:3,1
oxynitride,MF_P3,LEARNED_ANION,property,Cd:1|In:1|N:3,1
oxynitride,MF_P3,LEARNED_ANION,property,Cd:1|K:1|N:3,1
oxynitride,MF_P3,LEARNED_ANION,property,Cd:1|La:1|N:3,1
oxynitride,MF_P3,LEARNED_ANION,property,Cd:1|Mn:1|N:3,1
oxynitride,MF_P3,LEARNED_ANION,property,Cd:1|N:3|Ni:1,1
oxynitride,MF_P3,LEARNED_ANION,property,Cd:1|N:3|Rb:1,1
oxynitride,MF_P3,LEARNED_ANION,property,Cd:1|N:3|Ru:1,1
oxynitride,MF_P3,LEARNED_ANION,property,Cd:1|N:3|Sb:1,1
oxynitride,MF_P3,LEARNED_ANION,property,Cd:1|N:3|Sc:1,1
oxynitride,MF_P3,LEARNED_ANION,property,Cd:1|N:3|Si:1,1
oxynitride,MF_P3,LEARNED_ANION,property,Cd:1|N:3|Sn:1,2
oxynitride,MF_P3,LEARNED_ANION,property,Cd:1|N:3|Sr:1,1
oxynitride,MF_P3,LEARNED_ANION,property,Cd:1|N:3|Ti:1,1
oxynitride,MF_P3,LEARNED_ANION,property,Cd:1|N:3|Zn:1,1
oxynitride,MF_P3,LEARNED_ANION,property,Cd:1|O:3|Os:1,1
oxynitride,MF_P3,LEARNED_ANION,property,Cd:1|O:3|Sn:1,1
oxynitride,MF_P3,LEARNED_ANION,property,Cd:1|O:3|Ti:1,1
oxynitride,MF_P3,LEARNED_ANION,property,Co:1|Cu:1|N:3,1
oxynitride,MF_P3,LEARNED_ANION,property,Co:1|Hf:1|N:3,1
oxynitride,MF_P3,LEARNED_ANION,property,Co:1|Hg:1|N:3,1
oxynitride,MF_P3,LEARNED_ANION,property,Co:1|K:1|N:3,1
oxynitride,MF_P3,LEARNED_ANION,property,Co:1|La:1|N:3,1
oxynitride,MF_P3,LEARNED_ANION,property,Co:1|La:1|O:3,1
oxynitride,MF_P3,LEARNED_ANION,property,Co:1|Li:1|N:3,1
oxynitride,MF_P3,LEARNED_ANION,property,Co:1|N:3|Rb:1,1
oxynitride,MF_P3,LEARNED_ANION,property,Co:1|N:3|Rh:1,1
oxynitride,MF_P3,LEARNED_ANION,property,Co:1|N:3|Ru:1,2
oxynitride,MF_P3,LEARNED_ANION,property,Co:1|N:3|Sc:1,2
oxynitride,MF_P3,LEARNED_ANION,property,Co:1|N:3|Tl:1,1
oxynitride,MF_P3,LEARNED_ANION,property,Co:1|N:3|Y:1,2
oxynitride,MF_P3,LEARNED_ANION,property,Co:1|N:3|Zn:1,1
oxynitride,MF_P3,LEARNED_ANION,property,Co:2|N:3,1
oxynitride,MF_P3,LEARNED_ANION,property,Cr:1|Cs:1|N:3,3
oxynitride,MF_P3,LEARNED_ANION,property,Cr:1|In:1|N:3,1
oxynitride,MF_P3,LEARNED_ANION,property,Cr:1|K:1|O:3,1
oxynitride,MF_P3,LEARNED_ANION,property,Cr:1|Mn:1|N:3,1
oxynitride,MF_P3,LEARNED_ANION,property,Cr:1|N:3|Nb:1,1
oxynitride,MF_P3,LEARNED_ANION,property,Cr:1|N:3|Sn:1,1
oxynitride,MF_P3,LEARNED_ANION,property,Cr:1|N:3|Sr:1,1
oxynitride,MF_P3,LEARNED_ANION,property,Cr:1|O:3|Rb:1,1
oxynitride,MF_P3,LEARNED_ANION,property,Cr:1|O:3|Tl:1,1
oxynitride,MF_P3,LEARNED_ANION,property,Cs:1|Cu:1|O:3,3
oxynitride,MF_P3,LEARNED_ANION,property,Cs:1|In:1|N:3,1
oxynitride,MF_P3,LEARNED_ANION,property,Cs:1|In:1|O:3,1
oxynitride,MF_P3,LEARNED_ANION,property,Cs:1|Mg:1|N:3,1
oxynitride,MF_P3,LEARNED_ANION,property,Cs:1|Mn:1|N:3,1
oxynitride,MF_P3,LEARNED_ANION,property,Cs:1|N:3|Pt:1,1
oxynitride,MF_P3,LEARNED_ANION,property,Cs:1|N:3|Ru:1,1
oxynitride,MF_P3,LEARNED_ANION,property,Cs:1|N:3|Sb:1,1
oxynitride,MF_P3,LEARNED_ANION,property,Cs:1|N:3|Si:1,1
oxynitride,MF_P3,LEARNED_ANION,property,Cs:1|O:3|Os:1,1
oxynitride,MF_P3,LEARNED_ANION,property,Cs:1|O:3|Re:1,1
oxynitride,MF_P3,LEARNED_ANION,property,Cu:1|Fe:1|N:3,1
oxynitride,MF_P3,LEARNED_ANION,property,Cu:1|In:1|N:3,1
oxynitride,MF_P3,LEARNED_ANION,property,Cu:1|K:1|N:3,1
oxynitride,MF_P3,LEARNED_ANION,property,Cu:1|K:1|O:3,2
oxynitride,MF_P3,LEARNED_ANION,property,Cu:1|Li:1|N:3,1
oxynitride,MF_P3,LEARNED_ANION,property,Cu:1|Mg:1|N:3,1
oxynitride,MF_P3,LEARNED_ANION,property,Cu:1|N:3|Na:1,2
oxynitride,MF_P3,LEARNED_ANION,property,Cu:1|N:3|Nb:1,1
oxynitride,MF_P3,LEARNED_ANION,property,Cu:1|N:3|Ni:1,1
oxynitride,MF_P3,LEARNED_ANION,property,Cu:1|N:3|Pt:1,1
oxynitride,MF_P3,LEARNED_ANION,property,Cu:1|N:3|Rh:1,2
oxynitride,MF_P3,LEARNED_ANION,property,Cu:1|N:3|Sb:1,1
oxynitride,MF_P3,LEARNED_ANION,property,Cu:1|N:3|Sc:1,2
oxynitride,MF_P3,LEARNED_ANION,property,Cu:1|N:3|Sn:1,1
oxynitride,MF_P3,LEARNED_ANION,property,Cu:1|N:3|Sr:1,1
oxynitride,MF_P3,LEARNED_ANION,property,Cu:1|N:3|Te:1,1
oxynitride,MF_P3,LEARNED_ANION,property,Cu:1|N:3|Tl:1,2
oxynitride,MF_P3,LEARNED_ANION,property,Cu:1|N:3|Zn:1,1
oxynitride,MF_P3,LEARNED_ANION,property,Cu:1|O:3|Re:1,1
oxynitride,MF_P3,LEARNED_ANION,property,Cu:1|O:3|Sr:1,1
oxynitride,MF_P3,LEARNED_ANION,property,Cu:1|O:3|Zn:1,1
oxynitride,MF_P3,LEARNED_ANION,property,Cu:1|O:3|Zr:1,1
oxynitride,MF_P3,LEARNED_ANION,property,Cu:2|O:3,1
oxynitride,MF_P3,LEARNED_ANION,property,Fe:1|In:1|N:3,1
oxynitride,MF_P3,LEARNED_ANION,property,Fe:1|N:3|Na:1,2
oxynitride,MF_P3,LEARNED_ANION,property,Fe:1|N:3|Re:1,1
oxynitride,MF_P3,LEARNED_ANION,property,Fe:1|N:3|Rh:1,1
oxynitride,MF_P3,LEARNED_ANION,property,Fe:1|N:3|Sb:1,1
oxynitride,MF_P3,LEARNED_ANION,property,Fe:1|N:3|Sc:1,1
oxynitride,MF_P3,LEARNED_ANION,property,Fe:1|N:3|Sr:1,1
oxynitride,MF_P3,LEARNED_ANION,property,Fe:1|N:3|Zn:1,1
oxynitride,MF_P3,LEARNED_ANION,property,Fe:1|O:3|Os:1,1
oxynitride,MF_P3,LEARNED_ANION,property,Fe:1|O:3|Sb:1,1
oxynitride,MF_P3,LEARNED_ANION,property,Fe:1|O:3|Ta:1,1
oxynitride,MF_P3,LEARNED_ANION,property,Fe:1|O:3|Ti:1,1
oxynitride,MF_P3,LEARNED_ANION,property,Ga:1|Ge:1|N:3,2
oxynitride,MF_P3,LEARNED_ANION,property,Ga:1|In:1|N:3,3
oxynitride,MF_P3,LEARNED_ANION,property,Ga:1|In:1|O:3,1
oxynitride,MF_P3,LEARNED_ANION,property,Ga:1|Ir:1|O:3,1
oxynitride,MF_P3,LEARNED_ANION,property,Ga:1|K:1|O:3,1
oxynitride,MF_P3,LEARNED_ANION,property,Ga:1|La:1|O:3,4
oxynitride,MF_P3,LEARNED_ANION,property,Ga:1|Li:1|O:3,7
oxynitride,MF_P3,LEARNED_ANION,property,Ga:1|Mg:1|N:3,2
oxynitride,MF_P3,LEARNED_ANION,property,Ga:1|Mg:1|O:3,3
oxynitride,MF_P3,LEARNED_ANION,property,Ga:1|N:3|Os:1,1
oxynitride,MF_P3,LEARNED_ANION,property,Ga:1|N:3|Pd:1,1
oxynitride,MF_P3,LEARNED_ANION,property,Ga:1|N:3|Re:1,1
oxynitride,MF_P3,LEARNED_ANION,property,Ga:1|N:3|Ru:1,1
oxynitride,MF_P3,LEARNED_ANION,property,Ga:1|N:3|Sc:1,2
oxynitride,MF_P3,LEARNED_ANION,property,Ga:1|N:3|Ta:1,1
oxynitride,MF_P3,LEARNED_ANION,property,Ga:1|N:3|Tl:1,1
oxynitride,MF_P3,LEARNED_ANION,property,Ga:1|N:3|Y:1,1
oxynitride,MF_P3,LEARNED_ANION,property,Ga:1|Na:1|O:3,7
oxynitride,MF_P3,LEARNED_ANION,property,Ga:1|O:3|Sc:1,2
oxynitride,MF_P3,LEARNED_ANION,property,Ga:1|O:3|Sr:1,4
oxynitride,MF_P3,LEARNED_ANION,property,Ga:1|O:3|Tl:1,2
oxynitride,MF_P3,LEARNED_ANION,property,Ga:1|O:3|Y:1,2
oxynitride,MF_P3,LEARNED_ANION,property,Ga:1|O:3|Zr:1,2
oxynitride,MF_P3,LEARNED_ANION,property,Ga:2|O:3,2
oxynitride,MF_P3,LEARNED_ANION,property,Ge:1|In:1|O:3,1
oxynitride,MF_P3,LEARNED_ANION,property,Ge:1|K:1|O:3,1
oxynitride,MF_P3,LEARNED_ANION,property,Ge:1|La:1|O:3,4
oxynitride,MF_P3,LEARNED_ANION,property,Ge:1|N:3|Nb:1,2
oxynitride,MF_P3,LEARNED_ANION,property,Ge:1|N:3|Ni:1,1
oxynitride,MF_P3,LEARNED_ANION,property,Ge:1|N:3|Rb:1,1
oxynitride,MF_P3,LEARNED_ANION,property,Ge:1|N:3|Si:1,3
oxynitride,MF_P3,LEARNED_ANION,property,Ge:1|N:3|Sr:1,1
oxynitride,MF_P3,LEARNED_ANION,property,Ge:1|N:3|V:1,1
oxynitride,MF_P3,LEARNED_ANION,property,Ge:1|Na:1|O:3,1
oxynitride,MF_P3,LEARNED_ANION,property,Ge:1|O:3|Rb:1,1
oxynitride,MF_P3,LEARNED_ANION,property,Ge:1|O:3|Re:1,1
oxynitride,MF_P3,LEARNED_ANION,property,Ge:1|O:3|Sn:1,1
oxynitride,MF_P3,LEARNED_ANION,property,Ge:1|O:3|Sr:1,4
oxynitride,MF_P3,LEARNED_ANION,property,Ge:1|O:3|Tl:1,3
oxynitride,MF_P3,LEARNED_ANION,property,Hf:1|Hg:1|O:3,1
oxynitride,MF_P3,LEARNED_ANION,property,Hf:1|In:1|O:3,1
oxynitride,MF_P3,LEARNED_ANION,property,Hf:1|N:3|Ni:1,1
oxynitride,MF_P3,LEARNED_ANION,property,Hf:1|N:3|Rb:1,1
oxynitride,MF_P3,LEARNED_ANION,property,Hf:1|N:3|Re:1,1
oxynitride,MF_P3,LEARNED_ANION,property,Hf:1|N:3|Sb:1,1
oxynitride,MF_P3,LEARNED_ANION,property,Hf:1|N:3|Sn:1,1
oxynitride,MF_P3,LEARNED_ANION,property,Hf:1|N:3|Ta:1,1
oxynitride,MF_P3,LEARNED_ANION,property,Hf:1|N:3|Ti:1,1
oxynitride,MF_P3,LEARNED_ANION,property,Hf:1|O:3|Sn:1,1
oxynitride,MF_P3,LEARNED_ANION,property,Hf:2|O:3,1
oxynitride,MF_P3,LEARNED_ANION,property,Hg:1|In:1|O:3,1
oxynitride,MF_P3,LEARNED_ANION,property,Hg:1|Mg:1|N:3,1
oxynitride,MF_P3,LEARNED_ANION,property,Hg:1|Mn:1|N:3,2
oxynitride,MF_P3,LEARNED_ANION,property,Hg:1|N:3|Ni:1,2
oxynitride,MF_P3,LEARNED_ANION,property,Hg:1|N:3|Os:1,1
oxynitride,MF_P3,LEARNED_ANION,property,Hg:1|N:3|Rb:1,1
oxynitride,MF_P3,LEARNED_ANION,property,Hg:1|N:3|Ru:1,1
oxynitride,MF_P3,LEARNED_ANION,property,Hg:1|N:3|Sr:1,1
oxynitride,MF_P3,LEARNED_ANION,property,Hg:1|N:3|Y:1,1
oxynitride,MF_P3,LEARNED_ANION,property,Hg:1|O:3|Zr:1,1
oxynitride,MF_P3,LEARNED_ANION,property,In:1|K:1|O:3,1
oxynitride,MF_P3,LEARNED_ANION,property,In:1|La:1|O:3,3
oxynitride,MF_P3,LEARNED_ANION,property,In:1|Li:1|N:3,1
oxynitride,MF_P3,LEARNED_ANION,property,In:1|Li:1|O:3,3
oxynitride,MF_P3,LEARNED_ANION,property,In:1|Mg:1|N:3,1
oxynitride,MF_P3,LEARNED_ANION,property,In:1|Mn:1|N:3,1
oxynitride,MF_P3,LEARNED_ANION,property,In:1|N:3|Na:1,1
oxynitride,MF_P3,LEARNED_ANION,property,In:1|N:3|Nb:1,1
oxynitride,MF_P3,LEARNED_ANION,property,In:1|N:3|Os:1,1
oxynitride,MF_P3,LEARNED_ANION,property,In:1|N:3|Si:1,2
oxynitride,MF_P3,LEARNED_ANION,property,In:1|N:3|Sr:1,1
oxynitride,MF_P3,LEARNED_ANION,property,In:1|N:3|V:1,1
oxynitride,MF_P3,LEARNED_ANION,property,In:1|Na:1|O:3,4
oxynitride,MF_P3,LEARNED_ANION,property,In:1|O:3|Si:1,1
oxynitride,MF_P3,LEARNED_ANION,property,In:1|O:3|Sn:1,1
oxynitride,MF_P3,LEARNED_ANION,property,In:1|O:3|Sr:1,1
oxynitride,MF_P3,LEARNED_ANION,property,In:1|O:3|Y:1,2
oxynitride,MF_P3,LEARNED_ANION,property,In:1|O:3|Zn:1,1
oxynitride,MF_P3,LEARNED_ANION,property,In:1|O:3|Zr:1,1
oxynitride,MF_P3,LEARNED_ANION,property,Ir:1|K:1|N:3,1
oxynitride,MF_P3,LEARNED_ANION,property,Ir:1|K:1|O:3,1
oxynitride,MF_P3,LEARNED_ANION,property,Ir:1|Mg:1|O:3,1
oxynitride,MF_P3,LEARNED_ANION,property,Ir:1|Mn:1|N:3,1
oxynitride,MF_P3,LEARNED_ANION,property,Ir:1|N:3|Nb:1,1
oxynitride,MF_P3,LEARNED_ANION,property,Ir:1|N:3|Os:1,1
oxynitride,MF_P3,LEARNED_ANION,property,Ir:1|N:3|Pt:1,1
oxynitride,MF_P3,LEARNED_ANION,property,Ir:1|N:3|Rb:1,1
oxynitride,MF_P3,LEARNED_ANION,property,Ir:1|N:3|Ta:1,1
oxynitride,MF_P3,LEARNED_ANION,property,Ir:1|N:3|Ti:1,1
oxynitride,MF_P3,LEARNED_ANION,property,Ir:1|N:3|Tl:1,1
oxynitride,MF_P3,LEARNED_ANION,property,Ir:1|N:3|V:1,1
oxynitride,MF_P3,LEARNED_ANION,property,Ir:1|N:3|Zr:1,1
oxynitride,MF_P3,LEARNED_ANION,property,Ir:1|O:3|Rb:1,1
oxynitride,MF_P3,LEARNED_ANION,property,Ir:1|O:3|Sr:1,1
oxynitride,MF_P3,LEARNED_ANION,property,Ir:1|O:3|Ta:1,1
oxynitride,MF_P3,LEARNED_ANION,property,K:1|Mo:1|N:3,1
oxynitride,MF_P3,LEARNED_ANION,property,K:1|N:3|Pb:1,1
oxynitride,MF_P3,LEARNED_ANION,property,K:1|N:3|Sn:1,1
oxynitride,MF_P3,LEARNED_ANION,property,K:1|N:3|Te:1,1
oxynitride,MF_P3,LEARNED_ANION,property,K:1|N:3|Tl:1,1
oxynitride,MF_P3,LEARNED_ANION,property,K:1|N:3|V:1,1
oxynitride,MF_P3,LEARNED_ANION,property,K:1|Nb:1|O:3,1
oxynitride,MF_P3,LEARNED_ANION,property,K:1|O:3|Si:1,1
oxynitride,MF_P3,LEARNED_ANION,property,La:1|Li:1|O:3,1
oxynitride,MF_P3,LEARNED_ANION,property,La:1|Mn:1|O:3,1
oxynitride,MF_P3,LEARNED_ANION,property,La:1|Mo:1|N:3,1
oxynitride,MF_P3,LEARNED_ANION,property,La:1|N:3|Na:1,1
oxynitride,MF_P3,LEARNED_ANION,property,La:1|N:3|Nb:1,1
oxynitride,MF_P3,LEARNED_ANION,property,La:1|N:3|Os:1,1
oxynitride,MF_P3,LEARNED_ANION,property,La:1|N:3|Ti:1,1
oxynitride,MF_P3,LEARNED_ANION,property,La:1|N:3|Tl:1,1
oxynitride,MF_P3,LEARNED_ANION,property,La:1|N:3|Zn:1,1
oxynitride,MF_P3,LEARNED_ANION,property,La:1|O:3|Sc:1,1
oxynitride,MF_P3,LEARNED_ANION,property,La:1|O:3|Sn:1,3
oxynitride,MF_P3,LEARNED_ANION,property,La:1|O:3|V:1,1
oxynitride,MF_P3,LEARNED_ANION,property,La:1|O:3|W:1,2
oxynitride,MF_P3,LEARNED_ANION,property,La:1|O:3|Y:1,2
oxynitride,MF_P3,LEARNED_ANION,property,La:1|O:3|Zn:1,2
oxynitride,MF_P3,LEARNED_ANION,property,La:1|O:3|Zr:1,1
oxynitride,MF_P3,LEARNED_ANION,property,Li:1|Mg:1|O:3,3
oxynitride,MF_P3,LEARNED_ANION,property,Li:1|N:3|Os:1,1
oxynitride,MF_P3,LEARNED_ANION,property,Li:1|N:3|Rh:1,1
oxynitride,MF_P3,LEARNED_ANION,property,Li:1|N:3|Ru:1,1
oxynitride,MF_P3,LEARNED_ANION,property,Li:1|N:3|Te:1,1
oxynitride,MF_P3,LEARNED_ANION,property,Li:1|O:3|Os:1,2
oxynitride,MF_P3,LEARNED_ANION,property,Li:1|O:3|Sc:1,2
oxynitride,MF_P3,LEARNED_ANION,property,Li:1|O:3|Si:1,10
oxynitride,MF_P3,LEARNED_ANION,property,Li:1|O:3|Y:1,1
oxynitride,MF_P3,LEARNED_ANION,property,Mg:1|N:3|Re:1,1
oxynitride,MF_P3,LEARNED_ANION,property,Mg:1|N:3|Si:1,1
oxynitride,MF_P3,LEARNED_ANION,property,Mg:1|N:3|Sr:1,1
oxynitride,MF_P3,LEARNED_ANION,property,Mg:1|N:3|Te:1,1
oxynitride,MF_P3,LEARNED_ANION,property,Mg:1|N:3|V:1,1
oxynitride,MF_P3,LEARNED_ANION,property,Mg:1|O:3|Pb:1,1
oxynitride,MF_P3,LEARNED_ANION,property,Mg:1|O:3|Sb:1,1
oxynitride,MF_P3,LEARNED_ANION,property,Mg:1|O:3|Si:1,2
oxynitride,MF_P3,LEARNED_ANION,property,Mg:1|O:3|Sr:1,1
oxynitride,MF_P3,LEARNED_ANION,property,Mg:1|O:3|Ta:1,1
oxynitride,MF_P3,LEARNED_ANION,property,Mg:1|O:3|Zr:1,1
oxynitride,MF_P3,LEARNED_ANION,property,Mg:2|O:3,2
oxynitride,MF_P3,LEARNED_ANION,property,Mn:1|N:3|Os:1,2
oxynitride,MF_P3,LEARNED_ANION,property,Mn:1|N:3|Sb:1,1
oxynitride,MF_P3,LEARNED_ANION,property,Mn:1|N:3|Te:1,1
oxynitride,MF_P3,LEARNED_ANION,property,Mn:1|N:3|Tl:1,1
oxynitride,MF_P3,LEARNED_ANION,property,Mn:1|N:3|W:1,1
oxynitride,MF_P3,LEARNED_ANION,property,Mn:1|O:3|Sc:1,1
oxynitride,MF_P3,LEARNED_ANION,property,Mn:1|O:3|Y:1,1
oxynitride,MF_P3,LEARNED_ANION,property,Mo:1|N:3|Te:1,1
oxynitride,MF_P3,LEARNED_ANION,property,Mo:1|N:3|Tl:1,1
oxynitride,MF_P3,LEARNED_ANION,property,Mo:1|O:3|Pd:1,1
oxynitride,MF_P3,LEARNED_ANION,property,Mo:1|O:3|Sr:1,1
oxynitride,MF_P3,LEARNED_ANION,property,N:3|Na:1|Os:1,1
oxynitride,MF_P3,LEARNED_ANION,property,N:3|Na:1|Rh:1,1
oxynitride,MF_P3,LEARNED_ANION,property,N:3|Na:1|Zr:1,1
oxynitride,MF_P3,LEARNED_ANION,property,N:3|Nb:1|Os:1,1
oxynitride,MF_P3,LEARNED_ANION,property,N:3|Nb:1|Zn:1,1
oxynitride,MF_P3,LEARNED_ANION,property,N:3|Nb:2,1
oxynitride,MF_P3,LEARNED_ANION,property,N:3|Ni:1|Rb:1,1
oxynitride,MF_P3,LEARNED_ANION,property,N:3|Ni:1|Sr:1,1
oxynitride,MF_P3,LEARNED_ANION,property,N:3|Ni:1|Te:1,1
oxynitride,MF_P3,LEARNED_ANION,property,N:3|Ni:1|Tl:1,1
oxynitride,MF_P3,LEARNED_ANION,property,N:3|Ni:1|Zn:1,1
oxynitride,MF_P3,LEARNED_ANION,property,N:3|Ni:2,1
oxynitride,MF_P3,LEARNED_ANION,property,N:3|Os:1|Rb:1,1
oxynitride,MF_P3,LEARNED_ANION,property,N:3|Os:1|Sn:1,1
oxynitride,MF_P3,LEARNED_ANION,property,N:3|Os:1|Te:1,1
oxynitride,MF_P3,LEARNED_ANION,property,N:3|Os:2,1
oxynitride,MF_P3,LEARNED_ANION,property,N:3|Pb:1|Rb:1,1
oxynitride,MF_P3,LEARNED_ANION,property,N:3|Pb:1|Te:1,1
oxynitride,MF_P3,LEARNED_ANION,property,N:3|Pd:1|Re:1,1
oxynitride,MF_P3,LEARNED_ANION,property,N:3|Pd:1|Sr:1,1
oxynitride,MF_P3,LEARNED_ANION,property,N:3|Pd:1|Tl:1,1
oxynitride,MF_P3,LEARNED_ANION,property,N:3|Pd:1|Y:1,1
oxynitride,MF_P3,LEARNED_ANION,property,N:3|Rb:1|Re:1,1
oxynitride,MF_P3,LEARNED_ANION,property,N:3|Rb:1|Ru:1,2
oxynitride,MF_P3,LEARNED_ANION,property,N:3|Re:1|Rh:1,2
oxynitride,MF_P3,LEARNED_ANION,property,N:3|Re:1|Sc:1,1
oxynitride,MF_P3,LEARNED_ANION,property,N:3|Re:1|Si:1,1
oxynitride,MF_P3,LEARNED_ANION,property,N:3|Re:1|Ti:1,1
oxynitride,MF_P3,LEARNED_ANION,property,N:3|Rh:1|Sr:1,1
oxynitride,MF_P3,LEARNED_ANION,property,N:3|Rh:1|Ti:1,1
oxynitride,MF_P3,LEARNED_ANION,property,N:3|Rh:1|V:1,1
oxynitride,MF_P3,LEARNED_ANION,property,N:3|Rh:1|Y:1,1
oxynitride,MF_P3,LEARNED_ANION,property,N:3|Ru:1|Sc:1,1
oxynitride,MF_P3,LEARNED_ANION,property,N:3|Ru:1|Te:1,1
oxynitride,MF_P3,LEARNED_ANION,property,N:3|Ru:1|Ti:1,1
oxynitride,MF_P3,LEARNED_ANION,property,N:3|Ru:1|V:1,1
oxynitride,MF_P3,LEARNED_ANION,property,N:3|Ru:1|Zr:1,2
oxynitride,MF_P3,LEARNED_ANION,property,N:3|Ru:2,1
oxynitride,MF_P3,LEARNED_ANION,property,N:3|Sb:1|Ti:1,1
oxynitride,MF_P3,LEARNED_ANION,property,N:3|Sc:1|Tl:1,1
oxynitride,MF_P3,LEARNED_ANION,property,N:3|Sc:1|Y:1,1
oxynitride,MF_P3,LEARNED_ANION,property,N:3|Si:1|Sr:1,1
oxynitride,MF_P3,LEARNED_ANION,property,N:3|Si:1|Ta:1,1
oxynitride,MF_P3,LEARNED_ANION,property,N:3|Si:1|Te:1,2
oxynitride,MF_P3,LEARNED_ANION,property,N:3|Si:1|Ti:1,1
oxynitride,MF_P3,LEARNED_ANION,property,N:3|Sn:1|Y:1,2
oxynitride,MF_P3,LEARNED_ANION,property,N:3|Sn:1|Zr:1,1
oxynitride,MF_P3,LEARNED_ANION,property,N:3|Sn:2,2
oxynitride,MF_P3,LEARNED_ANION,property,N:3|Sr:1|Y:1,1
oxynitride,MF_P3,LEARNED_ANION,property,N:3|Ta:1|Tl:1,1
oxynitride,MF_P3,LEARNED_ANION,property,N:3|Te:1|Ti:1,1
oxynitride,MF_P3,LEARNED_ANION,property,N:3|Te:1|Tl:1,1
oxynitride,MF_P3,LEARNED_ANION,property,N:3|Te:1|V:1,1
oxynitride,MF_P3,LEARNED_ANION,property,N:3|Te:1|Zr:1,1
oxynitride,MF_P3,LEARNED_ANION,property,N:3|Ti:1|Zn:1,1
oxynitride,MF_P3,LEARNED_ANION,property,N:3|Tl:1|Y:1,1
oxynitride,MF_P3,LEARNED_ANION,property,N:3|V:1|Y:1,2
oxynitride,MF_P3,LEARNED_ANION,property,N:3|W:1|Zr:1,1
oxynitride,MF_P3,LEARNED_ANION,property,N:3|Zn:1|Zr:1,2
oxynitride,MF_P3,LEARNED_ANION,property,Na:1|O:3|Sc:1,1
oxynitride,MF_P3,LEARNED_ANION,property,Na:1|O:3|Sn:1,1
oxynitride,MF_P3,LEARNED_ANION,property,Ni:1|O:3|Rh:1,1
oxynitride,MF_P3,LEARNED_ANION,property,Ni:1|O:3|Sc:1,1
oxynitride,MF_P3,LEARNED_ANION,property,Ni:1|O:3|Ti:1,1
oxynitride,MF_P3,LEARNED_ANION,property,Ni:1|O:3|Tl:1,1
oxynitride,MF_P3,LEARNED_ANION,property,Ni:1|O:3|Y:1,1
oxynitride,MF_P3,LEARNED_ANION,property,O:3|Os:1|Rb:1,1
oxynitride,MF_P3,LEARNED_ANION,property,O:3|Os:1|Sr:1,1
oxynitride,MF_P3,LEARNED_ANION,property,O:3|Os:1|Tl:1,1
oxynitride,MF_P3,LEARNED_ANION,property,O:3|Pb:1|Sn:1,1
oxynitride,MF_P3,LEARNED_ANION,property,O:3|Pb:1|Zr:1,1
oxynitride,MF_P3,LEARNED_ANION,property,O:3|Pd:1|Sc:1,1
oxynitride,MF_P3,LEARNED_ANION,property,O:3|Pt:1|Rh:1,1
oxynitride,MF_P3,LEARNED_ANION,property,O:3|Rb:1|Te:1,1
oxynitride,MF_P3,LEARNED_ANION,property,O:3|Ru:1|Sr:1,1
oxynitride,MF_P3,LEARNED_ANION,property,O:3|Ru:1|Ti:1,1
oxynitride,MF_P3,LEARNED_ANION,property,O:3|Sb:1|Zr:1,1
oxynitride,MF_P3,LEARNED_ANION,property,O:3|Sc:1|Si:1,2
oxynitride,MF_P3,LEARNED_ANION,property,O:3|Sc:1|Sn:1,2
oxynitride,MF_P3,LEARNED_ANION,property,O:3|Sc:1|Y:1,1
oxynitride,MF_P3,LEARNED_ANION,property,O:3|Sc:1|Zn:1,1
oxynitride,MF_P3,LEARNED_ANION,property,O:3|Sc:1|Zr:1,1
oxynitride,MF_P3,LEARNED_ANION,property,O:3|Sc:2,2
oxynitride,MF_P3,LEARNED_ANION,property,O:3|Si:1|Sr:1,1
oxynitride,MF_P3,LEARNED_ANION,property,O:3|Si:1|Y:1,4
oxynitride,MF_P3,LEARNED_ANION,property,O:3|Si:1|Zn:1,1
oxynitride,MF_P3,LEARNED_ANION,property,O:3|Si:1|Zr:1,1
oxynitride,MF_P3,LEARNED_ANION,property,O:3|Sn:1|Tl:1,2
oxynitride,MF_P3,LEARNED_ANION,property,O:3|Sn:1|V:1,1
oxynitride,MF_P3,LEARNED_ANION,property,O:3|Sn:1|Y:1,1
oxynitride,MF_P3,LEARNED_ANION,property,O:3|Sn:2,2
oxynitride,MF_P3,LEARNED_ANION,property,O:3|Sr:1|Ta:1,2
oxynitride,MF_P3,LEARNED_ANION,property,O:3|Sr:1|Te:1,2
oxynitride,MF_P3,LEARNED_ANION,property,O:3|Sr:1|Zr:1,1
oxynitride,MF_P3,LEARNED_ANION,property,O:3|Sr:2,1
oxynitride,MF_P3,LEARNED_ANION,property,O:3|Ta:1|Tl:1,1
oxynitride,MF_P3,LEARNED_ANION,property,O:3|Ta:1|V:1,1
oxynitride,MF_P3,LEARNED_ANION,property,O:3|Ti:2,1
oxynitride,MF_P3,LEARNED_ANION,property,O:3|Tl:1|Zr:1,1
oxynitride,MF_P3,LEARNED_ANION,property,O:3|Y:1|Zr:1,1
oxynitride,MF_P4,LEARNED_ANION,fixed_real,Cr:1|Cs:1|N:3,602
oxynitride,MF_P4,LEARNED_ANION,fixed_real,Cr:1|N:3|Rb:1,5
oxynitride,MF_P4,LEARNED_ANION,fixed_real,Cr:1|N:3|Ta:1,1
oxynitride,MF_P4,LEARNED_ANION,fixed_real,Cs:1|Fe:1|N:3,3
oxynitride,MF_P4,LEARNED_ANION,fixed_real,Cs:1|N:3|V:1,2
oxynitride,MF_P4,LEARNED_ANION,fixed_real,Cs:1|N:3|Zr:1,34
oxynitride,MF_P4,LEARNED_ANION,fixed_real,N:3|Rb:1|Zr:1,1
oxynitride,MF_P4,LEARNED_ANION,joint,Ag:1|Cr:1|N:1|O:2,2
oxynitride,MF_P4,LEARNED_ANION,joint,Ag:1|N:1|O:2|Zr:1,34
oxynitride,MF_P4,LEARNED_ANION,joint,Al:1|Hf:1|N:1|O:2,43
oxynitride,MF_P4,LEARNED_ANION,joint,Al:1|N:1|O:2|Zr:1,23
oxynitride,MF_P4,LEARNED_ANION,joint,Al:1|N:2|O:1|Ti:1,32
oxynitride,MF_P4,LEARNED_ANION,joint,Al:1|N:2|O:1|V:1,2
oxynitride,MF_P4,LEARNED_ANION,joint,Al:1|N:2|O:1|Zr:1,2
oxynitride,MF_P4,LEARNED_ANION,joint,As:1|Hf:1|N:2|O:1,2
oxynitride,MF_P4,LEARNED_ANION,joint,As:1|N:1|O:2|Sn:1,1
oxynitride,MF_P4,LEARNED_ANION,joint,Bi:1|Cr:1|N:1|O:2,17
oxynitride,MF_P4,LEARNED_ANION,joint,Bi:1|F:1|N:1|O:1|Zr:1,1
oxynitride,MF_P4,LEARNED_ANION,joint,Bi:1|Fe:1|N:1|O:2,2
oxynitride,MF_P4,LEARNED_ANION,joint,Bi:1|Ga:1|N:1|O:2,22
oxynitride,MF_P4,LEARNED_ANION,joint,Bi:1|N:1|O:2|Sn:1,2
oxynitride,MF_P4,LEARNED_ANION,joint,Bi:1|N:1|O:2|Zr:1,16
oxynitride,MF_P4,LEARNED_ANION,joint,Bi:1|N:2|Nb:1|O:1,37
oxynitride,MF_P4,LEARNED_ANION,joint,Bi:1|N:2|O:1|V:1,29
oxynitride,MF_P4,LEARNED_ANION,joint,Co:1|N:1|O:2|Os:1,29
oxynitride,MF_P4,LEARNED_ANION,joint,Co:1|N:1|O:2|Ru:1,2
oxynitride,MF_P4,LEARNED_ANION,joint,Cu:1|Ge:1|N:1|O:2,2
oxynitride,MF_P4,LEARNED_ANION,joint,Cu:1|N:2|Na:1|O:1,36
oxynitride,MF_P4,LEARNED_ANION,joint,F:1|Ge:1|N:1|O:1|Sn:1,2
oxynitride,MF_P4,LEARNED_ANION,joint,F:1|N:1|O:1|Sb:1|Sn:1,1
oxynitride,MF_P4,LEARNED_ANION,joint,F:1|N:1|O:1|Sc:1|Sn:1,2
oxynitride,MF_P4,LEARNED_ANION,joint,F:1|N:1|O:1|Sn:1|Te:1,1
oxynitride,MF_P4,LEARNED_ANION,joint,Fe:1|N:1|O:2|Os:1,6
oxynitride,MF_P4,LEARNED_ANION,joint,Ga:1|Ge:1|N:1|O:2,1
oxynitride,MF_P4,LEARNED_ANION,joint,Ga:1|N:1|O:2|Pd:1,1
oxynitride,MF_P4,LEARNED_ANION,joint,Ga:1|N:1|O:2|Sb:1,1
oxynitride,MF_P4,LEARNED_ANION,joint,Ga:1|N:1|O:2|Te:1,8
oxynitride,MF_P4,LEARNED_ANION,joint,Ga:1|N:2|Na:1|O:1,36
oxynitride,MF_P4,LEARNED_ANION,joint,Ge:1|N:1|O:2|Sn:1,9
oxynitride,MF_P4,LEARNED_ANION,joint,Ge:1|N:1|O:2|Zn:1,31
oxynitride,MF_P4,LEARNED_ANION,joint,Ge:1|N:2|O:1|Os:1,2
oxynitride,MF_P4,LEARNED_ANION,joint,Ge:2|N:1|O:2,1
oxynitride,MF_P4,LEARNED_ANION,joint,Hf:1|N:1|O:2|Te:1,1
oxynitride,MF_P4,LEARNED_ANION,joint,Hf:1|N:1|O:2|Ti:1,4
oxynitride,MF_P4,LEARNED_ANION,joint,Hf:1|N:2|O:1|Sb:1,4
oxynitride,MF_P4,LEARNED_ANION,joint,Hf:1|N:2|O:1|Te:1,29
oxynitride,MF_P4,LEARNED_ANION,joint,In:1|N:1|Ni:1|O:2,7
oxynitride,MF_P4,LEARNED_ANION,joint,In:1|N:1|O:2|Pt:1,28
oxynitride,MF_P4,LEARNED_ANION,joint,In:1|N:1|O:2|Rh:1,1
oxynitride,MF_P4,LEARNED_ANION,joint,N:1|Ni:1|O:2|Zn:1,2
oxynitride,MF_P4,LEARNED_ANION,joint,N:1|O:2|Os:1|Zr:1,1
oxynitride,MF_P4,LEARNED_ANION,joint,N:1|O:2|Pd:1|Sn:1,1
oxynitride,MF_P4,LEARNED_ANION,joint,N:1|O:2|Ru:1|Zr:1,34
oxynitride,MF_P4,LEARNED_ANION,joint,N:1|O:2|Sc:1|Sn:1,6
oxynitride,MF_P4,LEARNED_ANION,joint,N:1|O:2|Sn:1|Te:1,14
oxynitride,MF_P4,LEARNED_ANION,joint,N:1|O:2|Ti:1|Zr:1,2
oxynitride,MF_P4,LEARNED_ANION,joint,N:2|O:1|Os:1|Sc:1,34
oxynitride,MF_P4,LEARNED_ANION,joint,N:2|O:1|Sn:1|V:1,6
oxynitride,MF_P4,LEARNED_ANION,joint,N:2|O:1|Ti:1|Zr:1,2
oxynitride,MF_P4,LEARNED_ANION,joint,N:2|O:1|V:1|Zr:1,34
oxynitride,MF_P4,LEARNED_ANION,property,Ag:1|F:1|N:1|O:1|Sc:1,1
oxynitride,MF_P4,LEARNED_ANION,property,Ag:1|F:1|N:2|Zn:1,1
oxynitride,MF_P4,LEARNED_ANION,property,Ag:1|F:1|O:1|S:1|Y:1,1
oxynitride,MF_P4,LEARNED_ANION,property,Ag:1|F:1|O:2|Sb:1,1
oxynitride,MF_P4,LEARNED_ANION,property,Ag:1|F:1|O:2|Si:1,1
oxynitride,MF_P4,LEARNED_ANION,property,Ag:1|Ge:1|O:3,1
oxynitride,MF_P4,LEARNED_ANION,property,Ag:1|N:1|O:2|Ru:1,1
oxynitride,MF_P4,LEARNED_ANION,property,Ag:1|N:2|O:1|Sc:1,1
oxynitride,MF_P4,LEARNED_ANION,property,Ag:1|N:2|O:1|Sr:1,1
oxynitride,MF_P4,LEARNED_ANION,property,Ag:1|N:3|Ni:1,1
oxynitride,MF_P4,LEARNED_ANION,property,Al:1|As:1|N:2|O:1,2
oxynitride,MF_P4,LEARNED_ANION,property,Al:1|Au:1|N:1|O:2,1
oxynitride,MF_P4,LEARNED_ANION,property,Al:1|Ba:1|N:1|O:2,1
oxynitride,MF_P4,LEARNED_ANION,property,Al:1|Ba:1|N:3,1
oxynitride,MF_P4,LEARNED_ANION,property,Al:1|Be:1|N:1|O:2,2
oxynitride,MF_P4,LEARNED_ANION,property,Al:1|Be:1|N:3,1
oxynitride,MF_P4,LEARNED_ANION,property,Al:1|Bi:1|N:1|O:2,1
oxynitride,MF_P4,LEARNED_ANION,property,Al:1|Cd:1|N:1|O:2,1
oxynitride,MF_P4,LEARNED_ANION,property,Al:1|Cd:1|O:3,1
oxynitride,MF_P4,LEARNED_ANION,property,Al:1|Co:1|N:3,1
oxynitride,MF_P4,LEARNED_ANION,property,Al:1|Cs:1|N:1|O:2,1
oxynitride,MF_P4,LEARNED_ANION,property,Al:1|F:1|Ga:1|N:1|O:1,1
oxynitride,MF_P4,LEARNED_ANION,property,Al:1|F:1|In:1|N:1|O:1,1
oxynitride,MF_P4,LEARNED_ANION,property,Al:1|F:1|Li:1|N:1|O:1,3
oxynitride,MF_P4,LEARNED_ANION,property,Al:1|F:1|Li:1|O:2,4
oxynitride,MF_P4,LEARNED_ANION,property,Al:1|F:1|N:1|Na:1|S:1,1
oxynitride,MF_P4,LEARNED_ANION,property,Al:1|F:1|N:1|O:1|Y:1,1
oxynitride,MF_P4,LEARNED_ANION,property,Al:1|F:1|Na:1|O:2,1
oxynitride,MF_P4,LEARNED_ANION,property,Al:1|F:1|O:2|Tl:1,1
oxynitride,MF_P4,LEARNED_ANION,property,Al:1|F:1|O:2|Y:1,1
oxynitride,MF_P4,LEARNED_ANION,property,Al:1|Ge:1|N:1|O:2,2
oxynitride,MF_P4,LEARNED_ANION,property,Al:1|In:1|N:2|O:1,2
oxynitride,MF_P4,LEARNED_ANION,property,Al:1|La:1|N:1|O:2,2
oxynitride,MF_P4,LEARNED_ANION,property,Al:1|Li:1|N:1|O:2,1
oxynitride,MF_P4,LEARNED_ANION,property,Al:1|Mg:1|N:1|O:2,1
oxynitride,MF_P4,LEARNED_ANION,property,Al:1|N:1|Nb:1|O:2,1
oxynitride,MF_P4,LEARNED_ANION,property,Al:1|N:2|O:1|Os:1,1
oxynitride,MF_P4,LEARNED_ANION,property,Al:1|N:2|O:1|Pt:1,1
oxynitride,MF_P4,LEARNED_ANION,property,Al:1|N:2|O:1|Re:1,1
oxynitride,MF_P4,LEARNED_ANION,property,Al:1|N:2|O:1|Te:1,2
oxynitride,MF_P4,LEARNED_ANION,property,Al:1|N:2|O:1|Zr:1,1
oxynitride,MF_P4,LEARNED_ANION,property,Al:1|N:3|Si:1,1
oxynitride,MF_P4,LEARNED_ANION,property,Al:1|N:3|Ta:1,1
oxynitride,MF_P4,LEARNED_ANION,property,Al:1|Na:1|O:3,1
oxynitride,MF_P4,LEARNED_ANION,property,Al:1|O:3|Y:1,1
oxynitride,MF_P4,LEARNED_ANION,property,Al:2|N:1|O:2,1
oxynitride,MF_P4,LEARNED_ANION,property,As:1|Bi:1|N:2|O:1,1
oxynitride,MF_P4,LEARNED_ANION,property,As:1|Ca:1|O:2|S:1,1
oxynitride,MF_P4,LEARNED_ANION,property,As:1|Cd:1|F:1|O:2,1
oxynitride,MF_P4,LEARNED_ANION,property,As:1|Cd:1|N:1|O:1|S:1,1
oxynitride,MF_P4,LEARNED_ANION,property,As:1|Cd:1|N:2|O:1,1
oxynitride,MF_P4,LEARNED_ANION,property,As:1|Cu:1|N:2|O:1,1
oxynitride,MF_P4,LEARNED_ANION,property,As:1|Cu:1|N:3,1
oxynitride,MF_P4,LEARNED_ANION,property,As:1|F:1|Hg:1|O:2,1
oxynitride,MF_P4,LEARNED_ANION,property,As:1|F:1|La:1|N:1|O:1,1
oxynitride,MF_P4,LEARNED_ANION,property,As:1|F:1|Li:1|O:2,1
oxynitride,MF_P4,LEARNED_ANION,property,As:1|F:1|N:1|O:1|Rb:1,1
oxynitride,MF_P4,LEARNED_ANION,property,As:1|F:1|N:1|O:1|Si:1,1
oxynitride,MF_P4,LEARNED_ANION,property,As:1|F:1|N:2|Na:1,1
oxynitride,MF_P4,LEARNED_ANION,property,As:1|In:1|N:3,1
oxynitride,MF_P4,LEARNED_ANION,property,As:1|K:1|N:3,1
oxynitride,MF_P4,LEARNED_ANION,property,As:1|Li:1|N:1|O:2,1
oxynitride,MF_P4,LEARNED_ANION,property,As:1|N:1|O:2|Sr:1,1
oxynitride,MF_P4,LEARNED_ANION,property,As:1|N:2|Nb:1|O:1,1
oxynitride,MF_P4,LEARNED_ANION,property,As:1|N:2|O:1|Ru:1,1
oxynitride,MF_P4,LEARNED_ANION,property,As:1|N:3|Y:1,1
oxynitride,MF_P4,LEARNED_ANION,property,As:1|O:3|Sr:1,2
oxynitride,MF_P4,LEARNED_ANION,property,Au:1|Ba:1|N:2|O:1,1
oxynitride,MF_P4,LEARNED_ANION,property,Au:1|Co:1|F:1|N:1|O:1,1
oxynitride,MF_P4,LEARNED_ANION,property,Au:1|Co:1|N:3,1
oxynitride,MF_P4,LEARNED_ANION,property,Au:1|Cu:1|N:2|S:1,1
oxynitride,MF_P4,LEARNED_ANION,property,Au:1|F:1|N:1|Na:1|O:1,1
oxynitride,MF_P4,LEARNED_ANION,property,Au:1|Hg:1|N:1|O:2,1
oxynitride,MF_P4,LEARNED_ANION,property,Au:1|N:2|O:1|Re:1,1
oxynitride,MF_P4,LEARNED_ANION,property,B:1|N:2|O:1|Sr:1,1
oxynitride,MF_P4,LEARNED_ANION,property,B:1|N:3|Si:1,1
oxynitride,MF_P4,LEARNED_ANION,property,Ba:1|Be:1|F:1|O:2,1
oxynitride,MF_P4,LEARNED_ANION,property,Ba:1|Co:1|N:2|O:1,1
oxynitride,MF_P4,LEARNED_ANION,property,Ba:1|Cr:1|N:2|O:1,1
oxynitride,MF_P4,LEARNED_ANION,property,Ba:1|F:1|Ga:1|N:1|O:1,1
oxynitride,MF_P4,LEARNED_ANION,property,Ba:1|F:1|Ga:1|O:2,2
oxynitride,MF_P4,LEARNED_ANION,property,Ba:1|F:1|Ge:1|N:1|O:1,2
oxynitride,MF_P4,LEARNED_ANION,property,Ba:1|F:1|N:1|O:1|Ru:1,1
oxynitride,MF_P4,LEARNED_ANION,property,Ba:1|F:1|N:1|O:1|Sb:1,1
oxynitride,MF_P4,LEARNED_ANION,property,Ba:1|F:1|N:2|Zn:1,1
oxynitride,MF_P4,LEARNED_ANION,property,Ba:1|F:1|Ni:1|O:2,1
oxynitride,MF_P4,LEARNED_ANION,property,Ba:1|F:1|O:2|Sn:1,3
oxynitride,MF_P4,LEARNED_ANION,property,Ba:1|F:1|O:2|Ta:1,1
oxynitride,MF_P4,LEARNED_ANION,property,Ba:1|F:1|O:2|Ti:1,1
oxynitride,MF_P4,LEARNED_ANION,property,Ba:1|F:1|O:2|Zn:1,1
oxynitride,MF_P4,LEARNED_ANION,property,Ba:1|Ge:1|N:3,1
oxynitride,MF_P4,LEARNED_ANION,property,Ba:1|Hf:1|N:2|O:1,1
oxynitride,MF_P4,LEARNED_ANION,property,Ba:1|Mn:1|N:2|O:1,1
oxynitride,MF_P4,LEARNED_ANION,property,Ba:1|N:2|O:1|Os:1,1
oxynitride,MF_P4,LEARNED_ANION,property,Ba:1|N:2|O:1|Y:1,2
oxynitride,MF_P4,LEARNED_ANION,property,Ba:1|N:2|Rh:1|S:1,1
oxynitride,MF_P4,LEARNED_ANION,property,Ba:1|N:3|Os:1,1
oxynitride,MF_P4,LEARNED_ANION,property,Ba:1|N:3|Ru:1,1
oxynitride,MF_P4,LEARNED_ANION,property,Ba:1|N:3|Si:1,1
oxynitride,MF_P4,LEARNED_ANION,property,Ba:1|N:3|Sn:1,1
oxynitride,MF_P4,LEARNED_ANION,property,Ba:1|N:3|Zr:1,1
oxynitride,MF_P4,LEARNED_ANION,property,Be:1|Bi:1|N:3,1
oxynitride,MF_P4,LEARNED_ANION,property,Be:1|Ca:1|F:1|O:2,1
oxynitride,MF_P4,LEARNED_ANION,property,Be:1|Co:1|N:2|O:1,1
oxynitride,MF_P4,LEARNED_ANION,property,Be:1|Cs:1|N:2|O:1,1
oxynitride,MF_P4,LEARNED_ANION,property,Be:1|F:1|La:1|O:2,1
oxynitride,MF_P4,LEARNED_ANION,property,Be:1|F:1|Li:1|N:1|O:1,1
oxynitride,MF_P4,LEARNED_ANION,property,Be:1|F:1|O:2|Sr:1,1
oxynitride,MF_P4,LEARNED_ANION,property,Be:1|F:1|O:2|Y:1,3
oxynitride,MF_P4,LEARNED_ANION,property,Be:1|K:1|N:3,1
oxynitride,MF_P4,LEARNED_ANION,property,Be:1|K:1|O:3,1
oxynitride,MF_P4,LEARNED_ANION,property,Be:1|La:1|N:3,1
oxynitride,MF_P4,LEARNED_ANION,property,Be:1|La:1|O:2|S:1,1
oxynitride,MF_P4,LEARNED_ANION,property,Be:1|Li:1|N:2|O:1,1
oxynitride,MF_P4,LEARNED_ANION,property,Be:1|Li:1|N:3,1
oxynitride,MF_P4,LEARNED_ANION,property,Be:1|Mg:1|O:3,1
oxynitride,MF_P4,LEARNED_ANION,property,Be:1|N:1|O:2|Os:1,1
oxynitride,MF_P4,LEARNED_ANION,property,Be:1|N:1|O:2|Si:1,1
oxynitride,MF_P4,LEARNED_ANION,property,Be:1|N:2|O:1|V:1,1
oxynitride,MF_P4,LEARNED_ANION,property,Be:1|N:2|Rb:1|S:1,1
oxynitride,MF_P4,LEARNED_ANION,property,Be:1|N:3|Ni:1,1
oxynitride,MF_P4,LEARNED_ANION,property,Be:1|N:3|Te:1,1
oxynitride,MF_P4,LEARNED_ANION,property,Be:1|O:3|Sc:1,1
oxynitride,MF_P4,LEARNED_ANION,property,Be:1|O:3|Y:1,1
oxynitride,MF_P4,LEARNED_ANION,property,Bi:1|Co:1|N:1|O:2,1
oxynitride,MF_P4,LEARNED_ANION,property,Bi:1|Co:1|N:2|O:1,1
oxynitride,MF_P4,LEARNED_ANION,property,Bi:1|F:1|La:1|O:1|S:1,1
oxynitride,MF_P4,LEARNED_ANION,property,Bi:1|F:1|N:2|Zr:1,1
oxynitride,MF_P4,LEARNED_ANION,property,Bi:1|F:1|O:2|Sr:1,1
oxynitride,MF_P4,LEARNED_ANION,property,Bi:1|F:1|O:2|Tl:1,1
oxynitride,MF_P4,LEARNED_ANION,property,Bi:1|Ge:1|N:1|O:1|S:1,1
oxynitride,MF_P4,LEARNED_ANION,property,Bi:1|In:1|N:3,1
oxynitride,MF_P4,LEARNED_ANION,property,Bi:1|K:1|N:3,1
oxynitride,MF_P4,LEARNED_ANION,property,Bi:1|Mn:1|N:3,1
oxynitride,MF_P4,LEARNED_ANION,property,Bi:1|N:1|Nb:1|O:2,1
oxynitride,MF_P4,LEARNED_ANION,property,Bi:1|N:2|O:1|Rb:1,1
oxynitride,MF_P4,LEARNED_ANION,property,Bi:1|N:2|O:1|Sc:1,1
oxynitride,MF_P4,LEARNED_ANION,property,Bi:1|N:2|O:1|Si:1,1
oxynitride,MF_P4,LEARNED_ANION,property,Bi:1|N:2|O:1|Y:1,1
oxynitride,MF_P4,LEARNED_ANION,property,Bi:1|O:3|Zn:1,1
oxynitride,MF_P4,LEARNED_ANION,property,Ca:1|Cd:1|F:1|O:1|S:1,1
oxynitride,MF_P4,LEARNED_ANION,property,Ca:1|Cu:1|N:3,1
oxynitride,MF_P4,LEARNED_ANION,property,Ca:1|F:1|Ga:1|N:1|O:1,3
oxynitride,MF_P4,LEARNED_ANION,property,Ca:1|F:1|Ga:1|O:2,1
oxynitride,MF_P4,LEARNED_ANION,property,Ca:1|F:1|Ge:1|N:1|O:1,1
oxynitride,MF_P4,LEARNED_ANION,property,Ca:1|F:1|Ge:1|O:2,1
oxynitride,MF_P4,LEARNED_ANION,property,Ca:1|F:1|In:1|O:2,1
oxynitride,MF_P4,LEARNED_ANION,property,Ca:1|F:1|N:1|O:1|Sb:1,1
oxynitride,MF_P4,LEARNED_ANION,property,Ca:1|F:1|N:1|O:1|Si:1,2
oxynitride,MF_P4,LEARNED_ANION,property,Ca:1|F:1|N:1|O:1|Sn:1,1
oxynitride,MF_P4,LEARNED_ANION,property,Ca:1|F:1|N:1|O:1|Zn:1,1
oxynitride,MF_P4,LEARNED_ANION,property,Ca:1|F:1|N:1|S:1|Si:1,1
oxynitride,MF_P4,LEARNED_ANION,property,Ca:1|F:1|O:2|Sn:1,1
oxynitride,MF_P4,LEARNED_ANION,property,Ca:1|F:1|O:2|Zr:1,1
oxynitride,MF_P4,LEARNED_ANION,property,Ca:1|Ga:1|N:2|O:1,1
oxynitride,MF_P4,LEARNED_ANION,property,Ca:1|Ga:1|O:3,1
oxynitride,MF_P4,LEARNED_ANION,property,Ca:1|Ge:1|N:3,1
oxynitride,MF_P4,LEARNED_ANION,property,Ca:1|Hf:1|N:3,1
oxynitride,MF_P4,LEARNED_ANION,property,Ca:1|Mn:1|N:2|O:1,1
oxynitride,MF_P4,LEARNED_ANION,property,Ca:1|N:1|O:2|Sb:1,1
oxynitride,MF_P4,LEARNED_ANION,property,Ca:1|N:1|O:2|Sc:1,1
oxynitride,MF_P4,LEARNED_ANION,property,Ca:1|N:1|O:2|Sn:1,1
oxynitride,MF_P4,LEARNED_ANION,property,Ca:1|N:1|O:2|Zn:1,1
oxynitride,MF_P4,LEARNED_ANION,property,Ca:1|N:2|O:1|Sb:1,1
oxynitride,MF_P4,LEARNED_ANION,property,Ca:1|N:2|O:1|Te:1,1
oxynitride,MF_P4,LEARNED_ANION,property,Ca:1|N:2|O:1|Tl:1,1
oxynitride,MF_P4,LEARNED_ANION,property,Ca:1|N:3|V:1,1
oxynitride,MF_P4,LEARNED_ANION,property,Ca:1|Ni:1|O:3,1
oxynitride,MF_P4,LEARNED_ANION,property,Ca:1|O:3|W:1,1
oxynitride,MF_P4,LEARNED_ANION,property,Cd:1|Cr:1|N:3,1
oxynitride,MF_P4,LEARNED_ANION,property,Cd:1|Cs:1|N:1|O:1|S:1,1
oxynitride,MF_P4,LEARNED_ANION,property,Cd:1|Cu:1|N:1|O:2,1
oxynitride,MF_P4,LEARNED_ANION,property,Cd:1|F:1|Ga:1|N:1|O:1,1
oxynitride,MF_P4,LEARNED_ANION,property,Cd:1|F:1|Ga:1|O:2,2
oxynitride,MF_P4,LEARNED_ANION,property,Cd:1|F:1|Hf:1|O:2,1
oxynitride,MF_P4,LEARNED_ANION,property,Cd:1|F:1|K:1|O:1|S:1,1
oxynitride,MF_P4,LEARNED_ANION,property,Cd:1|Fe:1|N:1|O:2,1
oxynitride,MF_P4,LEARNED_ANION,property,Cd:1|Ga:1|N:1|O:1|S:1,1
oxynitride,MF_P4,LEARNED_ANION,property,Cd:1|Ga:1|O:2|S:1,1
oxynitride,MF_P4,LEARNED_ANION,property,Cd:1|Ge:1|N:1|O:2,2
oxynitride,MF_P4,LEARNED_ANION,property,Cd:1|Hf:1|O:2|S:1,1
oxynitride,MF_P4,LEARNED_ANION,property,Cd:1|Hg:1|N:1|O:2,1
oxynitride,MF_P4,LEARNED_ANION,property,Cd:1|In:1|N:2|O:1,1
oxynitride,MF_P4,LEARNED_ANION,property,Cd:1|La:1|N:3,1
oxynitride,MF_P4,LEARNED_ANION,property,Cd:1|Mn:1|N:3,1
oxynitride,MF_P4,LEARNED_ANION,property,Cd:1|N:1|O:1|S:1|Ti:1,1
oxynitride,MF_P4,LEARNED_ANION,property,Cd:1|N:1|O:2|Sn:1,2
oxynitride,MF_P4,LEARNED_ANION,property,Cd:1|N:1|O:2|Zn:1,1
oxynitride,MF_P4,LEARNED_ANION,property,Cd:1|N:2|O:1|Sc:1,1
oxynitride,MF_P4,LEARNED_ANION,property,Cd:1|N:2|O:1|Sn:1,1
oxynitride,MF_P4,LEARNED_ANION,property,Cd:1|N:2|O:1|Sr:1,1
oxynitride,MF_P4,LEARNED_ANION,property,Cd:1|N:2|O:1|Ti:1,1
oxynitride,MF_P4,LEARNED_ANION,property,Cd:1|N:3|Ni:1,1
oxynitride,MF_P4,LEARNED_ANION,property,Cd:1|N:3|Rb:1,1
oxynitride,MF_P4,LEARNED_ANION,property,Cd:1|N:3|Ru:1,1
oxynitride,MF_P4,LEARNED_ANION,property,Cd:1|N:3|Sb:1,1
oxynitride,MF_P4,LEARNED_ANION,property,Cd:1|N:3|Si:1,1
oxynitride,MF_P4,LEARNED_ANION,property,Cd:1|O:2|Os:1|S:1,1
oxynitride,MF_P4,LEARNED_ANION,property,Co:1|Cu:1|N:3,1
oxynitride,MF_P4,LEARNED_ANION,property,Co:1|F:1|Hg:1|N:2,1
oxynitride,MF_P4,LEARNED_ANION,property,Co:1|Hf:1|N:1|O:2,1
oxynitride,MF_P4,LEARNED_ANION,property,Co:1|K:1|N:1|O:2,1
oxynitride,MF_P4,LEARNED_ANION,property,Co:1|La:1|N:1|O:2,1
oxynitride,MF_P4,LEARNED_ANION,property,Co:1|La:1|N:2|O:1,1
oxynitride,MF_P4,LEARNED_ANION,property,Co:1|Li:1|N:3,1
oxynitride,MF_P4,LEARNED_ANION,property,Co:1|N:1|O:2|Rb:1,1
oxynitride,MF_P4,LEARNED_ANION,property,Co:1|N:1|O:2|Y:1,1
oxynitride,MF_P4,LEARNED_ANION,property,Co:1|N:1|O:2|Zn:1,1
oxynitride,MF_P4,LEARNED_ANION,property,Co:1|N:2|O:1|Ru:1,2
oxynitride,MF_P4,LEARNED_ANION,property,Co:1|N:2|O:1|Tl:1,1
oxynitride,MF_P4,LEARNED_ANION,property,Co:1|N:2|O:1|Y:1,1
oxynitride,MF_P4,LEARNED_ANION,property,Co:1|N:3|Rh:1,1
oxynitride,MF_P4,LEARNED_ANION,property,Co:1|N:3|Sc:1,2
oxynitride,MF_P4,LEARNED_ANION,property,Co:2|N:2|O:1,1
oxynitride,MF_P4,LEARNED_ANION,property,Cr:1|Cs:1|N:1|O:2,1
oxynitride,MF_P4,LEARNED_ANION,property,Cr:1|Cs:1|N:2|O:1,1
oxynitride,MF_P4,LEARNED_ANION,property,Cr:1|Cs:1|N:3,1
oxynitride,MF_P4,LEARNED_ANION,property,Cr:1|F:1|K:1|N:1|O:1,1
oxynitride,MF_P4,LEARNED_ANION,property,Cr:1|F:1|N:1|O:1|Sr:1,1
oxynitride,MF_P4,LEARNED_ANION,property,Cr:1|F:1|N:1|O:1|Tl:1,1
oxynitride,MF_P4,LEARNED_ANION,property,Cr:1|F:1|O:2|Rb:1,1
oxynitride,MF_P4,LEARNED_ANION,property,Cr:1|In:1|N:3,1
oxynitride,MF_P4,LEARNED_ANION,property,Cr:1|Mn:1|N:2|O:1,1
oxynitride,MF_P4,LEARNED_ANION,property,Cr:1|N:1|O:2|Sn:1,1
oxynitride,MF_P4,LEARNED_ANION,property,Cr:1|N:2|Nb:1|O:1,1
oxynitride,MF_P4,LEARNED_ANION,property,Cs:1|Cu:1|N:1|O:1|S:1,1
oxynitride,MF_P4,LEARNED_ANION,property,Cs:1|Cu:1|N:1|O:2,2
oxynitride,MF_P4,LEARNED_ANION,property,Cs:1|F:1|In:1|O:2,1
oxynitride,MF_P4,LEARNED_ANION,property,Cs:1|F:1|N:1|O:1|Si:1,1
oxynitride,MF_P4,LEARNED_ANION,property,Cs:1|In:1|N:3,1
oxynitride,MF_P4,LEARNED_ANION,property,Cs:1|Mg:1|N:1|O:1|S:1,1
oxynitride,MF_P4,LEARNED_ANION,property,Cs:1|Mn:1|N:2|O:1,1
oxynitride,MF_P4,LEARNED_ANION,property,Cs:1|N:1|O:2|Re:1,1
oxynitride,MF_P4,LEARNED_ANION,property,Cs:1|N:2|O:1|Os:1,1
oxynitride,MF_P4,LEARNED_ANION,property,Cs:1|N:2|O:1|Pt:1,1
oxynitride,MF_P4,LEARNED_ANION,property,Cs:1|N:2|O:1|Ru:1,1
oxynitride,MF_P4,LEARNED_ANION,property,Cs:1|N:3|Sb:1,1
oxynitride,MF_P4,LEARNED_ANION,property,Cu:1|F:1|Fe:1|N:2,1
oxynitride,MF_P4,LEARNED_ANION,property,Cu:1|F:1|N:2|Sb:1,1
oxynitride,MF_P4,LEARNED_ANION,property,Cu:1|F:1|O:2|Zr:1,1
oxynitride,MF_P4,LEARNED_ANION,property,Cu:1|In:1|N:3,1
oxynitride,MF_P4,LEARNED_ANION,property,Cu:1|K:1|N:1|O:2,1
oxynitride,MF_P4,LEARNED_ANION,property,Cu:1|K:1|N:2|O:1,1
oxynitride,MF_P4,LEARNED_ANION,property,Cu:1|K:1|N:2|S:1,1
oxynitride,MF_P4,LEARNED_ANION,property,Cu:1|Li:1|N:3,1
oxynitride,MF_P4,LEARNED_ANION,property,Cu:1|Mg:1|N:2|O:1,1
oxynitride,MF_P4,LEARNED_ANION,property,Cu:1|N:1|Na:1|O:2,1
oxynitride,MF_P4,LEARNED_ANION,property,Cu:1|N:1|O:1|Re:1|S:1,1
oxynitride,MF_P4,LEARNED_ANION,property,Cu:1|N:1|O:2|Rh:1,1
oxynitride,MF_P4,LEARNED_ANION,property,Cu:1|N:1|O:2|Sc:1,1
oxynitride,MF_P4,LEARNED_ANION,property,Cu:1|N:1|O:2|Sn:1,1
oxynitride,MF_P4,LEARNED_ANION,property,Cu:1|N:2|Na:1|O:1,1
oxynitride,MF_P4,LEARNED_ANION,property,Cu:1|N:2|Ni:1|O:1,1
oxynitride,MF_P4,LEARNED_ANION,property,Cu:1|N:2|O:1|Rh:1,1
oxynitride,MF_P4,LEARNED_ANION,property,Cu:1|N:2|O:1|Sr:1,1
oxynitride,MF_P4,LEARNED_ANION,property,Cu:1|N:2|O:1|Te:1,1
oxynitride,MF_P4,LEARNED_ANION,property,Cu:1|N:2|O:1|Tl:1,1
oxynitride,MF_P4,LEARNED_ANION,property,Cu:1|N:3|Nb:1,1
oxynitride,MF_P4,LEARNED_ANION,property,Cu:1|N:3|Pt:1,1
oxynitride,MF_P4,LEARNED_ANION,property,Cu:1|N:3|Sc:1,1
oxynitride,MF_P4,LEARNED_ANION,property,Cu:1|N:3|Tl:1,1
oxynitride,MF_P4,LEARNED_ANION,property,Cu:1|N:3|Zn:1,1
oxynitride,MF_P4,LEARNED_ANION,property,Cu:1|O:2|S:1|Zn:1,1
oxynitride,MF_P4,LEARNED_ANION,property,Cu:1|O:3|Sr:1,1
oxynitride,MF_P4,LEARNED_ANION,property,Cu:2|N:1|O:2,1
oxynitride,MF_P4,LEARNED_ANION,property,F:1|Ga:1|In:1|N:1|O:1,1
oxynitride,MF_P4,LEARNED_ANION,property,F:1|Ga:1|La:1|O:2,1
oxynitride,MF_P4,LEARNED_ANION,property,F:1|Ga:1|Li:1|N:1|O:1,1
oxynitride,MF_P4,LEARNED_ANION,property,F:1|Ga:1|Li:1|O:2,6
oxynitride,MF_P4,LEARNED_ANION,property,F:1|Ga:1|Mg:1|O:2,2
oxynitride,MF_P4,LEARNED_ANION,property,F:1|Ga:1|N:1|Na:1|O:1,2
oxynitride,MF_P4,LEARNED_ANION,property,F:1|Ga:1|N:1|O:1|Sr:1,2
oxynitride,MF_P4,LEARNED_ANION,property,F:1|Ga:1|N:1|O:1|Y:1,1
oxynitride,MF_P4,LEARNED_ANION,property,F:1|Ga:1|Na:1|O:2,5
oxynitride,MF_P4,LEARNED_ANION,property,F:1|Ga:1|O:2|Tl:1,2
oxynitride,MF_P4,LEARNED_ANION,property,F:1|Ga:2|O:1|S:1,1
oxynitride,MF_P4,LEARNED_ANION,property,F:1|Ge:1|La:1|N:1|O:1,1
oxynitride,MF_P4,LEARNED_ANION,property,F:1|Ge:1|La:1|O:2,2
oxynitride,MF_P4,LEARNED_ANION,property,F:1|Ge:1|N:1|O:1|Rb:1,1
oxynitride,MF_P4,LEARNED_ANION,property,F:1|Ge:1|N:1|O:1|Tl:1,1
oxynitride,MF_P4,LEARNED_ANION,property,F:1|Ge:1|N:2|Si:1,1
oxynitride,MF_P4,LEARNED_ANION,property,F:1|Ge:1|Na:1|O:2,1
oxynitride,MF_P4,LEARNED_ANION,property,F:1|Ge:1|O:1|S:1|Sr:1,1
oxynitride,MF_P4,LEARNED_ANION,property,F:1|Ge:1|O:1|S:1|Tl:1,1
oxynitride,MF_P4,LEARNED_ANION,property,F:1|Ge:1|O:2|Sr:1,3
oxynitride,MF_P4,LEARNED_ANION,property,F:1|Hf:1|In:1|N:1|O:1,1
oxynitride,MF_P4,LEARNED_ANION,property,F:1|Hf:1|O:2|Sn:1,1
oxynitride,MF_P4,LEARNED_ANION,property,F:1|Hg:1|O:2|Zr:1,1
oxynitride,MF_P4,LEARNED_ANION,property,F:1|In:1|La:1|N:1|O:1,1
oxynitride,MF_P4,LEARNED_ANION,property,F:1|In:1|La:1|O:2,2
oxynitride,MF_P4,LEARNED_ANION,property,F:1|In:1|Li:1|N:1|O:1,1
oxynitride,MF_P4,LEARNED_ANION,property,F:1|In:1|N:1|O:1|Si:1,1
oxynitride,MF_P4,LEARNED_ANION,property,F:1|In:1|N:1|O:1|Sn:1,1
oxynitride,MF_P4,LEARNED_ANION,property,F:1|In:1|N:1|O:1|Sr:1,2
oxynitride,MF_P4,LEARNED_ANION,property,F:1|In:1|N:2|V:1,1
oxynitride,MF_P4,LEARNED_ANION,property,F:1|In:1|Na:1|O:2,3
oxynitride,MF_P4,LEARNED_ANION,property,F:1|Ir:1|K:1|O:2,1
oxynitride,MF_P4,LEARNED_ANION,property,F:1|Ir:1|N:2|Nb:1,1
oxynitride,MF_P4,LEARNED_ANION,property,F:1|Ir:1|O:2|Sr:1,1
oxynitride,MF_P4,LEARNED_ANION,property,F:1|La:1|Li:1|O:2,1
oxynitride,MF_P4,LEARNED_ANION,property,F:1|La:1|Mn:1|O:2,1
oxynitride,MF_P4,LEARNED_ANION,property,F:1|La:1|N:1|O:1|Sn:1,1
oxynitride,MF_P4,LEARNED_ANION,property,F:1|La:1|N:1|O:1|W:1,2
oxynitride,MF_P4,LEARNED_ANION,property,F:1|La:1|O:1|S:1|Zr:1,1
oxynitride,MF_P4,LEARNED_ANION,property,F:1|La:1|O:2|Y:1,1
oxynitride,MF_P4,LEARNED_ANION,property,F:1|La:1|O:2|Zn:1,2
oxynitride,MF_P4,LEARNED_ANION,property,F:1|Li:1|Mg:1|N:1|O:1,1
oxynitride,MF_P4,LEARNED_ANION,property,F:1|Li:1|Mg:1|O:2,2
oxynitride,MF_P4,LEARNED_ANION,property,F:1|Li:1|N:1|O:1|Sc:1,1
oxynitride,MF_P4,LEARNED_ANION,property,F:1|Li:1|N:1|O:1|Si:1,1
oxynitride,MF_P4,LEARNED_ANION,property,F:1|Li:1|N:2|Rh:1,1
oxynitride,MF_P4,LEARNED_ANION,property,F:1|Li:1|O:2|Sc:1,1
oxynitride,MF_P4,LEARNED_ANION,property,F:1|Li:1|O:2|Si:1,7
oxynitride,MF_P4,LEARNED_ANION,property,F:1|Li:1|O:2|Y:1,1
oxynitride,MF_P4,LEARNED_ANION,property,F:1|Mg:1|O:2|Si:1,1
oxynitride,MF_P4,LEARNED_ANION,property,F:1|Mg:1|O:2|Zr:1,1
oxynitride,MF_P4,LEARNED_ANION,property,F:1|Mg:2|O:2,1
oxynitride,MF_P4,LEARNED_ANION,property,F:1|Mn:1|O:2|Y:1,1
oxynitride,MF_P4,LEARNED_ANION,property,F:1|Mo:1|O:2|Sr:1,1
oxynitride,MF_P4,LEARNED_ANION,property,F:1|N:1|Na:1|O:1|Sc:1,1
oxynitride,MF_P4,LEARNED_ANION,property,F:1|N:1|Na:1|O:1|Sn:1,1
oxynitride,MF_P4,LEARNED_ANION,property,F:1|N:1|O:1|Rb:1|Re:1,1
oxynitride,MF_P4,LEARNED_ANION,property,F:1|N:1|O:1|Sc:1|Sn:1,1
oxynitride,MF_P4,LEARNED_ANION,property,F:1|N:1|O:1|Sc:1|Zr:1,1
oxynitride,MF_P4,LEARNED_ANION,property,F:1|N:1|O:1|Sc:2,1
oxynitride,MF_P4,LEARNED_ANION,property,F:1|N:1|O:1|Si:1|Y:1,1
oxynitride,MF_P4,LEARNED_ANION,property,F:1|N:1|O:1|Sn:1|Tl:1,2
oxynitride,MF_P4,LEARNED_ANION,property,F:1|N:1|O:1|Sn:1|Y:1,1
oxynitride,MF_P4,LEARNED_ANION,property,F:1|N:1|O:1|Sr:1|Ta:1,2
oxynitride,MF_P4,LEARNED_ANION,property,F:1|N:1|O:1|Tl:1|Zr:1,1
oxynitride,MF_P4,LEARNED_ANION,property,F:1|N:1|S:1|Sc:1|Si:1,1
oxynitride,MF_P4,LEARNED_ANION,property,F:1|N:2|Os:1|Sn:1,1
oxynitride,MF_P4,LEARNED_ANION,property,F:1|N:2|Re:1|Sc:1,1
oxynitride,MF_P4,LEARNED_ANION,property,F:1|N:2|Sb:1|Ti:1,1
oxynitride,MF_P4,LEARNED_ANION,property,F:1|N:2|Sb:1|Zr:1,1
oxynitride,MF_P4,LEARNED_ANION,property,F:1|N:2|Sn:1|Y:1,1
oxynitride,MF_P4,LEARNED_ANION,property,F:1|N:2|Sn:2,1
oxynitride,MF_P4,LEARNED_ANION,property,F:1|N:2|Zn:1|Zr:1,1
oxynitride,MF_P4,LEARNED_ANION,property,F:1|Ni:1|O:2|Sc:1,1
oxynitride,MF_P4,LEARNED_ANION,property,F:1|O:2|Rb:1|Te:1,1
oxynitride,MF_P4,LEARNED_ANION,property,F:1|O:2|Ru:1|Sr:1,1
oxynitride,MF_P4,LEARNED_ANION,property,F:1|O:2|Sc:1|Y:1,1
oxynitride,MF_P4,LEARNED_ANION,property,F:1|O:2|Si:1|Y:1,2
oxynitride,MF_P4,LEARNED_ANION,property,F:1|O:2|Sn:1|V:1,1
oxynitride,MF_P4,LEARNED_ANION,property,F:1|O:2|Sr:1|Te:1,1
oxynitride,MF_P4,LEARNED_ANION,property,F:1|O:2|Sr:1|Zr:1,1
oxynitride,MF_P4,LEARNED_ANION,property,F:1|O:2|Ta:1|Tl:1,1
oxynitride,MF_P4,LEARNED_ANION,property,F:1|O:2|Y:1|Zr:1,1
oxynitride,MF_P4,LEARNED_ANION,property,Fe:1|In:1|N:2|O:1,1
oxynitride,MF_P4,LEARNED_ANION,property,Fe:1|N:1|O:1|Os:1|S:1,1
oxynitride,MF_P4,LEARNED_ANION,property,Fe:1|N:1|O:1|S:1|Sb:1,1
oxynitride,MF_P4,LEARNED_ANION,property,Fe:1|N:1|O:2|Sc:1,1
oxynitride,MF_P4,LEARNED_ANION,property,Fe:1|N:1|O:2|Ta:1,1
oxynitride,MF_P4,LEARNED_ANION,property,Fe:1|N:1|O:2|Zn:1,1
oxynitride,MF_P4,LEARNED_ANION,property,Fe:1|N:2|Na:1|O:1,1
oxynitride,MF_P4,LEARNED_ANION,property,Fe:1|N:2|O:1|Re:1,1
oxynitride,MF_P4,LEARNED_ANION,property,Fe:1|N:2|O:1|Sb:1,1
oxynitride,MF_P4,LEARNED_ANION,property,Fe:1|N:2|O:1|Sr:1,1
oxynitride,MF_P4,LEARNED_ANION,property,Fe:1|N:2|S:1|Ti:1,1
oxynitride,MF_P4,LEARNED_ANION,property,Fe:1|N:3|Na:1,1
oxynitride,MF_P4,LEARNED_ANION,property,Fe:1|N:3|Rh:1,1
oxynitride,MF_P4,LEARNED_ANION,property,Ga:1|Ge:1|N:1|O:2,1
oxynitride,MF_P4,LEARNED_ANION,property,Ga:1|Ge:1|N:2|O:1,1
oxynitride,MF_P4,LEARNED_ANION,property,Ga:1|In:1|N:1|O:1|S:1,1
oxynitride,MF_P4,LEARNED_ANION,property,Ga:1|In:1|N:2|O:1,1
oxynitride,MF_P4,LEARNED_ANION,property,Ga:1|In:1|N:3,1
oxynitride,MF_P4,LEARNED_ANION,property,Ga:1|Ir:1|N:1|O:2,1
oxynitride,MF_P4,LEARNED_ANION,property,Ga:1|K:1|N:1|O:1|S:1,1
oxynitride,MF_P4,LEARNED_ANION,property,Ga:1|La:1|N:2|O:1,1
oxynitride,MF_P4,LEARNED_ANION,property,Ga:1|La:1|O:3,2
oxynitride,MF_P4,LEARNED_ANION,property,Ga:1|Mg:1|N:1|O:2,2
oxynitride,MF_P4,LEARNED_ANION,property,Ga:1|Mg:1|N:2|O:1,1
oxynitride,MF_P4,LEARNED_ANION,property,Ga:1|N:1|O:2|Sc:1,3
oxynitride,MF_P4,LEARNED_ANION,property,Ga:1|N:1|O:2|Sr:1,2
oxynitride,MF_P4,LEARNED_ANION,property,Ga:1|N:1|O:2|Tl:1,1
oxynitride,MF_P4,LEARNED_ANION,property,Ga:1|N:1|O:2|Zr:1,1
oxynitride,MF_P4,LEARNED_ANION,property,Ga:1|N:2|O:1|Os:1,1
oxynitride,MF_P4,LEARNED_ANION,property,Ga:1|N:2|O:1|Pd:1,1
oxynitride,MF_P4,LEARNED_ANION,property,Ga:1|N:2|O:1|Sc:1,1
oxynitride,MF_P4,LEARNED_ANION,property,Ga:1|N:2|O:1|Y:1,1
oxynitride,MF_P4,LEARNED_ANION,property,Ga:1|N:2|Ru:1|S:1,1
oxynitride,MF_P4,LEARNED_ANION,property,Ga:1|N:3|Re:1,1
oxynitride,MF_P4,LEARNED_ANION,property,Ga:1|N:3|Ta:1,1
oxynitride,MF_P4,LEARNED_ANION,property,Ga:1|O:3|Y:1,1
oxynitride,MF_P4,LEARNED_ANION,property,Ga:1|O:3|Zr:1,1
oxynitride,MF_P4,LEARNED_ANION,property,Ga:2|O:3,1
oxynitride,MF_P4,LEARNED_ANION,property,Ge:1|In:1|O:2|S:1,1
oxynitride,MF_P4,LEARNED_ANION,property,Ge:1|K:1|N:2|O:1,1
oxynitride,MF_P4,LEARNED_ANION,property,Ge:1|La:1|N:1|O:2,1
oxynitride,MF_P4,LEARNED_ANION,property,Ge:1|N:1|O:1|Rb:1|S:1,1
oxynitride,MF_P4,LEARNED_ANION,property,Ge:1|N:1|O:2|Si:1,1
oxynitride,MF_P4,LEARNED_ANION,property,Ge:1|N:1|O:2|Sn:1,1
oxynitride,MF_P4,LEARNED_ANION,property,Ge:1|N:1|O:2|Tl:1,1
oxynitride,MF_P4,LEARNED_ANION,property,Ge:1|N:1|O:2|V:1,1
oxynitride,MF_P4,LEARNED_ANION,property,Ge:1|N:2|Nb:1|O:1,1
oxynitride,MF_P4,LEARNED_ANION,property,Ge:1|N:2|Ni:1|O:1,1
oxynitride,MF_P4,LEARNED_ANION,property,Ge:1|N:2|O:1|Re:1,1
oxynitride,MF_P4,LEARNED_ANION,property,Ge:1|N:2|O:1|Sr:1,1
oxynitride,MF_P4,LEARNED_ANION,property,Ge:1|N:3|Nb:1,1
oxynitride,MF_P4,LEARNED_ANION,property,Ge:1|N:3|Si:1,1
oxynitride,MF_P4,LEARNED_ANION,property,Hf:1|Hg:1|O:2|S:1,1
oxynitride,MF_P4,LEARNED_ANION,property,Hf:1|N:1|O:2|Sb:1,1
oxynitride,MF_P4,LEARNED_ANION,property,Hf:1|N:1|O:2|Sn:1,1
oxynitride,MF_P4,LEARNED_ANION,property,Hf:1|N:2|O:1|Rb:1,1
oxynitride,MF_P4,LEARNED_ANION,property,Hf:1|N:3|Ni:1,1
oxynitride,MF_P4,LEARNED_ANION,property,Hf:1|N:3|Re:1,1
oxynitride,MF_P4,LEARNED_ANION,property,Hf:1|N:3|Ta:1,1
oxynitride,MF_P4,LEARNED_ANION,property,Hf:1|N:3|Ti:1,1
oxynitride,MF_P4,LEARNED_ANION,property,Hf:2|N:2|S:1,1
oxynitride,MF_P4,LEARNED_ANION,property,Hg:1|In:1|N:1|O:2,1
oxynitride,MF_P4,LEARNED_ANION,property,Hg:1|Mg:1|N:3,1
oxynitride,MF_P4,LEARNED_ANION,property,Hg:1|Mn:1|N:2|O:1,1
oxynitride,MF_P4,LEARNED_ANION,property,Hg:1|Mn:1|N:3,1
oxynitride,MF_P4,LEARNED_ANION,property,Hg:1|N:1|Ni:1|O:2,1
oxynitride,MF_P4,LEARNED_ANION,property,Hg:1|N:1|O:2|Os:1,1
oxynitride,MF_P4,LEARNED_ANION,property,Hg:1|N:1|O:2|Ru:1,1
oxynitride,MF_P4,LEARNED_ANION,property,Hg:1|N:1|O:2|Sr:1,1
oxynitride,MF_P4,LEARNED_ANION,property,Hg:1|N:1|O:2|Y:1,1
oxynitride,MF_P4,LEARNED_ANION,property,Hg:1|N:2|Ni:1|O:1,1
oxynitride,MF_P4,LEARNED_ANION,property,Hg:1|N:2|O:1|Rb:1,1
oxynitride,MF_P4,LEARNED_ANION,property,In:1|K:1|O:3,1
oxynitride,MF_P4,LEARNED_ANION,property,In:1|Li:1|N:1|O:2,1
oxynitride,MF_P4,LEARNED_ANION,property,In:1|Li:1|N:2|O:1,1
oxynitride,MF_P4,LEARNED_ANION,property,In:1|Li:1|O:3,1
oxynitride,MF_P4,LEARNED_ANION,property,In:1|Mg:1|N:2|O:1,1
oxynitride,MF_P4,LEARNED_ANION,property,In:1|Mn:1|N:3,1
oxynitride,MF_P4,LEARNED_ANION,property,In:1|N:1|Na:1|O:2,1
oxynitride,MF_P4,LEARNED_ANION,property,In:1|N:1|O:2|Si:1,1
oxynitride,MF_P4,LEARNED_ANION,property,In:1|N:1|O:2|Zn:1,1
oxynitride,MF_P4,LEARNED_ANION,property,In:1|N:2|Na:1|O:1,1
oxynitride,MF_P4,LEARNED_ANION,property,In:1|N:2|Nb:1|O:1,1
oxynitride,MF_P4,LEARNED_ANION,property,In:1|N:2|O:1|Os:1,1
oxynitride,MF_P4,LEARNED_ANION,property,In:1|N:2|O:1|Si:1,1
oxynitride,MF_P4,LEARNED_ANION,property,In:1|O:3|Y:1,2
oxynitride,MF_P4,LEARNED_ANION,property,In:1|O:3|Zr:1,1
oxynitride,MF_P4,LEARNED_ANION,property,Ir:1|K:1|N:3,1
oxynitride,MF_P4,LEARNED_ANION,property,Ir:1|Mg:1|N:1|O:2,1
oxynitride,MF_P4,LEARNED_ANION,property,Ir:1|Mn:1|N:3,1
oxynitride,MF_P4,LEARNED_ANION,property,Ir:1|N:1|O:2|Rb:1,1
oxynitride,MF_P4,LEARNED_ANION,property,Ir:1|N:1|O:2|V:1,1
oxynitride,MF_P4,LEARNED_ANION,property,Ir:1|N:2|O:1|Pt:1,1
oxynitride,MF_P4,LEARNED_ANION,property,Ir:1|N:2|O:1|Ti:1,1
oxynitride,MF_P4,LEARNED_ANION,property,Ir:1|N:2|O:1|Tl:1,1
oxynitride,MF_P4,LEARNED_ANION,property,Ir:1|N:2|O:1|Zr:1,1
oxynitride,MF_P4,LEARNED_ANION,property,Ir:1|N:2|Rb:1|S:1,1
oxynitride,MF_P4,LEARNED_ANION,property,Ir:1|N:3|Os:1,1
oxynitride,MF_P4,LEARNED_ANION,property,Ir:1|N:3|Ta:1,1
oxynitride,MF_P4,LEARNED_ANION,property,Ir:1|O:2|S:1|Ta:1,1
oxynitride,MF_P4,LEARNED_ANION,property,K:1|Mo:1|N:2|O:1,1
oxynitride,MF_P4,LEARNED_ANION,property,K:1|N:1|O:2|Pb:1,1
oxynitride,MF_P4,LEARNED_ANION,property,K:1|N:1|O:2|Te:1,1
oxynitride,MF_P4,LEARNED_ANION,property,K:1|N:2|Nb:1|O:1,1
oxynitride,MF_P4,LEARNED_ANION,property,K:1|N:2|O:1|Si:1,1
oxynitride,MF_P4,LEARNED_ANION,property,K:1|N:2|O:1|V:1,1
oxynitride,MF_P4,LEARNED_ANION,property,K:1|N:3|Sn:1,1
oxynitride,MF_P4,LEARNED_ANION,property,K:1|N:3|Tl:1,1
oxynitride,MF_P4,LEARNED_ANION,property,La:1|Mo:1|N:1|O:2,1
oxynitride,MF_P4,LEARNED_ANION,property,La:1|N:1|O:2|Sc:1,1
oxynitride,MF_P4,LEARNED_ANION,property,La:1|N:1|O:2|Sn:1,2
oxynitride,MF_P4,LEARNED_ANION,property,La:1|N:1|O:2|Zn:1,1
oxynitride,MF_P4,LEARNED_ANION,property,La:1|N:2|Na:1|O:1,1
oxynitride,MF_P4,LEARNED_ANION,property,La:1|N:2|O:1|Os:1,1
oxynitride,MF_P4,LEARNED_ANION,property,La:1|N:2|O:1|Ti:1,1
oxynitride,MF_P4,LEARNED_ANION,property,La:1|N:2|O:1|V:1,1
oxynitride,MF_P4,LEARNED_ANION,property,La:1|N:3|Nb:1,1
oxynitride,MF_P4,LEARNED_ANION,property,La:1|N:3|Tl:1,1
oxynitride,MF_P4,LEARNED_ANION,property,La:1|O:3|Y:1,1
oxynitride,MF_P4,LEARNED_ANION,property,Li:1|N:1|O:2|Os:1,1
oxynitride,MF_P4,LEARNED_ANION,property,Li:1|N:1|O:2|Si:1,1
oxynitride,MF_P4,LEARNED_ANION,property,Li:1|N:2|O:1|Os:1,1
oxynitride,MF_P4,LEARNED_ANION,property,Li:1|N:2|O:1|Ru:1,1
oxynitride,MF_P4,LEARNED_ANION,property,Li:1|N:3|Os:1,1
oxynitride,MF_P4,LEARNED_ANION,property,Li:1|N:3|Te:1,1
oxynitride,MF_P4,LEARNED_ANION,property,Li:1|O:3|Si:1,1
oxynitride,MF_P4,LEARNED_ANION,property,Mg:1|N:1|O:1|S:1|Te:1,1
oxynitride,MF_P4,LEARNED_ANION,property,Mg:1|N:1|O:2|Sb:1,1
oxynitride,MF_P4,LEARNED_ANION,property,Mg:1|N:2|O:1|Re:1,1
oxynitride,MF_P4,LEARNED_ANION,property,Mg:1|N:2|O:1|Si:1,1
oxynitride,MF_P4,LEARNED_ANION,property,Mg:1|N:2|O:1|Sr:1,1
oxynitride,MF_P4,LEARNED_ANION,property,Mg:1|N:2|O:1|V:1,1
oxynitride,MF_P4,LEARNED_ANION,property,Mg:1|N:3|Pb:1,1
oxynitride,MF_P4,LEARNED_ANION,property,Mg:1|O:2|S:1|Ta:1,1
oxynitride,MF_P4,LEARNED_ANION,property,Mg:1|O:3|Si:1,1
oxynitride,MF_P4,LEARNED_ANION,property,Mg:1|O:3|Sr:1,1
oxynitride,MF_P4,LEARNED_ANION,property,Mg:2|N:1|O:2,1
oxynitride,MF_P4,LEARNED_ANION,property,Mn:1|N:1|O:2|Os:1,1
oxynitride,MF_P4,LEARNED_ANION,property,Mn:1|N:1|O:2|Sb:1,1
oxynitride,MF_P4,LEARNED_ANION,property,Mn:1|N:1|O:2|Te:1,1
oxynitride,MF_P4,LEARNED_ANION,property,Mn:1|N:1|O:2|Tl:1,1
oxynitride,MF_P4,LEARNED_ANION,property,Mn:1|N:3|Os:1,1
oxynitride,MF_P4,LEARNED_ANION,property,Mn:1|N:3|W:1,1
oxynitride,MF_P4,LEARNED_ANION,property,Mn:1|O:3|Sc:1,1
oxynitride,MF_P4,LEARNED_ANION,property,Mo:1|N:1|O:2|Pd:1,1
oxynitride,MF_P4,LEARNED_ANION,property,Mo:1|N:2|O:1|Te:1,1
oxynitride,MF_P4,LEARNED_ANION,property,Mo:1|N:3|Tl:1,1
oxynitride,MF_P4,LEARNED_ANION,property,N:1|Na:1|O:2|Rh:1,1
oxynitride,MF_P4,LEARNED_ANION,property,N:1|Ni:1|O:2|Ti:1,1
oxynitride,MF_P4,LEARNED_ANION,property,N:1|Ni:1|O:2|Tl:1,1
oxynitride,MF_P4,LEARNED_ANION,property,N:1|O:1|Ru:1|S:1|Ti:1,1
oxynitride,MF_P4,LEARNED_ANION,property,N:1|O:1|S:1|Sc:2,1
oxynitride,MF_P4,LEARNED_ANION,property,N:1|O:2|Os:1|Rb:1,1
oxynitride,MF_P4,LEARNED_ANION,property,N:1|O:2|Os:1|Tl:1,1
oxynitride,MF_P4,LEARNED_ANION,property,N:1|O:2|Os:2,1
oxynitride,MF_P4,LEARNED_ANION,property,N:1|O:2|Pb:1|Te:1,1
oxynitride,MF_P4,LEARNED_ANION,property,N:1|O:2|Pd:1|Sr:1,1
oxynitride,MF_P4,LEARNED_ANION,property,N:1|O:2|Re:1|Si:1,1
oxynitride,MF_P4,LEARNED_ANION,property,N:1|O:2|Rh:1|V:1,1
oxynitride,MF_P4,LEARNED_ANION,property,N:1|O:2|Ru:1|Sc:1,1
oxynitride,MF_P4,LEARNED_ANION,property,N:1|O:2|Ru:1|Ti:1,1
oxynitride,MF_P4,LEARNED_ANION,property,N:1|O:2|Sc:1|Sn:1,1
oxynitride,MF_P4,LEARNED_ANION,property,N:1|O:2|Si:1|Sr:1,1
oxynitride,MF_P4,LEARNED_ANION,property,N:1|O:2|Si:1|Zr:1,1
oxynitride,MF_P4,LEARNED_ANION,property,N:1|O:2|Sn:1|Zr:1,1
oxynitride,MF_P4,LEARNED_ANION,property,N:1|O:2|Sn:2,2
oxynitride,MF_P4,LEARNED_ANION,property,N:1|O:2|Ta:1|V:1,1
oxynitride,MF_P4,LEARNED_ANION,property,N:1|O:2|Te:1|V:1,1
oxynitride,MF_P4,LEARNED_ANION,property,N:1|O:2|Ti:1|Zn:1,1
oxynitride,MF_P4,LEARNED_ANION,property,N:1|O:2|Tl:1|Y:1,1
oxynitride,MF_P4,LEARNED_ANION,property,N:2|Na:1|O:1|Zr:1,1
oxynitride,MF_P4,LEARNED_ANION,property,N:2|Nb:1|O:1|Os:1,1
oxynitride,MF_P4,LEARNED_ANION,property,N:2|Nb:1|O:1|Zn:1,1
oxynitride,MF_P4,LEARNED_ANION,property,N:2|Ni:1|O:1|Rb:1,1
oxynitride,MF_P4,LEARNED_ANION,property,N:2|Ni:1|O:1|Rh:1,1
oxynitride,MF_P4,LEARNED_ANION,property,N:2|Ni:1|O:1|Te:1,1
oxynitride,MF_P4,LEARNED_ANION,property,N:2|Ni:1|O:1|Y:1,1
oxynitride,MF_P4,LEARNED_ANION,property,N:2|Ni:1|O:1|Zn:1,1
oxynitride,MF_P4,LEARNED_ANION,property,N:2|Ni:2|O:1,1
oxynitride,MF_P4,LEARNED_ANION,property,N:2|O:1|Os:1|Rb:1,1
oxynitride,MF_P4,LEARNED_ANION,property,N:2|O:1|Os:1|Sr:1,1
oxynitride,MF_P4,LEARNED_ANION,property,N:2|O:1|Os:1|Te:1,1
oxynitride,MF_P4,LEARNED_ANION,property,N:2|O:1|Pd:1|Re:1,1
oxynitride,MF_P4,LEARNED_ANION,property,N:2|O:1|Pt:1|Rh:1,1
oxynitride,MF_P4,LEARNED_ANION,property,N:2|O:1|Rb:1|Ru:1,1
oxynitride,MF_P4,LEARNED_ANION,property,N:2|O:1|Re:1|Rh:1,1
oxynitride,MF_P4,LEARNED_ANION,property,N:2|O:1|Ru:1|Te:1,1
oxynitride,MF_P4,LEARNED_ANION,property,N:2|O:1|Ru:1|Zr:1,2
oxynitride,MF_P4,LEARNED_ANION,property,N:2|O:1|Ru:2,1
oxynitride,MF_P4,LEARNED_ANION,property,N:2|O:1|Si:1|Sr:1,1
oxynitride,MF_P4,LEARNED_ANION,property,N:2|O:1|Si:1|Ta:1,1
oxynitride,MF_P4,LEARNED_ANION,property,N:2|O:1|Si:1|Ti:1,1
oxynitride,MF_P4,LEARNED_ANION,property,N:2|O:1|Si:1|Y:1,1
oxynitride,MF_P4,LEARNED_ANION,property,N:2|O:1|Si:1|Zn:1,1
oxynitride,MF_P4,LEARNED_ANION,property,N:2|O:1|Sn:1|Y:1,1
oxynitride,MF_P4,LEARNED_ANION,property,N:2|O:1|Sr:1|Y:1,1
oxynitride,MF_P4,LEARNED_ANION,property,N:2|O:1|Ta:1|Tl:1,1
oxynitride,MF_P4,LEARNED_ANION,property,N:2|O:1|Te:1|Ti:1,1
oxynitride,MF_P4,LEARNED_ANION,property,N:2|O:1|Te:1|Zr:1,1
oxynitride,MF_P4,LEARNED_ANION,property,N:2|O:1|V:1|Y:1,2
oxynitride,MF_P4,LEARNED_ANION,property,N:2|O:1|Zn:1|Zr:1,1
oxynitride,MF_P4,LEARNED_ANION,property,N:2|Pd:1|S:1|Sc:1,1
oxynitride,MF_P4,LEARNED_ANION,property,N:2|S:1|Sr:2,1
oxynitride,MF_P4,LEARNED_ANION,property,N:2|S:1|Ti:2,1
oxynitride,MF_P4,LEARNED_ANION,property,N:3|Na:1|Os:1,1
oxynitride,MF_P4,LEARNED_ANION,property,N:3|Nb:2,1
oxynitride,MF_P4,LEARNED_ANION,property,N:3|Ni:1|Sr:1,1
oxynitride,MF_P4,LEARNED_ANION,property,N:3|Ni:1|Tl:1,1
oxynitride,MF_P4,LEARNED_ANION,property,N:3|Pb:1|Rb:1,1
oxynitride,MF_P4,LEARNED_ANION,property,N:3|Pd:1|Tl:1,1
oxynitride,MF_P4,LEARNED_ANION,property,N:3|Pd:1|Y:1,1
oxynitride,MF_P4,LEARNED_ANION,property,N:3|Rb:1|Ru:1,1
oxynitride,MF_P4,LEARNED_ANION,property,N:3|Re:1|Rh:1,1
oxynitride,MF_P4,LEARNED_ANION,property,N:3|Re:1|Ti:1,1
oxynitride,MF_P4,LEARNED_ANION,property,N:3|Rh:1|Ti:1,1
oxynitride,MF_P4,LEARNED_ANION,property,N:3|Rh:1|Y:1,1
oxynitride,MF_P4,LEARNED_ANION,property,N:3|Ru:1|V:1,1
oxynitride,MF_P4,LEARNED_ANION,property,N:3|Sc:1|Y:1,1
oxynitride,MF_P4,LEARNED_ANION,property,N:3|Si:1|Te:1,2
oxynitride,MF_P4,LEARNED_ANION,property,N:3|Sn:2,1
oxynitride,MF_P4,LEARNED_ANION,property,N:3|Te:1|Tl:1,1
oxynitride,MF_P4,LEARNED_ANION,property,N:3|W:1|Zr:1,1
oxynitride,MF_P4,LEARNED_ANION,property,O:2|S:1|Sc:1|Zn:1,1
oxynitride,MF_P4,LEARNED_ANION,property,O:3|Pb:1|Sn:1,1
oxynitride,MF_P4,LEARNED_ANION,property,O:3|Pb:1|Zr:1,1
oxynitride,MF_P4,LEARNED_ANION,property,O:3|Rh:1|Sr:1,1
oxynitride,MF_P4,LEARNED_ANION,property,O:3|Sc:1|Si:1,1
oxynitride,MF_P4,LEARNED_ANION,property,O:3|Sc:1|Tl:1,1
oxynitride,MF_P4,LEARNED_ANION,property,O:3|Sr:1|Te:1,1
