material_id,composition_group,latent_path,seed,resolved_target_seed,family,fixed_real_donor_id,fixed_control_same_as_recipient,fixed_control_family_mismatch,source_A,source_B,source_X,source_heat_provisional,source_gap_provisional,accepted,attempt_budget,attempts_used,constructed_count,attempt_source_AB_recovery_count,attempt_source_exact_composition_recovery_count,attempt_source_AB_recovery_rate,passed_source_AB_recovery_count,passed_source_AB_recovery_rate,sampled_A,sampled_B,sampled_X,source_A_recovered,source_B_recovered,source_AB_recovered,source_X_matches_forced_family,source_exact_composition_recovered,formula,structure_matcher_scale_false,structure_matcher_scale_true,structure_matcher_status,minimum_distance_angstrom,projected_lattice_a,ignored_raw_decoder_lattice_a,provisional_head_heat,provisional_head_gap,structure_signature,endpoint_matches_baseline,rejection_stage_counts,rejection_trace,matcher_structure_cluster
cmr_11dacddcba738021fcb7a8ad9b578f91,Cr:1|Cs:1|N:3,joint,0,1948311718,nitride,,,,Cs,Cr,N,1.840000033378601,0.0,False,12,12,0,0,0,0.0,0,0.0,,,,False,False,False,False,False,,False,False,invalid,,,3.95226788520813,1.8354103565216064,0.005299866199493408,,True,"{""charge_compatible_A"": 12}","[{""attempt"": 1, ""stage"": ""charge_compatible_A"", ""reason"": ""no compatible A species""}, {""attempt"": 2, ""stage"": ""charge_compatible_A"", ""reason"": ""no compatible A species""}, {""attempt"": 3, ""stage"": ""charge_compatible_A"", ""reason"": ""no compatible A species""}, {""attempt"": 4, ""stage"": ""charge_compatible_A"", ""reason"": ""no compatible A species""}, {""attempt"": 5, ""stage"": ""charge_compatible_A"", ""reason"": ""no compatible A species""}, {""attempt"": 6, ""stage"": ""charge_compatible_A"", ""reason"": ""no compatible A species""}, {""attempt"": 7, ""stage"": ""charge_compatible_A"", ""reason"": ""no compatible A species""}, {""attempt"": 8, ""stage"": ""charge_compatible_A"", ""reason"": ""no compatible A species""}, {""attempt"": 9, ""stage"": ""charge_compatible_A"", ""reason"": ""no compatible A species""}, {""attempt"": 10, ""stage"": ""charge_compatible_A"", ""reason"": ""no compatible A species""}, {""attempt"": 11, ""stage"": ""charge_compatible_A"", ""reason"": ""no compatible A species""}, {""attempt"": 12, ""stage"": ""charge_compatible_A"", ""reason"": ""no compatible A species""}]",
cmr_11dacddcba738021fcb7a8ad9b578f91,Cr:1|Cs:1|N:3,joint,1,173270119,nitride,,,,Cs,Cr,N,1.840000033378601,0.0,False,12,12,0,0,0,0.0,0,0.0,,,,False,False,False,False,False,,False,False,invalid,,,3.95226788520813,1.8354103565216064,0.005299866199493408,,True,"{""charge_compatible_A"": 12}","[{""attempt"": 1, ""stage"": ""charge_compatible_A"", ""reason"": ""no compatible A species""}, {""attempt"": 2, ""stage"": ""charge_compatible_A"", ""reason"": ""no compatible A species""}, {""attempt"": 3, ""stage"": ""charge_compatible_A"", ""reason"": ""no compatible A species""}, {""attempt"": 4, ""stage"": ""charge_compatible_A"", ""reason"": ""no compatible A species""}, {""attempt"": 5, ""stage"": ""charge_compatible_A"", ""reason"": ""no compatible A species""}, {""attempt"": 6, ""stage"": ""charge_compatible_A"", ""reason"": ""no compatible A species""}, {""attempt"": 7, ""stage"": ""charge_compatible_A"", ""reason"": ""no compatible A species""}, {""attempt"": 8, ""stage"": ""charge_compatible_A"", ""reason"": ""no compatible A species""}, {""attempt"": 9, ""stage"": ""charge_compatible_A"", ""reason"": ""no compatible A species""}, {""attempt"": 10, ""stage"": ""charge_compatible_A"", ""reason"": ""no compatible A species""}, {""attempt"": 11, ""stage"": ""charge_compatible_A"", ""reason"": ""no compatible A species""}, {""attempt"": 12, ""stage"": ""charge_compatible_A"", ""reason"": ""no compatible A species""}]",
cmr_11dacddcba738021fcb7a8ad9b578f91,Cr:1|Cs:1|N:3,joint,2,1395338148,nitride,,,,Cs,Cr,N,1.840000033378601,0.0,False,12,12,0,0,0,0.0,0,0.0,,,,False,False,False,False,False,,False,False,invalid,,,3.95226788520813,1.8354103565216064,0.005299866199493408,,True,"{""charge_compatible_A"": 12}","[{""attempt"": 1, ""stage"": ""charge_compatible_A"", ""reason"": ""no compatible A species""}, {""attempt"": 2, ""stage"": ""charge_compatible_A"", ""reason"": ""no compatible A species""}, {""attempt"": 3, ""stage"": ""charge_compatible_A"", ""reason"": ""no compatible A species""}, {""attempt"": 4, ""stage"": ""charge_compatible_A"", ""reason"": ""no compatible A species""}, {""attempt"": 5, ""stage"": ""charge_compatible_A"", ""reason"": ""no compatible A species""}, {""attempt"": 6, ""stage"": ""charge_compatible_A"", ""reason"": ""no compatible A species""}, {""attempt"": 7, ""stage"": ""charge_compatible_A"", ""reason"": ""no compatible A species""}, {""attempt"": 8, ""stage"": ""charge_compatible_A"", ""reason"": ""no compatible A species""}, {""attempt"": 9, ""stage"": ""charge_compatible_A"", ""reason"": ""no compatible A species""}, {""attempt"": 10, ""stage"": ""charge_compatible_A"", ""reason"": ""no compatible A species""}, {""attempt"": 11, ""stage"": ""charge_compatible_A"", ""reason"": ""no compatible A species""}, {""attempt"": 12, ""stage"": ""charge_compatible_A"", ""reason"": ""no compatible A species""}]",
cmr_11dacddcba738021fcb7a8ad9b578f91,Cr:1|Cs:1|N:3,fixed_real,0,1948311718,nitride,cmr_11dacddcba738021fcb7a8ad9b578f91,True,False,Cs,Cr,N,1.840000033378601,0.0,False,12,12,0,0,0,0.0,0,0.0,,,,False,False,False,False,False,,False,False,invalid,,,3.95226788520813,1.8354103565216064,0.005299866199493408,,True,"{""charge_compatible_A"": 12}","[{""attempt"": 1, ""stage"": ""charge_compatible_A"", ""reason"": ""no compatible A species""}, {""attempt"": 2, ""stage"": ""charge_compatible_A"", ""reason"": ""no compatible A species""}, {""attempt"": 3, ""stage"": ""charge_compatible_A"", ""reason"": ""no compatible A species""}, {""attempt"": 4, ""stage"": ""charge_compatible_A"", ""reason"": ""no compatible A species""}, {""attempt"": 5, ""stage"": ""charge_compatible_A"", ""reason"": ""no compatible A species""}, {""attempt"": 6, ""stage"": ""charge_compatible_A"", ""reason"": ""no compatible A species""}, {""attempt"": 7, ""stage"": ""charge_compatible_A"", ""reason"": ""no compatible A species""}, {""attempt"": 8, ""stage"": ""charge_compatible_A"", ""reason"": ""no compatible A species""}, {""attempt"": 9, ""stage"": ""charge_compatible_A"", ""reason"": ""no compatible A species""}, {""attempt"": 10, ""stage"": ""charge_compatible_A"", ""reason"": ""no compatible A species""}, {""attempt"": 11, ""stage"": ""charge_compatible_A"", ""reason"": ""no compatible A species""}, {""attempt"": 12, ""stage"": ""charge_compatible_A"", ""reason"": ""no compatible A species""}]",
cmr_11dacddcba738021fcb7a8ad9b578f91,Cr:1|Cs:1|N:3,fixed_real,1,173270119,nitride,cmr_11dacddcba738021fcb7a8ad9b578f91,True,False,Cs,Cr,N,1.840000033378601,0.0,False,12,12,0,0,0,0.0,0,0.0,,,,False,False,False,False,False,,False,False,invalid,,,3.95226788520813,1.8354103565216064,0.005299866199493408,,True,"{""charge_compatible_A"": 12}","[{""attempt"": 1, ""stage"": ""charge_compatible_A"", ""reason"": ""no compatible A species""}, {""attempt"": 2, ""stage"": ""charge_compatible_A"", ""reason"": ""no compatible A species""}, {""attempt"": 3, ""stage"": ""charge_compatible_A"", ""reason"": ""no compatible A species""}, {""attempt"": 4, ""stage"": ""charge_compatible_A"", ""reason"": ""no compatible A species""}, {""attempt"": 5, ""stage"": ""charge_compatible_A"", ""reason"": ""no compatible A species""}, {""attempt"": 6, ""stage"": ""charge_compatible_A"", ""reason"": ""no compatible A species""}, {""attempt"": 7, ""stage"": ""charge_compatible_A"", ""reason"": ""no compatible A species""}, {""attempt"": 8, ""stage"": ""charge_compatible_A"", ""reason"": ""no compatible A species""}, {""attempt"": 9, ""stage"": ""charge_compatible_A"", ""reason"": ""no compatible A species""}, {""attempt"": 10, ""stage"": ""charge_compatible_A"", ""reason"": ""no compatible A species""}, {""attempt"": 11, ""stage"": ""charge_compatible_A"", ""reason"": ""no compatible A species""}, {""attempt"": 12, ""stage"": ""charge_compatible_A"", ""reason"": ""no compatible A species""}]",
cmr_11dacddcba738021fcb7a8ad9b578f91,Cr:1|Cs:1|N:3,fixed_real,2,1395338148,nitride,cmr_11dacddcba738021fcb7a8ad9b578f91,True,False,Cs,Cr,N,1.840000033378601,0.0,False,12,12,0,0,0,0.0,0,0.0,,,,False,False,False,False,False,,False,False,invalid,,,3.95226788520813,1.8354103565216064,0.005299866199493408,,True,"{""charge_compatible_A"": 12}","[{""attempt"": 1, ""stage"": ""charge_compatible_A"", ""reason"": ""no compatible A species""}, {""attempt"": 2, ""stage"": ""charge_compatible_A"", ""reason"": ""no compatible A species""}, {""attempt"": 3, ""stage"": ""charge_compatible_A"", ""reason"": ""no compatible A species""}, {""attempt"": 4, ""stage"": ""charge_compatible_A"", ""reason"": ""no compatible A species""}, {""attempt"": 5, ""stage"": ""charge_compatible_A"", ""reason"": ""no compatible A species""}, {""attempt"": 6, ""stage"": ""charge_compatible_A"", ""reason"": ""no compatible A species""}, {""attempt"": 7, ""stage"": ""charge_compatible_A"", ""reason"": ""no compatible A species""}, {""attempt"": 8, ""stage"": ""charge_compatible_A"", ""reason"": ""no compatible A species""}, {""attempt"": 9, ""stage"": ""charge_compatible_A"", ""reason"": ""no compatible A species""}, {""attempt"": 10, ""stage"": ""charge_compatible_A"", ""reason"": ""no compatible A species""}, {""attempt"": 11, ""stage"": ""charge_compatible_A"", ""reason"": ""no compatible A species""}, {""attempt"": 12, ""stage"": ""charge_compatible_A"", ""reason"": ""no compatible A species""}]",
cmr_11dacddcba738021fcb7a8ad9b578f91,Cr:1|Cs:1|N:3,property,0,1948311718,nitride,,,,Cs,Cr,N,1.840000033378601,0.0,False,12,12,0,0,0,0.0,0,0.0,,,,False,False,False,False,False,,False,False,invalid,,,3.9499778747558594,1.839426875114441,0.0007335543632507324,,True,"{""charge_compatible_A"": 12}","[{""attempt"": 1, ""stage"": ""charge_compatible_A"", ""reason"": ""no compatible A species""}, {""attempt"": 2, ""stage"": ""charge_compatible_A"", ""reason"": ""no compatible A species""}, {""attempt"": 3, ""stage"": ""charge_compatible_A"", ""reason"": ""no compatible A species""}, {""attempt"": 4, ""stage"": ""charge_compatible_A"", ""reason"": ""no compatible A species""}, {""attempt"": 5, ""stage"": ""charge_compatible_A"", ""reason"": ""no compatible A species""}, {""attempt"": 6, ""stage"": ""charge_compatible_A"", ""reason"": ""no compatible A species""}, {""attempt"": 7, ""stage"": ""charge_compatible_A"", ""reason"": ""no compatible A species""}, {""attempt"": 8, ""stage"": ""charge_compatible_A"", ""reason"": ""no compatible A species""}, {""attempt"": 9, ""stage"": ""charge_compatible_A"", ""reason"": ""no compatible A species""}, {""attempt"": 10, ""stage"": ""charge_compatible_A"", ""reason"": ""no compatible A species""}, {""attempt"": 11, ""stage"": ""charge_compatible_A"", ""reason"": ""no compatible A species""}, {""attempt"": 12, ""stage"": ""charge_compatible_A"", ""reason"": ""no compatible A species""}]",
cmr_11dacddcba738021fcb7a8ad9b578f91,Cr:1|Cs:1|N:3,property,1,173270119,nitride,,,,Cs,Cr,N,1.840000033378601,0.0,False,12,12,0,0,0,0.0,0,0.0,,,,False,False,False,False,False,,False,False,invalid,,,3.9499778747558594,1.839426875114441,0.0007335543632507324,,True,"{""charge_compatible_A"": 12}","[{""attempt"": 1, ""stage"": ""charge_compatible_A"", ""reason"": ""no compatible A species""}, {""attempt"": 2, ""stage"": ""charge_compatible_A"", ""reason"": ""no compatible A species""}, {""attempt"": 3, ""stage"": ""charge_compatible_A"", ""reason"": ""no compatible A species""}, {""attempt"": 4, ""stage"": ""charge_compatible_A"", ""reason"": ""no compatible A species""}, {""attempt"": 5, ""stage"": ""charge_compatible_A"", ""reason"": ""no compatible A species""}, {""attempt"": 6, ""stage"": ""charge_compatible_A"", ""reason"": ""no compatible A species""}, {""attempt"": 7, ""stage"": ""charge_compatible_A"", ""reason"": ""no compatible A species""}, {""attempt"": 8, ""stage"": ""charge_compatible_A"", ""reason"": ""no compatible A species""}, {""attempt"": 9, ""stage"": ""charge_compatible_A"", ""reason"": ""no compatible A species""}, {""attempt"": 10, ""stage"": ""charge_compatible_A"", ""reason"": ""no compatible A species""}, {""attempt"": 11, ""stage"": ""charge_compatible_A"", ""reason"": ""no compatible A species""}, {""attempt"": 12, ""stage"": ""charge_compatible_A"", ""reason"": ""no compatible A species""}]",
cmr_11dacddcba738021fcb7a8ad9b578f91,Cr:1|Cs:1|N:3,property,2,1395338148,nitride,,,,Cs,Cr,N,1.840000033378601,0.0,False,12,12,0,0,0,0.0,0,0.0,,,,False,False,False,False,False,,False,False,invalid,,,3.9499778747558594,1.839426875114441,0.0007335543632507324,,True,"{""charge_compatible_A"": 12}","[{""attempt"": 1, ""stage"": ""charge_compatible_A"", ""reason"": ""no compatible A species""}, {""attempt"": 2, ""stage"": ""charge_compatible_A"", ""reason"": ""no compatible A species""}, {""attempt"": 3, ""stage"": ""charge_compatible_A"", ""reason"": ""no compatible A species""}, {""attempt"": 4, ""stage"": ""charge_compatible_A"", ""reason"": ""no compatible A species""}, {""attempt"": 5, ""stage"": ""charge_compatible_A"", ""reason"": ""no compatible A species""}, {""attempt"": 6, ""stage"": ""charge_compatible_A"", ""reason"": ""no compatible A species""}, {""attempt"": 7, ""stage"": ""charge_compatible_A"", ""reason"": ""no compatible A species""}, {""attempt"": 8, ""stage"": ""charge_compatible_A"", ""reason"": ""no compatible A species""}, {""attempt"": 9, ""stage"": ""charge_compatible_A"", ""reason"": ""no compatible A species""}, {""attempt"": 10, ""stage"": ""charge_compatible_A"", ""reason"": ""no compatible A species""}, {""attempt"": 11, ""stage"": ""charge_compatible_A"", ""reason"": ""no compatible A species""}, {""attempt"": 12, ""stage"": ""charge_compatible_A"", ""reason"": ""no compatible A species""}]",
cmr_11dacddcba738021fcb7a8ad9b578f91,Cr:1|Cs:1|N:3,crystal,0,1948311718,nitride,,,,Cs,Cr,N,1.840000033378601,0.0,False,12,12,0,0,0,0.0,0,0.0,,,,False,False,False,False,False,,False,False,invalid,,,3.9715425968170166,1.8429746627807617,1.707421064376831,,True,"{""charge_compatible_A"": 12}","[{""attempt"": 1, ""stage"": ""charge_compatible_A"", ""reason"": ""no compatible A species""}, {""attempt"": 2, ""stage"": ""charge_compatible_A"", ""reason"": ""no compatible A species""}, {""attempt"": 3, ""stage"": ""charge_compatible_A"", ""reason"": ""no compatible A species""}, {""attempt"": 4, ""stage"": ""charge_compatible_A"", ""reason"": ""no compatible A species""}, {""attempt"": 5, ""stage"": ""charge_compatible_A"", ""reason"": ""no compatible A species""}, {""attempt"": 6, ""stage"": ""charge_compatible_A"", ""reason"": ""no compatible A species""}, {""attempt"": 7, ""stage"": ""charge_compatible_A"", ""reason"": ""no compatible A species""}, {""attempt"": 8, ""stage"": ""charge_compatible_A"", ""reason"": ""no compatible A species""}, {""attempt"": 9, ""stage"": ""charge_compatible_A"", ""reason"": ""no compatible A species""}, {""attempt"": 10, ""stage"": ""charge_compatible_A"", ""reason"": ""no compatible A species""}, {""attempt"": 11, ""stage"": ""charge_compatible_A"", ""reason"": ""no compatible A species""}, {""attempt"": 12, ""stage"": ""charge_compatible_A"", ""reason"": ""no compatible A species""}]",
cmr_11dacddcba738021fcb7a8ad9b578f91,Cr:1|Cs:1|N:3,crystal,1,173270119,nitride,,,,Cs,Cr,N,1.840000033378601,0.0,False,12,12,0,0,0,0.0,0,0.0,,,,False,False,False,False,False,,False,False,invalid,,,3.9715425968170166,1.8429746627807617,1.707421064376831,,True,"{""charge_compatible_A"": 12}","[{""attempt"": 1, ""stage"": ""charge_compatible_A"", ""reason"": ""no compatible A species""}, {""attempt"": 2, ""stage"": ""charge_compatible_A"", ""reason"": ""no compatible A species""}, {""attempt"": 3, ""stage"": ""charge_compatible_A"", ""reason"": ""no compatible A species""}, {""attempt"": 4, ""stage"": ""charge_compatible_A"", ""reason"": ""no compatible A species""}, {""attempt"": 5, ""stage"": ""charge_compatible_A"", ""reason"": ""no compatible A species""}, {""attempt"": 6, ""stage"": ""charge_compatible_A"", ""reason"": ""no compatible A species""}, {""attempt"": 7, ""stage"": ""charge_compatible_A"", ""reason"": ""no compatible A species""}, {""attempt"": 8, ""stage"": ""charge_compatible_A"", ""reason"": ""no compatible A species""}, {""attempt"": 9, ""stage"": ""charge_compatible_A"", ""reason"": ""no compatible A species""}, {""attempt"": 10, ""stage"": ""charge_compatible_A"", ""reason"": ""no compatible A species""}, {""attempt"": 11, ""stage"": ""charge_compatible_A"", ""reason"": ""no compatible A species""}, {""attempt"": 12, ""stage"": ""charge_compatible_A"", ""reason"": ""no compatible A species""}]",
cmr_11dacddcba738021fcb7a8ad9b578f91,Cr:1|Cs:1|N:3,crystal,2,1395338148,nitride,,,,Cs,Cr,N,1.840000033378601,0.0,False,12,12,0,0,0,0.0,0,0.0,,,,False,False,False,False,False,,False,False,invalid,,,3.9715425968170166,1.8429746627807617,1.707421064376831,,True,"{""charge_compatible_A"": 12}","[{""attempt"": 1, ""stage"": ""charge_compatible_A"", ""reason"": ""no compatible A species""}, {""attempt"": 2, ""stage"": ""charge_compatible_A"", ""reason"": ""no compatible A species""}, {""attempt"": 3, ""stage"": ""charge_compatible_A"", ""reason"": ""no compatible A species""}, {""attempt"": 4, ""stage"": ""charge_compatible_A"", ""reason"": ""no compatible A species""}, {""attempt"": 5, ""stage"": ""charge_compatible_A"", ""reason"": ""no compatible A species""}, {""attempt"": 6, ""stage"": ""charge_compatible_A"", ""reason"": ""no compatible A species""}, {""attempt"": 7, ""stage"": ""charge_compatible_A"", ""reason"": ""no compatible A species""}, {""attempt"": 8, ""stage"": ""charge_compatible_A"", ""reason"": ""no compatible A species""}, {""attempt"": 9, ""stage"": ""charge_compatible_A"", ""reason"": ""no compatible A species""}, {""attempt"": 10, ""stage"": ""charge_compatible_A"", ""reason"": ""no compatible A species""}, {""attempt"": 11, ""stage"": ""charge_compatible_A"", ""reason"": ""no compatible A species""}, {""attempt"": 12, ""stage"": ""charge_compatible_A"", ""reason"": ""no compatible A species""}]",
cmr_11dacddcba738021fcb7a8ad9b578f91,Cr:1|Cs:1|N:3,joint_perturb_0p01,0,1948311718,nitride,,,,Cs,Cr,N,1.840000033378601,0.0,False,12,12,0,0,0,0.0,0,0.0,,,,False,False,False,False,False,,False,False,invalid,,,3.952310562133789,1.8435519933700562,0.006375491619110107,,True,"{""charge_compatible_A"": 12}","[{""attempt"": 1, ""stage"": ""charge_compatible_A"", ""reason"": ""no compatible A species""}, {""attempt"": 2, ""stage"": ""charge_compatible_A"", ""reason"": ""no compatible A species""}, {""attempt"": 3, ""stage"": ""charge_compatible_A"", ""reason"": ""no compatible A species""}, {""attempt"": 4, ""stage"": ""charge_compatible_A"", ""reason"": ""no compatible A species""}, {""attempt"": 5, ""stage"": ""charge_compatible_A"", ""reason"": ""no compatible A species""}, {""attempt"": 6, ""stage"": ""charge_compatible_A"", ""reason"": ""no compatible A species""}, {""attempt"": 7, ""stage"": ""charge_compatible_A"", ""reason"": ""no compatible A species""}, {""attempt"": 8, ""stage"": ""charge_compatible_A"", ""reason"": ""no compatible A species""}, {""attempt"": 9, ""stage"": ""charge_compatible_A"", ""reason"": ""no compatible A species""}, {""attempt"": 10, ""stage"": ""charge_compatible_A"", ""reason"": ""no compatible A species""}, {""attempt"": 11, ""stage"": ""charge_compatible_A"", ""reason"": ""no compatible A species""}, {""attempt"": 12, ""stage"": ""charge_compatible_A"", ""reason"": ""no compatible A species""}]",
cmr_11dacddcba738021fcb7a8ad9b578f91,Cr:1|Cs:1|N:3,joint_perturb_0p01,1,173270119,nitride,,,,Cs,Cr,N,1.840000033378601,0.0,False,12,12,0,0,0,0.0,0,0.0,,,,False,False,False,False,False,,False,False,invalid,,,3.952310562133789,1.8435519933700562,0.006375491619110107,,True,"{""charge_compatible_A"": 12}","[{""attempt"": 1, ""stage"": ""charge_compatible_A"", ""reason"": ""no compatible A species""}, {""attempt"": 2, ""stage"": ""charge_compatible_A"", ""reason"": ""no compatible A species""}, {""attempt"": 3, ""stage"": ""charge_compatible_A"", ""reason"": ""no compatible A species""}, {""attempt"": 4, ""stage"": ""charge_compatible_A"", ""reason"": ""no compatible A species""}, {""attempt"": 5, ""stage"": ""charge_compatible_A"", ""reason"": ""no compatible A species""}, {""attempt"": 6, ""stage"": ""charge_compatible_A"", ""reason"": ""no compatible A species""}, {""attempt"": 7, ""stage"": ""charge_compatible_A"", ""reason"": ""no compatible A species""}, {""attempt"": 8, ""stage"": ""charge_compatible_A"", ""reason"": ""no compatible A species""}, {""attempt"": 9, ""stage"": ""charge_compatible_A"", ""reason"": ""no compatible A species""}, {""attempt"": 10, ""stage"": ""charge_compatible_A"", ""reason"": ""no compatible A species""}, {""attempt"": 11, ""stage"": ""charge_compatible_A"", ""reason"": ""no compatible A species""}, {""attempt"": 12, ""stage"": ""charge_compatible_A"", ""reason"": ""no compatible A species""}]",
cmr_11dacddcba738021fcb7a8ad9b578f91,Cr:1|Cs:1|N:3,joint_perturb_0p01,2,1395338148,nitride,,,,Cs,Cr,N,1.840000033378601,0.0,False,12,12,0,0,0,0.0,0,0.0,,,,False,False,False,False,False,,False,False,invalid,,,3.952310562133789,1.8435519933700562,0.006375491619110107,,True,"{""charge_compatible_A"": 12}","[{""attempt"": 1, ""stage"": ""charge_compatible_A"", ""reason"": ""no compatible A species""}, {""attempt"": 2, ""stage"": ""charge_compatible_A"", ""reason"": ""no compatible A species""}, {""attempt"": 3, ""stage"": ""charge_compatible_A"", ""reason"": ""no compatible A species""}, {""attempt"": 4, ""stage"": ""charge_compatible_A"", ""reason"": ""no compatible A species""}, {""attempt"": 5, ""stage"": ""charge_compatible_A"", ""reason"": ""no compatible A species""}, {""attempt"": 6, ""stage"": ""charge_compatible_A"", ""reason"": ""no compatible A species""}, {""attempt"": 7, ""stage"": ""charge_compatible_A"", ""reason"": ""no compatible A species""}, {""attempt"": 8, ""stage"": ""charge_compatible_A"", ""reason"": ""no compatible A species""}, {""attempt"": 9, ""stage"": ""charge_compatible_A"", ""reason"": ""no compatible A species""}, {""attempt"": 10, ""stage"": ""charge_compatible_A"", ""reason"": ""no compatible A species""}, {""attempt"": 11, ""stage"": ""charge_compatible_A"", ""reason"": ""no compatible A species""}, {""attempt"": 12, ""stage"": ""charge_compatible_A"", ""reason"": ""no compatible A species""}]",
cmr_11dacddcba738021fcb7a8ad9b578f91,Cr:1|Cs:1|N:3,joint_perturb_0p05,0,1948311718,nitride,,,,Cs,Cr,N,1.840000033378601,0.0,False,12,12,0,0,0,0.0,0,0.0,,,,False,False,False,False,False,,False,False,invalid,,,3.952565908432007,1.8761186599731445,0.010677874088287354,,True,"{""charge_compatible_A"": 12}","[{""attempt"": 1, ""stage"": ""charge_compatible_A"", ""reason"": ""no compatible A species""}, {""attempt"": 2, ""stage"": ""charge_compatible_A"", ""reason"": ""no compatible A species""}, {""attempt"": 3, ""stage"": ""charge_compatible_A"", ""reason"": ""no compatible A species""}, {""attempt"": 4, ""stage"": ""charge_compatible_A"", ""reason"": ""no compatible A species""}, {""attempt"": 5, ""stage"": ""charge_compatible_A"", ""reason"": ""no compatible A species""}, {""attempt"": 6, ""stage"": ""charge_compatible_A"", ""reason"": ""no compatible A species""}, {""attempt"": 7, ""stage"": ""charge_compatible_A"", ""reason"": ""no compatible A species""}, {""attempt"": 8, ""stage"": ""charge_compatible_A"", ""reason"": ""no compatible A species""}, {""attempt"": 9, ""stage"": ""charge_compatible_A"", ""reason"": ""no compatible A species""}, {""attempt"": 10, ""stage"": ""charge_compatible_A"", ""reason"": ""no compatible A species""}, {""attempt"": 11, ""stage"": ""charge_compatible_A"", ""reason"": ""no compatible A species""}, {""attempt"": 12, ""stage"": ""charge_compatible_A"", ""reason"": ""no compatible A species""}]",
cmr_11dacddcba738021fcb7a8ad9b578f91,Cr:1|Cs:1|N:3,joint_perturb_0p05,1,173270119,nitride,,,,Cs,Cr,N,1.840000033378601,0.0,False,12,12,0,0,0,0.0,0,0.0,,,,False,False,False,False,False,,False,False,invalid,,,3.952565908432007,1.8761186599731445,0.010677874088287354,,True,"{""charge_compatible_A"": 12}","[{""attempt"": 1, ""stage"": ""charge_compatible_A"", ""reason"": ""no compatible A species""}, {""attempt"": 2, ""stage"": ""charge_compatible_A"", ""reason"": ""no compatible A species""}, {""attempt"": 3, ""stage"": ""charge_compatible_A"", ""reason"": ""no compatible A species""}, {""attempt"": 4, ""stage"": ""charge_compatible_A"", ""reason"": ""no compatible A species""}, {""attempt"": 5, ""stage"": ""charge_compatible_A"", ""reason"": ""no compatible A species""}, {""attempt"": 6, ""stage"": ""charge_compatible_A"", ""reason"": ""no compatible A species""}, {""attempt"": 7, ""stage"": ""charge_compatible_A"", ""reason"": ""no compatible A species""}, {""attempt"": 8, ""stage"": ""charge_compatible_A"", ""reason"": ""no compatible A species""}, {""attempt"": 9, ""stage"": ""charge_compatible_A"", ""reason"": ""no compatible A species""}, {""attempt"": 10, ""stage"": ""charge_compatible_A"", ""reason"": ""no compatible A species""}, {""attempt"": 11, ""stage"": ""charge_compatible_A"", ""reason"": ""no compatible A species""}, {""attempt"": 12, ""stage"": ""charge_compatible_A"", ""reason"": ""no compatible A species""}]",
cmr_11dacddcba738021fcb7a8ad9b578f91,Cr:1|Cs:1|N:3,joint_perturb_0p05,2,1395338148,nitride,,,,Cs,Cr,N,1.840000033378601,0.0,False,12,12,0,0,0,0.0,0,0.0,,,,False,False,False,False,False,,False,False,invalid,,,3.952565908432007,1.8761186599731445,0.010677874088287354,,True,"{""charge_compatible_A"": 12}","[{""attempt"": 1, ""stage"": ""charge_compatible_A"", ""reason"": ""no compatible A species""}, {""attempt"": 2, ""stage"": ""charge_compatible_A"", ""reason"": ""no compatible A species""}, {""attempt"": 3, ""stage"": ""charge_compatible_A"", ""reason"": ""no compatible A species""}, {""attempt"": 4, ""stage"": ""charge_compatible_A"", ""reason"": ""no compatible A species""}, {""attempt"": 5, ""stage"": ""charge_compatible_A"", ""reason"": ""no compatible A species""}, {""attempt"": 6, ""stage"": ""charge_compatible_A"", ""reason"": ""no compatible A species""}, {""attempt"": 7, ""stage"": ""charge_compatible_A"", ""reason"": ""no compatible A species""}, {""attempt"": 8, ""stage"": ""charge_compatible_A"", ""reason"": ""no compatible A species""}, {""attempt"": 9, ""stage"": ""charge_compatible_A"", ""reason"": ""no compatible A species""}, {""attempt"": 10, ""stage"": ""charge_compatible_A"", ""reason"": ""no compatible A species""}, {""attempt"": 11, ""stage"": ""charge_compatible_A"", ""reason"": ""no compatible A species""}, {""attempt"": 12, ""stage"": ""charge_compatible_A"", ""reason"": ""no compatible A species""}]",
cmr_1ec1f206bf87de79380756d894cc7bc2,K:1|O:3|W:1,joint,0,2035650738,oxide,,,,K,W,O,-0.3199999928474426,0.0,True,12,1,1,0,0,0.0,0,0.0,Ba,V,O,False,False,False,True,False,BaVO3,False,False,composition_incompatible,2.0374999999999996,4.075,3.9476728439331055,-0.28233182430267334,0.02554553747177124,bad93c37345ab06870c3d176ca5d7eb95ffe46d4,True,{},[],joint:0
cmr_1ec1f206bf87de79380756d894cc7bc2,K:1|O:3|W:1,joint,1,1252868659,oxide,,,,K,W,O,-0.3199999928474426,0.0,True,12,1,1,0,0,0.0,0,0.0,Ba,V,O,False,False,False,True,False,BaVO3,False,False,composition_incompatible,2.0374999999999996,4.075,3.9476728439331055,-0.28233182430267334,0.02554553747177124,bad93c37345ab06870c3d176ca5d7eb95ffe46d4,True,{},[],joint:0
cmr_1ec1f206bf87de79380756d894cc7bc2,K:1|O:3|W:1,joint,2,2111606377,oxide,,,,K,W,O,-0.3199999928474426,0.0,True,12,1,1,0,0,0.0,0,0.0,Ba,V,O,False,False,False,True,False,BaVO3,False,False,composition_incompatible,2.0374999999999996,4.075,3.9476728439331055,-0.28233182430267334,0.02554553747177124,bad93c37345ab06870c3d176ca5d7eb95ffe46d4,True,{},[],joint:0
cmr_1ec1f206bf87de79380756d894cc7bc2,K:1|O:3|W:1,fixed_real,0,2035650738,oxide,cmr_11dacddcba738021fcb7a8ad9b578f91,False,True,K,W,O,-0.3199999928474426,0.0,True,12,1,1,0,0,0.0,0,0.0,Ca,Ti,O,False,False,False,True,False,CaTiO3,False,False,composition_incompatible,2.111666666666667,4.223333333333334,3.95226788520813,1.8354103565216064,0.005299866199493408,869b6974300531619d19bd921b6a465232a0674a,True,{},[],fixed_real:0
cmr_1ec1f206bf87de79380756d894cc7bc2,K:1|O:3|W:1,fixed_real,1,1252868659,oxide,cmr_11dacddcba738021fcb7a8ad9b578f91,False,True,K,W,O,-0.3199999928474426,0.0,True,12,1,1,0,0,0.0,0,0.0,Ca,Ti,O,False,False,False,True,False,CaTiO3,False,False,composition_incompatible,2.111666666666667,4.223333333333334,3.95226788520813,1.8354103565216064,0.005299866199493408,869b6974300531619d19bd921b6a465232a0674a,True,{},[],fixed_real:0
cmr_1ec1f206bf87de79380756d894cc7bc2,K:1|O:3|W:1,fixed_real,2,2111606377,oxide,cmr_11dacddcba738021fcb7a8ad9b578f91,False,True,K,W,O,-0.3199999928474426,0.0,True,12,1,1,0,0,0.0,0,0.0,Ca,Ti,O,False,False,False,True,False,CaTiO3,False,False,composition_incompatible,2.111666666666667,4.223333333333334,3.95226788520813,1.8354103565216064,0.005299866199493408,869b6974300531619d19bd921b6a465232a0674a,True,{},[],fixed_real:0
cmr_1ec1f206bf87de79380756d894cc7bc2,K:1|O:3|W:1,property,0,2035650738,oxide,,,,K,W,O,-0.3199999928474426,0.0,True,12,1,1,0,0,0.0,0,0.0,Ba,Ge,O,False,False,False,True,False,BaGeO3,False,False,composition_incompatible,2.0300000000000002,4.0600000000000005,3.9471614360809326,-0.31891000270843506,0.005271464586257935,9632eb9ee1ec2b9f6af954d2e36b638340e022ba,True,{},[],property:0
cmr_1ec1f206bf87de79380756d894cc7bc2,K:1|O:3|W:1,property,1,1252868659,oxide,,,,K,W,O,-0.3199999928474426,0.0,True,12,1,1,0,0,0.0,0,0.0,Ba,Ge,O,False,False,False,True,False,BaGeO3,False,False,composition_incompatible,2.0300000000000002,4.0600000000000005,3.9471614360809326,-0.31891000270843506,0.005271464586257935,9632eb9ee1ec2b9f6af954d2e36b638340e022ba,True,{},[],property:0
cmr_1ec1f206bf87de79380756d894cc7bc2,K:1|O:3|W:1,property,2,2111606377,oxide,,,,K,W,O,-0.3199999928474426,0.0,True,12,1,1,0,0,0.0,0,0.0,Ba,Ge,O,False,False,False,True,False,BaGeO3,False,False,composition_incompatible,2.0300000000000002,4.0600000000000005,3.9471614360809326,-0.31891000270843506,0.005271464586257935,9632eb9ee1ec2b9f6af954d2e36b638340e022ba,True,{},[],property:0
cmr_1ec1f206bf87de79380756d894cc7bc2,K:1|O:3|W:1,crystal,0,2035650738,oxide,,,,K,W,O,-0.3199999928474426,0.0,True,12,5,5,0,0,0.0,0,0.0,Ba,V,O,False,False,False,True,False,BaVO3,False,False,composition_incompatible,2.0374999999999996,4.075,3.96124267578125,1.367258906364441,4.432642459869385,bad93c37345ab06870c3d176ca5d7eb95ffe46d4,True,"{""tolerance/mu"": 4}","[{""attempt"": 1, ""stage"": ""tolerance/mu"", ""reason"": ""t=0.78 outside [0.80,1.05]""}, {""attempt"": 2, ""stage"": ""tolerance/mu"", ""reason"": ""t=0.78 outside [0.80,1.05]""}, {""attempt"": 3, ""stage"": ""tolerance/mu"", ""reason"": ""t=0.78 outside [0.80,1.05]""}, {""attempt"": 4, ""stage"": ""tolerance/mu"", ""reason"": ""t=0.78 outside [0.80,1.05]""}]",crystal:0
cmr_1ec1f206bf87de79380756d894cc7bc2,K:1|O:3|W:1,crystal,1,1252868659,oxide,,,,K,W,O,-0.3199999928474426,0.0,True,12,2,2,0,0,0.0,0,0.0,Na,V,O,False,False,False,True,False,NaVO3,False,False,composition_incompatible,2.0374999999999996,4.075,3.96124267578125,1.367258906364441,4.432642459869385,e4a6012fa4704c5fb40f25c292e2f2781e8cb034,True,"{""tolerance/mu"": 1}","[{""attempt"": 1, ""stage"": ""tolerance/mu"", ""reason"": ""t=0.78 outside [0.80,1.05]""}]",crystal:1
cmr_1ec1f206bf87de79380756d894cc7bc2,K:1|O:3|W:1,crystal,2,2111606377,oxide,,,,K,W,O,-0.3199999928474426,0.0,True,12,4,4,0,0,0.0,0,0.0,Ba,V,O,False,False,False,True,False,BaVO3,False,False,composition_incompatible,2.0374999999999996,4.075,3.96124267578125,1.367258906364441,4.432642459869385,bad93c37345ab06870c3d176ca5d7eb95ffe46d4,True,"{""tolerance/mu"": 3}","[{""attempt"": 1, ""stage"": ""tolerance/mu"", ""reason"": ""t=0.78 outside [0.80,1.05]""}, {""attempt"": 2, ""stage"": ""tolerance/mu"", ""reason"": ""t=0.78 outside [0.80,1.05]""}, {""attempt"": 3, ""stage"": ""tolerance/mu"", ""reason"": ""t=0.78 outside [0.80,1.05]""}]",crystal:0
cmr_1ec1f206bf87de79380756d894cc7bc2,K:1|O:3|W:1,joint_perturb_0p01,0,2035650738,oxide,,,,K,W,O,-0.3199999928474426,0.0,True,12,1,1,0,0,0.0,0,0.0,Ba,V,O,False,False,False,True,False,BaVO3,False,False,composition_incompatible,2.0374999999999996,4.075,3.947873830795288,-0.2997668981552124,0.005622208118438721,bad93c37345ab06870c3d176ca5d7eb95ffe46d4,True,{},[],joint_perturb_0p01:0
cmr_1ec1f206bf87de79380756d894cc7bc2,K:1|O:3|W:1,joint_perturb_0p01,1,1252868659,oxide,,,,K,W,O,-0.3199999928474426,0.0,True,12,1,1,0,0,0.0,0,0.0,Ba,V,O,False,False,False,True,False,BaVO3,False,False,composition_incompatible,2.0374999999999996,4.075,3.947873830795288,-0.2997668981552124,0.005622208118438721,bad93c37345ab06870c3d176ca5d7eb95ffe46d4,True,{},[],joint_perturb_0p01:0
cmr_1ec1f206bf87de79380756d894cc7bc2,K:1|O:3|W:1,joint_perturb_0p01,2,2111606377,oxide,,,,K,W,O,-0.3199999928474426,0.0,True,12,1,1,0,0,0.0,0,0.0,Ba,V,O,False,False,False,True,False,BaVO3,False,False,composition_incompatible,2.0374999999999996,4.075,3.947873830795288,-0.2997668981552124,0.005622208118438721,bad93c37345ab06870c3d176ca5d7eb95ffe46d4,True,{},[],joint_perturb_0p01:0
cmr_1ec1f206bf87de79380756d894cc7bc2,K:1|O:3|W:1,joint_perturb_0p05,0,2035650738,oxide,,,,K,W,O,-0.3199999928474426,0.0,True,12,1,1,0,0,0.0,0,0.0,Ba,V,O,False,False,False,True,False,BaVO3,False,False,composition_incompatible,2.0374999999999996,4.075,3.9503257274627686,-0.35822343826293945,-0.07069945335388184,bad93c37345ab06870c3d176ca5d7eb95ffe46d4,True,{},[],joint_perturb_0p05:0
cmr_1ec1f206bf87de79380756d894cc7bc2,K:1|O:3|W:1,joint_perturb_0p05,1,1252868659,oxide,,,,K,W,O,-0.3199999928474426,0.0,True,12,1,1,0,0,0.0,0,0.0,Ba,V,O,False,False,False,True,False,BaVO3,False,False,composition_incompatible,2.0374999999999996,4.075,3.9503257274627686,-0.35822343826293945,-0.07069945335388184,bad93c37345ab06870c3d176ca5d7eb95ffe46d4,True,{},[],joint_perturb_0p05:0
cmr_1ec1f206bf87de79380756d894cc7bc2,K:1|O:3|W:1,joint_perturb_0p05,2,2111606377,oxide,,,,K,W,O,-0.3199999928474426,0.0,True,12,1,1,0,0,0.0,0,0.0,Ba,V,O,False,False,False,True,False,BaVO3,False,False,composition_incompatible,2.0374999999999996,4.075,3.9503257274627686,-0.35822343826293945,-0.07069945335388184,bad93c37345ab06870c3d176ca5d7eb95ffe46d4,True,{},[],joint_perturb_0p05:0
cmr_20c9853b450e146b0e608362fc2f56d9,Ba:1|O:3|Ta:1,joint,0,1693051458,oxide,,,,Ba,Ta,O,0.03999999910593033,0.0,True,12,1,1,0,0,0.0,0,0.0,Ba,V,O,True,False,False,True,False,BaVO3,False,False,composition_incompatible,2.0374999999999996,4.075,3.94804310798645,0.0076819658279418945,-0.029761701822280884,bad93c37345ab06870c3d176ca5d7eb95ffe46d4,True,{},[],joint:0
cmr_20c9853b450e146b0e608362fc2f56d9,Ba:1|O:3|Ta:1,joint,1,387943645,oxide,,,,Ba,Ta,O,0.03999999910593033,0.0,True,12,3,1,0,0,0.0,0,0.0,Ba,V,O,True,False,False,True,False,BaVO3,False,False,composition_incompatible,2.0374999999999996,4.075,3.94804310798645,0.0076819658279418945,-0.029761701822280884,bad93c37345ab06870c3d176ca5d7eb95ffe46d4,True,"{""charge_compatible_A"": 2}","[{""attempt"": 1, ""stage"": ""charge_compatible_A"", ""reason"": ""no compatible A species""}, {""attempt"": 2, ""stage"": ""charge_compatible_A"", ""reason"": ""no compatible A species""}]",joint:0
cmr_20c9853b450e146b0e608362fc2f56d9,Ba:1|O:3|Ta:1,joint,2,664802364,oxide,,,,Ba,Ta,O,0.03999999910593033,0.0,True,12,1,1,0,0,0.0,0,0.0,Ba,V,O,True,False,False,True,False,BaVO3,False,False,composition_incompatible,2.0374999999999996,4.075,3.94804310798645,0.0076819658279418945,-0.029761701822280884,bad93c37345ab06870c3d176ca5d7eb95ffe46d4,True,{},[],joint:0
cmr_20c9853b450e146b0e608362fc2f56d9,Ba:1|O:3|Ta:1,fixed_real,0,1693051458,oxide,cmr_11dacddcba738021fcb7a8ad9b578f91,False,True,Ba,Ta,O,0.03999999910593033,0.0,True,12,1,1,0,0,0.0,0,0.0,Ca,Ti,O,False,False,False,True,False,CaTiO3,False,False,composition_incompatible,2.111666666666667,4.223333333333334,3.95226788520813,1.8354103565216064,0.005299866199493408,869b6974300531619d19bd921b6a465232a0674a,True,{},[],fixed_real:0
cmr_20c9853b450e146b0e608362fc2f56d9,Ba:1|O:3|Ta:1,fixed_real,1,387943645,oxide,cmr_11dacddcba738021fcb7a8ad9b578f91,False,True,Ba,Ta,O,0.03999999910593033,0.0,True,12,1,1,0,0,0.0,0,0.0,Ca,Ti,O,False,False,False,True,False,CaTiO3,False,False,composition_incompatible,2.111666666666667,4.223333333333334,3.95226788520813,1.8354103565216064,0.005299866199493408,869b6974300531619d19bd921b6a465232a0674a,True,{},[],fixed_real:0
cmr_20c9853b450e146b0e608362fc2f56d9,Ba:1|O:3|Ta:1,fixed_real,2,664802364,oxide,cmr_11dacddcba738021fcb7a8ad9b578f91,False,True,Ba,Ta,O,0.03999999910593033,0.0,True,12,1,1,0,0,0.0,0,0.0,Ca,Ti,O,False,False,False,True,False,CaTiO3,False,False,composition_incompatible,2.111666666666667,4.223333333333334,3.95226788520813,1.8354103565216064,0.005299866199493408,869b6974300531619d19bd921b6a465232a0674a,True,{},[],fixed_real:0
cmr_20c9853b450e146b0e608362fc2f56d9,Ba:1|O:3|Ta:1,property,0,1693051458,oxide,,,,Ba,Ta,O,0.03999999910593033,0.0,True,12,1,1,0,0,0.0,0,0.0,Ba,Ti,O,True,False,False,True,False,BaTiO3,False,False,composition_incompatible,2.111666666666667,4.223333333333334,3.948357343673706,0.027113795280456543,-0.011477857828140259,37d0beb67e1039eb34bda26368d1f4dc015b9cb3,True,{},[],property:1
cmr_20c9853b450e146b0e608362fc2f56d9,Ba:1|O:3|Ta:1,property,1,387943645,oxide,,,,Ba,Ta,O,0.03999999910593033,0.0,True,12,1,1,0,0,0.0,0,0.0,Ba,Zr,O,True,False,False,True,False,BaZrO3,False,False,composition_incompatible,2.12,4.24,3.948357343673706,0.027113795280456543,-0.011477857828140259,e1b6d208109d05ab00756cf62d63faed19ab46a3,True,{},[],property:2
cmr_20c9853b450e146b0e608362fc2f56d9,Ba:1|O:3|Ta:1,property,2,664802364,oxide,,,,Ba,Ta,O,0.03999999910593033,0.0,True,12,1,1,0,0,0.0,0,0.0,Ba,Ti,O,True,False,False,True,False,BaTiO3,False,False,composition_incompatible,2.111666666666667,4.223333333333334,3.948357343673706,0.027113795280456543,-0.011477857828140259,37d0beb67e1039eb34bda26368d1f4dc015b9cb3,True,{},[],property:1
cmr_20c9853b450e146b0e608362fc2f56d9,Ba:1|O:3|Ta:1,crystal,0,1693051458,oxide,,,,Ba,Ta,O,0.03999999910593033,0.0,True,12,1,1,0,0,0.0,0,0.0,Na,Nb,O,False,False,False,True,False,NaNbO3,False,False,composition_incompatible,2.08,4.16,3.9635579586029053,1.249649167060852,4.96506929397583,5f1dc6be44887bebf2424ef8b40969d9f4d93a4f,True,{},[],crystal:2
cmr_20c9853b450e146b0e608362fc2f56d9,Ba:1|O:3|Ta:1,crystal,1,387943645,oxide,,,,Ba,Ta,O,0.03999999910593033,0.0,True,12,1,1,0,0,0.0,0,0.0,Na,Nb,O,False,False,False,True,False,NaNbO3,False,False,composition_incompatible,2.08,4.16,3.9635579586029053,1.249649167060852,4.96506929397583,5f1dc6be44887bebf2424ef8b40969d9f4d93a4f,True,{},[],crystal:2
cmr_20c9853b450e146b0e608362fc2f56d9,Ba:1|O:3|Ta:1,crystal,2,664802364,oxide,,,,Ba,Ta,O,0.03999999910593033,0.0,True,12,1,1,0,0,0.0,0,0.0,Na,Nb,O,False,False,False,True,False,NaNbO3,False,False,composition_incompatible,2.08,4.16,3.9635579586029053,1.249649167060852,4.96506929397583,5f1dc6be44887bebf2424ef8b40969d9f4d93a4f,True,{},[],crystal:2
cmr_20c9853b450e146b0e608362fc2f56d9,Ba:1|O:3|Ta:1,joint_perturb_0p01,0,1693051458,oxide,,,,Ba,Ta,O,0.03999999910593033,0.0,True,12,1,1,0,0,0.0,0,0.0,Ba,V,O,True,False,False,True,False,BaVO3,False,False,composition_incompatible,2.0374999999999996,4.075,3.947421073913574,-0.013999342918395996,-0.013831079006195068,bad93c37345ab06870c3d176ca5d7eb95ffe46d4,True,{},[],joint_perturb_0p01:0
cmr_20c9853b450e146b0e608362fc2f56d9,Ba:1|O:3|Ta:1,joint_perturb_0p01,1,387943645,oxide,,,,Ba,Ta,O,0.03999999910593033,0.0,True,12,3,1,0,0,0.0,0,0.0,Ba,V,O,True,False,False,True,False,BaVO3,False,False,composition_incompatible,2.0374999999999996,4.075,3.947421073913574,-0.013999342918395996,-0.013831079006195068,bad93c37345ab06870c3d176ca5d7eb95ffe46d4,True,"{""charge_compatible_A"": 2}","[{""attempt"": 1, ""stage"": ""charge_compatible_A"", ""reason"": ""no compatible A species""}, {""attempt"": 2, ""stage"": ""charge_compatible_A"", ""reason"": ""no compatible A species""}]",joint_perturb_0p01:0
cmr_20c9853b450e146b0e608362fc2f56d9,Ba:1|O:3|Ta:1,joint_perturb_0p01,2,664802364,oxide,,,,Ba,Ta,O,0.03999999910593033,0.0,True,12,1,1,0,0,0.0,0,0.0,Ba,V,O,True,False,False,True,False,BaVO3,False,False,composition_incompatible,2.0374999999999996,4.075,3.947421073913574,-0.013999342918395996,-0.013831079006195068,bad93c37345ab06870c3d176ca5d7eb95ffe46d4,True,{},[],joint_perturb_0p01:0
cmr_20c9853b450e146b0e608362fc2f56d9,Ba:1|O:3|Ta:1,joint_perturb_0p05,0,1693051458,oxide,,,,Ba,Ta,O,0.03999999910593033,0.0,True,12,1,1,0,0,0.0,0,0.0,Ba,V,O,True,False,False,True,False,BaVO3,False,False,composition_incompatible,2.0374999999999996,4.075,3.946850061416626,-0.10183131694793701,0.06182655692100525,bad93c37345ab06870c3d176ca5d7eb95ffe46d4,True,{},[],joint_perturb_0p05:0
cmr_20c9853b450e146b0e608362fc2f56d9,Ba:1|O:3|Ta:1,joint_perturb_0p05,1,387943645,oxide,,,,Ba,Ta,O,0.03999999910593033,0.0,True,12,1,1,0,0,0.0,0,0.0,Ba,V,O,True,False,False,True,False,BaVO3,False,False,composition_incompatible,2.0374999999999996,4.075,3.946850061416626,-0.10183131694793701,0.06182655692100525,bad93c37345ab06870c3d176ca5d7eb95ffe46d4,True,{},[],joint_perturb_0p05:0
cmr_20c9853b450e146b0e608362fc2f56d9,Ba:1|O:3|Ta:1,joint_perturb_0p05,2,664802364,oxide,,,,Ba,Ta,O,0.03999999910593033,0.0,True,12,1,1,0,0,0.0,0,0.0,Ba,V,O,True,False,False,True,False,BaVO3,False,False,composition_incompatible,2.0374999999999996,4.075,3.946850061416626,-0.10183131694793701,0.06182655692100525,bad93c37345ab06870c3d176ca5d7eb95ffe46d4,True,{},[],joint_perturb_0p05:0
cmr_46250f00f7e8fa01346da84ec7156cba,O:3|Sr:1|Zn:1,joint,0,2035020129,oxide,,,,Sr,Zn,O,0.7400000095367432,0.0,True,12,1,1,0,0,0.0,0,0.0,Ba,Ge,O,False,False,False,True,False,BaGeO3,False,False,composition_incompatible,2.0300000000000002,4.0600000000000005,3.94916033744812,0.7392449378967285,-0.0010762214660644531,9632eb9ee1ec2b9f6af954d2e36b638340e022ba,True,{},[],joint:1
cmr_46250f00f7e8fa01346da84ec7156cba,O:3|Sr:1|Zn:1,joint,1,2063331082,oxide,,,,Sr,Zn,O,0.7400000095367432,0.0,True,12,1,1,0,0,0.0,0,0.0,La,Co,O,False,False,False,True,False,LaCoO3,False,False,composition_incompatible,2.0283333333333333,4.056666666666667,3.94916033744812,0.7392449378967285,-0.0010762214660644531,3a110c5c67a8ac4ad8bb446c5bdd4d06b1270f8f,True,{},[],joint:2
cmr_46250f00f7e8fa01346da84ec7156cba,O:3|Sr:1|Zn:1,joint,2,1651481425,oxide,,,,Sr,Zn,O,0.7400000095367432,0.0,True,12,1,1,0,0,0.0,0,0.0,Ba,Mn,O,False,False,False,True,False,BaMnO3,False,False,composition_incompatible,2.1374999999999997,4.275,3.94916033744812,0.7392449378967285,-0.0010762214660644531,299567ae9f490652c95b4c377973b4f0dc0b5ad7,True,{},[],joint:3
cmr_46250f00f7e8fa01346da84ec7156cba,O:3|Sr:1|Zn:1,fixed_real,0,2035020129,oxide,cmr_11dacddcba738021fcb7a8ad9b578f91,False,True,Sr,Zn,O,0.7400000095367432,0.0,True,12,1,1,0,0,0.0,0,0.0,Ca,Ti,O,False,False,False,True,False,CaTiO3,False,False,composition_incompatible,2.111666666666667,4.223333333333334,3.95226788520813,1.8354103565216064,0.005299866199493408,869b6974300531619d19bd921b6a465232a0674a,True,{},[],fixed_real:0
cmr_46250f00f7e8fa01346da84ec7156cba,O:3|Sr:1|Zn:1,fixed_real,1,2063331082,oxide,cmr_11dacddcba738021fcb7a8ad9b578f91,False,True,Sr,Zn,O,0.7400000095367432,0.0,True,12,1,1,0,0,0.0,0,0.0,Ca,Ti,O,False,False,False,True,False,CaTiO3,False,False,composition_incompatible,2.111666666666667,4.223333333333334,3.95226788520813,1.8354103565216064,0.005299866199493408,869b6974300531619d19bd921b6a465232a0674a,True,{},[],fixed_real:0
cmr_46250f00f7e8fa01346da84ec7156cba,O:3|Sr:1|Zn:1,fixed_real,2,1651481425,oxide,cmr_11dacddcba738021fcb7a8ad9b578f91,False,True,Sr,Zn,O,0.7400000095367432,0.0,True,12,1,1,0,0,0.0,0,0.0,Ca,Ti,O,False,False,False,True,False,CaTiO3,False,False,composition_incompatible,2.111666666666667,4.223333333333334,3.95226788520813,1.8354103565216064,0.005299866199493408,869b6974300531619d19bd921b6a465232a0674a,True,{},[],fixed_real:0
cmr_46250f00f7e8fa01346da84ec7156cba,O:3|Sr:1|Zn:1,property,0,2035020129,oxide,,,,Sr,Zn,O,0.7400000095367432,0.0,True,12,1,1,0,0,0.0,0,0.0,Ba,Ti,O,False,False,False,True,False,BaTiO3,False,False,composition_incompatible,2.111666666666667,4.223333333333334,3.9491634368896484,0.742902934551239,-0.001652151346206665,37d0beb67e1039eb34bda26368d1f4dc015b9cb3,True,{},[],property:1
cmr_46250f00f7e8fa01346da84ec7156cba,O:3|Sr:1|Zn:1,property,1,2063331082,oxide,,,,Sr,Zn,O,0.7400000095367432,0.0,True,12,1,1,0,0,0.0,0,0.0,Ba,Ti,O,False,False,False,True,False,BaTiO3,False,False,composition_incompatible,2.111666666666667,4.223333333333334,3.9491634368896484,0.742902934551239,-0.001652151346206665,37d0beb67e1039eb34bda26368d1f4dc015b9cb3,True,{},[],property:1
cmr_46250f00f7e8fa01346da84ec7156cba,O:3|Sr:1|Zn:1,property,2,1651481425,oxide,,,,Sr,Zn,O,0.7400000095367432,0.0,True,12,1,1,0,0,0.0,0,0.0,Ba,Ti,O,False,False,False,True,False,BaTiO3,False,False,composition_incompatible,2.111666666666667,4.223333333333334,3.9491634368896484,0.742902934551239,-0.001652151346206665,37d0beb67e1039eb34bda26368d1f4dc015b9cb3,True,{},[],property:1
cmr_46250f00f7e8fa01346da84ec7156cba,O:3|Sr:1|Zn:1,crystal,0,2035020129,oxide,,,,Sr,Zn,O,0.7400000095367432,0.0,True,12,1,1,0,0,0.0,0,0.0,Sr,Ti,O,True,False,False,True,False,SrTiO3,False,False,composition_incompatible,2.111666666666667,4.223333333333334,3.9655849933624268,1.1965471506118774,4.819438457489014,0c7c696f17b65cd85437e9c56e708a214bbb6581,True,{},[],crystal:3
cmr_46250f00f7e8fa01346da84ec7156cba,O:3|Sr:1|Zn:1,crystal,1,2063331082,oxide,,,,Sr,Zn,O,0.7400000095367432,0.0,True,12,2,2,0,0,0.0,0,0.0,Ba,Ti,O,False,False,False,True,False,BaTiO3,False,False,composition_incompatible,2.111666666666667,4.223333333333334,3.9655849933624268,1.1965471506118774,4.819438457489014,37d0beb67e1039eb34bda26368d1f4dc015b9cb3,True,"{""tolerance/mu"": 1}","[{""attempt"": 1, ""stage"": ""tolerance/mu"", ""reason"": ""t=1.07 outside [0.80,1.05]""}]",crystal:4
cmr_46250f00f7e8fa01346da84ec7156cba,O:3|Sr:1|Zn:1,crystal,2,1651481425,oxide,,,,Sr,Zn,O,0.7400000095367432,0.0,True,12,1,1,0,0,0.0,0,0.0,Ba,Ti,O,False,False,False,True,False,BaTiO3,False,False,composition_incompatible,2.111666666666667,4.223333333333334,3.9655849933624268,1.1965471506118774,4.819438457489014,37d0beb67e1039eb34bda26368d1f4dc015b9cb3,True,{},[],crystal:4
cmr_46250f00f7e8fa01346da84ec7156cba,O:3|Sr:1|Zn:1,joint_perturb_0p01,0,2035020129,oxide,,,,Sr,Zn,O,0.7400000095367432,0.0,True,12,1,1,0,0,0.0,0,0.0,La,Co,O,False,False,False,True,False,LaCoO3,False,False,composition_incompatible,2.0283333333333333,4.056666666666667,3.9482038021087646,0.7126051783561707,0.008770495653152466,3a110c5c67a8ac4ad8bb446c5bdd4d06b1270f8f,True,{},[],joint_perturb_0p01:1
cmr_46250f00f7e8fa01346da84ec7156cba,O:3|Sr:1|Zn:1,joint_perturb_0p01,1,2063331082,oxide,,,,Sr,Zn,O,0.7400000095367432,0.0,True,12,1,1,0,0,0.0,0,0.0,Ba,Ge,O,False,False,False,True,False,BaGeO3,False,False,composition_incompatible,2.0300000000000002,4.0600000000000005,3.9482038021087646,0.7126051783561707,0.008770495653152466,9632eb9ee1ec2b9f6af954d2e36b638340e022ba,True,{},[],joint_perturb_0p01:2
cmr_46250f00f7e8fa01346da84ec7156cba,O:3|Sr:1|Zn:1,joint_perturb_0p01,2,1651481425,oxide,,,,Sr,Zn,O,0.7400000095367432,0.0,True,12,1,1,0,0,0.0,0,0.0,Ba,Mn,O,False,False,False,True,False,BaMnO3,False,False,composition_incompatible,2.1374999999999997,4.275,3.9482038021087646,0.7126051783561707,0.008770495653152466,299567ae9f490652c95b4c377973b4f0dc0b5ad7,True,{},[],joint_perturb_0p01:3
cmr_46250f00f7e8fa01346da84ec7156cba,O:3|Sr:1|Zn:1,joint_perturb_0p05,0,2035020129,oxide,,,,Sr,Zn,O,0.7400000095367432,0.0,True,12,1,1,0,0,0.0,0,0.0,La,Ni,O,False,False,False,True,False,LaNiO3,False,False,composition_incompatible,2.0,4.0,3.946889877319336,0.6092141270637512,0.04386819899082184,94a42d2a3b5151a586060960a19ba3c32c0a8081,True,{},[],joint_perturb_0p05:1
cmr_46250f00f7e8fa01346da84ec7156cba,O:3|Sr:1|Zn:1,joint_perturb_0p05,1,2063331082,oxide,,,,Sr,Zn,O,0.7400000095367432,0.0,True,12,1,1,0,0,0.0,0,0.0,Ba,Mn,O,False,False,False,True,False,BaMnO3,False,False,composition_incompatible,2.1374999999999997,4.275,3.946889877319336,0.6092141270637512,0.04386819899082184,299567ae9f490652c95b4c377973b4f0dc0b5ad7,True,{},[],joint_perturb_0p05:2
cmr_46250f00f7e8fa01346da84ec7156cba,O:3|Sr:1|Zn:1,joint_perturb_0p05,2,1651481425,oxide,,,,Sr,Zn,O,0.7400000095367432,0.0,True,12,1,1,0,0,0.0,0,0.0,La,Fe,O,False,False,False,True,False,LaFeO3,False,False,composition_incompatible,2.1124999999999994,4.225,3.946889877319336,0.6092141270637512,0.04386819899082184,27d1dbbe33732dac64781bd052c7ae748a2d08c6,True,{},[],joint_perturb_0p05:3
cmr_48e3dd02e3ba06e1f0ac4ae4a0ccb197,In:1|O:3|Sr:1,joint,0,2028762028,oxide,,,,Sr,In,O,0.4399999976158142,0.0,True,12,3,1,0,0,0.0,0,0.0,Na,Nb,O,False,False,False,True,False,NaNbO3,False,False,composition_incompatible,2.08,4.16,3.951136350631714,0.4406379461288452,-0.003582179546356201,5f1dc6be44887bebf2424ef8b40969d9f4d93a4f,True,"{""charge_compatible_A"": 2}","[{""attempt"": 1, ""stage"": ""charge_compatible_A"", ""reason"": ""no compatible A species""}, {""attempt"": 2, ""stage"": ""charge_compatible_A"", ""reason"": ""no compatible A species""}]",joint:4
cmr_48e3dd02e3ba06e1f0ac4ae4a0ccb197,In:1|O:3|Sr:1,joint,1,1802078460,oxide,,,,Sr,In,O,0.4399999976158142,0.0,True,12,1,1,0,0,0.0,0,0.0,Na,Nb,O,False,False,False,True,False,NaNbO3,False,False,composition_incompatible,2.08,4.16,3.951136350631714,0.4406379461288452,-0.003582179546356201,5f1dc6be44887bebf2424ef8b40969d9f4d93a4f,True,{},[],joint:4
cmr_48e3dd02e3ba06e1f0ac4ae4a0ccb197,In:1|O:3|Sr:1,joint,2,1149612613,oxide,,,,Sr,In,O,0.4399999976158142,0.0,True,12,1,1,0,0,0.0,0,0.0,Na,Nb,O,False,False,False,True,False,NaNbO3,False,False,composition_incompatible,2.08,4.16,3.951136350631714,0.4406379461288452,-0.003582179546356201,5f1dc6be44887bebf2424ef8b40969d9f4d93a4f,True,{},[],joint:4
cmr_48e3dd02e3ba06e1f0ac4ae4a0ccb197,In:1|O:3|Sr:1,fixed_real,0,2028762028,oxide,cmr_11dacddcba738021fcb7a8ad9b578f91,False,True,Sr,In,O,0.4399999976158142,0.0,True,12,1,1,0,0,0.0,0,0.0,Ca,Ti,O,False,False,False,True,False,CaTiO3,False,False,composition_incompatible,2.111666666666667,4.223333333333334,3.95226788520813,1.8354103565216064,0.005299866199493408,869b6974300531619d19bd921b6a465232a0674a,True,{},[],fixed_real:0
cmr_48e3dd02e3ba06e1f0ac4ae4a0ccb197,In:1|O:3|Sr:1,fixed_real,1,1802078460,oxide,cmr_11dacddcba738021fcb7a8ad9b578f91,False,True,Sr,In,O,0.4399999976158142,0.0,True,12,1,1,0,0,0.0,0,0.0,Ca,Ti,O,False,False,False,True,False,CaTiO3,False,False,composition_incompatible,2.111666666666667,4.223333333333334,3.95226788520813,1.8354103565216064,0.005299866199493408,869b6974300531619d19bd921b6a465232a0674a,True,{},[],fixed_real:0
cmr_48e3dd02e3ba06e1f0ac4ae4a0ccb197,In:1|O:3|Sr:1,fixed_real,2,1149612613,oxide,cmr_11dacddcba738021fcb7a8ad9b578f91,False,True,Sr,In,O,0.4399999976158142,0.0,True,12,1,1,0,0,0.0,0,0.0,Ca,Ti,O,False,False,False,True,False,CaTiO3,False,False,composition_incompatible,2.111666666666667,4.223333333333334,3.95226788520813,1.8354103565216064,0.005299866199493408,869b6974300531619d19bd921b6a465232a0674a,True,{},[],fixed_real:0
cmr_48e3dd02e3ba06e1f0ac4ae4a0ccb197,In:1|O:3|Sr:1,property,0,2028762028,oxide,,,,Sr,In,O,0.4399999976158142,0.0,True,12,1,1,0,0,0.0,0,0.0,Ba,Ti,O,False,False,False,True,False,BaTiO3,False,False,composition_incompatible,2.111666666666667,4.223333333333334,3.94892954826355,0.4457327723503113,-0.0020923614501953125,37d0beb67e1039eb34bda26368d1f4dc015b9cb3,True,{},[],property:1
cmr_48e3dd02e3ba06e1f0ac4ae4a0ccb197,In:1|O:3|Sr:1,property,1,1802078460,oxide,,,,Sr,In,O,0.4399999976158142,0.0,True,12,1,1,0,0,0.0,0,0.0,Ba,Ti,O,False,False,False,True,False,BaTiO3,False,False,composition_incompatible,2.111666666666667,4.223333333333334,3.94892954826355,0.4457327723503113,-0.0020923614501953125,37d0beb67e1039eb34bda26368d1f4dc015b9cb3,True,{},[],property:1
cmr_48e3dd02e3ba06e1f0ac4ae4a0ccb197,In:1|O:3|Sr:1,property,2,1149612613,oxide,,,,Sr,In,O,0.4399999976158142,0.0,True,12,1,1,0,0,0.0,0,0.0,Ba,Ti,O,False,False,False,True,False,BaTiO3,False,False,composition_incompatible,2.111666666666667,4.223333333333334,3.94892954826355,0.4457327723503113,-0.0020923614501953125,37d0beb67e1039eb34bda26368d1f4dc015b9cb3,True,{},[],property:1
cmr_48e3dd02e3ba06e1f0ac4ae4a0ccb197,In:1|O:3|Sr:1,crystal,0,2028762028,oxide,,,,Sr,In,O,0.4399999976158142,0.0,False,12,12,12,0,0,0.0,0,0.0,,,,False,False,False,False,False,,False,False,invalid,,,3.9670286178588867,0.6947618722915649,5.080852031707764,,True,"{""tolerance/mu"": 12}","[{""attempt"": 1, ""stage"": ""tolerance/mu"", ""reason"": ""t=0.78 outside [0.80,1.05]""}, {""attempt"": 2, ""stage"": ""tolerance/mu"", ""reason"": ""t=0.78 outside [0.80,1.05]""}, {""attempt"": 3, ""stage"": ""tolerance/mu"", ""reason"": ""t=0.71 outside [0.80,1.05]""}, {""attempt"": 4, ""stage"": ""tolerance/mu"", ""reason"": ""t=0.78 outside [0.80,1.05]""}, {""attempt"": 5, ""stage"": ""tolerance/mu"", ""reason"": ""t=0.78 outside [0.80,1.05]""}, {""attempt"": 6, ""stage"": ""tolerance/mu"", ""reason"": ""t=0.78 outside [0.80,1.05]""}, {""attempt"": 7, ""stage"": ""tolerance/mu"", ""reason"": ""t=0.71 outside [0.80,1.05]""}, {""attempt"": 8, ""stage"": ""tolerance/mu"", ""reason"": ""t=0.78 outside [0.80,1.05]""}, {""attempt"": 9, ""stage"": ""tolerance/mu"", ""reason"": ""t=0.78 outside [0.80,1.05]""}, {""attempt"": 10, ""stage"": ""tolerance/mu"", ""reason"": ""t=0.78 outside [0.80,1.05]""}, {""attempt"": 11, ""stage"": ""tolerance/mu"", ""reason"": ""t=0.71 outside [0.80,1.05]""}, {""attempt"": 12, ""stage"": ""tolerance/mu"", ""reason"": ""t=0.78 outside [0.80,1.05]""}]",
cmr_48e3dd02e3ba06e1f0ac4ae4a0ccb197,In:1|O:3|Sr:1,crystal,1,1802078460,oxide,,,,Sr,In,O,0.4399999976158142,0.0,False,12,12,12,0,0,0.0,0,0.0,,,,False,False,False,False,False,,False,False,invalid,,,3.9670286178588867,0.6947618722915649,5.080852031707764,,True,"{""tolerance/mu"": 12}","[{""attempt"": 1, ""stage"": ""tolerance/mu"", ""reason"": ""t=0.71 outside [0.80,1.05]""}, {""attempt"": 2, ""stage"": ""tolerance/mu"", ""reason"": ""t=0.78 outside [0.80,1.05]""}, {""attempt"": 3, ""stage"": ""tolerance/mu"", ""reason"": ""t=0.71 outside [0.80,1.05]""}, {""attempt"": 4, ""stage"": ""tolerance/mu"", ""reason"": ""t=0.78 outside [0.80,1.05]""}, {""attempt"": 5, ""stage"": ""tolerance/mu"", ""reason"": ""t=0.78 outside [0.80,1.05]""}, {""attempt"": 6, ""stage"": ""tolerance/mu"", ""reason"": ""t=0.78 outside [0.80,1.05]""}, {""attempt"": 7, ""stage"": ""tolerance/mu"", ""reason"": ""t=0.71 outside [0.80,1.05]""}, {""attempt"": 8, ""stage"": ""tolerance/mu"", ""reason"": ""t=0.78 outside [0.80,1.05]""}, {""attempt"": 9, ""stage"": ""tolerance/mu"", ""reason"": ""t=0.71 outside [0.80,1.05]""}, {""attempt"": 10, ""stage"": ""tolerance/mu"", ""reason"": ""t=0.78 outside [0.80,1.05]""}, {""attempt"": 11, ""stage"": ""tolerance/mu"", ""reason"": ""t=0.78 outside [0.80,1.05]""}, {""attempt"": 12, ""stage"": ""tolerance/mu"", ""reason"": ""t=0.78 outside [0.80,1.05]""}]",
cmr_48e3dd02e3ba06e1f0ac4ae4a0ccb197,In:1|O:3|Sr:1,crystal,2,1149612613,oxide,,,,Sr,In,O,0.4399999976158142,0.0,False,12,12,12,0,0,0.0,0,0.0,,,,False,False,False,False,False,,False,False,invalid,,,3.9670286178588867,0.6947618722915649,5.080852031707764,,True,"{""tolerance/mu"": 12}","[{""attempt"": 1, ""stage"": ""tolerance/mu"", ""reason"": ""t=0.71 outside [0.80,1.05]""}, {""attempt"": 2, ""stage"": ""tolerance/mu"", ""reason"": ""t=0.78 outside [0.80,1.05]""}, {""attempt"": 3, ""stage"": ""tolerance/mu"", ""reason"": ""t=0.71 outside [0.80,1.05]""}, {""attempt"": 4, ""stage"": ""tolerance/mu"", ""reason"": ""t=0.71 outside [0.80,1.05]""}, {""attempt"": 5, ""stage"": ""tolerance/mu"", ""reason"": ""t=0.78 outside [0.80,1.05]""}, {""attempt"": 6, ""stage"": ""tolerance/mu"", ""reason"": ""t=0.71 outside [0.80,1.05]""}, {""attempt"": 7, ""stage"": ""tolerance/mu"", ""reason"": ""t=0.78 outside [0.80,1.05]""}, {""attempt"": 8, ""stage"": ""tolerance/mu"", ""reason"": ""t=0.78 outside [0.80,1.05]""}, {""attempt"": 9, ""stage"": ""tolerance/mu"", ""reason"": ""t=0.71 outside [0.80,1.05]""}, {""attempt"": 10, ""stage"": ""tolerance/mu"", ""reason"": ""t=0.78 outside [0.80,1.05]""}, {""attempt"": 11, ""stage"": ""tolerance/mu"", ""reason"": ""t=0.71 outside [0.80,1.05]""}, {""attempt"": 12, ""stage"": ""tolerance/mu"", ""reason"": ""t=0.78 outside [0.80,1.05]""}]",
cmr_48e3dd02e3ba06e1f0ac4ae4a0ccb197,In:1|O:3|Sr:1,joint_perturb_0p01,0,2028762028,oxide,,,,Sr,In,O,0.4399999976158142,0.0,True,12,3,1,0,0,0.0,0,0.0,Na,Nb,O,False,False,False,True,False,NaNbO3,False,False,composition_incompatible,2.08,4.16,3.951380968093872,0.4177696704864502,-0.005636125802993774,5f1dc6be44887bebf2424ef8b40969d9f4d93a4f,True,"{""charge_compatible_A"": 2}","[{""attempt"": 1, ""stage"": ""charge_compatible_A"", ""reason"": ""no compatible A species""}, {""attempt"": 2, ""stage"": ""charge_compatible_A"", ""reason"": ""no compatible A species""}]",joint_perturb_0p01:4
cmr_48e3dd02e3ba06e1f0ac4ae4a0ccb197,In:1|O:3|Sr:1,joint_perturb_0p01,1,1802078460,oxide,,,,Sr,In,O,0.4399999976158142,0.0,True,12,1,1,0,0,0.0,0,0.0,Na,Nb,O,False,False,False,True,False,NaNbO3,False,False,composition_incompatible,2.08,4.16,3.951380968093872,0.4177696704864502,-0.005636125802993774,5f1dc6be44887bebf2424ef8b40969d9f4d93a4f,True,{},[],joint_perturb_0p01:4
cmr_48e3dd02e3ba06e1f0ac4ae4a0ccb197,In:1|O:3|Sr:1,joint_perturb_0p01,2,1149612613,oxide,,,,Sr,In,O,0.4399999976158142,0.0,True,12,1,1,0,0,0.0,0,0.0,Na,Nb,O,False,False,False,True,False,NaNbO3,False,False,composition_incompatible,2.08,4.16,3.951380968093872,0.4177696704864502,-0.005636125802993774,5f1dc6be44887bebf2424ef8b40969d9f4d93a4f,True,{},[],joint_perturb_0p01:4
cmr_48e3dd02e3ba06e1f0ac4ae4a0ccb197,In:1|O:3|Sr:1,joint_perturb_0p05,0,2028762028,oxide,,,,Sr,In,O,0.4399999976158142,0.0,True,12,1,1,0,0,0.0,0,0.0,Na,Nb,O,False,False,False,True,False,NaNbO3,False,False,composition_incompatible,2.08,4.16,3.9523608684539795,0.3343343734741211,-0.01850968599319458,5f1dc6be44887bebf2424ef8b40969d9f4d93a4f,True,{},[],joint_perturb_0p05:4
cmr_48e3dd02e3ba06e1f0ac4ae4a0ccb197,In:1|O:3|Sr:1,joint_perturb_0p05,1,1802078460,oxide,,,,Sr,In,O,0.4399999976158142,0.0,True,12,1,1,0,0,0.0,0,0.0,Ba,V,O,False,False,False,True,False,BaVO3,False,False,composition_incompatible,2.0374999999999996,4.075,3.9523608684539795,0.3343343734741211,-0.01850968599319458,bad93c37345ab06870c3d176ca5d7eb95ffe46d4,True,{},[],joint_perturb_0p05:0
cmr_48e3dd02e3ba06e1f0ac4ae4a0ccb197,In:1|O:3|Sr:1,joint_perturb_0p05,2,1149612613,oxide,,,,Sr,In,O,0.4399999976158142,0.0,True,12,1,1,0,0,0.0,0,0.0,Ba,V,O,False,False,False,True,False,BaVO3,False,False,composition_incompatible,2.0374999999999996,4.075,3.9523608684539795,0.3343343734741211,-0.01850968599319458,bad93c37345ab06870c3d176ca5d7eb95ffe46d4,True,{},[],joint_perturb_0p05:0
cmr_4a1084fcbabc2f7e867be309d49cbe2b,Na:1|O:3|V:1,joint,0,532965547,oxide,,,,Na,V,O,0.10000000149011612,1.7000000476837158,True,12,2,2,0,0,0.0,0,0.0,Ba,V,O,False,True,False,True,False,BaVO3,False,False,composition_incompatible,2.0374999999999996,4.075,3.948267698287964,0.08734738826751709,1.6864570379257202,bad93c37345ab06870c3d176ca5d7eb95ffe46d4,True,"{""tolerance/mu"": 1}","[{""attempt"": 1, ""stage"": ""tolerance/mu"", ""reason"": ""t=0.78 outside [0.80,1.05]""}]",joint:0
cmr_4a1084fcbabc2f7e867be309d49cbe2b,Na:1|O:3|V:1,joint,1,1632524309,oxide,,,,Na,V,O,0.10000000149011612,1.7000000476837158,True,12,1,1,0,0,0.0,0,0.0,Ba,V,O,False,True,False,True,False,BaVO3,False,False,composition_incompatible,2.0374999999999996,4.075,3.948267698287964,0.08734738826751709,1.6864570379257202,bad93c37345ab06870c3d176ca5d7eb95ffe46d4,True,{},[],joint:0
cmr_4a1084fcbabc2f7e867be309d49cbe2b,Na:1|O:3|V:1,joint,2,1190155668,oxide,,,,Na,V,O,0.10000000149011612,1.7000000476837158,True,12,1,1,0,0,0.0,0,0.0,Ba,V,O,False,True,False,True,False,BaVO3,False,False,composition_incompatible,2.0374999999999996,4.075,3.948267698287964,0.08734738826751709,1.6864570379257202,bad93c37345ab06870c3d176ca5d7eb95ffe46d4,True,{},[],joint:0
cmr_4a1084fcbabc2f7e867be309d49cbe2b,Na:1|O:3|V:1,fixed_real,0,532965547,oxide,cmr_11dacddcba738021fcb7a8ad9b578f91,False,True,Na,V,O,0.10000000149011612,1.7000000476837158,True,12,1,1,0,0,0.0,0,0.0,Ca,Ti,O,False,False,False,True,False,CaTiO3,False,False,composition_incompatible,2.111666666666667,4.223333333333334,3.95226788520813,1.8354103565216064,0.005299866199493408,869b6974300531619d19bd921b6a465232a0674a,True,{},[],fixed_real:0
cmr_4a1084fcbabc2f7e867be309d49cbe2b,Na:1|O:3|V:1,fixed_real,1,1632524309,oxide,cmr_11dacddcba738021fcb7a8ad9b578f91,False,True,Na,V,O,0.10000000149011612,1.7000000476837158,True,12,1,1,0,0,0.0,0,0.0,Ca,Ti,O,False,False,False,True,False,CaTiO3,False,False,composition_incompatible,2.111666666666667,4.223333333333334,3.95226788520813,1.8354103565216064,0.005299866199493408,869b6974300531619d19bd921b6a465232a0674a,True,{},[],fixed_real:0
cmr_4a1084fcbabc2f7e867be309d49cbe2b,Na:1|O:3|V:1,fixed_real,2,1190155668,oxide,cmr_11dacddcba738021fcb7a8ad9b578f91,False,True,Na,V,O,0.10000000149011612,1.7000000476837158,True,12,1,1,0,0,0.0,0,0.0,Ca,Ti,O,False,False,False,True,False,CaTiO3,False,False,composition_incompatible,2.111666666666667,4.223333333333334,3.95226788520813,1.8354103565216064,0.005299866199493408,869b6974300531619d19bd921b6a465232a0674a,True,{},[],fixed_real:0
cmr_4a1084fcbabc2f7e867be309d49cbe2b,Na:1|O:3|V:1,property,0,532965547,oxide,,,,Na,V,O,0.10000000149011612,1.7000000476837158,True,12,1,1,0,0,0.0,0,0.0,Ba,Ge,O,False,False,False,True,False,BaGeO3,False,False,composition_incompatible,2.0300000000000002,4.0600000000000005,3.9494991302490234,0.08476150035858154,1.6654967069625854,9632eb9ee1ec2b9f6af954d2e36b638340e022ba,True,{},[],property:0
cmr_4a1084fcbabc2f7e867be309d49cbe2b,Na:1|O:3|V:1,property,1,1632524309,oxide,,,,Na,V,O,0.10000000149011612,1.7000000476837158,True,12,1,1,0,0,0.0,0,0.0,Ba,Ge,O,False,False,False,True,False,BaGeO3,False,False,composition_incompatible,2.0300000000000002,4.0600000000000005,3.9494991302490234,0.08476150035858154,1.6654967069625854,9632eb9ee1ec2b9f6af954d2e36b638340e022ba,True,{},[],property:0
cmr_4a1084fcbabc2f7e867be309d49cbe2b,Na:1|O:3|V:1,property,2,1190155668,oxide,,,,Na,V,O,0.10000000149011612,1.7000000476837158,True,12,2,1,0,0,0.0,0,0.0,Ba,Ge,O,False,False,False,True,False,BaGeO3,False,False,composition_incompatible,2.0300000000000002,4.0600000000000005,3.9494991302490234,0.08476150035858154,1.6654967069625854,9632eb9ee1ec2b9f6af954d2e36b638340e022ba,True,"{""charge_compatible_A"": 1}","[{""attempt"": 1, ""stage"": ""charge_compatible_A"", ""reason"": ""no compatible A species""}]",property:0
cmr_4a1084fcbabc2f7e867be309d49cbe2b,Na:1|O:3|V:1,crystal,0,532965547,oxide,,,,Na,V,O,0.10000000149011612,1.7000000476837158,True,12,1,1,0,0,0.0,0,0.0,Ba,V,O,False,True,False,True,False,BaVO3,False,False,composition_incompatible,2.0374999999999996,4.075,3.960848569869995,1.1348183155059814,4.952633857727051,bad93c37345ab06870c3d176ca5d7eb95ffe46d4,True,{},[],crystal:0
cmr_4a1084fcbabc2f7e867be309d49cbe2b,Na:1|O:3|V:1,crystal,1,1632524309,oxide,,,,Na,V,O,0.10000000149011612,1.7000000476837158,False,12,12,12,0,0,0.0,0,0.0,,,,False,False,False,False,False,,False,False,invalid,,,3.960848569869995,1.1348183155059814,4.952633857727051,,True,"{""tolerance/mu"": 12}","[{""attempt"": 1, ""stage"": ""tolerance/mu"", ""reason"": ""t=0.78 outside [0.80,1.05]""}, {""attempt"": 2, ""stage"": ""tolerance/mu"", ""reason"": ""t=0.78 outside [0.80,1.05]""}, {""attempt"": 3, ""stage"": ""tolerance/mu"", ""reason"": ""t=0.78 outside [0.80,1.05]""}, {""attempt"": 4, ""stage"": ""tolerance/mu"", ""reason"": ""t=0.78 outside [0.80,1.05]""}, {""attempt"": 5, ""stage"": ""tolerance/mu"", ""reason"": ""t=0.78 outside [0.80,1.05]""}, {""attempt"": 6, ""stage"": ""tolerance/mu"", ""reason"": ""t=0.78 outside [0.80,1.05]""}, {""attempt"": 7, ""stage"": ""tolerance/mu"", ""reason"": ""t=0.78 outside [0.80,1.05]""}, {""attempt"": 8, ""stage"": ""tolerance/mu"", ""reason"": ""t=0.78 outside [0.80,1.05]""}, {""attempt"": 9, ""stage"": ""tolerance/mu"", ""reason"": ""t=0.78 outside [0.80,1.05]""}, {""attempt"": 10, ""stage"": ""tolerance/mu"", ""reason"": ""t=0.78 outside [0.80,1.05]""}, {""attempt"": 11, ""stage"": ""tolerance/mu"", ""reason"": ""t=0.78 outside [0.80,1.05]""}, {""attempt"": 12, ""stage"": ""tolerance/mu"", ""reason"": ""t=0.78 outside [0.80,1.05]""}]",
cmr_4a1084fcbabc2f7e867be309d49cbe2b,Na:1|O:3|V:1,crystal,2,1190155668,oxide,,,,Na,V,O,0.10000000149011612,1.7000000476837158,True,12,11,11,0,0,0.0,0,0.0,Ba,V,O,False,True,False,True,False,BaVO3,False,False,composition_incompatible,2.0374999999999996,4.075,3.960848569869995,1.1348183155059814,4.952633857727051,bad93c37345ab06870c3d176ca5d7eb95ffe46d4,True,"{""tolerance/mu"": 10}","[{""attempt"": 1, ""stage"": ""tolerance/mu"", ""reason"": ""t=0.78 outside [0.80,1.05]""}, {""attempt"": 2, ""stage"": ""tolerance/mu"", ""reason"": ""t=0.78 outside [0.80,1.05]""}, {""attempt"": 3, ""stage"": ""tolerance/mu"", ""reason"": ""t=0.78 outside [0.80,1.05]""}, {""attempt"": 4, ""stage"": ""tolerance/mu"", ""reason"": ""t=0.78 outside [0.80,1.05]""}, {""attempt"": 5, ""stage"": ""tolerance/mu"", ""reason"": ""t=0.78 outside [0.80,1.05]""}, {""attempt"": 6, ""stage"": ""tolerance/mu"", ""reason"": ""t=0.78 outside [0.80,1.05]""}, {""attempt"": 7, ""stage"": ""tolerance/mu"", ""reason"": ""t=0.78 outside [0.80,1.05]""}, {""attempt"": 8, ""stage"": ""tolerance/mu"", ""reason"": ""t=0.78 outside [0.80,1.05]""}, {""attempt"": 9, ""stage"": ""tolerance/mu"", ""reason"": ""t=0.78 outside [0.80,1.05]""}, {""attempt"": 10, ""stage"": ""tolerance/mu"", ""reason"": ""t=0.78 outside [0.80,1.05]""}]",crystal:0
cmr_4a1084fcbabc2f7e867be309d49cbe2b,Na:1|O:3|V:1,joint_perturb_0p01,0,532965547,oxide,,,,Na,V,O,0.10000000149011612,1.7000000476837158,True,12,1,1,0,0,0.0,0,0.0,Ba,Ti,O,False,False,False,True,False,BaTiO3,False,False,composition_incompatible,2.111666666666667,4.223333333333334,3.9484035968780518,0.10185801982879639,1.638931155204773,37d0beb67e1039eb34bda26368d1f4dc015b9cb3,True,{},[],joint_perturb_0p01:5
cmr_4a1084fcbabc2f7e867be309d49cbe2b,Na:1|O:3|V:1,joint_perturb_0p01,1,1632524309,oxide,,,,Na,V,O,0.10000000149011612,1.7000000476837158,True,12,1,1,0,0,0.0,0,0.0,Ba,V,O,False,True,False,True,False,BaVO3,False,False,composition_incompatible,2.0374999999999996,4.075,3.9484035968780518,0.10185801982879639,1.638931155204773,bad93c37345ab06870c3d176ca5d7eb95ffe46d4,True,{},[],joint_perturb_0p01:0
cmr_4a1084fcbabc2f7e867be309d49cbe2b,Na:1|O:3|V:1,joint_perturb_0p01,2,1190155668,oxide,,,,Na,V,O,0.10000000149011612,1.7000000476837158,True,12,1,1,0,0,0.0,0,0.0,Ba,V,O,False,True,False,True,False,BaVO3,False,False,composition_incompatible,2.0374999999999996,4.075,3.9484035968780518,0.10185801982879639,1.638931155204773,bad93c37345ab06870c3d176ca5d7eb95ffe46d4,True,{},[],joint_perturb_0p01:0
cmr_4a1084fcbabc2f7e867be309d49cbe2b,Na:1|O:3|V:1,joint_perturb_0p05,0,532965547,oxide,,,,Na,V,O,0.10000000149011612,1.7000000476837158,True,12,2,2,0,0,0.0,0,0.0,Ba,V,O,False,True,False,True,False,BaVO3,False,False,composition_incompatible,2.0374999999999996,4.075,3.9491004943847656,0.15990054607391357,1.448828101158142,bad93c37345ab06870c3d176ca5d7eb95ffe46d4,True,"{""tolerance/mu"": 1}","[{""attempt"": 1, ""stage"": ""tolerance/mu"", ""reason"": ""t=0.78 outside [0.80,1.05]""}]",joint_perturb_0p05:0
cmr_4a1084fcbabc2f7e867be309d49cbe2b,Na:1|O:3|V:1,joint_perturb_0p05,1,1632524309,oxide,,,,Na,V,O,0.10000000149011612,1.7000000476837158,True,12,2,2,0,0,0.0,0,0.0,Ba,V,O,False,True,False,True,False,BaVO3,False,False,composition_incompatible,2.0374999999999996,4.075,3.9491004943847656,0.15990054607391357,1.448828101158142,bad93c37345ab06870c3d176ca5d7eb95ffe46d4,True,"{""tolerance/mu"": 1}","[{""attempt"": 1, ""stage"": ""tolerance/mu"", ""reason"": ""t=0.78 outside [0.80,1.05]""}]",joint_perturb_0p05:0
cmr_4a1084fcbabc2f7e867be309d49cbe2b,Na:1|O:3|V:1,joint_perturb_0p05,2,1190155668,oxide,,,,Na,V,O,0.10000000149011612,1.7000000476837158,True,12,1,1,0,0,0.0,0,0.0,Ba,V,O,False,True,False,True,False,BaVO3,False,False,composition_incompatible,2.0374999999999996,4.075,3.9491004943847656,0.15990054607391357,1.448828101158142,bad93c37345ab06870c3d176ca5d7eb95ffe46d4,True,{},[],joint_perturb_0p05:0
cmr_5a86c2636813d6b401520d96410cc7c7,N:3|Na:1|Ti:1,joint,0,1299987885,nitride,,,,Na,Ti,N,1.6799999475479126,0.0,False,12,12,0,0,0,0.0,0,0.0,,,,False,False,False,False,False,,False,False,invalid,,,3.9492385387420654,1.6773285865783691,-0.00011721253395080566,,True,"{""charge_compatible_A"": 12}","[{""attempt"": 1, ""stage"": ""charge_compatible_A"", ""reason"": ""no compatible A species""}, {""attempt"": 2, ""stage"": ""charge_compatible_A"", ""reason"": ""no compatible A species""}, {""attempt"": 3, ""stage"": ""charge_compatible_A"", ""reason"": ""no compatible A species""}, {""attempt"": 4, ""stage"": ""charge_compatible_A"", ""reason"": ""no compatible A species""}, {""attempt"": 5, ""stage"": ""charge_compatible_A"", ""reason"": ""no compatible A species""}, {""attempt"": 6, ""stage"": ""charge_compatible_A"", ""reason"": ""no compatible A species""}, {""attempt"": 7, ""stage"": ""charge_compatible_A"", ""reason"": ""no compatible A species""}, {""attempt"": 8, ""stage"": ""charge_compatible_A"", ""reason"": ""no compatible A species""}, {""attempt"": 9, ""stage"": ""charge_compatible_A"", ""reason"": ""no compatible A species""}, {""attempt"": 10, ""stage"": ""charge_compatible_A"", ""reason"": ""no compatible A species""}, {""attempt"": 11, ""stage"": ""charge_compatible_A"", ""reason"": ""no compatible A species""}, {""attempt"": 12, ""stage"": ""charge_compatible_A"", ""reason"": ""no compatible A species""}]",
cmr_5a86c2636813d6b401520d96410cc7c7,N:3|Na:1|Ti:1,joint,1,1483055558,nitride,,,,Na,Ti,N,1.6799999475479126,0.0,False,12,12,0,0,0,0.0,0,0.0,,,,False,False,False,False,False,,False,False,invalid,,,3.9492385387420654,1.6773285865783691,-0.00011721253395080566,,True,"{""charge_compatible_A"": 12}","[{""attempt"": 1, ""stage"": ""charge_compatible_A"", ""reason"": ""no compatible A species""}, {""attempt"": 2, ""stage"": ""charge_compatible_A"", ""reason"": ""no compatible A species""}, {""attempt"": 3, ""stage"": ""charge_compatible_A"", ""reason"": ""no compatible A species""}, {""attempt"": 4, ""stage"": ""charge_compatible_A"", ""reason"": ""no compatible A species""}, {""attempt"": 5, ""stage"": ""charge_compatible_A"", ""reason"": ""no compatible A species""}, {""attempt"": 6, ""stage"": ""charge_compatible_A"", ""reason"": ""no compatible A species""}, {""attempt"": 7, ""stage"": ""charge_compatible_A"", ""reason"": ""no compatible A species""}, {""attempt"": 8, ""stage"": ""charge_compatible_A"", ""reason"": ""no compatible A species""}, {""attempt"": 9, ""stage"": ""charge_compatible_A"", ""reason"": ""no compatible A species""}, {""attempt"": 10, ""stage"": ""charge_compatible_A"", ""reason"": ""no compatible A species""}, {""attempt"": 11, ""stage"": ""charge_compatible_A"", ""reason"": ""no compatible A species""}, {""attempt"": 12, ""stage"": ""charge_compatible_A"", ""reason"": ""no compatible A species""}]",
cmr_5a86c2636813d6b401520d96410cc7c7,N:3|Na:1|Ti:1,joint,2,848109430,nitride,,,,Na,Ti,N,1.6799999475479126,0.0,False,12,12,0,0,0,0.0,0,0.0,,,,False,False,False,False,False,,False,False,invalid,,,3.9492385387420654,1.6773285865783691,-0.00011721253395080566,,True,"{""charge_compatible_A"": 12}","[{""attempt"": 1, ""stage"": ""charge_compatible_A"", ""reason"": ""no compatible A species""}, {""attempt"": 2, ""stage"": ""charge_compatible_A"", ""reason"": ""no compatible A species""}, {""attempt"": 3, ""stage"": ""charge_compatible_A"", ""reason"": ""no compatible A species""}, {""attempt"": 4, ""stage"": ""charge_compatible_A"", ""reason"": ""no compatible A species""}, {""attempt"": 5, ""stage"": ""charge_compatible_A"", ""reason"": ""no compatible A species""}, {""attempt"": 6, ""stage"": ""charge_compatible_A"", ""reason"": ""no compatible A species""}, {""attempt"": 7, ""stage"": ""charge_compatible_A"", ""reason"": ""no compatible A species""}, {""attempt"": 8, ""stage"": ""charge_compatible_A"", ""reason"": ""no compatible A species""}, {""attempt"": 9, ""stage"": ""charge_compatible_A"", ""reason"": ""no compatible A species""}, {""attempt"": 10, ""stage"": ""charge_compatible_A"", ""reason"": ""no compatible A species""}, {""attempt"": 11, ""stage"": ""charge_compatible_A"", ""reason"": ""no compatible A species""}, {""attempt"": 12, ""stage"": ""charge_compatible_A"", ""reason"": ""no compatible A species""}]",
cmr_5a86c2636813d6b401520d96410cc7c7,N:3|Na:1|Ti:1,fixed_real,0,1299987885,nitride,cmr_11dacddcba738021fcb7a8ad9b578f91,False,False,Na,Ti,N,1.6799999475479126,0.0,False,12,12,0,0,0,0.0,0,0.0,,,,False,False,False,False,False,,False,False,invalid,,,3.95226788520813,1.8354103565216064,0.005299866199493408,,True,"{""charge_compatible_A"": 12}","[{""attempt"": 1, ""stage"": ""charge_compatible_A"", ""reason"": ""no compatible A species""}, {""attempt"": 2, ""stage"": ""charge_compatible_A"", ""reason"": ""no compatible A species""}, {""attempt"": 3, ""stage"": ""charge_compatible_A"", ""reason"": ""no compatible A species""}, {""attempt"": 4, ""stage"": ""charge_compatible_A"", ""reason"": ""no compatible A species""}, {""attempt"": 5, ""stage"": ""charge_compatible_A"", ""reason"": ""no compatible A species""}, {""attempt"": 6, ""stage"": ""charge_compatible_A"", ""reason"": ""no compatible A species""}, {""attempt"": 7, ""stage"": ""charge_compatible_A"", ""reason"": ""no compatible A species""}, {""attempt"": 8, ""stage"": ""charge_compatible_A"", ""reason"": ""no compatible A species""}, {""attempt"": 9, ""stage"": ""charge_compatible_A"", ""reason"": ""no compatible A species""}, {""attempt"": 10, ""stage"": ""charge_compatible_A"", ""reason"": ""no compatible A species""}, {""attempt"": 11, ""stage"": ""charge_compatible_A"", ""reason"": ""no compatible A species""}, {""attempt"": 12, ""stage"": ""charge_compatible_A"", ""reason"": ""no compatible A species""}]",
cmr_5a86c2636813d6b401520d96410cc7c7,N:3|Na:1|Ti:1,fixed_real,1,1483055558,nitride,cmr_11dacddcba738021fcb7a8ad9b578f91,False,False,Na,Ti,N,1.6799999475479126,0.0,False,12,12,0,0,0,0.0,0,0.0,,,,False,False,False,False,False,,False,False,invalid,,,3.95226788520813,1.8354103565216064,0.005299866199493408,,True,"{""charge_compatible_A"": 12}","[{""attempt"": 1, ""stage"": ""charge_compatible_A"", ""reason"": ""no compatible A species""}, {""attempt"": 2, ""stage"": ""charge_compatible_A"", ""reason"": ""no compatible A species""}, {""attempt"": 3, ""stage"": ""charge_compatible_A"", ""reason"": ""no compatible A species""}, {""attempt"": 4, ""stage"": ""charge_compatible_A"", ""reason"": ""no compatible A species""}, {""attempt"": 5, ""stage"": ""charge_compatible_A"", ""reason"": ""no compatible A species""}, {""attempt"": 6, ""stage"": ""charge_compatible_A"", ""reason"": ""no compatible A species""}, {""attempt"": 7, ""stage"": ""charge_compatible_A"", ""reason"": ""no compatible A species""}, {""attempt"": 8, ""stage"": ""charge_compatible_A"", ""reason"": ""no compatible A species""}, {""attempt"": 9, ""stage"": ""charge_compatible_A"", ""reason"": ""no compatible A species""}, {""attempt"": 10, ""stage"": ""charge_compatible_A"", ""reason"": ""no compatible A species""}, {""attempt"": 11, ""stage"": ""charge_compatible_A"", ""reason"": ""no compatible A species""}, {""attempt"": 12, ""stage"": ""charge_compatible_A"", ""reason"": ""no compatible A species""}]",
cmr_5a86c2636813d6b401520d96410cc7c7,N:3|Na:1|Ti:1,fixed_real,2,848109430,nitride,cmr_11dacddcba738021fcb7a8ad9b578f91,False,False,Na,Ti,N,1.6799999475479126,0.0,False,12,12,0,0,0,0.0,0,0.0,,,,False,False,False,False,False,,False,False,invalid,,,3.95226788520813,1.8354103565216064,0.005299866199493408,,True,"{""charge_compatible_A"": 12}","[{""attempt"": 1, ""stage"": ""charge_compatible_A"", ""reason"": ""no compatible A species""}, {""attempt"": 2, ""stage"": ""charge_compatible_A"", ""reason"": ""no compatible A species""}, {""attempt"": 3, ""stage"": ""charge_compatible_A"", ""reason"": ""no compatible A species""}, {""attempt"": 4, ""stage"": ""charge_compatible_A"", ""reason"": ""no compatible A species""}, {""attempt"": 5, ""stage"": ""charge_compatible_A"", ""reason"": ""no compatible A species""}, {""attempt"": 6, ""stage"": ""charge_compatible_A"", ""reason"": ""no compatible A species""}, {""attempt"": 7, ""stage"": ""charge_compatible_A"", ""reason"": ""no compatible A species""}, {""attempt"": 8, ""stage"": ""charge_compatible_A"", ""reason"": ""no compatible A species""}, {""attempt"": 9, ""stage"": ""charge_compatible_A"", ""reason"": ""no compatible A species""}, {""attempt"": 10, ""stage"": ""charge_compatible_A"", ""reason"": ""no compatible A species""}, {""attempt"": 11, ""stage"": ""charge_compatible_A"", ""reason"": ""no compatible A species""}, {""attempt"": 12, ""stage"": ""charge_compatible_A"", ""reason"": ""no compatible A species""}]",
cmr_5a86c2636813d6b401520d96410cc7c7,N:3|Na:1|Ti:1,property,0,1299987885,nitride,,,,Na,Ti,N,1.6799999475479126,0.0,False,12,12,0,0,0,0.0,0,0.0,,,,False,False,False,False,False,,False,False,invalid,,,3.9495861530303955,1.6814308166503906,0.0016059279441833496,,True,"{""charge_compatible_A"": 12}","[{""attempt"": 1, ""stage"": ""charge_compatible_A"", ""reason"": ""no compatible A species""}, {""attempt"": 2, ""stage"": ""charge_compatible_A"", ""reason"": ""no compatible A species""}, {""attempt"": 3, ""stage"": ""charge_compatible_A"", ""reason"": ""no compatible A species""}, {""attempt"": 4, ""stage"": ""charge_compatible_A"", ""reason"": ""no compatible A species""}, {""attempt"": 5, ""stage"": ""charge_compatible_A"", ""reason"": ""no compatible A species""}, {""attempt"": 6, ""stage"": ""charge_compatible_A"", ""reason"": ""no compatible A species""}, {""attempt"": 7, ""stage"": ""charge_compatible_A"", ""reason"": ""no compatible A species""}, {""attempt"": 8, ""stage"": ""charge_compatible_A"", ""reason"": ""no compatible A species""}, {""attempt"": 9, ""stage"": ""charge_compatible_A"", ""reason"": ""no compatible A species""}, {""attempt"": 10, ""stage"": ""charge_compatible_A"", ""reason"": ""no compatible A species""}, {""attempt"": 11, ""stage"": ""charge_compatible_A"", ""reason"": ""no compatible A species""}, {""attempt"": 12, ""stage"": ""charge_compatible_A"", ""reason"": ""no compatible A species""}]",
cmr_5a86c2636813d6b401520d96410cc7c7,N:3|Na:1|Ti:1,property,1,1483055558,nitride,,,,Na,Ti,N,1.6799999475479126,0.0,False,12,12,0,0,0,0.0,0,0.0,,,,False,False,False,False,False,,False,False,invalid,,,3.9495861530303955,1.6814308166503906,0.0016059279441833496,,True,"{""charge_compatible_A"": 12}","[{""attempt"": 1, ""stage"": ""charge_compatible_A"", ""reason"": ""no compatible A species""}, {""attempt"": 2, ""stage"": ""charge_compatible_A"", ""reason"": ""no compatible A species""}, {""attempt"": 3, ""stage"": ""charge_compatible_A"", ""reason"": ""no compatible A species""}, {""attempt"": 4, ""stage"": ""charge_compatible_A"", ""reason"": ""no compatible A species""}, {""attempt"": 5, ""stage"": ""charge_compatible_A"", ""reason"": ""no compatible A species""}, {""attempt"": 6, ""stage"": ""charge_compatible_A"", ""reason"": ""no compatible A species""}, {""attempt"": 7, ""stage"": ""charge_compatible_A"", ""reason"": ""no compatible A species""}, {""attempt"": 8, ""stage"": ""charge_compatible_A"", ""reason"": ""no compatible A species""}, {""attempt"": 9, ""stage"": ""charge_compatible_A"", ""reason"": ""no compatible A species""}, {""attempt"": 10, ""stage"": ""charge_compatible_A"", ""reason"": ""no compatible A species""}, {""attempt"": 11, ""stage"": ""charge_compatible_A"", ""reason"": ""no compatible A species""}, {""attempt"": 12, ""stage"": ""charge_compatible_A"", ""reason"": ""no compatible A species""}]",
cmr_5a86c2636813d6b401520d96410cc7c7,N:3|Na:1|Ti:1,property,2,848109430,nitride,,,,Na,Ti,N,1.6799999475479126,0.0,False,12,12,0,0,0,0.0,0,0.0,,,,False,False,False,False,False,,False,False,invalid,,,3.9495861530303955,1.6814308166503906,0.0016059279441833496,,True,"{""charge_compatible_A"": 12}","[{""attempt"": 1, ""stage"": ""charge_compatible_A"", ""reason"": ""no compatible A species""}, {""attempt"": 2, ""stage"": ""charge_compatible_A"", ""reason"": ""no compatible A species""}, {""attempt"": 3, ""stage"": ""charge_compatible_A"", ""reason"": ""no compatible A species""}, {""attempt"": 4, ""stage"": ""charge_compatible_A"", ""reason"": ""no compatible A species""}, {""attempt"": 5, ""stage"": ""charge_compatible_A"", ""reason"": ""no compatible A species""}, {""attempt"": 6, ""stage"": ""charge_compatible_A"", ""reason"": ""no compatible A species""}, {""attempt"": 7, ""stage"": ""charge_compatible_A"", ""reason"": ""no compatible A species""}, {""attempt"": 8, ""stage"": ""charge_compatible_A"", ""reason"": ""no compatible A species""}, {""attempt"": 9, ""stage"": ""charge_compatible_A"", ""reason"": ""no compatible A species""}, {""attempt"": 10, ""stage"": ""charge_compatible_A"", ""reason"": ""no compatible A species""}, {""attempt"": 11, ""stage"": ""charge_compatible_A"", ""reason"": ""no compatible A species""}, {""attempt"": 12, ""stage"": ""charge_compatible_A"", ""reason"": ""no compatible A species""}]",
cmr_5a86c2636813d6b401520d96410cc7c7,N:3|Na:1|Ti:1,crystal,0,1299987885,nitride,,,,Na,Ti,N,1.6799999475479126,0.0,False,12,12,0,0,0,0.0,0,0.0,,,,False,False,False,False,False,,False,False,invalid,,,3.9616544246673584,1.203228235244751,2.537583827972412,,True,"{""charge_compatible_A"": 12}","[{""attempt"": 1, ""stage"": ""charge_compatible_A"", ""reason"": ""no compatible A species""}, {""attempt"": 2, ""stage"": ""charge_compatible_A"", ""reason"": ""no compatible A species""}, {""attempt"": 3, ""stage"": ""charge_compatible_A"", ""reason"": ""no compatible A species""}, {""attempt"": 4, ""stage"": ""charge_compatible_A"", ""reason"": ""no compatible A species""}, {""attempt"": 5, ""stage"": ""charge_compatible_A"", ""reason"": ""no compatible A species""}, {""attempt"": 6, ""stage"": ""charge_compatible_A"", ""reason"": ""no compatible A species""}, {""attempt"": 7, ""stage"": ""charge_compatible_A"", ""reason"": ""no compatible A species""}, {""attempt"": 8, ""stage"": ""charge_compatible_A"", ""reason"": ""no compatible A species""}, {""attempt"": 9, ""stage"": ""charge_compatible_A"", ""reason"": ""no compatible A species""}, {""attempt"": 10, ""stage"": ""charge_compatible_A"", ""reason"": ""no compatible A species""}, {""attempt"": 11, ""stage"": ""charge_compatible_A"", ""reason"": ""no compatible A species""}, {""attempt"": 12, ""stage"": ""charge_compatible_A"", ""reason"": ""no compatible A species""}]",
cmr_5a86c2636813d6b401520d96410cc7c7,N:3|Na:1|Ti:1,crystal,1,1483055558,nitride,,,,Na,Ti,N,1.6799999475479126,0.0,False,12,12,0,0,0,0.0,0,0.0,,,,False,False,False,False,False,,False,False,invalid,,,3.9616544246673584,1.203228235244751,2.537583827972412,,True,"{""charge_compatible_A"": 12}","[{""attempt"": 1, ""stage"": ""charge_compatible_A"", ""reason"": ""no compatible A species""}, {""attempt"": 2, ""stage"": ""charge_compatible_A"", ""reason"": ""no compatible A species""}, {""attempt"": 3, ""stage"": ""charge_compatible_A"", ""reason"": ""no compatible A species""}, {""attempt"": 4, ""stage"": ""charge_compatible_A"", ""reason"": ""no compatible A species""}, {""attempt"": 5, ""stage"": ""charge_compatible_A"", ""reason"": ""no compatible A species""}, {""attempt"": 6, ""stage"": ""charge_compatible_A"", ""reason"": ""no compatible A species""}, {""attempt"": 7, ""stage"": ""charge_compatible_A"", ""reason"": ""no compatible A species""}, {""attempt"": 8, ""stage"": ""charge_compatible_A"", ""reason"": ""no compatible A species""}, {""attempt"": 9, ""stage"": ""charge_compatible_A"", ""reason"": ""no compatible A species""}, {""attempt"": 10, ""stage"": ""charge_compatible_A"", ""reason"": ""no compatible A species""}, {""attempt"": 11, ""stage"": ""charge_compatible_A"", ""reason"": ""no compatible A species""}, {""attempt"": 12, ""stage"": ""charge_compatible_A"", ""reason"": ""no compatible A species""}]",
cmr_5a86c2636813d6b401520d96410cc7c7,N:3|Na:1|Ti:1,crystal,2,848109430,nitride,,,,Na,Ti,N,1.6799999475479126,0.0,False,12,12,0,0,0,0.0,0,0.0,,,,False,False,False,False,False,,False,False,invalid,,,3.9616544246673584,1.203228235244751,2.537583827972412,,True,"{""charge_compatible_A"": 12}","[{""attempt"": 1, ""stage"": ""charge_compatible_A"", ""reason"": ""no compatible A species""}, {""attempt"": 2, ""stage"": ""charge_compatible_A"", ""reason"": ""no compatible A species""}, {""attempt"": 3, ""stage"": ""charge_compatible_A"", ""reason"": ""no compatible A species""}, {""attempt"": 4, ""stage"": ""charge_compatible_A"", ""reason"": ""no compatible A species""}, {""attempt"": 5, ""stage"": ""charge_compatible_A"", ""reason"": ""no compatible A species""}, {""attempt"": 6, ""stage"": ""charge_compatible_A"", ""reason"": ""no compatible A species""}, {""attempt"": 7, ""stage"": ""charge_compatible_A"", ""reason"": ""no compatible A species""}, {""attempt"": 8, ""stage"": ""charge_compatible_A"", ""reason"": ""no compatible A species""}, {""attempt"": 9, ""stage"": ""charge_compatible_A"", ""reason"": ""no compatible A species""}, {""attempt"": 10, ""stage"": ""charge_compatible_A"", ""reason"": ""no compatible A species""}, {""attempt"": 11, ""stage"": ""charge_compatible_A"", ""reason"": ""no compatible A species""}, {""attempt"": 12, ""stage"": ""charge_compatible_A"", ""reason"": ""no compatible A species""}]",
cmr_5a86c2636813d6b401520d96410cc7c7,N:3|Na:1|Ti:1,joint_perturb_0p01,0,1299987885,nitride,,,,Na,Ti,N,1.6799999475479126,0.0,False,12,12,0,0,0,0.0,0,0.0,,,,False,False,False,False,False,,False,False,invalid,,,3.9488914012908936,1.6609748601913452,0.006069481372833252,,True,"{""charge_compatible_A"": 12}","[{""attempt"": 1, ""stage"": ""charge_compatible_A"", ""reason"": ""no compatible A species""}, {""attempt"": 2, ""stage"": ""charge_compatible_A"", ""reason"": ""no compatible A species""}, {""attempt"": 3, ""stage"": ""charge_compatible_A"", ""reason"": ""no compatible A species""}, {""attempt"": 4, ""stage"": ""charge_compatible_A"", ""reason"": ""no compatible A species""}, {""attempt"": 5, ""stage"": ""charge_compatible_A"", ""reason"": ""no compatible A species""}, {""attempt"": 6, ""stage"": ""charge_compatible_A"", ""reason"": ""no compatible A species""}, {""attempt"": 7, ""stage"": ""charge_compatible_A"", ""reason"": ""no compatible A species""}, {""attempt"": 8, ""stage"": ""charge_compatible_A"", ""reason"": ""no compatible A species""}, {""attempt"": 9, ""stage"": ""charge_compatible_A"", ""reason"": ""no compatible A species""}, {""attempt"": 10, ""stage"": ""charge_compatible_A"", ""reason"": ""no compatible A species""}, {""attempt"": 11, ""stage"": ""charge_compatible_A"", ""reason"": ""no compatible A species""}, {""attempt"": 12, ""stage"": ""charge_compatible_A"", ""reason"": ""no compatible A species""}]",
cmr_5a86c2636813d6b401520d96410cc7c7,N:3|Na:1|Ti:1,joint_perturb_0p01,1,1483055558,nitride,,,,Na,Ti,N,1.6799999475479126,0.0,False,12,12,0,0,0,0.0,0,0.0,,,,False,False,False,False,False,,False,False,invalid,,,3.9488914012908936,1.6609748601913452,0.006069481372833252,,True,"{""charge_compatible_A"": 12}","[{""attempt"": 1, ""stage"": ""charge_compatible_A"", ""reason"": ""no compatible A species""}, {""attempt"": 2, ""stage"": ""charge_compatible_A"", ""reason"": ""no compatible A species""}, {""attempt"": 3, ""stage"": ""charge_compatible_A"", ""reason"": ""no compatible A species""}, {""attempt"": 4, ""stage"": ""charge_compatible_A"", ""reason"": ""no compatible A species""}, {""attempt"": 5, ""stage"": ""charge_compatible_A"", ""reason"": ""no compatible A species""}, {""attempt"": 6, ""stage"": ""charge_compatible_A"", ""reason"": ""no compatible A species""}, {""attempt"": 7, ""stage"": ""charge_compatible_A"", ""reason"": ""no compatible A species""}, {""attempt"": 8, ""stage"": ""charge_compatible_A"", ""reason"": ""no compatible A species""}, {""attempt"": 9, ""stage"": ""charge_compatible_A"", ""reason"": ""no compatible A species""}, {""attempt"": 10, ""stage"": ""charge_compatible_A"", ""reason"": ""no compatible A species""}, {""attempt"": 11, ""stage"": ""charge_compatible_A"", ""reason"": ""no compatible A species""}, {""attempt"": 12, ""stage"": ""charge_compatible_A"", ""reason"": ""no compatible A species""}]",
cmr_5a86c2636813d6b401520d96410cc7c7,N:3|Na:1|Ti:1,joint_perturb_0p01,2,848109430,nitride,,,,Na,Ti,N,1.6799999475479126,0.0,False,12,12,0,0,0,0.0,0,0.0,,,,False,False,False,False,False,,False,False,invalid,,,3.9488914012908936,1.6609748601913452,0.006069481372833252,,True,"{""charge_compatible_A"": 12}","[{""attempt"": 1, ""stage"": ""charge_compatible_A"", ""reason"": ""no compatible A species""}, {""attempt"": 2, ""stage"": ""charge_compatible_A"", ""reason"": ""no compatible A species""}, {""attempt"": 3, ""stage"": ""charge_compatible_A"", ""reason"": ""no compatible A species""}, {""attempt"": 4, ""stage"": ""charge_compatible_A"", ""reason"": ""no compatible A species""}, {""attempt"": 5, ""stage"": ""charge_compatible_A"", ""reason"": ""no compatible A species""}, {""attempt"": 6, ""stage"": ""charge_compatible_A"", ""reason"": ""no compatible A species""}, {""attempt"": 7, ""stage"": ""charge_compatible_A"", ""reason"": ""no compatible A species""}, {""attempt"": 8, ""stage"": ""charge_compatible_A"", ""reason"": ""no compatible A species""}, {""attempt"": 9, ""stage"": ""charge_compatible_A"", ""reason"": ""no compatible A species""}, {""attempt"": 10, ""stage"": ""charge_compatible_A"", ""reason"": ""no compatible A species""}, {""attempt"": 11, ""stage"": ""charge_compatible_A"", ""reason"": ""no compatible A species""}, {""attempt"": 12, ""stage"": ""charge_compatible_A"", ""reason"": ""no compatible A species""}]",
cmr_5a86c2636813d6b401520d96410cc7c7,N:3|Na:1|Ti:1,joint_perturb_0p05,0,1299987885,nitride,,,,Na,Ti,N,1.6799999475479126,0.0,False,12,12,0,0,0,0.0,0,0.0,,,,False,False,False,False,False,,False,False,invalid,,,3.949075937271118,1.5680763721466064,0.03150245547294617,,True,"{""charge_compatible_A"": 12}","[{""attempt"": 1, ""stage"": ""charge_compatible_A"", ""reason"": ""no compatible A species""}, {""attempt"": 2, ""stage"": ""charge_compatible_A"", ""reason"": ""no compatible A species""}, {""attempt"": 3, ""stage"": ""charge_compatible_A"", ""reason"": ""no compatible A species""}, {""attempt"": 4, ""stage"": ""charge_compatible_A"", ""reason"": ""no compatible A species""}, {""attempt"": 5, ""stage"": ""charge_compatible_A"", ""reason"": ""no compatible A species""}, {""attempt"": 6, ""stage"": ""charge_compatible_A"", ""reason"": ""no compatible A species""}, {""attempt"": 7, ""stage"": ""charge_compatible_A"", ""reason"": ""no compatible A species""}, {""attempt"": 8, ""stage"": ""charge_compatible_A"", ""reason"": ""no compatible A species""}, {""attempt"": 9, ""stage"": ""charge_compatible_A"", ""reason"": ""no compatible A species""}, {""attempt"": 10, ""stage"": ""charge_compatible_A"", ""reason"": ""no compatible A species""}, {""attempt"": 11, ""stage"": ""charge_compatible_A"", ""reason"": ""no compatible A species""}, {""attempt"": 12, ""stage"": ""charge_compatible_A"", ""reason"": ""no compatible A species""}]",
cmr_5a86c2636813d6b401520d96410cc7c7,N:3|Na:1|Ti:1,joint_perturb_0p05,1,1483055558,nitride,,,,Na,Ti,N,1.6799999475479126,0.0,False,12,12,0,0,0,0.0,0,0.0,,,,False,False,False,False,False,,False,False,invalid,,,3.949075937271118,1.5680763721466064,0.03150245547294617,,True,"{""charge_compatible_A"": 12}","[{""attempt"": 1, ""stage"": ""charge_compatible_A"", ""reason"": ""no compatible A species""}, {""attempt"": 2, ""stage"": ""charge_compatible_A"", ""reason"": ""no compatible A species""}, {""attempt"": 3, ""stage"": ""charge_compatible_A"", ""reason"": ""no compatible A species""}, {""attempt"": 4, ""stage"": ""charge_compatible_A"", ""reason"": ""no compatible A species""}, {""attempt"": 5, ""stage"": ""charge_compatible_A"", ""reason"": ""no compatible A species""}, {""attempt"": 6, ""stage"": ""charge_compatible_A"", ""reason"": ""no compatible A species""}, {""attempt"": 7, ""stage"": ""charge_compatible_A"", ""reason"": ""no compatible A species""}, {""attempt"": 8, ""stage"": ""charge_compatible_A"", ""reason"": ""no compatible A species""}, {""attempt"": 9, ""stage"": ""charge_compatible_A"", ""reason"": ""no compatible A species""}, {""attempt"": 10, ""stage"": ""charge_compatible_A"", ""reason"": ""no compatible A species""}, {""attempt"": 11, ""stage"": ""charge_compatible_A"", ""reason"": ""no compatible A species""}, {""attempt"": 12, ""stage"": ""charge_compatible_A"", ""reason"": ""no compatible A species""}]",
cmr_5a86c2636813d6b401520d96410cc7c7,N:3|Na:1|Ti:1,joint_perturb_0p05,2,848109430,nitride,,,,Na,Ti,N,1.6799999475479126,0.0,False,12,12,0,0,0,0.0,0,0.0,,,,False,False,False,False,False,,False,False,invalid,,,3.949075937271118,1.5680763721466064,0.03150245547294617,,True,"{""charge_compatible_A"": 12}","[{""attempt"": 1, ""stage"": ""charge_compatible_A"", ""reason"": ""no compatible A species""}, {""attempt"": 2, ""stage"": ""charge_compatible_A"", ""reason"": ""no compatible A species""}, {""attempt"": 3, ""stage"": ""charge_compatible_A"", ""reason"": ""no compatible A species""}, {""attempt"": 4, ""stage"": ""charge_compatible_A"", ""reason"": ""no compatible A species""}, {""attempt"": 5, ""stage"": ""charge_compatible_A"", ""reason"": ""no compatible A species""}, {""attempt"": 6, ""stage"": ""charge_compatible_A"", ""reason"": ""no compatible A species""}, {""attempt"": 7, ""stage"": ""charge_compatible_A"", ""reason"": ""no compatible A species""}, {""attempt"": 8, ""stage"": ""charge_compatible_A"", ""reason"": ""no compatible A species""}, {""attempt"": 9, ""stage"": ""charge_compatible_A"", ""reason"": ""no compatible A species""}, {""attempt"": 10, ""stage"": ""charge_compatible_A"", ""reason"": ""no compatible A species""}, {""attempt"": 11, ""stage"": ""charge_compatible_A"", ""reason"": ""no compatible A species""}, {""attempt"": 12, ""stage"": ""charge_compatible_A"", ""reason"": ""no compatible A species""}]",
cmr_64d9953c18e416a7e01500249a2bbe8d,Ca:1|O:3|Pb:1,joint,0,1420675282,oxide,,,,Ca,Pb,O,0.6800000071525574,0.0,True,12,2,1,0,0,0.0,0,0.0,Rb,Nb,O,False,False,False,True,False,RbNbO3,False,False,composition_incompatible,2.08,4.16,3.9544551372528076,0.694123387336731,-0.001283884048461914,782360da7fb96165075cbd4ac036a16aedaf6314,True,"{""charge_compatible_A"": 1}","[{""attempt"": 1, ""stage"": ""charge_compatible_A"", ""reason"": ""no compatible A species""}]",joint:5
cmr_64d9953c18e416a7e01500249a2bbe8d,Ca:1|O:3|Pb:1,joint,1,972299303,oxide,,,,Ca,Pb,O,0.6800000071525574,0.0,True,12,7,1,0,0,0.0,0,0.0,Rb,Nb,O,False,False,False,True,False,RbNbO3,False,False,composition_incompatible,2.08,4.16,3.9544551372528076,0.694123387336731,-0.001283884048461914,782360da7fb96165075cbd4ac036a16aedaf6314,True,"{""charge_compatible_A"": 6}","[{""attempt"": 1, ""stage"": ""charge_compatible_A"", ""reason"": ""no compatible A species""}, {""attempt"": 2, ""stage"": ""charge_compatible_A"", ""reason"": ""no compatible A species""}, {""attempt"": 3, ""stage"": ""charge_compatible_A"", ""reason"": ""no compatible A species""}, {""attempt"": 4, ""stage"": ""charge_compatible_A"", ""reason"": ""no compatible A species""}, {""attempt"": 5, ""stage"": ""charge_compatible_A"", ""reason"": ""no compatible A species""}, {""attempt"": 6, ""stage"": ""charge_compatible_A"", ""reason"": ""no compatible A species""}]",joint:5
cmr_64d9953c18e416a7e01500249a2bbe8d,Ca:1|O:3|Pb:1,joint,2,221293623,oxide,,,,Ca,Pb,O,0.6800000071525574,0.0,True,12,2,1,0,0,0.0,0,0.0,Rb,Nb,O,False,False,False,True,False,RbNbO3,False,False,composition_incompatible,2.08,4.16,3.9544551372528076,0.694123387336731,-0.001283884048461914,782360da7fb96165075cbd4ac036a16aedaf6314,True,"{""charge_compatible_A"": 1}","[{""attempt"": 1, ""stage"": ""charge_compatible_A"", ""reason"": ""no compatible A species""}]",joint:5
cmr_64d9953c18e416a7e01500249a2bbe8d,Ca:1|O:3|Pb:1,fixed_real,0,1420675282,oxide,cmr_11dacddcba738021fcb7a8ad9b578f91,False,True,Ca,Pb,O,0.6800000071525574,0.0,True,12,1,1,0,0,0.0,0,0.0,Ca,Ti,O,True,False,False,True,False,CaTiO3,False,False,composition_incompatible,2.111666666666667,4.223333333333334,3.95226788520813,1.8354103565216064,0.005299866199493408,869b6974300531619d19bd921b6a465232a0674a,True,{},[],fixed_real:0
cmr_64d9953c18e416a7e01500249a2bbe8d,Ca:1|O:3|Pb:1,fixed_real,1,972299303,oxide,cmr_11dacddcba738021fcb7a8ad9b578f91,False,True,Ca,Pb,O,0.6800000071525574,0.0,True,12,1,1,0,0,0.0,0,0.0,Ca,Ti,O,True,False,False,True,False,CaTiO3,False,False,composition_incompatible,2.111666666666667,4.223333333333334,3.95226788520813,1.8354103565216064,0.005299866199493408,869b6974300531619d19bd921b6a465232a0674a,True,{},[],fixed_real:0
cmr_64d9953c18e416a7e01500249a2bbe8d,Ca:1|O:3|Pb:1,fixed_real,2,221293623,oxide,cmr_11dacddcba738021fcb7a8ad9b578f91,False,True,Ca,Pb,O,0.6800000071525574,0.0,True,12,1,1,0,0,0.0,0,0.0,Ca,Ti,O,True,False,False,True,False,CaTiO3,False,False,composition_incompatible,2.111666666666667,4.223333333333334,3.95226788520813,1.8354103565216064,0.005299866199493408,869b6974300531619d19bd921b6a465232a0674a,True,{},[],fixed_real:0
cmr_64d9953c18e416a7e01500249a2bbe8d,Ca:1|O:3|Pb:1,property,0,1420675282,oxide,,,,Ca,Pb,O,0.6800000071525574,0.0,True,12,1,1,0,0,0.0,0,0.0,Ba,Ti,O,False,False,False,True,False,BaTiO3,False,False,composition_incompatible,2.111666666666667,4.223333333333334,3.949267625808716,0.6856645345687866,0.0001074671745300293,37d0beb67e1039eb34bda26368d1f4dc015b9cb3,True,{},[],property:1
cmr_64d9953c18e416a7e01500249a2bbe8d,Ca:1|O:3|Pb:1,property,1,972299303,oxide,,,,Ca,Pb,O,0.6800000071525574,0.0,True,12,1,1,0,0,0.0,0,0.0,Ba,Ti,O,False,False,False,True,False,BaTiO3,False,False,composition_incompatible,2.111666666666667,4.223333333333334,3.949267625808716,0.6856645345687866,0.0001074671745300293,37d0beb67e1039eb34bda26368d1f4dc015b9cb3,True,{},[],property:1
cmr_64d9953c18e416a7e01500249a2bbe8d,Ca:1|O:3|Pb:1,property,2,221293623,oxide,,,,Ca,Pb,O,0.6800000071525574,0.0,True,12,1,1,0,0,0.0,0,0.0,Ba,Ti,O,False,False,False,True,False,BaTiO3,False,False,composition_incompatible,2.111666666666667,4.223333333333334,3.949267625808716,0.6856645345687866,0.0001074671745300293,37d0beb67e1039eb34bda26368d1f4dc015b9cb3,True,{},[],property:1
cmr_64d9953c18e416a7e01500249a2bbe8d,Ca:1|O:3|Pb:1,crystal,0,1420675282,oxide,,,,Ca,Pb,O,0.6800000071525574,0.0,True,12,1,1,0,0,0.0,0,0.0,Na,Nb,O,False,False,False,True,False,NaNbO3,False,False,composition_incompatible,2.08,4.16,3.9843177795410156,1.084215760231018,4.030585289001465,5f1dc6be44887bebf2424ef8b40969d9f4d93a4f,True,{},[],crystal:2
cmr_64d9953c18e416a7e01500249a2bbe8d,Ca:1|O:3|Pb:1,crystal,1,972299303,oxide,,,,Ca,Pb,O,0.6800000071525574,0.0,True,12,3,3,0,0,0.0,0,0.0,Na,Nb,O,False,False,False,True,False,NaNbO3,False,False,composition_incompatible,2.08,4.16,3.9843177795410156,1.084215760231018,4.030585289001465,5f1dc6be44887bebf2424ef8b40969d9f4d93a4f,True,"{""tolerance/mu"": 2}","[{""attempt"": 1, ""stage"": ""tolerance/mu"", ""reason"": ""t=0.78 outside [0.80,1.05]""}, {""attempt"": 2, ""stage"": ""tolerance/mu"", ""reason"": ""t=0.78 outside [0.80,1.05]""}]",crystal:2
cmr_64d9953c18e416a7e01500249a2bbe8d,Ca:1|O:3|Pb:1,crystal,2,221293623,oxide,,,,Ca,Pb,O,0.6800000071525574,0.0,True,12,1,1,0,0,0.0,0,0.0,Na,Nb,O,False,False,False,True,False,NaNbO3,False,False,composition_incompatible,2.08,4.16,3.9843177795410156,1.084215760231018,4.030585289001465,5f1dc6be44887bebf2424ef8b40969d9f4d93a4f,True,{},[],crystal:2
cmr_64d9953c18e416a7e01500249a2bbe8d,Ca:1|O:3|Pb:1,joint_perturb_0p01,0,1420675282,oxide,,,,Ca,Pb,O,0.6800000071525574,0.0,True,12,3,1,0,0,0.0,0,0.0,Rb,Nb,O,False,False,False,True,False,RbNbO3,False,False,composition_incompatible,2.08,4.16,3.9538495540618896,0.7009423971176147,-0.0015346109867095947,782360da7fb96165075cbd4ac036a16aedaf6314,True,"{""charge_compatible_A"": 2}","[{""attempt"": 1, ""stage"": ""charge_compatible_A"", ""reason"": ""no compatible A species""}, {""attempt"": 2, ""stage"": ""charge_compatible_A"", ""reason"": ""no compatible A species""}]",joint_perturb_0p01:6
cmr_64d9953c18e416a7e01500249a2bbe8d,Ca:1|O:3|Pb:1,joint_perturb_0p01,1,972299303,oxide,,,,Ca,Pb,O,0.6800000071525574,0.0,False,12,12,0,0,0,0.0,0,0.0,,,,False,False,False,False,False,,False,False,invalid,,,3.9538495540618896,0.7009423971176147,-0.0015346109867095947,,True,"{""charge_compatible_A"": 12}","[{""attempt"": 1, ""stage"": ""charge_compatible_A"", ""reason"": ""no compatible A species""}, {""attempt"": 2, ""stage"": ""charge_compatible_A"", ""reason"": ""no compatible A species""}, {""attempt"": 3, ""stage"": ""charge_compatible_A"", ""reason"": ""no compatible A species""}, {""attempt"": 4, ""stage"": ""charge_compatible_A"", ""reason"": ""no compatible A species""}, {""attempt"": 5, ""stage"": ""charge_compatible_A"", ""reason"": ""no compatible A species""}, {""attempt"": 6, ""stage"": ""charge_compatible_A"", ""reason"": ""no compatible A species""}, {""attempt"": 7, ""stage"": ""charge_compatible_A"", ""reason"": ""no compatible A species""}, {""attempt"": 8, ""stage"": ""charge_compatible_A"", ""reason"": ""no compatible A species""}, {""attempt"": 9, ""stage"": ""charge_compatible_A"", ""reason"": ""no compatible A species""}, {""attempt"": 10, ""stage"": ""charge_compatible_A"", ""reason"": ""no compatible A species""}, {""attempt"": 11, ""stage"": ""charge_compatible_A"", ""reason"": ""no compatible A species""}, {""attempt"": 12, ""stage"": ""charge_compatible_A"", ""reason"": ""no compatible A species""}]",
cmr_64d9953c18e416a7e01500249a2bbe8d,Ca:1|O:3|Pb:1,joint_perturb_0p01,2,221293623,oxide,,,,Ca,Pb,O,0.6800000071525574,0.0,True,12,2,1,0,0,0.0,0,0.0,Rb,Nb,O,False,False,False,True,False,RbNbO3,False,False,composition_incompatible,2.08,4.16,3.9538495540618896,0.7009423971176147,-0.0015346109867095947,782360da7fb96165075cbd4ac036a16aedaf6314,True,"{""charge_compatible_A"": 1}","[{""attempt"": 1, ""stage"": ""charge_compatible_A"", ""reason"": ""no compatible A species""}]",joint_perturb_0p01:6
cmr_64d9953c18e416a7e01500249a2bbe8d,Ca:1|O:3|Pb:1,joint_perturb_0p05,0,1420675282,oxide,,,,Ca,Pb,O,0.6800000071525574,0.0,True,12,1,1,0,0,0.0,0,0.0,Ba,Ti,O,False,False,False,True,False,BaTiO3,False,False,composition_incompatible,2.111666666666667,4.223333333333334,3.951809883117676,0.7282189130783081,-0.0025374889373779297,37d0beb67e1039eb34bda26368d1f4dc015b9cb3,True,{},[],joint_perturb_0p05:5
cmr_64d9953c18e416a7e01500249a2bbe8d,Ca:1|O:3|Pb:1,joint_perturb_0p05,1,972299303,oxide,,,,Ca,Pb,O,0.6800000071525574,0.0,True,12,1,1,0,0,0.0,0,0.0,Ba,Ti,O,False,False,False,True,False,BaTiO3,False,False,composition_incompatible,2.111666666666667,4.223333333333334,3.951809883117676,0.7282189130783081,-0.0025374889373779297,37d0beb67e1039eb34bda26368d1f4dc015b9cb3,True,{},[],joint_perturb_0p05:5
cmr_64d9953c18e416a7e01500249a2bbe8d,Ca:1|O:3|Pb:1,joint_perturb_0p05,2,221293623,oxide,,,,Ca,Pb,O,0.6800000071525574,0.0,True,12,1,1,0,0,0.0,0,0.0,Ba,Ti,O,False,False,False,True,False,BaTiO3,False,False,composition_incompatible,2.111666666666667,4.223333333333334,3.951809883117676,0.7282189130783081,-0.0025374889373779297,37d0beb67e1039eb34bda26368d1f4dc015b9cb3,True,{},[],joint_perturb_0p05:5
cmr_682785369aa2b3971943559ce4e3b0ca,Ge:1|La:1|O:3,joint,0,212640199,oxide,,,,La,Ge,O,0.2800000011920929,0.0,True,12,1,1,0,0,0.0,0,0.0,La,Fe,O,True,False,False,True,False,LaFeO3,False,False,composition_incompatible,2.1124999999999994,4.225,3.948101758956909,0.26576048135757446,-0.013865441083908081,27d1dbbe33732dac64781bd052c7ae748a2d08c6,True,{},[],joint:6
cmr_682785369aa2b3971943559ce4e3b0ca,Ge:1|La:1|O:3,joint,1,2118421850,oxide,,,,La,Ge,O,0.2800000011920929,0.0,True,12,1,1,0,0,0.0,0,0.0,Ba,Zr,O,False,False,False,True,False,BaZrO3,False,False,composition_incompatible,2.12,4.24,3.948101758956909,0.26576048135757446,-0.013865441083908081,e1b6d208109d05ab00756cf62d63faed19ab46a3,True,{},[],joint:7
cmr_682785369aa2b3971943559ce4e3b0ca,Ge:1|La:1|O:3,joint,2,769161509,oxide,,,,La,Ge,O,0.2800000011920929,0.0,True,12,1,1,0,0,0.0,0,0.0,Ba,Zr,O,False,False,False,True,False,BaZrO3,False,False,composition_incompatible,2.12,4.24,3.948101758956909,0.26576048135757446,-0.013865441083908081,e1b6d208109d05ab00756cf62d63faed19ab46a3,True,{},[],joint:7
cmr_682785369aa2b3971943559ce4e3b0ca,Ge:1|La:1|O:3,fixed_real,0,212640199,oxide,cmr_11dacddcba738021fcb7a8ad9b578f91,False,True,La,Ge,O,0.2800000011920929,0.0,True,12,1,1,0,0,0.0,0,0.0,Ca,Ti,O,False,False,False,True,False,CaTiO3,False,False,composition_incompatible,2.111666666666667,4.223333333333334,3.95226788520813,1.8354103565216064,0.005299866199493408,869b6974300531619d19bd921b6a465232a0674a,True,{},[],fixed_real:0
cmr_682785369aa2b3971943559ce4e3b0ca,Ge:1|La:1|O:3,fixed_real,1,2118421850,oxide,cmr_11dacddcba738021fcb7a8ad9b578f91,False,True,La,Ge,O,0.2800000011920929,0.0,True,12,1,1,0,0,0.0,0,0.0,Ca,Ti,O,False,False,False,True,False,CaTiO3,False,False,composition_incompatible,2.111666666666667,4.223333333333334,3.95226788520813,1.8354103565216064,0.005299866199493408,869b6974300531619d19bd921b6a465232a0674a,True,{},[],fixed_real:0
cmr_682785369aa2b3971943559ce4e3b0ca,Ge:1|La:1|O:3,fixed_real,2,769161509,oxide,cmr_11dacddcba738021fcb7a8ad9b578f91,False,True,La,Ge,O,0.2800000011920929,0.0,True,12,1,1,0,0,0.0,0,0.0,Ca,Ti,O,False,False,False,True,False,CaTiO3,False,False,composition_incompatible,2.111666666666667,4.223333333333334,3.95226788520813,1.8354103565216064,0.005299866199493408,869b6974300531619d19bd921b6a465232a0674a,True,{},[],fixed_real:0
cmr_682785369aa2b3971943559ce4e3b0ca,Ge:1|La:1|O:3,property,0,212640199,oxide,,,,La,Ge,O,0.2800000011920929,0.0,True,12,1,1,0,0,0.0,0,0.0,Ba,Ti,O,False,False,False,True,False,BaTiO3,False,False,composition_incompatible,2.111666666666667,4.223333333333334,3.949117422103882,0.2820640802383423,0.0024222135543823242,37d0beb67e1039eb34bda26368d1f4dc015b9cb3,True,{},[],property:1
cmr_682785369aa2b3971943559ce4e3b0ca,Ge:1|La:1|O:3,property,1,2118421850,oxide,,,,La,Ge,O,0.2800000011920929,0.0,True,12,1,1,0,0,0.0,0,0.0,Ba,Ti,O,False,False,False,True,False,BaTiO3,False,False,composition_incompatible,2.111666666666667,4.223333333333334,3.949117422103882,0.2820640802383423,0.0024222135543823242,37d0beb67e1039eb34bda26368d1f4dc015b9cb3,True,{},[],property:1
cmr_682785369aa2b3971943559ce4e3b0ca,Ge:1|La:1|O:3,property,2,769161509,oxide,,,,La,Ge,O,0.2800000011920929,0.0,True,12,1,1,0,0,0.0,0,0.0,Ba,Ti,O,False,False,False,True,False,BaTiO3,False,False,composition_incompatible,2.111666666666667,4.223333333333334,3.949117422103882,0.2820640802383423,0.0024222135543823242,37d0beb67e1039eb34bda26368d1f4dc015b9cb3,True,{},[],property:1
cmr_682785369aa2b3971943559ce4e3b0ca,Ge:1|La:1|O:3,crystal,0,212640199,oxide,,,,La,Ge,O,0.2800000011920929,0.0,True,12,7,7,0,0,0.0,0,0.0,Ba,Pb,O,False,False,False,True,False,BaPbO3,False,False,composition_incompatible,2.3825000000000003,4.765000000000001,3.9657390117645264,0.6446012258529663,5.542648792266846,055f395fb34bbaea62792e5a61485a2b7137f6fe,True,"{""tolerance/mu"": 6}","[{""attempt"": 1, ""stage"": ""tolerance/mu"", ""reason"": ""t=0.78 outside [0.80,1.05]""}, {""attempt"": 2, ""stage"": ""tolerance/mu"", ""reason"": ""t=0.78 outside [0.80,1.05]""}, {""attempt"": 3, ""stage"": ""tolerance/mu"", ""reason"": ""t=0.78 outside [0.80,1.05]""}, {""attempt"": 4, ""stage"": ""tolerance/mu"", ""reason"": ""t=0.78 outside [0.80,1.05]""}, {""attempt"": 5, ""stage"": ""tolerance/mu"", ""reason"": ""t=0.78 outside [0.80,1.05]""}, {""attempt"": 6, ""stage"": ""tolerance/mu"", ""reason"": ""t=0.78 outside [0.80,1.05]""}]",crystal:5
cmr_682785369aa2b3971943559ce4e3b0ca,Ge:1|La:1|O:3,crystal,1,2118421850,oxide,,,,La,Ge,O,0.2800000011920929,0.0,True,12,4,4,0,0,0.0,0,0.0,Ba,Pb,O,False,False,False,True,False,BaPbO3,False,False,composition_incompatible,2.3825000000000003,4.765000000000001,3.9657390117645264,0.6446012258529663,5.542648792266846,055f395fb34bbaea62792e5a61485a2b7137f6fe,True,"{""tolerance/mu"": 3}","[{""attempt"": 1, ""stage"": ""tolerance/mu"", ""reason"": ""t=0.78 outside [0.80,1.05]""}, {""attempt"": 2, ""stage"": ""tolerance/mu"", ""reason"": ""t=0.78 outside [0.80,1.05]""}, {""attempt"": 3, ""stage"": ""tolerance/mu"", ""reason"": ""t=0.78 outside [0.80,1.05]""}]",crystal:5
cmr_682785369aa2b3971943559ce4e3b0ca,Ge:1|La:1|O:3,crystal,2,769161509,oxide,,,,La,Ge,O,0.2800000011920929,0.0,True,12,2,2,0,0,0.0,0,0.0,Ba,Pb,O,False,False,False,True,False,BaPbO3,False,False,composition_incompatible,2.3825000000000003,4.765000000000001,3.9657390117645264,0.6446012258529663,5.542648792266846,055f395fb34bbaea62792e5a61485a2b7137f6fe,True,"{""tolerance/mu"": 1}","[{""attempt"": 1, ""stage"": ""tolerance/mu"", ""reason"": ""t=0.78 outside [0.80,1.05]""}]",crystal:5
cmr_682785369aa2b3971943559ce4e3b0ca,Ge:1|La:1|O:3,joint_perturb_0p01,0,212640199,oxide,,,,La,Ge,O,0.2800000011920929,0.0,True,12,1,1,0,0,0.0,0,0.0,Ba,Ti,O,False,False,False,True,False,BaTiO3,False,False,composition_incompatible,2.111666666666667,4.223333333333334,3.948364019393921,0.2823377847671509,-0.00966334342956543,37d0beb67e1039eb34bda26368d1f4dc015b9cb3,True,{},[],joint_perturb_0p01:5
cmr_682785369aa2b3971943559ce4e3b0ca,Ge:1|La:1|O:3,joint_perturb_0p01,1,2118421850,oxide,,,,La,Ge,O,0.2800000011920929,0.0,True,12,1,1,0,0,0.0,0,0.0,Ba,Zr,O,False,False,False,True,False,BaZrO3,False,False,composition_incompatible,2.12,4.24,3.948364019393921,0.2823377847671509,-0.00966334342956543,e1b6d208109d05ab00756cf62d63faed19ab46a3,True,{},[],joint_perturb_0p01:7
cmr_682785369aa2b3971943559ce4e3b0ca,Ge:1|La:1|O:3,joint_perturb_0p01,2,769161509,oxide,,,,La,Ge,O,0.2800000011920929,0.0,True,12,1,1,0,0,0.0,0,0.0,Ba,Zr,O,False,False,False,True,False,BaZrO3,False,False,composition_incompatible,2.12,4.24,3.948364019393921,0.2823377847671509,-0.00966334342956543,e1b6d208109d05ab00756cf62d63faed19ab46a3,True,{},[],joint_perturb_0p01:7
cmr_682785369aa2b3971943559ce4e3b0ca,Ge:1|La:1|O:3,joint_perturb_0p05,0,212640199,oxide,,,,La,Ge,O,0.2800000011920929,0.0,True,12,1,1,0,0,0.0,0,0.0,Ba,Ti,O,False,False,False,True,False,BaTiO3,False,False,composition_incompatible,2.111666666666667,4.223333333333334,3.948650360107422,0.3498650789260864,0.007155895233154297,37d0beb67e1039eb34bda26368d1f4dc015b9cb3,True,{},[],joint_perturb_0p05:5
cmr_682785369aa2b3971943559ce4e3b0ca,Ge:1|La:1|O:3,joint_perturb_0p05,1,2118421850,oxide,,,,La,Ge,O,0.2800000011920929,0.0,True,12,1,1,0,0,0.0,0,0.0,Ba,Ti,O,False,False,False,True,False,BaTiO3,False,False,composition_incompatible,2.111666666666667,4.223333333333334,3.948650360107422,0.3498650789260864,0.007155895233154297,37d0beb67e1039eb34bda26368d1f4dc015b9cb3,True,{},[],joint_perturb_0p05:5
cmr_682785369aa2b3971943559ce4e3b0ca,Ge:1|La:1|O:3,joint_perturb_0p05,2,769161509,oxide,,,,La,Ge,O,0.2800000011920929,0.0,True,12,1,1,0,0,0.0,0,0.0,Ba,Ti,O,False,False,False,True,False,BaTiO3,False,False,composition_incompatible,2.111666666666667,4.223333333333334,3.948650360107422,0.3498650789260864,0.007155895233154297,37d0beb67e1039eb34bda26368d1f4dc015b9cb3,True,{},[],joint_perturb_0p05:5
cmr_78c26d513a55ceb0d9345ce3cdf39c24,K:1|Ni:1|O:3,joint,0,839154196,oxide,,,,K,Ni,O,1.0399999618530273,0.0,True,12,1,1,0,0,0.0,0,0.0,La,Fe,O,False,False,False,True,False,LaFeO3,False,False,composition_incompatible,2.1124999999999994,4.225,3.947484254837036,1.0410895347595215,-0.00014486908912658691,27d1dbbe33732dac64781bd052c7ae748a2d08c6,True,{},[],joint:6
cmr_78c26d513a55ceb0d9345ce3cdf39c24,K:1|Ni:1|O:3,joint,1,1564347484,oxide,,,,K,Ni,O,1.0399999618530273,0.0,True,12,1,1,0,0,0.0,0,0.0,La,Fe,O,False,False,False,True,False,LaFeO3,False,False,composition_incompatible,2.1124999999999994,4.225,3.947484254837036,1.0410895347595215,-0.00014486908912658691,27d1dbbe33732dac64781bd052c7ae748a2d08c6,True,{},[],joint:6
cmr_78c26d513a55ceb0d9345ce3cdf39c24,K:1|Ni:1|O:3,joint,2,1450483559,oxide,,,,K,Ni,O,1.0399999618530273,0.0,True,12,1,1,0,0,0.0,0,0.0,La,Fe,O,False,False,False,True,False,LaFeO3,False,False,composition_incompatible,2.1124999999999994,4.225,3.947484254837036,1.0410895347595215,-0.00014486908912658691,27d1dbbe33732dac64781bd052c7ae748a2d08c6,True,{},[],joint:6
cmr_78c26d513a55ceb0d9345ce3cdf39c24,K:1|Ni:1|O:3,fixed_real,0,839154196,oxide,cmr_11dacddcba738021fcb7a8ad9b578f91,False,True,K,Ni,O,1.0399999618530273,0.0,True,12,1,1,0,0,0.0,0,0.0,Ca,Ti,O,False,False,False,True,False,CaTiO3,False,False,composition_incompatible,2.111666666666667,4.223333333333334,3.95226788520813,1.8354103565216064,0.005299866199493408,869b6974300531619d19bd921b6a465232a0674a,True,{},[],fixed_real:0
cmr_78c26d513a55ceb0d9345ce3cdf39c24,K:1|Ni:1|O:3,fixed_real,1,1564347484,oxide,cmr_11dacddcba738021fcb7a8ad9b578f91,False,True,K,Ni,O,1.0399999618530273,0.0,True,12,1,1,0,0,0.0,0,0.0,Ca,Ti,O,False,False,False,True,False,CaTiO3,False,False,composition_incompatible,2.111666666666667,4.223333333333334,3.95226788520813,1.8354103565216064,0.005299866199493408,869b6974300531619d19bd921b6a465232a0674a,True,{},[],fixed_real:0
cmr_78c26d513a55ceb0d9345ce3cdf39c24,K:1|Ni:1|O:3,fixed_real,2,1450483559,oxide,cmr_11dacddcba738021fcb7a8ad9b578f91,False,True,K,Ni,O,1.0399999618530273,0.0,True,12,1,1,0,0,0.0,0,0.0,Ca,Ti,O,False,False,False,True,False,CaTiO3,False,False,composition_incompatible,2.111666666666667,4.223333333333334,3.95226788520813,1.8354103565216064,0.005299866199493408,869b6974300531619d19bd921b6a465232a0674a,True,{},[],fixed_real:0
cmr_78c26d513a55ceb0d9345ce3cdf39c24,K:1|Ni:1|O:3,property,0,839154196,oxide,,,,K,Ni,O,1.0399999618530273,0.0,True,12,1,1,0,0,0.0,0,0.0,Ba,Ti,O,False,False,False,True,False,BaTiO3,False,False,composition_incompatible,2.111666666666667,4.223333333333334,3.948659896850586,1.0352715253829956,0.0023120641708374023,37d0beb67e1039eb34bda26368d1f4dc015b9cb3,True,{},[],property:1
cmr_78c26d513a55ceb0d9345ce3cdf39c24,K:1|Ni:1|O:3,property,1,1564347484,oxide,,,,K,Ni,O,1.0399999618530273,0.0,True,12,1,1,0,0,0.0,0,0.0,Ba,Ti,O,False,False,False,True,False,BaTiO3,False,False,composition_incompatible,2.111666666666667,4.223333333333334,3.948659896850586,1.0352715253829956,0.0023120641708374023,37d0beb67e1039eb34bda26368d1f4dc015b9cb3,True,{},[],property:1
cmr_78c26d513a55ceb0d9345ce3cdf39c24,K:1|Ni:1|O:3,property,2,1450483559,oxide,,,,K,Ni,O,1.0399999618530273,0.0,True,12,1,1,0,0,0.0,0,0.0,Ba,Ti,O,False,False,False,True,False,BaTiO3,False,False,composition_incompatible,2.111666666666667,4.223333333333334,3.948659896850586,1.0352715253829956,0.0023120641708374023,37d0beb67e1039eb34bda26368d1f4dc015b9cb3,True,{},[],property:1
cmr_78c26d513a55ceb0d9345ce3cdf39c24,K:1|Ni:1|O:3,crystal,0,839154196,oxide,,,,K,Ni,O,1.0399999618530273,0.0,True,12,1,1,0,0,0.0,0,0.0,Ba,Ti,O,False,False,False,True,False,BaTiO3,False,False,composition_incompatible,2.111666666666667,4.223333333333334,3.9531495571136475,1.9396817684173584,1.9635089635849,37d0beb67e1039eb34bda26368d1f4dc015b9cb3,True,{},[],crystal:4
cmr_78c26d513a55ceb0d9345ce3cdf39c24,K:1|Ni:1|O:3,crystal,1,1564347484,oxide,,,,K,Ni,O,1.0399999618530273,0.0,True,12,1,1,0,0,0.0,0,0.0,Ba,Ti,O,False,False,False,True,False,BaTiO3,False,False,composition_incompatible,2.111666666666667,4.223333333333334,3.9531495571136475,1.9396817684173584,1.9635089635849,37d0beb67e1039eb34bda26368d1f4dc015b9cb3,True,{},[],crystal:4
cmr_78c26d513a55ceb0d9345ce3cdf39c24,K:1|Ni:1|O:3,crystal,2,1450483559,oxide,,,,K,Ni,O,1.0399999618530273,0.0,True,12,1,1,0,0,0.0,0,0.0,Ba,Ti,O,False,False,False,True,False,BaTiO3,False,False,composition_incompatible,2.111666666666667,4.223333333333334,3.9531495571136475,1.9396817684173584,1.9635089635849,37d0beb67e1039eb34bda26368d1f4dc015b9cb3,True,{},[],crystal:4
cmr_78c26d513a55ceb0d9345ce3cdf39c24,K:1|Ni:1|O:3,joint_perturb_0p01,0,839154196,oxide,,,,K,Ni,O,1.0399999618530273,0.0,True,12,1,1,0,0,0.0,0,0.0,La,Fe,O,False,False,False,True,False,LaFeO3,False,False,composition_incompatible,2.1124999999999994,4.225,3.9470717906951904,1.0220823287963867,0.0026772022247314453,27d1dbbe33732dac64781bd052c7ae748a2d08c6,True,{},[],joint_perturb_0p01:8
cmr_78c26d513a55ceb0d9345ce3cdf39c24,K:1|Ni:1|O:3,joint_perturb_0p01,1,1564347484,oxide,,,,K,Ni,O,1.0399999618530273,0.0,True,12,1,1,0,0,0.0,0,0.0,La,Fe,O,False,False,False,True,False,LaFeO3,False,False,composition_incompatible,2.1124999999999994,4.225,3.9470717906951904,1.0220823287963867,0.0026772022247314453,27d1dbbe33732dac64781bd052c7ae748a2d08c6,True,{},[],joint_perturb_0p01:8
cmr_78c26d513a55ceb0d9345ce3cdf39c24,K:1|Ni:1|O:3,joint_perturb_0p01,2,1450483559,oxide,,,,K,Ni,O,1.0399999618530273,0.0,True,12,1,1,0,0,0.0,0,0.0,La,Fe,O,False,False,False,True,False,LaFeO3,False,False,composition_incompatible,2.1124999999999994,4.225,3.9470717906951904,1.0220823287963867,0.0026772022247314453,27d1dbbe33732dac64781bd052c7ae748a2d08c6,True,{},[],joint_perturb_0p01:8
cmr_78c26d513a55ceb0d9345ce3cdf39c24,K:1|Ni:1|O:3,joint_perturb_0p05,0,839154196,oxide,,,,K,Ni,O,1.0399999618530273,0.0,True,12,1,1,0,0,0.0,0,0.0,La,Fe,O,False,False,False,True,False,LaFeO3,False,False,composition_incompatible,2.1124999999999994,4.225,3.9469845294952393,0.9460533857345581,0.013965308666229248,27d1dbbe33732dac64781bd052c7ae748a2d08c6,True,{},[],joint_perturb_0p05:3
cmr_78c26d513a55ceb0d9345ce3cdf39c24,K:1|Ni:1|O:3,joint_perturb_0p05,1,1564347484,oxide,,,,K,Ni,O,1.0399999618530273,0.0,True,12,1,1,0,0,0.0,0,0.0,La,Fe,O,False,False,False,True,False,LaFeO3,False,False,composition_incompatible,2.1124999999999994,4.225,3.9469845294952393,0.9460533857345581,0.013965308666229248,27d1dbbe33732dac64781bd052c7ae748a2d08c6,True,{},[],joint_perturb_0p05:3
cmr_78c26d513a55ceb0d9345ce3cdf39c24,K:1|Ni:1|O:3,joint_perturb_0p05,2,1450483559,oxide,,,,K,Ni,O,1.0399999618530273,0.0,True,12,1,1,0,0,0.0,0,0.0,La,Fe,O,False,False,False,True,False,LaFeO3,False,False,composition_incompatible,2.1124999999999994,4.225,3.9469845294952393,0.9460533857345581,0.013965308666229248,27d1dbbe33732dac64781bd052c7ae748a2d08c6,True,{},[],joint_perturb_0p05:3
cmr_898ee445e8ccfce566bb0883e7821189,Mo:1|N:3|Na:1,joint,0,18939464,nitride,,,,Na,Mo,N,1.1799999475479126,0.0,False,12,12,0,0,0,0.0,0,0.0,,,,False,False,False,False,False,,False,False,invalid,,,3.9481661319732666,1.1753449440002441,0.0068766772747039795,,True,"{""charge_compatible_A"": 12}","[{""attempt"": 1, ""stage"": ""charge_compatible_A"", ""reason"": ""no compatible A species""}, {""attempt"": 2, ""stage"": ""charge_compatible_A"", ""reason"": ""no compatible A species""}, {""attempt"": 3, ""stage"": ""charge_compatible_A"", ""reason"": ""no compatible A species""}, {""attempt"": 4, ""stage"": ""charge_compatible_A"", ""reason"": ""no compatible A species""}, {""attempt"": 5, ""stage"": ""charge_compatible_A"", ""reason"": ""no compatible A species""}, {""attempt"": 6, ""stage"": ""charge_compatible_A"", ""reason"": ""no compatible A species""}, {""attempt"": 7, ""stage"": ""charge_compatible_A"", ""reason"": ""no compatible A species""}, {""attempt"": 8, ""stage"": ""charge_compatible_A"", ""reason"": ""no compatible A species""}, {""attempt"": 9, ""stage"": ""charge_compatible_A"", ""reason"": ""no compatible A species""}, {""attempt"": 10, ""stage"": ""charge_compatible_A"", ""reason"": ""no compatible A species""}, {""attempt"": 11, ""stage"": ""charge_compatible_A"", ""reason"": ""no compatible A species""}, {""attempt"": 12, ""stage"": ""charge_compatible_A"", ""reason"": ""no compatible A species""}]",
cmr_898ee445e8ccfce566bb0883e7821189,Mo:1|N:3|Na:1,joint,1,475830300,nitride,,,,Na,Mo,N,1.1799999475479126,0.0,False,12,12,0,0,0,0.0,0,0.0,,,,False,False,False,False,False,,False,False,invalid,,,3.9481661319732666,1.1753449440002441,0.0068766772747039795,,True,"{""charge_compatible_A"": 12}","[{""attempt"": 1, ""stage"": ""charge_compatible_A"", ""reason"": ""no compatible A species""}, {""attempt"": 2, ""stage"": ""charge_compatible_A"", ""reason"": ""no compatible A species""}, {""attempt"": 3, ""stage"": ""charge_compatible_A"", ""reason"": ""no compatible A species""}, {""attempt"": 4, ""stage"": ""charge_compatible_A"", ""reason"": ""no compatible A species""}, {""attempt"": 5, ""stage"": ""charge_compatible_A"", ""reason"": ""no compatible A species""}, {""attempt"": 6, ""stage"": ""charge_compatible_A"", ""reason"": ""no compatible A species""}, {""attempt"": 7, ""stage"": ""charge_compatible_A"", ""reason"": ""no compatible A species""}, {""attempt"": 8, ""stage"": ""charge_compatible_A"", ""reason"": ""no compatible A species""}, {""attempt"": 9, ""stage"": ""charge_compatible_A"", ""reason"": ""no compatible A species""}, {""attempt"": 10, ""stage"": ""charge_compatible_A"", ""reason"": ""no compatible A species""}, {""attempt"": 11, ""stage"": ""charge_compatible_A"", ""reason"": ""no compatible A species""}, {""attempt"": 12, ""stage"": ""charge_compatible_A"", ""reason"": ""no compatible A species""}]",
cmr_898ee445e8ccfce566bb0883e7821189,Mo:1|N:3|Na:1,joint,2,1564246596,nitride,,,,Na,Mo,N,1.1799999475479126,0.0,False,12,12,0,0,0,0.0,0,0.0,,,,False,False,False,False,False,,False,False,invalid,,,3.9481661319732666,1.1753449440002441,0.0068766772747039795,,True,"{""charge_compatible_A"": 12}","[{""attempt"": 1, ""stage"": ""charge_compatible_A"", ""reason"": ""no compatible A species""}, {""attempt"": 2, ""stage"": ""charge_compatible_A"", ""reason"": ""no compatible A species""}, {""attempt"": 3, ""stage"": ""charge_compatible_A"", ""reason"": ""no compatible A species""}, {""attempt"": 4, ""stage"": ""charge_compatible_A"", ""reason"": ""no compatible A species""}, {""attempt"": 5, ""stage"": ""charge_compatible_A"", ""reason"": ""no compatible A species""}, {""attempt"": 6, ""stage"": ""charge_compatible_A"", ""reason"": ""no compatible A species""}, {""attempt"": 7, ""stage"": ""charge_compatible_A"", ""reason"": ""no compatible A species""}, {""attempt"": 8, ""stage"": ""charge_compatible_A"", ""reason"": ""no compatible A species""}, {""attempt"": 9, ""stage"": ""charge_compatible_A"", ""reason"": ""no compatible A species""}, {""attempt"": 10, ""stage"": ""charge_compatible_A"", ""reason"": ""no compatible A species""}, {""attempt"": 11, ""stage"": ""charge_compatible_A"", ""reason"": ""no compatible A species""}, {""attempt"": 12, ""stage"": ""charge_compatible_A"", ""reason"": ""no compatible A species""}]",
cmr_898ee445e8ccfce566bb0883e7821189,Mo:1|N:3|Na:1,fixed_real,0,18939464,nitride,cmr_11dacddcba738021fcb7a8ad9b578f91,False,False,Na,Mo,N,1.1799999475479126,0.0,False,12,12,0,0,0,0.0,0,0.0,,,,False,False,False,False,False,,False,False,invalid,,,3.95226788520813,1.8354103565216064,0.005299866199493408,,True,"{""charge_compatible_A"": 12}","[{""attempt"": 1, ""stage"": ""charge_compatible_A"", ""reason"": ""no compatible A species""}, {""attempt"": 2, ""stage"": ""charge_compatible_A"", ""reason"": ""no compatible A species""}, {""attempt"": 3, ""stage"": ""charge_compatible_A"", ""reason"": ""no compatible A species""}, {""attempt"": 4, ""stage"": ""charge_compatible_A"", ""reason"": ""no compatible A species""}, {""attempt"": 5, ""stage"": ""charge_compatible_A"", ""reason"": ""no compatible A species""}, {""attempt"": 6, ""stage"": ""charge_compatible_A"", ""reason"": ""no compatible A species""}, {""attempt"": 7, ""stage"": ""charge_compatible_A"", ""reason"": ""no compatible A species""}, {""attempt"": 8, ""stage"": ""charge_compatible_A"", ""reason"": ""no compatible A species""}, {""attempt"": 9, ""stage"": ""charge_compatible_A"", ""reason"": ""no compatible A species""}, {""attempt"": 10, ""stage"": ""charge_compatible_A"", ""reason"": ""no compatible A species""}, {""attempt"": 11, ""stage"": ""charge_compatible_A"", ""reason"": ""no compatible A species""}, {""attempt"": 12, ""stage"": ""charge_compatible_A"", ""reason"": ""no compatible A species""}]",
cmr_898ee445e8ccfce566bb0883e7821189,Mo:1|N:3|Na:1,fixed_real,1,475830300,nitride,cmr_11dacddcba738021fcb7a8ad9b578f91,False,False,Na,Mo,N,1.1799999475479126,0.0,False,12,12,0,0,0,0.0,0,0.0,,,,False,False,False,False,False,,False,False,invalid,,,3.95226788520813,1.8354103565216064,0.005299866199493408,,True,"{""charge_compatible_A"": 12}","[{""attempt"": 1, ""stage"": ""charge_compatible_A"", ""reason"": ""no compatible A species""}, {""attempt"": 2, ""stage"": ""charge_compatible_A"", ""reason"": ""no compatible A species""}, {""attempt"": 3, ""stage"": ""charge_compatible_A"", ""reason"": ""no compatible A species""}, {""attempt"": 4, ""stage"": ""charge_compatible_A"", ""reason"": ""no compatible A species""}, {""attempt"": 5, ""stage"": ""charge_compatible_A"", ""reason"": ""no compatible A species""}, {""attempt"": 6, ""stage"": ""charge_compatible_A"", ""reason"": ""no compatible A species""}, {""attempt"": 7, ""stage"": ""charge_compatible_A"", ""reason"": ""no compatible A species""}, {""attempt"": 8, ""stage"": ""charge_compatible_A"", ""reason"": ""no compatible A species""}, {""attempt"": 9, ""stage"": ""charge_compatible_A"", ""reason"": ""no compatible A species""}, {""attempt"": 10, ""stage"": ""charge_compatible_A"", ""reason"": ""no compatible A species""}, {""attempt"": 11, ""stage"": ""charge_compatible_A"", ""reason"": ""no compatible A species""}, {""attempt"": 12, ""stage"": ""charge_compatible_A"", ""reason"": ""no compatible A species""}]",
cmr_898ee445e8ccfce566bb0883e7821189,Mo:1|N:3|Na:1,fixed_real,2,1564246596,nitride,cmr_11dacddcba738021fcb7a8ad9b578f91,False,False,Na,Mo,N,1.1799999475479126,0.0,False,12,12,0,0,0,0.0,0,0.0,,,,False,False,False,False,False,,False,False,invalid,,,3.95226788520813,1.8354103565216064,0.005299866199493408,,True,"{""charge_compatible_A"": 12}","[{""attempt"": 1, ""stage"": ""charge_compatible_A"", ""reason"": ""no compatible A species""}, {""attempt"": 2, ""stage"": ""charge_compatible_A"", ""reason"": ""no compatible A species""}, {""attempt"": 3, ""stage"": ""charge_compatible_A"", ""reason"": ""no compatible A species""}, {""attempt"": 4, ""stage"": ""charge_compatible_A"", ""reason"": ""no compatible A species""}, {""attempt"": 5, ""stage"": ""charge_compatible_A"", ""reason"": ""no compatible A species""}, {""attempt"": 6, ""stage"": ""charge_compatible_A"", ""reason"": ""no compatible A species""}, {""attempt"": 7, ""stage"": ""charge_compatible_A"", ""reason"": ""no compatible A species""}, {""attempt"": 8, ""stage"": ""charge_compatible_A"", ""reason"": ""no compatible A species""}, {""attempt"": 9, ""stage"": ""charge_compatible_A"", ""reason"": ""no compatible A species""}, {""attempt"": 10, ""stage"": ""charge_compatible_A"", ""reason"": ""no compatible A species""}, {""attempt"": 11, ""stage"": ""charge_compatible_A"", ""reason"": ""no compatible A species""}, {""attempt"": 12, ""stage"": ""charge_compatible_A"", ""reason"": ""no compatible A species""}]",
cmr_898ee445e8ccfce566bb0883e7821189,Mo:1|N:3|Na:1,property,0,18939464,nitride,,,,Na,Mo,N,1.1799999475479126,0.0,False,12,12,0,0,0,0.0,0,0.0,,,,False,False,False,False,False,,False,False,invalid,,,3.948945999145508,1.177234172821045,0.0022765696048736572,,True,"{""charge_compatible_A"": 12}","[{""attempt"": 1, ""stage"": ""charge_compatible_A"", ""reason"": ""no compatible A species""}, {""attempt"": 2, ""stage"": ""charge_compatible_A"", ""reason"": ""no compatible A species""}, {""attempt"": 3, ""stage"": ""charge_compatible_A"", ""reason"": ""no compatible A species""}, {""attempt"": 4, ""stage"": ""charge_compatible_A"", ""reason"": ""no compatible A species""}, {""attempt"": 5, ""stage"": ""charge_compatible_A"", ""reason"": ""no compatible A species""}, {""attempt"": 6, ""stage"": ""charge_compatible_A"", ""reason"": ""no compatible A species""}, {""attempt"": 7, ""stage"": ""charge_compatible_A"", ""reason"": ""no compatible A species""}, {""attempt"": 8, ""stage"": ""charge_compatible_A"", ""reason"": ""no compatible A species""}, {""attempt"": 9, ""stage"": ""charge_compatible_A"", ""reason"": ""no compatible A species""}, {""attempt"": 10, ""stage"": ""charge_compatible_A"", ""reason"": ""no compatible A species""}, {""attempt"": 11, ""stage"": ""charge_compatible_A"", ""reason"": ""no compatible A species""}, {""attempt"": 12, ""stage"": ""charge_compatible_A"", ""reason"": ""no compatible A species""}]",
cmr_898ee445e8ccfce566bb0883e7821189,Mo:1|N:3|Na:1,property,1,475830300,nitride,,,,Na,Mo,N,1.1799999475479126,0.0,False,12,12,0,0,0,0.0,0,0.0,,,,False,False,False,False,False,,False,False,invalid,,,3.948945999145508,1.177234172821045,0.0022765696048736572,,True,"{""charge_compatible_A"": 12}","[{""attempt"": 1, ""stage"": ""charge_compatible_A"", ""reason"": ""no compatible A species""}, {""attempt"": 2, ""stage"": ""charge_compatible_A"", ""reason"": ""no compatible A species""}, {""attempt"": 3, ""stage"": ""charge_compatible_A"", ""reason"": ""no compatible A species""}, {""attempt"": 4, ""stage"": ""charge_compatible_A"", ""reason"": ""no compatible A species""}, {""attempt"": 5, ""stage"": ""charge_compatible_A"", ""reason"": ""no compatible A species""}, {""attempt"": 6, ""stage"": ""charge_compatible_A"", ""reason"": ""no compatible A species""}, {""attempt"": 7, ""stage"": ""charge_compatible_A"", ""reason"": ""no compatible A species""}, {""attempt"": 8, ""stage"": ""charge_compatible_A"", ""reason"": ""no compatible A species""}, {""attempt"": 9, ""stage"": ""charge_compatible_A"", ""reason"": ""no compatible A species""}, {""attempt"": 10, ""stage"": ""charge_compatible_A"", ""reason"": ""no compatible A species""}, {""attempt"": 11, ""stage"": ""charge_compatible_A"", ""reason"": ""no compatible A species""}, {""attempt"": 12, ""stage"": ""charge_compatible_A"", ""reason"": ""no compatible A species""}]",
cmr_898ee445e8ccfce566bb0883e7821189,Mo:1|N:3|Na:1,property,2,1564246596,nitride,,,,Na,Mo,N,1.1799999475479126,0.0,False,12,12,0,0,0,0.0,0,0.0,,,,False,False,False,False,False,,False,False,invalid,,,3.948945999145508,1.177234172821045,0.0022765696048736572,,True,"{""charge_compatible_A"": 12}","[{""attempt"": 1, ""stage"": ""charge_compatible_A"", ""reason"": ""no compatible A species""}, {""attempt"": 2, ""stage"": ""charge_compatible_A"", ""reason"": ""no compatible A species""}, {""attempt"": 3, ""stage"": ""charge_compatible_A"", ""reason"": ""no compatible A species""}, {""attempt"": 4, ""stage"": ""charge_compatible_A"", ""reason"": ""no compatible A species""}, {""attempt"": 5, ""stage"": ""charge_compatible_A"", ""reason"": ""no compatible A species""}, {""attempt"": 6, ""stage"": ""charge_compatible_A"", ""reason"": ""no compatible A species""}, {""attempt"": 7, ""stage"": ""charge_compatible_A"", ""reason"": ""no compatible A species""}, {""attempt"": 8, ""stage"": ""charge_compatible_A"", ""reason"": ""no compatible A species""}, {""attempt"": 9, ""stage"": ""charge_compatible_A"", ""reason"": ""no compatible A species""}, {""attempt"": 10, ""stage"": ""charge_compatible_A"", ""reason"": ""no compatible A species""}, {""attempt"": 11, ""stage"": ""charge_compatible_A"", ""reason"": ""no compatible A species""}, {""attempt"": 12, ""stage"": ""charge_compatible_A"", ""reason"": ""no compatible A species""}]",
cmr_898ee445e8ccfce566bb0883e7821189,Mo:1|N:3|Na:1,crystal,0,18939464,nitride,,,,Na,Mo,N,1.1799999475479126,0.0,False,12,12,12,0,0,0.0,0,0.0,,,,False,False,False,False,False,,False,False,invalid,,,3.959845781326294,1.9086257219314575,1.7069350481033325,,True,"{""tolerance/mu"": 12}","[{""attempt"": 1, ""stage"": ""tolerance/mu"", ""reason"": ""mu=1.23 outside [0.41,0.90]""}, {""attempt"": 2, ""stage"": ""tolerance/mu"", ""reason"": ""mu=1.23 outside [0.41,0.90]""}, {""attempt"": 3, ""stage"": ""tolerance/mu"", ""reason"": ""mu=1.23 outside [0.41,0.90]""}, {""attempt"": 4, ""stage"": ""tolerance/mu"", ""reason"": ""mu=1.23 outside [0.41,0.90]""}, {""attempt"": 5, ""stage"": ""tolerance/mu"", ""reason"": ""mu=1.23 outside [0.41,0.90]""}, {""attempt"": 6, ""stage"": ""tolerance/mu"", ""reason"": ""mu=1.23 outside [0.41,0.90]""}, {""attempt"": 7, ""stage"": ""tolerance/mu"", ""reason"": ""mu=1.23 outside [0.41,0.90]""}, {""attempt"": 8, ""stage"": ""tolerance/mu"", ""reason"": ""mu=1.23 outside [0.41,0.90]""}, {""attempt"": 9, ""stage"": ""tolerance/mu"", ""reason"": ""mu=1.23 outside [0.41,0.90]""}, {""attempt"": 10, ""stage"": ""tolerance/mu"", ""reason"": ""mu=1.23 outside [0.41,0.90]""}, {""attempt"": 11, ""stage"": ""tolerance/mu"", ""reason"": ""mu=1.23 outside [0.41,0.90]""}, {""attempt"": 12, ""stage"": ""tolerance/mu"", ""reason"": ""mu=1.23 outside [0.41,0.90]""}]",
cmr_898ee445e8ccfce566bb0883e7821189,Mo:1|N:3|Na:1,crystal,1,475830300,nitride,,,,Na,Mo,N,1.1799999475479126,0.0,False,12,12,12,0,0,0.0,0,0.0,,,,False,False,False,False,False,,False,False,invalid,,,3.959845781326294,1.9086257219314575,1.7069350481033325,,True,"{""tolerance/mu"": 12}","[{""attempt"": 1, ""stage"": ""tolerance/mu"", ""reason"": ""mu=1.23 outside [0.41,0.90]""}, {""attempt"": 2, ""stage"": ""tolerance/mu"", ""reason"": ""mu=1.23 outside [0.41,0.90]""}, {""attempt"": 3, ""stage"": ""tolerance/mu"", ""reason"": ""mu=1.23 outside [0.41,0.90]""}, {""attempt"": 4, ""stage"": ""tolerance/mu"", ""reason"": ""mu=1.23 outside [0.41,0.90]""}, {""attempt"": 5, ""stage"": ""tolerance/mu"", ""reason"": ""mu=1.23 outside [0.41,0.90]""}, {""attempt"": 6, ""stage"": ""tolerance/mu"", ""reason"": ""mu=1.23 outside [0.41,0.90]""}, {""attempt"": 7, ""stage"": ""tolerance/mu"", ""reason"": ""mu=1.23 outside [0.41,0.90]""}, {""attempt"": 8, ""stage"": ""tolerance/mu"", ""reason"": ""mu=1.23 outside [0.41,0.90]""}, {""attempt"": 9, ""stage"": ""tolerance/mu"", ""reason"": ""mu=1.23 outside [0.41,0.90]""}, {""attempt"": 10, ""stage"": ""tolerance/mu"", ""reason"": ""mu=1.23 outside [0.41,0.90]""}, {""attempt"": 11, ""stage"": ""tolerance/mu"", ""reason"": ""mu=1.23 outside [0.41,0.90]""}, {""attempt"": 12, ""stage"": ""tolerance/mu"", ""reason"": ""mu=1.23 outside [0.41,0.90]""}]",
cmr_898ee445e8ccfce566bb0883e7821189,Mo:1|N:3|Na:1,crystal,2,1564246596,nitride,,,,Na,Mo,N,1.1799999475479126,0.0,False,12,12,12,0,0,0.0,0,0.0,,,,False,False,False,False,False,,False,False,invalid,,,3.959845781326294,1.9086257219314575,1.7069350481033325,,True,"{""tolerance/mu"": 12}","[{""attempt"": 1, ""stage"": ""tolerance/mu"", ""reason"": ""mu=1.23 outside [0.41,0.90]""}, {""attempt"": 2, ""stage"": ""tolerance/mu"", ""reason"": ""mu=1.23 outside [0.41,0.90]""}, {""attempt"": 3, ""stage"": ""tolerance/mu"", ""reason"": ""mu=1.23 outside [0.41,0.90]""}, {""attempt"": 4, ""stage"": ""tolerance/mu"", ""reason"": ""mu=1.23 outside [0.41,0.90]""}, {""attempt"": 5, ""stage"": ""tolerance/mu"", ""reason"": ""mu=1.23 outside [0.41,0.90]""}, {""attempt"": 6, ""stage"": ""tolerance/mu"", ""reason"": ""mu=1.23 outside [0.41,0.90]""}, {""attempt"": 7, ""stage"": ""tolerance/mu"", ""reason"": ""mu=1.23 outside [0.41,0.90]""}, {""attempt"": 8, ""stage"": ""tolerance/mu"", ""reason"": ""mu=1.23 outside [0.41,0.90]""}, {""attempt"": 9, ""stage"": ""tolerance/mu"", ""reason"": ""mu=1.23 outside [0.41,0.90]""}, {""attempt"": 10, ""stage"": ""tolerance/mu"", ""reason"": ""mu=1.23 outside [0.41,0.90]""}, {""attempt"": 11, ""stage"": ""tolerance/mu"", ""reason"": ""mu=1.23 outside [0.41,0.90]""}, {""attempt"": 12, ""stage"": ""tolerance/mu"", ""reason"": ""mu=1.23 outside [0.41,0.90]""}]",
cmr_898ee445e8ccfce566bb0883e7821189,Mo:1|N:3|Na:1,joint_perturb_0p01,0,18939464,nitride,,,,Na,Mo,N,1.1799999475479126,0.0,False,12,12,0,0,0,0.0,0,0.0,,,,False,False,False,False,False,,False,False,invalid,,,3.9476540088653564,1.176143765449524,0.005028724670410156,,True,"{""charge_compatible_A"": 12}","[{""attempt"": 1, ""stage"": ""charge_compatible_A"", ""reason"": ""no compatible A species""}, {""attempt"": 2, ""stage"": ""charge_compatible_A"", ""reason"": ""no compatible A species""}, {""attempt"": 3, ""stage"": ""charge_compatible_A"", ""reason"": ""no compatible A species""}, {""attempt"": 4, ""stage"": ""charge_compatible_A"", ""reason"": ""no compatible A species""}, {""attempt"": 5, ""stage"": ""charge_compatible_A"", ""reason"": ""no compatible A species""}, {""attempt"": 6, ""stage"": ""charge_compatible_A"", ""reason"": ""no compatible A species""}, {""attempt"": 7, ""stage"": ""charge_compatible_A"", ""reason"": ""no compatible A species""}, {""attempt"": 8, ""stage"": ""charge_compatible_A"", ""reason"": ""no compatible A species""}, {""attempt"": 9, ""stage"": ""charge_compatible_A"", ""reason"": ""no compatible A species""}, {""attempt"": 10, ""stage"": ""charge_compatible_A"", ""reason"": ""no compatible A species""}, {""attempt"": 11, ""stage"": ""charge_compatible_A"", ""reason"": ""no compatible A species""}, {""attempt"": 12, ""stage"": ""charge_compatible_A"", ""reason"": ""no compatible A species""}]",
cmr_898ee445e8ccfce566bb0883e7821189,Mo:1|N:3|Na:1,joint_perturb_0p01,1,475830300,nitride,,,,Na,Mo,N,1.1799999475479126,0.0,False,12,12,0,0,0,0.0,0,0.0,,,,False,False,False,False,False,,False,False,invalid,,,3.9476540088653564,1.176143765449524,0.005028724670410156,,True,"{""charge_compatible_A"": 12}","[{""attempt"": 1, ""stage"": ""charge_compatible_A"", ""reason"": ""no compatible A species""}, {""attempt"": 2, ""stage"": ""charge_compatible_A"", ""reason"": ""no compatible A species""}, {""attempt"": 3, ""stage"": ""charge_compatible_A"", ""reason"": ""no compatible A species""}, {""attempt"": 4, ""stage"": ""charge_compatible_A"", ""reason"": ""no compatible A species""}, {""attempt"": 5, ""stage"": ""charge_compatible_A"", ""reason"": ""no compatible A species""}, {""attempt"": 6, ""stage"": ""charge_compatible_A"", ""reason"": ""no compatible A species""}, {""attempt"": 7, ""stage"": ""charge_compatible_A"", ""reason"": ""no compatible A species""}, {""attempt"": 8, ""stage"": ""charge_compatible_A"", ""reason"": ""no compatible A species""}, {""attempt"": 9, ""stage"": ""charge_compatible_A"", ""reason"": ""no compatible A species""}, {""attempt"": 10, ""stage"": ""charge_compatible_A"", ""reason"": ""no compatible A species""}, {""attempt"": 11, ""stage"": ""charge_compatible_A"", ""reason"": ""no compatible A species""}, {""attempt"": 12, ""stage"": ""charge_compatible_A"", ""reason"": ""no compatible A species""}]",
cmr_898ee445e8ccfce566bb0883e7821189,Mo:1|N:3|Na:1,joint_perturb_0p01,2,1564246596,nitride,,,,Na,Mo,N,1.1799999475479126,0.0,False,12,12,0,0,0,0.0,0,0.0,,,,False,False,False,False,False,,False,False,invalid,,,3.9476540088653564,1.176143765449524,0.005028724670410156,,True,"{""charge_compatible_A"": 12}","[{""attempt"": 1, ""stage"": ""charge_compatible_A"", ""reason"": ""no compatible A species""}, {""attempt"": 2, ""stage"": ""charge_compatible_A"", ""reason"": ""no compatible A species""}, {""attempt"": 3, ""stage"": ""charge_compatible_A"", ""reason"": ""no compatible A species""}, {""attempt"": 4, ""stage"": ""charge_compatible_A"", ""reason"": ""no compatible A species""}, {""attempt"": 5, ""stage"": ""charge_compatible_A"", ""reason"": ""no compatible A species""}, {""attempt"": 6, ""stage"": ""charge_compatible_A"", ""reason"": ""no compatible A species""}, {""attempt"": 7, ""stage"": ""charge_compatible_A"", ""reason"": ""no compatible A species""}, {""attempt"": 8, ""stage"": ""charge_compatible_A"", ""reason"": ""no compatible A species""}, {""attempt"": 9, ""stage"": ""charge_compatible_A"", ""reason"": ""no compatible A species""}, {""attempt"": 10, ""stage"": ""charge_compatible_A"", ""reason"": ""no compatible A species""}, {""attempt"": 11, ""stage"": ""charge_compatible_A"", ""reason"": ""no compatible A species""}, {""attempt"": 12, ""stage"": ""charge_compatible_A"", ""reason"": ""no compatible A species""}]",
cmr_898ee445e8ccfce566bb0883e7821189,Mo:1|N:3|Na:1,joint_perturb_0p05,0,18939464,nitride,,,,Na,Mo,N,1.1799999475479126,0.0,False,12,12,0,0,0,0.0,0,0.0,,,,False,False,False,False,False,,False,False,invalid,,,3.94677734375,1.166980504989624,-0.00205114483833313,,True,"{""charge_compatible_A"": 12}","[{""attempt"": 1, ""stage"": ""charge_compatible_A"", ""reason"": ""no compatible A species""}, {""attempt"": 2, ""stage"": ""charge_compatible_A"", ""reason"": ""no compatible A species""}, {""attempt"": 3, ""stage"": ""charge_compatible_A"", ""reason"": ""no compatible A species""}, {""attempt"": 4, ""stage"": ""charge_compatible_A"", ""reason"": ""no compatible A species""}, {""attempt"": 5, ""stage"": ""charge_compatible_A"", ""reason"": ""no compatible A species""}, {""attempt"": 6, ""stage"": ""charge_compatible_A"", ""reason"": ""no compatible A species""}, {""attempt"": 7, ""stage"": ""charge_compatible_A"", ""reason"": ""no compatible A species""}, {""attempt"": 8, ""stage"": ""charge_compatible_A"", ""reason"": ""no compatible A species""}, {""attempt"": 9, ""stage"": ""charge_compatible_A"", ""reason"": ""no compatible A species""}, {""attempt"": 10, ""stage"": ""charge_compatible_A"", ""reason"": ""no compatible A species""}, {""attempt"": 11, ""stage"": ""charge_compatible_A"", ""reason"": ""no compatible A species""}, {""attempt"": 12, ""stage"": ""charge_compatible_A"", ""reason"": ""no compatible A species""}]",
cmr_898ee445e8ccfce566bb0883e7821189,Mo:1|N:3|Na:1,joint_perturb_0p05,1,475830300,nitride,,,,Na,Mo,N,1.1799999475479126,0.0,False,12,12,0,0,0,0.0,0,0.0,,,,False,False,False,False,False,,False,False,invalid,,,3.94677734375,1.166980504989624,-0.00205114483833313,,True,"{""charge_compatible_A"": 12}","[{""attempt"": 1, ""stage"": ""charge_compatible_A"", ""reason"": ""no compatible A species""}, {""attempt"": 2, ""stage"": ""charge_compatible_A"", ""reason"": ""no compatible A species""}, {""attempt"": 3, ""stage"": ""charge_compatible_A"", ""reason"": ""no compatible A species""}, {""attempt"": 4, ""stage"": ""charge_compatible_A"", ""reason"": ""no compatible A species""}, {""attempt"": 5, ""stage"": ""charge_compatible_A"", ""reason"": ""no compatible A species""}, {""attempt"": 6, ""stage"": ""charge_compatible_A"", ""reason"": ""no compatible A species""}, {""attempt"": 7, ""stage"": ""charge_compatible_A"", ""reason"": ""no compatible A species""}, {""attempt"": 8, ""stage"": ""charge_compatible_A"", ""reason"": ""no compatible A species""}, {""attempt"": 9, ""stage"": ""charge_compatible_A"", ""reason"": ""no compatible A species""}, {""attempt"": 10, ""stage"": ""charge_compatible_A"", ""reason"": ""no compatible A species""}, {""attempt"": 11, ""stage"": ""charge_compatible_A"", ""reason"": ""no compatible A species""}, {""attempt"": 12, ""stage"": ""charge_compatible_A"", ""reason"": ""no compatible A species""}]",
cmr_898ee445e8ccfce566bb0883e7821189,Mo:1|N:3|Na:1,joint_perturb_0p05,2,1564246596,nitride,,,,Na,Mo,N,1.1799999475479126,0.0,False,12,12,0,0,0,0.0,0,0.0,,,,False,False,False,False,False,,False,False,invalid,,,3.94677734375,1.166980504989624,-0.00205114483833313,,True,"{""charge_compatible_A"": 12}","[{""attempt"": 1, ""stage"": ""charge_compatible_A"", ""reason"": ""no compatible A species""}, {""attempt"": 2, ""stage"": ""charge_compatible_A"", ""reason"": ""no compatible A species""}, {""attempt"": 3, ""stage"": ""charge_compatible_A"", ""reason"": ""no compatible A species""}, {""attempt"": 4, ""stage"": ""charge_compatible_A"", ""reason"": ""no compatible A species""}, {""attempt"": 5, ""stage"": ""charge_compatible_A"", ""reason"": ""no compatible A species""}, {""attempt"": 6, ""stage"": ""charge_compatible_A"", ""reason"": ""no compatible A species""}, {""attempt"": 7, ""stage"": ""charge_compatible_A"", ""reason"": ""no compatible A species""}, {""attempt"": 8, ""stage"": ""charge_compatible_A"", ""reason"": ""no compatible A species""}, {""attempt"": 9, ""stage"": ""charge_compatible_A"", ""reason"": ""no compatible A species""}, {""attempt"": 10, ""stage"": ""charge_compatible_A"", ""reason"": ""no compatible A species""}, {""attempt"": 11, ""stage"": ""charge_compatible_A"", ""reason"": ""no compatible A species""}, {""attempt"": 12, ""stage"": ""charge_compatible_A"", ""reason"": ""no compatible A species""}]",
cmr_92838ea148c813c166057e99bfae3d39,Ca:1|N:3|W:1,joint,0,561182679,nitride,,,,Ca,W,N,0.6200000047683716,0.0,False,12,12,0,0,0,0.0,0,0.0,,,,False,False,False,False,False,,False,False,invalid,,,3.947922468185425,0.6219123005867004,-0.005972325801849365,,True,"{""charge_compatible_A"": 12}","[{""attempt"": 1, ""stage"": ""charge_compatible_A"", ""reason"": ""no compatible A species""}, {""attempt"": 2, ""stage"": ""charge_compatible_A"", ""reason"": ""no compatible A species""}, {""attempt"": 3, ""stage"": ""charge_compatible_A"", ""reason"": ""no compatible A species""}, {""attempt"": 4, ""stage"": ""charge_compatible_A"", ""reason"": ""no compatible A species""}, {""attempt"": 5, ""stage"": ""charge_compatible_A"", ""reason"": ""no compatible A species""}, {""attempt"": 6, ""stage"": ""charge_compatible_A"", ""reason"": ""no compatible A species""}, {""attempt"": 7, ""stage"": ""charge_compatible_A"", ""reason"": ""no compatible A species""}, {""attempt"": 8, ""stage"": ""charge_compatible_A"", ""reason"": ""no compatible A species""}, {""attempt"": 9, ""stage"": ""charge_compatible_A"", ""reason"": ""no compatible A species""}, {""attempt"": 10, ""stage"": ""charge_compatible_A"", ""reason"": ""no compatible A species""}, {""attempt"": 11, ""stage"": ""charge_compatible_A"", ""reason"": ""no compatible A species""}, {""attempt"": 12, ""stage"": ""charge_compatible_A"", ""reason"": ""no compatible A species""}]",
cmr_92838ea148c813c166057e99bfae3d39,Ca:1|N:3|W:1,joint,1,1575805938,nitride,,,,Ca,W,N,0.6200000047683716,0.0,False,12,12,0,0,0,0.0,0,0.0,,,,False,False,False,False,False,,False,False,invalid,,,3.947922468185425,0.6219123005867004,-0.005972325801849365,,True,"{""charge_compatible_A"": 12}","[{""attempt"": 1, ""stage"": ""charge_compatible_A"", ""reason"": ""no compatible A species""}, {""attempt"": 2, ""stage"": ""charge_compatible_A"", ""reason"": ""no compatible A species""}, {""attempt"": 3, ""stage"": ""charge_compatible_A"", ""reason"": ""no compatible A species""}, {""attempt"": 4, ""stage"": ""charge_compatible_A"", ""reason"": ""no compatible A species""}, {""attempt"": 5, ""stage"": ""charge_compatible_A"", ""reason"": ""no compatible A species""}, {""attempt"": 6, ""stage"": ""charge_compatible_A"", ""reason"": ""no compatible A species""}, {""attempt"": 7, ""stage"": ""charge_compatible_A"", ""reason"": ""no compatible A species""}, {""attempt"": 8, ""stage"": ""charge_compatible_A"", ""reason"": ""no compatible A species""}, {""attempt"": 9, ""stage"": ""charge_compatible_A"", ""reason"": ""no compatible A species""}, {""attempt"": 10, ""stage"": ""charge_compatible_A"", ""reason"": ""no compatible A species""}, {""attempt"": 11, ""stage"": ""charge_compatible_A"", ""reason"": ""no compatible A species""}, {""attempt"": 12, ""stage"": ""charge_compatible_A"", ""reason"": ""no compatible A species""}]",
cmr_92838ea148c813c166057e99bfae3d39,Ca:1|N:3|W:1,joint,2,50084768,nitride,,,,Ca,W,N,0.6200000047683716,0.0,False,12,12,0,0,0,0.0,0,0.0,,,,False,False,False,False,False,,False,False,invalid,,,3.947922468185425,0.6219123005867004,-0.005972325801849365,,True,"{""charge_compatible_A"": 12}","[{""attempt"": 1, ""stage"": ""charge_compatible_A"", ""reason"": ""no compatible A species""}, {""attempt"": 2, ""stage"": ""charge_compatible_A"", ""reason"": ""no compatible A species""}, {""attempt"": 3, ""stage"": ""charge_compatible_A"", ""reason"": ""no compatible A species""}, {""attempt"": 4, ""stage"": ""charge_compatible_A"", ""reason"": ""no compatible A species""}, {""attempt"": 5, ""stage"": ""charge_compatible_A"", ""reason"": ""no compatible A species""}, {""attempt"": 6, ""stage"": ""charge_compatible_A"", ""reason"": ""no compatible A species""}, {""attempt"": 7, ""stage"": ""charge_compatible_A"", ""reason"": ""no compatible A species""}, {""attempt"": 8, ""stage"": ""charge_compatible_A"", ""reason"": ""no compatible A species""}, {""attempt"": 9, ""stage"": ""charge_compatible_A"", ""reason"": ""no compatible A species""}, {""attempt"": 10, ""stage"": ""charge_compatible_A"", ""reason"": ""no compatible A species""}, {""attempt"": 11, ""stage"": ""charge_compatible_A"", ""reason"": ""no compatible A species""}, {""attempt"": 12, ""stage"": ""charge_compatible_A"", ""reason"": ""no compatible A species""}]",
cmr_92838ea148c813c166057e99bfae3d39,Ca:1|N:3|W:1,fixed_real,0,561182679,nitride,cmr_11dacddcba738021fcb7a8ad9b578f91,False,False,Ca,W,N,0.6200000047683716,0.0,False,12,12,0,0,0,0.0,0,0.0,,,,False,False,False,False,False,,False,False,invalid,,,3.95226788520813,1.8354103565216064,0.005299866199493408,,True,"{""charge_compatible_A"": 12}","[{""attempt"": 1, ""stage"": ""charge_compatible_A"", ""reason"": ""no compatible A species""}, {""attempt"": 2, ""stage"": ""charge_compatible_A"", ""reason"": ""no compatible A species""}, {""attempt"": 3, ""stage"": ""charge_compatible_A"", ""reason"": ""no compatible A species""}, {""attempt"": 4, ""stage"": ""charge_compatible_A"", ""reason"": ""no compatible A species""}, {""attempt"": 5, ""stage"": ""charge_compatible_A"", ""reason"": ""no compatible A species""}, {""attempt"": 6, ""stage"": ""charge_compatible_A"", ""reason"": ""no compatible A species""}, {""attempt"": 7, ""stage"": ""charge_compatible_A"", ""reason"": ""no compatible A species""}, {""attempt"": 8, ""stage"": ""charge_compatible_A"", ""reason"": ""no compatible A species""}, {""attempt"": 9, ""stage"": ""charge_compatible_A"", ""reason"": ""no compatible A species""}, {""attempt"": 10, ""stage"": ""charge_compatible_A"", ""reason"": ""no compatible A species""}, {""attempt"": 11, ""stage"": ""charge_compatible_A"", ""reason"": ""no compatible A species""}, {""attempt"": 12, ""stage"": ""charge_compatible_A"", ""reason"": ""no compatible A species""}]",
cmr_92838ea148c813c166057e99bfae3d39,Ca:1|N:3|W:1,fixed_real,1,1575805938,nitride,cmr_11dacddcba738021fcb7a8ad9b578f91,False,False,Ca,W,N,0.6200000047683716,0.0,False,12,12,0,0,0,0.0,0,0.0,,,,False,False,False,False,False,,False,False,invalid,,,3.95226788520813,1.8354103565216064,0.005299866199493408,,True,"{""charge_compatible_A"": 12}","[{""attempt"": 1, ""stage"": ""charge_compatible_A"", ""reason"": ""no compatible A species""}, {""attempt"": 2, ""stage"": ""charge_compatible_A"", ""reason"": ""no compatible A species""}, {""attempt"": 3, ""stage"": ""charge_compatible_A"", ""reason"": ""no compatible A species""}, {""attempt"": 4, ""stage"": ""charge_compatible_A"", ""reason"": ""no compatible A species""}, {""attempt"": 5, ""stage"": ""charge_compatible_A"", ""reason"": ""no compatible A species""}, {""attempt"": 6, ""stage"": ""charge_compatible_A"", ""reason"": ""no compatible A species""}, {""attempt"": 7, ""stage"": ""charge_compatible_A"", ""reason"": ""no compatible A species""}, {""attempt"": 8, ""stage"": ""charge_compatible_A"", ""reason"": ""no compatible A species""}, {""attempt"": 9, ""stage"": ""charge_compatible_A"", ""reason"": ""no compatible A species""}, {""attempt"": 10, ""stage"": ""charge_compatible_A"", ""reason"": ""no compatible A species""}, {""attempt"": 11, ""stage"": ""charge_compatible_A"", ""reason"": ""no compatible A species""}, {""attempt"": 12, ""stage"": ""charge_compatible_A"", ""reason"": ""no compatible A species""}]",
cmr_92838ea148c813c166057e99bfae3d39,Ca:1|N:3|W:1,fixed_real,2,50084768,nitride,cmr_11dacddcba738021fcb7a8ad9b578f91,False,False,Ca,W,N,0.6200000047683716,0.0,False,12,12,0,0,0,0.0,0,0.0,,,,False,False,False,False,False,,False,False,invalid,,,3.95226788520813,1.8354103565216064,0.005299866199493408,,True,"{""charge_compatible_A"": 12}","[{""attempt"": 1, ""stage"": ""charge_compatible_A"", ""reason"": ""no compatible A species""}, {""attempt"": 2, ""stage"": ""charge_compatible_A"", ""reason"": ""no compatible A species""}, {""attempt"": 3, ""stage"": ""charge_compatible_A"", ""reason"": ""no compatible A species""}, {""attempt"": 4, ""stage"": ""charge_compatible_A"", ""reason"": ""no compatible A species""}, {""attempt"": 5, ""stage"": ""charge_compatible_A"", ""reason"": ""no compatible A species""}, {""attempt"": 6, ""stage"": ""charge_compatible_A"", ""reason"": ""no compatible A species""}, {""attempt"": 7, ""stage"": ""charge_compatible_A"", ""reason"": ""no compatible A species""}, {""attempt"": 8, ""stage"": ""charge_compatible_A"", ""reason"": ""no compatible A species""}, {""attempt"": 9, ""stage"": ""charge_compatible_A"", ""reason"": ""no compatible A species""}, {""attempt"": 10, ""stage"": ""charge_compatible_A"", ""reason"": ""no compatible A species""}, {""attempt"": 11, ""stage"": ""charge_compatible_A"", ""reason"": ""no compatible A species""}, {""attempt"": 12, ""stage"": ""charge_compatible_A"", ""reason"": ""no compatible A species""}]",
cmr_92838ea148c813c166057e99bfae3d39,Ca:1|N:3|W:1,property,0,561182679,nitride,,,,Ca,W,N,0.6200000047683716,0.0,False,12,12,0,0,0,0.0,0,0.0,,,,False,False,False,False,False,,False,False,invalid,,,3.9495742321014404,0.6266810894012451,-0.0037287771701812744,,True,"{""charge_compatible_A"": 12}","[{""attempt"": 1, ""stage"": ""charge_compatible_A"", ""reason"": ""no compatible A species""}, {""attempt"": 2, ""stage"": ""charge_compatible_A"", ""reason"": ""no compatible A species""}, {""attempt"": 3, ""stage"": ""charge_compatible_A"", ""reason"": ""no compatible A species""}, {""attempt"": 4, ""stage"": ""charge_compatible_A"", ""reason"": ""no compatible A species""}, {""attempt"": 5, ""stage"": ""charge_compatible_A"", ""reason"": ""no compatible A species""}, {""attempt"": 6, ""stage"": ""charge_compatible_A"", ""reason"": ""no compatible A species""}, {""attempt"": 7, ""stage"": ""charge_compatible_A"", ""reason"": ""no compatible A species""}, {""attempt"": 8, ""stage"": ""charge_compatible_A"", ""reason"": ""no compatible A species""}, {""attempt"": 9, ""stage"": ""charge_compatible_A"", ""reason"": ""no compatible A species""}, {""attempt"": 10, ""stage"": ""charge_compatible_A"", ""reason"": ""no compatible A species""}, {""attempt"": 11, ""stage"": ""charge_compatible_A"", ""reason"": ""no compatible A species""}, {""attempt"": 12, ""stage"": ""charge_compatible_A"", ""reason"": ""no compatible A species""}]",
cmr_92838ea148c813c166057e99bfae3d39,Ca:1|N:3|W:1,property,1,1575805938,nitride,,,,Ca,W,N,0.6200000047683716,0.0,False,12,12,0,0,0,0.0,0,0.0,,,,False,False,False,False,False,,False,False,invalid,,,3.9495742321014404,0.6266810894012451,-0.0037287771701812744,,True,"{""charge_compatible_A"": 12}","[{""attempt"": 1, ""stage"": ""charge_compatible_A"", ""reason"": ""no compatible A species""}, {""attempt"": 2, ""stage"": ""charge_compatible_A"", ""reason"": ""no compatible A species""}, {""attempt"": 3, ""stage"": ""charge_compatible_A"", ""reason"": ""no compatible A species""}, {""attempt"": 4, ""stage"": ""charge_compatible_A"", ""reason"": ""no compatible A species""}, {""attempt"": 5, ""stage"": ""charge_compatible_A"", ""reason"": ""no compatible A species""}, {""attempt"": 6, ""stage"": ""charge_compatible_A"", ""reason"": ""no compatible A species""}, {""attempt"": 7, ""stage"": ""charge_compatible_A"", ""reason"": ""no compatible A species""}, {""attempt"": 8, ""stage"": ""charge_compatible_A"", ""reason"": ""no compatible A species""}, {""attempt"": 9, ""stage"": ""charge_compatible_A"", ""reason"": ""no compatible A species""}, {""attempt"": 10, ""stage"": ""charge_compatible_A"", ""reason"": ""no compatible A species""}, {""attempt"": 11, ""stage"": ""charge_compatible_A"", ""reason"": ""no compatible A species""}, {""attempt"": 12, ""stage"": ""charge_compatible_A"", ""reason"": ""no compatible A species""}]",
cmr_92838ea148c813c166057e99bfae3d39,Ca:1|N:3|W:1,property,2,50084768,nitride,,,,Ca,W,N,0.6200000047683716,0.0,False,12,12,0,0,0,0.0,0,0.0,,,,False,False,False,False,False,,False,False,invalid,,,3.9495742321014404,0.6266810894012451,-0.0037287771701812744,,True,"{""charge_compatible_A"": 12}","[{""attempt"": 1, ""stage"": ""charge_compatible_A"", ""reason"": ""no compatible A species""}, {""attempt"": 2, ""stage"": ""charge_compatible_A"", ""reason"": ""no compatible A species""}, {""attempt"": 3, ""stage"": ""charge_compatible_A"", ""reason"": ""no compatible A species""}, {""attempt"": 4, ""stage"": ""charge_compatible_A"", ""reason"": ""no compatible A species""}, {""attempt"": 5, ""stage"": ""charge_compatible_A"", ""reason"": ""no compatible A species""}, {""attempt"": 6, ""stage"": ""charge_compatible_A"", ""reason"": ""no compatible A species""}, {""attempt"": 7, ""stage"": ""charge_compatible_A"", ""reason"": ""no compatible A species""}, {""attempt"": 8, ""stage"": ""charge_compatible_A"", ""reason"": ""no compatible A species""}, {""attempt"": 9, ""stage"": ""charge_compatible_A"", ""reason"": ""no compatible A species""}, {""attempt"": 10, ""stage"": ""charge_compatible_A"", ""reason"": ""no compatible A species""}, {""attempt"": 11, ""stage"": ""charge_compatible_A"", ""reason"": ""no compatible A species""}, {""attempt"": 12, ""stage"": ""charge_compatible_A"", ""reason"": ""no compatible A species""}]",
cmr_92838ea148c813c166057e99bfae3d39,Ca:1|N:3|W:1,crystal,0,561182679,nitride,,,,Ca,W,N,0.6200000047683716,0.0,False,12,12,0,0,0,0.0,0,0.0,,,,False,False,False,False,False,,False,False,invalid,,,3.932887315750122,0.5135058164596558,4.071854114532471,,True,"{""charge_compatible_A"": 12}","[{""attempt"": 1, ""stage"": ""charge_compatible_A"", ""reason"": ""no compatible A species""}, {""attempt"": 2, ""stage"": ""charge_compatible_A"", ""reason"": ""no compatible A species""}, {""attempt"": 3, ""stage"": ""charge_compatible_A"", ""reason"": ""no compatible A species""}, {""attempt"": 4, ""stage"": ""charge_compatible_A"", ""reason"": ""no compatible A species""}, {""attempt"": 5, ""stage"": ""charge_compatible_A"", ""reason"": ""no compatible A species""}, {""attempt"": 6, ""stage"": ""charge_compatible_A"", ""reason"": ""no compatible A species""}, {""attempt"": 7, ""stage"": ""charge_compatible_A"", ""reason"": ""no compatible A species""}, {""attempt"": 8, ""stage"": ""charge_compatible_A"", ""reason"": ""no compatible A species""}, {""attempt"": 9, ""stage"": ""charge_compatible_A"", ""reason"": ""no compatible A species""}, {""attempt"": 10, ""stage"": ""charge_compatible_A"", ""reason"": ""no compatible A species""}, {""attempt"": 11, ""stage"": ""charge_compatible_A"", ""reason"": ""no compatible A species""}, {""attempt"": 12, ""stage"": ""charge_compatible_A"", ""reason"": ""no compatible A species""}]",
cmr_92838ea148c813c166057e99bfae3d39,Ca:1|N:3|W:1,crystal,1,1575805938,nitride,,,,Ca,W,N,0.6200000047683716,0.0,False,12,12,0,0,0,0.0,0,0.0,,,,False,False,False,False,False,,False,False,invalid,,,3.932887315750122,0.5135058164596558,4.071854114532471,,True,"{""charge_compatible_A"": 12}","[{""attempt"": 1, ""stage"": ""charge_compatible_A"", ""reason"": ""no compatible A species""}, {""attempt"": 2, ""stage"": ""charge_compatible_A"", ""reason"": ""no compatible A species""}, {""attempt"": 3, ""stage"": ""charge_compatible_A"", ""reason"": ""no compatible A species""}, {""attempt"": 4, ""stage"": ""charge_compatible_A"", ""reason"": ""no compatible A species""}, {""attempt"": 5, ""stage"": ""charge_compatible_A"", ""reason"": ""no compatible A species""}, {""attempt"": 6, ""stage"": ""charge_compatible_A"", ""reason"": ""no compatible A species""}, {""attempt"": 7, ""stage"": ""charge_compatible_A"", ""reason"": ""no compatible A species""}, {""attempt"": 8, ""stage"": ""charge_compatible_A"", ""reason"": ""no compatible A species""}, {""attempt"": 9, ""stage"": ""charge_compatible_A"", ""reason"": ""no compatible A species""}, {""attempt"": 10, ""stage"": ""charge_compatible_A"", ""reason"": ""no compatible A species""}, {""attempt"": 11, ""stage"": ""charge_compatible_A"", ""reason"": ""no compatible A species""}, {""attempt"": 12, ""stage"": ""charge_compatible_A"", ""reason"": ""no compatible A species""}]",
cmr_92838ea148c813c166057e99bfae3d39,Ca:1|N:3|W:1,crystal,2,50084768,nitride,,,,Ca,W,N,0.6200000047683716,0.0,False,12,12,0,0,0,0.0,0,0.0,,,,False,False,False,False,False,,False,False,invalid,,,3.932887315750122,0.5135058164596558,4.071854114532471,,True,"{""charge_compatible_A"": 12}","[{""attempt"": 1, ""stage"": ""charge_compatible_A"", ""reason"": ""no compatible A species""}, {""attempt"": 2, ""stage"": ""charge_compatible_A"", ""reason"": ""no compatible A species""}, {""attempt"": 3, ""stage"": ""charge_compatible_A"", ""reason"": ""no compatible A species""}, {""attempt"": 4, ""stage"": ""charge_compatible_A"", ""reason"": ""no compatible A species""}, {""attempt"": 5, ""stage"": ""charge_compatible_A"", ""reason"": ""no compatible A species""}, {""attempt"": 6, ""stage"": ""charge_compatible_A"", ""reason"": ""no compatible A species""}, {""attempt"": 7, ""stage"": ""charge_compatible_A"", ""reason"": ""no compatible A species""}, {""attempt"": 8, ""stage"": ""charge_compatible_A"", ""reason"": ""no compatible A species""}, {""attempt"": 9, ""stage"": ""charge_compatible_A"", ""reason"": ""no compatible A species""}, {""attempt"": 10, ""stage"": ""charge_compatible_A"", ""reason"": ""no compatible A species""}, {""attempt"": 11, ""stage"": ""charge_compatible_A"", ""reason"": ""no compatible A species""}, {""attempt"": 12, ""stage"": ""charge_compatible_A"", ""reason"": ""no compatible A species""}]",
cmr_92838ea148c813c166057e99bfae3d39,Ca:1|N:3|W:1,joint_perturb_0p01,0,561182679,nitride,,,,Ca,W,N,0.6200000047683716,0.0,False,12,12,0,0,0,0.0,0,0.0,,,,False,False,False,False,False,,False,False,invalid,,,3.9479730129241943,0.6244556903839111,-0.003952354192733765,,True,"{""charge_compatible_A"": 12}","[{""attempt"": 1, ""stage"": ""charge_compatible_A"", ""reason"": ""no compatible A species""}, {""attempt"": 2, ""stage"": ""charge_compatible_A"", ""reason"": ""no compatible A species""}, {""attempt"": 3, ""stage"": ""charge_compatible_A"", ""reason"": ""no compatible A species""}, {""attempt"": 4, ""stage"": ""charge_compatible_A"", ""reason"": ""no compatible A species""}, {""attempt"": 5, ""stage"": ""charge_compatible_A"", ""reason"": ""no compatible A species""}, {""attempt"": 6, ""stage"": ""charge_compatible_A"", ""reason"": ""no compatible A species""}, {""attempt"": 7, ""stage"": ""charge_compatible_A"", ""reason"": ""no compatible A species""}, {""attempt"": 8, ""stage"": ""charge_compatible_A"", ""reason"": ""no compatible A species""}, {""attempt"": 9, ""stage"": ""charge_compatible_A"", ""reason"": ""no compatible A species""}, {""attempt"": 10, ""stage"": ""charge_compatible_A"", ""reason"": ""no compatible A species""}, {""attempt"": 11, ""stage"": ""charge_compatible_A"", ""reason"": ""no compatible A species""}, {""attempt"": 12, ""stage"": ""charge_compatible_A"", ""reason"": ""no compatible A species""}]",
cmr_92838ea148c813c166057e99bfae3d39,Ca:1|N:3|W:1,joint_perturb_0p01,1,1575805938,nitride,,,,Ca,W,N,0.6200000047683716,0.0,False,12,12,0,0,0,0.0,0,0.0,,,,False,False,False,False,False,,False,False,invalid,,,3.9479730129241943,0.6244556903839111,-0.003952354192733765,,True,"{""charge_compatible_A"": 12}","[{""attempt"": 1, ""stage"": ""charge_compatible_A"", ""reason"": ""no compatible A species""}, {""attempt"": 2, ""stage"": ""charge_compatible_A"", ""reason"": ""no compatible A species""}, {""attempt"": 3, ""stage"": ""charge_compatible_A"", ""reason"": ""no compatible A species""}, {""attempt"": 4, ""stage"": ""charge_compatible_A"", ""reason"": ""no compatible A species""}, {""attempt"": 5, ""stage"": ""charge_compatible_A"", ""reason"": ""no compatible A species""}, {""attempt"": 6, ""stage"": ""charge_compatible_A"", ""reason"": ""no compatible A species""}, {""attempt"": 7, ""stage"": ""charge_compatible_A"", ""reason"": ""no compatible A species""}, {""attempt"": 8, ""stage"": ""charge_compatible_A"", ""reason"": ""no compatible A species""}, {""attempt"": 9, ""stage"": ""charge_compatible_A"", ""reason"": ""no compatible A species""}, {""attempt"": 10, ""stage"": ""charge_compatible_A"", ""reason"": ""no compatible A species""}, {""attempt"": 11, ""stage"": ""charge_compatible_A"", ""reason"": ""no compatible A species""}, {""attempt"": 12, ""stage"": ""charge_compatible_A"", ""reason"": ""no compatible A species""}]",
cmr_92838ea148c813c166057e99bfae3d39,Ca:1|N:3|W:1,joint_perturb_0p01,2,50084768,nitride,,,,Ca,W,N,0.6200000047683716,0.0,False,12,12,0,0,0,0.0,0,0.0,,,,False,False,False,False,False,,False,False,invalid,,,3.9479730129241943,0.6244556903839111,-0.003952354192733765,,True,"{""charge_compatible_A"": 12}","[{""attempt"": 1, ""stage"": ""charge_compatible_A"", ""reason"": ""no compatible A species""}, {""attempt"": 2, ""stage"": ""charge_compatible_A"", ""reason"": ""no compatible A species""}, {""attempt"": 3, ""stage"": ""charge_compatible_A"", ""reason"": ""no compatible A species""}, {""attempt"": 4, ""stage"": ""charge_compatible_A"", ""reason"": ""no compatible A species""}, {""attempt"": 5, ""stage"": ""charge_compatible_A"", ""reason"": ""no compatible A species""}, {""attempt"": 6, ""stage"": ""charge_compatible_A"", ""reason"": ""no compatible A species""}, {""attempt"": 7, ""stage"": ""charge_compatible_A"", ""reason"": ""no compatible A species""}, {""attempt"": 8, ""stage"": ""charge_compatible_A"", ""reason"": ""no compatible A species""}, {""attempt"": 9, ""stage"": ""charge_compatible_A"", ""reason"": ""no compatible A species""}, {""attempt"": 10, ""stage"": ""charge_compatible_A"", ""reason"": ""no compatible A species""}, {""attempt"": 11, ""stage"": ""charge_compatible_A"", ""reason"": ""no compatible A species""}, {""attempt"": 12, ""stage"": ""charge_compatible_A"", ""reason"": ""no compatible A species""}]",
cmr_92838ea148c813c166057e99bfae3d39,Ca:1|N:3|W:1,joint_perturb_0p05,0,561182679,nitride,,,,Ca,W,N,0.6200000047683716,0.0,False,12,12,0,0,0,0.0,0,0.0,,,,False,False,False,False,False,,False,False,invalid,,,3.94793438911438,0.6346292495727539,0.004127413034439087,,True,"{""charge_compatible_A"": 12}","[{""attempt"": 1, ""stage"": ""charge_compatible_A"", ""reason"": ""no compatible A species""}, {""attempt"": 2, ""stage"": ""charge_compatible_A"", ""reason"": ""no compatible A species""}, {""attempt"": 3, ""stage"": ""charge_compatible_A"", ""reason"": ""no compatible A species""}, {""attempt"": 4, ""stage"": ""charge_compatible_A"", ""reason"": ""no compatible A species""}, {""attempt"": 5, ""stage"": ""charge_compatible_A"", ""reason"": ""no compatible A species""}, {""attempt"": 6, ""stage"": ""charge_compatible_A"", ""reason"": ""no compatible A species""}, {""attempt"": 7, ""stage"": ""charge_compatible_A"", ""reason"": ""no compatible A species""}, {""attempt"": 8, ""stage"": ""charge_compatible_A"", ""reason"": ""no compatible A species""}, {""attempt"": 9, ""stage"": ""charge_compatible_A"", ""reason"": ""no compatible A species""}, {""attempt"": 10, ""stage"": ""charge_compatible_A"", ""reason"": ""no compatible A species""}, {""attempt"": 11, ""stage"": ""charge_compatible_A"", ""reason"": ""no compatible A species""}, {""attempt"": 12, ""stage"": ""charge_compatible_A"", ""reason"": ""no compatible A species""}]",
cmr_92838ea148c813c166057e99bfae3d39,Ca:1|N:3|W:1,joint_perturb_0p05,1,1575805938,nitride,,,,Ca,W,N,0.6200000047683716,0.0,False,12,12,0,0,0,0.0,0,0.0,,,,False,False,False,False,False,,False,False,invalid,,,3.94793438911438,0.6346292495727539,0.004127413034439087,,True,"{""charge_compatible_A"": 12}","[{""attempt"": 1, ""stage"": ""charge_compatible_A"", ""reason"": ""no compatible A species""}, {""attempt"": 2, ""stage"": ""charge_compatible_A"", ""reason"": ""no compatible A species""}, {""attempt"": 3, ""stage"": ""charge_compatible_A"", ""reason"": ""no compatible A species""}, {""attempt"": 4, ""stage"": ""charge_compatible_A"", ""reason"": ""no compatible A species""}, {""attempt"": 5, ""stage"": ""charge_compatible_A"", ""reason"": ""no compatible A species""}, {""attempt"": 6, ""stage"": ""charge_compatible_A"", ""reason"": ""no compatible A species""}, {""attempt"": 7, ""stage"": ""charge_compatible_A"", ""reason"": ""no compatible A species""}, {""attempt"": 8, ""stage"": ""charge_compatible_A"", ""reason"": ""no compatible A species""}, {""attempt"": 9, ""stage"": ""charge_compatible_A"", ""reason"": ""no compatible A species""}, {""attempt"": 10, ""stage"": ""charge_compatible_A"", ""reason"": ""no compatible A species""}, {""attempt"": 11, ""stage"": ""charge_compatible_A"", ""reason"": ""no compatible A species""}, {""attempt"": 12, ""stage"": ""charge_compatible_A"", ""reason"": ""no compatible A species""}]",
cmr_92838ea148c813c166057e99bfae3d39,Ca:1|N:3|W:1,joint_perturb_0p05,2,50084768,nitride,,,,Ca,W,N,0.6200000047683716,0.0,False,12,12,0,0,0,0.0,0,0.0,,,,False,False,False,False,False,,False,False,invalid,,,3.94793438911438,0.6346292495727539,0.004127413034439087,,True,"{""charge_compatible_A"": 12}","[{""attempt"": 1, ""stage"": ""charge_compatible_A"", ""reason"": ""no compatible A species""}, {""attempt"": 2, ""stage"": ""charge_compatible_A"", ""reason"": ""no compatible A species""}, {""attempt"": 3, ""stage"": ""charge_compatible_A"", ""reason"": ""no compatible A species""}, {""attempt"": 4, ""stage"": ""charge_compatible_A"", ""reason"": ""no compatible A species""}, {""attempt"": 5, ""stage"": ""charge_compatible_A"", ""reason"": ""no compatible A species""}, {""attempt"": 6, ""stage"": ""charge_compatible_A"", ""reason"": ""no compatible A species""}, {""attempt"": 7, ""stage"": ""charge_compatible_A"", ""reason"": ""no compatible A species""}, {""attempt"": 8, ""stage"": ""charge_compatible_A"", ""reason"": ""no compatible A species""}, {""attempt"": 9, ""stage"": ""charge_compatible_A"", ""reason"": ""no compatible A species""}, {""attempt"": 10, ""stage"": ""charge_compatible_A"", ""reason"": ""no compatible A species""}, {""attempt"": 11, ""stage"": ""charge_compatible_A"", ""reason"": ""no compatible A species""}, {""attempt"": 12, ""stage"": ""charge_compatible_A"", ""reason"": ""no compatible A species""}]",
cmr_9747df17e8f2ed98427d905413929dd6,K:1|N:3|Ni:1,joint,0,559444170,nitride,,,,K,Ni,N,2.240000009536743,0.0,False,12,12,0,0,0,0.0,0,0.0,,,,False,False,False,False,False,,False,False,invalid,,,3.9484386444091797,2.242730140686035,0.005992501974105835,,True,"{""charge_compatible_A"": 12}","[{""attempt"": 1, ""stage"": ""charge_compatible_A"", ""reason"": ""no compatible A species""}, {""attempt"": 2, ""stage"": ""charge_compatible_A"", ""reason"": ""no compatible A species""}, {""attempt"": 3, ""stage"": ""charge_compatible_A"", ""reason"": ""no compatible A species""}, {""attempt"": 4, ""stage"": ""charge_compatible_A"", ""reason"": ""no compatible A species""}, {""attempt"": 5, ""stage"": ""charge_compatible_A"", ""reason"": ""no compatible A species""}, {""attempt"": 6, ""stage"": ""charge_compatible_A"", ""reason"": ""no compatible A species""}, {""attempt"": 7, ""stage"": ""charge_compatible_A"", ""reason"": ""no compatible A species""}, {""attempt"": 8, ""stage"": ""charge_compatible_A"", ""reason"": ""no compatible A species""}, {""attempt"": 9, ""stage"": ""charge_compatible_A"", ""reason"": ""no compatible A species""}, {""attempt"": 10, ""stage"": ""charge_compatible_A"", ""reason"": ""no compatible A species""}, {""attempt"": 11, ""stage"": ""charge_compatible_A"", ""reason"": ""no compatible A species""}, {""attempt"": 12, ""stage"": ""charge_compatible_A"", ""reason"": ""no compatible A species""}]",
cmr_9747df17e8f2ed98427d905413929dd6,K:1|N:3|Ni:1,joint,1,1683872028,nitride,,,,K,Ni,N,2.240000009536743,0.0,False,12,12,0,0,0,0.0,0,0.0,,,,False,False,False,False,False,,False,False,invalid,,,3.9484386444091797,2.242730140686035,0.005992501974105835,,True,"{""charge_compatible_A"": 12}","[{""attempt"": 1, ""stage"": ""charge_compatible_A"", ""reason"": ""no compatible A species""}, {""attempt"": 2, ""stage"": ""charge_compatible_A"", ""reason"": ""no compatible A species""}, {""attempt"": 3, ""stage"": ""charge_compatible_A"", ""reason"": ""no compatible A species""}, {""attempt"": 4, ""stage"": ""charge_compatible_A"", ""reason"": ""no compatible A species""}, {""attempt"": 5, ""stage"": ""charge_compatible_A"", ""reason"": ""no compatible A species""}, {""attempt"": 6, ""stage"": ""charge_compatible_A"", ""reason"": ""no compatible A species""}, {""attempt"": 7, ""stage"": ""charge_compatible_A"", ""reason"": ""no compatible A species""}, {""attempt"": 8, ""stage"": ""charge_compatible_A"", ""reason"": ""no compatible A species""}, {""attempt"": 9, ""stage"": ""charge_compatible_A"", ""reason"": ""no compatible A species""}, {""attempt"": 10, ""stage"": ""charge_compatible_A"", ""reason"": ""no compatible A species""}, {""attempt"": 11, ""stage"": ""charge_compatible_A"", ""reason"": ""no compatible A species""}, {""attempt"": 12, ""stage"": ""charge_compatible_A"", ""reason"": ""no compatible A species""}]",
cmr_9747df17e8f2ed98427d905413929dd6,K:1|N:3|Ni:1,joint,2,2135997872,nitride,,,,K,Ni,N,2.240000009536743,0.0,False,12,12,0,0,0,0.0,0,0.0,,,,False,False,False,False,False,,False,False,invalid,,,3.9484386444091797,2.242730140686035,0.005992501974105835,,True,"{""charge_compatible_A"": 12}","[{""attempt"": 1, ""stage"": ""charge_compatible_A"", ""reason"": ""no compatible A species""}, {""attempt"": 2, ""stage"": ""charge_compatible_A"", ""reason"": ""no compatible A species""}, {""attempt"": 3, ""stage"": ""charge_compatible_A"", ""reason"": ""no compatible A species""}, {""attempt"": 4, ""stage"": ""charge_compatible_A"", ""reason"": ""no compatible A species""}, {""attempt"": 5, ""stage"": ""charge_compatible_A"", ""reason"": ""no compatible A species""}, {""attempt"": 6, ""stage"": ""charge_compatible_A"", ""reason"": ""no compatible A species""}, {""attempt"": 7, ""stage"": ""charge_compatible_A"", ""reason"": ""no compatible A species""}, {""attempt"": 8, ""stage"": ""charge_compatible_A"", ""reason"": ""no compatible A species""}, {""attempt"": 9, ""stage"": ""charge_compatible_A"", ""reason"": ""no compatible A species""}, {""attempt"": 10, ""stage"": ""charge_compatible_A"", ""reason"": ""no compatible A species""}, {""attempt"": 11, ""stage"": ""charge_compatible_A"", ""reason"": ""no compatible A species""}, {""attempt"": 12, ""stage"": ""charge_compatible_A"", ""reason"": ""no compatible A species""}]",
cmr_9747df17e8f2ed98427d905413929dd6,K:1|N:3|Ni:1,fixed_real,0,559444170,nitride,cmr_11dacddcba738021fcb7a8ad9b578f91,False,False,K,Ni,N,2.240000009536743,0.0,False,12,12,0,0,0,0.0,0,0.0,,,,False,False,False,False,False,,False,False,invalid,,,3.95226788520813,1.8354103565216064,0.005299866199493408,,True,"{""charge_compatible_A"": 12}","[{""attempt"": 1, ""stage"": ""charge_compatible_A"", ""reason"": ""no compatible A species""}, {""attempt"": 2, ""stage"": ""charge_compatible_A"", ""reason"": ""no compatible A species""}, {""attempt"": 3, ""stage"": ""charge_compatible_A"", ""reason"": ""no compatible A species""}, {""attempt"": 4, ""stage"": ""charge_compatible_A"", ""reason"": ""no compatible A species""}, {""attempt"": 5, ""stage"": ""charge_compatible_A"", ""reason"": ""no compatible A species""}, {""attempt"": 6, ""stage"": ""charge_compatible_A"", ""reason"": ""no compatible A species""}, {""attempt"": 7, ""stage"": ""charge_compatible_A"", ""reason"": ""no compatible A species""}, {""attempt"": 8, ""stage"": ""charge_compatible_A"", ""reason"": ""no compatible A species""}, {""attempt"": 9, ""stage"": ""charge_compatible_A"", ""reason"": ""no compatible A species""}, {""attempt"": 10, ""stage"": ""charge_compatible_A"", ""reason"": ""no compatible A species""}, {""attempt"": 11, ""stage"": ""charge_compatible_A"", ""reason"": ""no compatible A species""}, {""attempt"": 12, ""stage"": ""charge_compatible_A"", ""reason"": ""no compatible A species""}]",
cmr_9747df17e8f2ed98427d905413929dd6,K:1|N:3|Ni:1,fixed_real,1,1683872028,nitride,cmr_11dacddcba738021fcb7a8ad9b578f91,False,False,K,Ni,N,2.240000009536743,0.0,False,12,12,0,0,0,0.0,0,0.0,,,,False,False,False,False,False,,False,False,invalid,,,3.95226788520813,1.8354103565216064,0.005299866199493408,,True,"{""charge_compatible_A"": 12}","[{""attempt"": 1, ""stage"": ""charge_compatible_A"", ""reason"": ""no compatible A species""}, {""attempt"": 2, ""stage"": ""charge_compatible_A"", ""reason"": ""no compatible A species""}, {""attempt"": 3, ""stage"": ""charge_compatible_A"", ""reason"": ""no compatible A species""}, {""attempt"": 4, ""stage"": ""charge_compatible_A"", ""reason"": ""no compatible A species""}, {""attempt"": 5, ""stage"": ""charge_compatible_A"", ""reason"": ""no compatible A species""}, {""attempt"": 6, ""stage"": ""charge_compatible_A"", ""reason"": ""no compatible A species""}, {""attempt"": 7, ""stage"": ""charge_compatible_A"", ""reason"": ""no compatible A species""}, {""attempt"": 8, ""stage"": ""charge_compatible_A"", ""reason"": ""no compatible A species""}, {""attempt"": 9, ""stage"": ""charge_compatible_A"", ""reason"": ""no compatible A species""}, {""attempt"": 10, ""stage"": ""charge_compatible_A"", ""reason"": ""no compatible A species""}, {""attempt"": 11, ""stage"": ""charge_compatible_A"", ""reason"": ""no compatible A species""}, {""attempt"": 12, ""stage"": ""charge_compatible_A"", ""reason"": ""no compatible A species""}]",
cmr_9747df17e8f2ed98427d905413929dd6,K:1|N:3|Ni:1,fixed_real,2,2135997872,nitride,cmr_11dacddcba738021fcb7a8ad9b578f91,False,False,K,Ni,N,2.240000009536743,0.0,False,12,12,0,0,0,0.0,0,0.0,,,,False,False,False,False,False,,False,False,invalid,,,3.95226788520813,1.8354103565216064,0.005299866199493408,,True,"{""charge_compatible_A"": 12}","[{""attempt"": 1, ""stage"": ""charge_compatible_A"", ""reason"": ""no compatible A species""}, {""attempt"": 2, ""stage"": ""charge_compatible_A"", ""reason"": ""no compatible A species""}, {""attempt"": 3, ""stage"": ""charge_compatible_A"", ""reason"": ""no compatible A species""}, {""attempt"": 4, ""stage"": ""charge_compatible_A"", ""reason"": ""no compatible A species""}, {""attempt"": 5, ""stage"": ""charge_compatible_A"", ""reason"": ""no compatible A species""}, {""attempt"": 6, ""stage"": ""charge_compatible_A"", ""reason"": ""no compatible A species""}, {""attempt"": 7, ""stage"": ""charge_compatible_A"", ""reason"": ""no compatible A species""}, {""attempt"": 8, ""stage"": ""charge_compatible_A"", ""reason"": ""no compatible A species""}, {""attempt"": 9, ""stage"": ""charge_compatible_A"", ""reason"": ""no compatible A species""}, {""attempt"": 10, ""stage"": ""charge_compatible_A"", ""reason"": ""no compatible A species""}, {""attempt"": 11, ""stage"": ""charge_compatible_A"", ""reason"": ""no compatible A species""}, {""attempt"": 12, ""stage"": ""charge_compatible_A"", ""reason"": ""no compatible A species""}]",
cmr_9747df17e8f2ed98427d905413929dd6,K:1|N:3|Ni:1,property,0,559444170,nitride,,,,K,Ni,N,2.240000009536743,0.0,False,12,12,0,0,0,0.0,0,0.0,,,,False,False,False,False,False,,False,False,invalid,,,3.9517154693603516,2.2357325553894043,-0.0024543702602386475,,True,"{""charge_compatible_A"": 12}","[{""attempt"": 1, ""stage"": ""charge_compatible_A"", ""reason"": ""no compatible A species""}, {""attempt"": 2, ""stage"": ""charge_compatible_A"", ""reason"": ""no compatible A species""}, {""attempt"": 3, ""stage"": ""charge_compatible_A"", ""reason"": ""no compatible A species""}, {""attempt"": 4, ""stage"": ""charge_compatible_A"", ""reason"": ""no compatible A species""}, {""attempt"": 5, ""stage"": ""charge_compatible_A"", ""reason"": ""no compatible A species""}, {""attempt"": 6, ""stage"": ""charge_compatible_A"", ""reason"": ""no compatible A species""}, {""attempt"": 7, ""stage"": ""charge_compatible_A"", ""reason"": ""no compatible A species""}, {""attempt"": 8, ""stage"": ""charge_compatible_A"", ""reason"": ""no compatible A species""}, {""attempt"": 9, ""stage"": ""charge_compatible_A"", ""reason"": ""no compatible A species""}, {""attempt"": 10, ""stage"": ""charge_compatible_A"", ""reason"": ""no compatible A species""}, {""attempt"": 11, ""stage"": ""charge_compatible_A"", ""reason"": ""no compatible A species""}, {""attempt"": 12, ""stage"": ""charge_compatible_A"", ""reason"": ""no compatible A species""}]",
cmr_9747df17e8f2ed98427d905413929dd6,K:1|N:3|Ni:1,property,1,1683872028,nitride,,,,K,Ni,N,2.240000009536743,0.0,False,12,12,0,0,0,0.0,0,0.0,,,,False,False,False,False,False,,False,False,invalid,,,3.9517154693603516,2.2357325553894043,-0.0024543702602386475,,True,"{""charge_compatible_A"": 12}","[{""attempt"": 1, ""stage"": ""charge_compatible_A"", ""reason"": ""no compatible A species""}, {""attempt"": 2, ""stage"": ""charge_compatible_A"", ""reason"": ""no compatible A species""}, {""attempt"": 3, ""stage"": ""charge_compatible_A"", ""reason"": ""no compatible A species""}, {""attempt"": 4, ""stage"": ""charge_compatible_A"", ""reason"": ""no compatible A species""}, {""attempt"": 5, ""stage"": ""charge_compatible_A"", ""reason"": ""no compatible A species""}, {""attempt"": 6, ""stage"": ""charge_compatible_A"", ""reason"": ""no compatible A species""}, {""attempt"": 7, ""stage"": ""charge_compatible_A"", ""reason"": ""no compatible A species""}, {""attempt"": 8, ""stage"": ""charge_compatible_A"", ""reason"": ""no compatible A species""}, {""attempt"": 9, ""stage"": ""charge_compatible_A"", ""reason"": ""no compatible A species""}, {""attempt"": 10, ""stage"": ""charge_compatible_A"", ""reason"": ""no compatible A species""}, {""attempt"": 11, ""stage"": ""charge_compatible_A"", ""reason"": ""no compatible A species""}, {""attempt"": 12, ""stage"": ""charge_compatible_A"", ""reason"": ""no compatible A species""}]",
cmr_9747df17e8f2ed98427d905413929dd6,K:1|N:3|Ni:1,property,2,2135997872,nitride,,,,K,Ni,N,2.240000009536743,0.0,False,12,12,0,0,0,0.0,0,0.0,,,,False,False,False,False,False,,False,False,invalid,,,3.9517154693603516,2.2357325553894043,-0.0024543702602386475,,True,"{""charge_compatible_A"": 12}","[{""attempt"": 1, ""stage"": ""charge_compatible_A"", ""reason"": ""no compatible A species""}, {""attempt"": 2, ""stage"": ""charge_compatible_A"", ""reason"": ""no compatible A species""}, {""attempt"": 3, ""stage"": ""charge_compatible_A"", ""reason"": ""no compatible A species""}, {""attempt"": 4, ""stage"": ""charge_compatible_A"", ""reason"": ""no compatible A species""}, {""attempt"": 5, ""stage"": ""charge_compatible_A"", ""reason"": ""no compatible A species""}, {""attempt"": 6, ""stage"": ""charge_compatible_A"", ""reason"": ""no compatible A species""}, {""attempt"": 7, ""stage"": ""charge_compatible_A"", ""reason"": ""no compatible A species""}, {""attempt"": 8, ""stage"": ""charge_compatible_A"", ""reason"": ""no compatible A species""}, {""attempt"": 9, ""stage"": ""charge_compatible_A"", ""reason"": ""no compatible A species""}, {""attempt"": 10, ""stage"": ""charge_compatible_A"", ""reason"": ""no compatible A species""}, {""attempt"": 11, ""stage"": ""charge_compatible_A"", ""reason"": ""no compatible A species""}, {""attempt"": 12, ""stage"": ""charge_compatible_A"", ""reason"": ""no compatible A species""}]",
cmr_9747df17e8f2ed98427d905413929dd6,K:1|N:3|Ni:1,crystal,0,559444170,nitride,,,,K,Ni,N,2.240000009536743,0.0,False,12,12,0,0,0,0.0,0,0.0,,,,False,False,False,False,False,,False,False,invalid,,,3.950300455093384,2.1230664253234863,2.397104263305664,,True,"{""charge_compatible_A"": 12}","[{""attempt"": 1, ""stage"": ""charge_compatible_A"", ""reason"": ""no compatible A species""}, {""attempt"": 2, ""stage"": ""charge_compatible_A"", ""reason"": ""no compatible A species""}, {""attempt"": 3, ""stage"": ""charge_compatible_A"", ""reason"": ""no compatible A species""}, {""attempt"": 4, ""stage"": ""charge_compatible_A"", ""reason"": ""no compatible A species""}, {""attempt"": 5, ""stage"": ""charge_compatible_A"", ""reason"": ""no compatible A species""}, {""attempt"": 6, ""stage"": ""charge_compatible_A"", ""reason"": ""no compatible A species""}, {""attempt"": 7, ""stage"": ""charge_compatible_A"", ""reason"": ""no compatible A species""}, {""attempt"": 8, ""stage"": ""charge_compatible_A"", ""reason"": ""no compatible A species""}, {""attempt"": 9, ""stage"": ""charge_compatible_A"", ""reason"": ""no compatible A species""}, {""attempt"": 10, ""stage"": ""charge_compatible_A"", ""reason"": ""no compatible A species""}, {""attempt"": 11, ""stage"": ""charge_compatible_A"", ""reason"": ""no compatible A species""}, {""attempt"": 12, ""stage"": ""charge_compatible_A"", ""reason"": ""no compatible A species""}]",
cmr_9747df17e8f2ed98427d905413929dd6,K:1|N:3|Ni:1,crystal,1,1683872028,nitride,,,,K,Ni,N,2.240000009536743,0.0,False,12,12,0,0,0,0.0,0,0.0,,,,False,False,False,False,False,,False,False,invalid,,,3.950300455093384,2.1230664253234863,2.397104263305664,,True,"{""charge_compatible_A"": 12}","[{""attempt"": 1, ""stage"": ""charge_compatible_A"", ""reason"": ""no compatible A species""}, {""attempt"": 2, ""stage"": ""charge_compatible_A"", ""reason"": ""no compatible A species""}, {""attempt"": 3, ""stage"": ""charge_compatible_A"", ""reason"": ""no compatible A species""}, {""attempt"": 4, ""stage"": ""charge_compatible_A"", ""reason"": ""no compatible A species""}, {""attempt"": 5, ""stage"": ""charge_compatible_A"", ""reason"": ""no compatible A species""}, {""attempt"": 6, ""stage"": ""charge_compatible_A"", ""reason"": ""no compatible A species""}, {""attempt"": 7, ""stage"": ""charge_compatible_A"", ""reason"": ""no compatible A species""}, {""attempt"": 8, ""stage"": ""charge_compatible_A"", ""reason"": ""no compatible A species""}, {""attempt"": 9, ""stage"": ""charge_compatible_A"", ""reason"": ""no compatible A species""}, {""attempt"": 10, ""stage"": ""charge_compatible_A"", ""reason"": ""no compatible A species""}, {""attempt"": 11, ""stage"": ""charge_compatible_A"", ""reason"": ""no compatible A species""}, {""attempt"": 12, ""stage"": ""charge_compatible_A"", ""reason"": ""no compatible A species""}]",
cmr_9747df17e8f2ed98427d905413929dd6,K:1|N:3|Ni:1,crystal,2,2135997872,nitride,,,,K,Ni,N,2.240000009536743,0.0,False,12,12,0,0,0,0.0,0,0.0,,,,False,False,False,False,False,,False,False,invalid,,,3.950300455093384,2.1230664253234863,2.397104263305664,,True,"{""charge_compatible_A"": 12}","[{""attempt"": 1, ""stage"": ""charge_compatible_A"", ""reason"": ""no compatible A species""}, {""attempt"": 2, ""stage"": ""charge_compatible_A"", ""reason"": ""no compatible A species""}, {""attempt"": 3, ""stage"": ""charge_compatible_A"", ""reason"": ""no compatible A species""}, {""attempt"": 4, ""stage"": ""charge_compatible_A"", ""reason"": ""no compatible A species""}, {""attempt"": 5, ""stage"": ""charge_compatible_A"", ""reason"": ""no compatible A species""}, {""attempt"": 6, ""stage"": ""charge_compatible_A"", ""reason"": ""no compatible A species""}, {""attempt"": 7, ""stage"": ""charge_compatible_A"", ""reason"": ""no compatible A species""}, {""attempt"": 8, ""stage"": ""charge_compatible_A"", ""reason"": ""no compatible A species""}, {""attempt"": 9, ""stage"": ""charge_compatible_A"", ""reason"": ""no compatible A species""}, {""attempt"": 10, ""stage"": ""charge_compatible_A"", ""reason"": ""no compatible A species""}, {""attempt"": 11, ""stage"": ""charge_compatible_A"", ""reason"": ""no compatible A species""}, {""attempt"": 12, ""stage"": ""charge_compatible_A"", ""reason"": ""no compatible A species""}]",
cmr_9747df17e8f2ed98427d905413929dd6,K:1|N:3|Ni:1,joint_perturb_0p01,0,559444170,nitride,,,,K,Ni,N,2.240000009536743,0.0,False,12,12,0,0,0,0.0,0,0.0,,,,False,False,False,False,False,,False,False,invalid,,,3.948423385620117,2.26621675491333,0.0014533400535583496,,True,"{""charge_compatible_A"": 12}","[{""attempt"": 1, ""stage"": ""charge_compatible_A"", ""reason"": ""no compatible A species""}, {""attempt"": 2, ""stage"": ""charge_compatible_A"", ""reason"": ""no compatible A species""}, {""attempt"": 3, ""stage"": ""charge_compatible_A"", ""reason"": ""no compatible A species""}, {""attempt"": 4, ""stage"": ""charge_compatible_A"", ""reason"": ""no compatible A species""}, {""attempt"": 5, ""stage"": ""charge_compatible_A"", ""reason"": ""no compatible A species""}, {""attempt"": 6, ""stage"": ""charge_compatible_A"", ""reason"": ""no compatible A species""}, {""attempt"": 7, ""stage"": ""charge_compatible_A"", ""reason"": ""no compatible A species""}, {""attempt"": 8, ""stage"": ""charge_compatible_A"", ""reason"": ""no compatible A species""}, {""attempt"": 9, ""stage"": ""charge_compatible_A"", ""reason"": ""no compatible A species""}, {""attempt"": 10, ""stage"": ""charge_compatible_A"", ""reason"": ""no compatible A species""}, {""attempt"": 11, ""stage"": ""charge_compatible_A"", ""reason"": ""no compatible A species""}, {""attempt"": 12, ""stage"": ""charge_compatible_A"", ""reason"": ""no compatible A species""}]",
cmr_9747df17e8f2ed98427d905413929dd6,K:1|N:3|Ni:1,joint_perturb_0p01,1,1683872028,nitride,,,,K,Ni,N,2.240000009536743,0.0,False,12,12,0,0,0,0.0,0,0.0,,,,False,False,False,False,False,,False,False,invalid,,,3.948423385620117,2.26621675491333,0.0014533400535583496,,True,"{""charge_compatible_A"": 12}","[{""attempt"": 1, ""stage"": ""charge_compatible_A"", ""reason"": ""no compatible A species""}, {""attempt"": 2, ""stage"": ""charge_compatible_A"", ""reason"": ""no compatible A species""}, {""attempt"": 3, ""stage"": ""charge_compatible_A"", ""reason"": ""no compatible A species""}, {""attempt"": 4, ""stage"": ""charge_compatible_A"", ""reason"": ""no compatible A species""}, {""attempt"": 5, ""stage"": ""charge_compatible_A"", ""reason"": ""no compatible A species""}, {""attempt"": 6, ""stage"": ""charge_compatible_A"", ""reason"": ""no compatible A species""}, {""attempt"": 7, ""stage"": ""charge_compatible_A"", ""reason"": ""no compatible A species""}, {""attempt"": 8, ""stage"": ""charge_compatible_A"", ""reason"": ""no compatible A species""}, {""attempt"": 9, ""stage"": ""charge_compatible_A"", ""reason"": ""no compatible A species""}, {""attempt"": 10, ""stage"": ""charge_compatible_A"", ""reason"": ""no compatible A species""}, {""attempt"": 11, ""stage"": ""charge_compatible_A"", ""reason"": ""no compatible A species""}, {""attempt"": 12, ""stage"": ""charge_compatible_A"", ""reason"": ""no compatible A species""}]",
cmr_9747df17e8f2ed98427d905413929dd6,K:1|N:3|Ni:1,joint_perturb_0p01,2,2135997872,nitride,,,,K,Ni,N,2.240000009536743,0.0,False,12,12,0,0,0,0.0,0,0.0,,,,False,False,False,False,False,,False,False,invalid,,,3.948423385620117,2.26621675491333,0.0014533400535583496,,True,"{""charge_compatible_A"": 12}","[{""attempt"": 1, ""stage"": ""charge_compatible_A"", ""reason"": ""no compatible A species""}, {""attempt"": 2, ""stage"": ""charge_compatible_A"", ""reason"": ""no compatible A species""}, {""attempt"": 3, ""stage"": ""charge_compatible_A"", ""reason"": ""no compatible A species""}, {""attempt"": 4, ""stage"": ""charge_compatible_A"", ""reason"": ""no compatible A species""}, {""attempt"": 5, ""stage"": ""charge_compatible_A"", ""reason"": ""no compatible A species""}, {""attempt"": 6, ""stage"": ""charge_compatible_A"", ""reason"": ""no compatible A species""}, {""attempt"": 7, ""stage"": ""charge_compatible_A"", ""reason"": ""no compatible A species""}, {""attempt"": 8, ""stage"": ""charge_compatible_A"", ""reason"": ""no compatible A species""}, {""attempt"": 9, ""stage"": ""charge_compatible_A"", ""reason"": ""no compatible A species""}, {""attempt"": 10, ""stage"": ""charge_compatible_A"", ""reason"": ""no compatible A species""}, {""attempt"": 11, ""stage"": ""charge_compatible_A"", ""reason"": ""no compatible A species""}, {""attempt"": 12, ""stage"": ""charge_compatible_A"", ""reason"": ""no compatible A species""}]",
cmr_9747df17e8f2ed98427d905413929dd6,K:1|N:3|Ni:1,joint_perturb_0p05,0,559444170,nitride,,,,K,Ni,N,2.240000009536743,0.0,False,12,12,0,0,0,0.0,0,0.0,,,,False,False,False,False,False,,False,False,invalid,,,3.948362112045288,2.3601632118225098,-0.016703307628631592,,True,"{""charge_compatible_A"": 12}","[{""attempt"": 1, ""stage"": ""charge_compatible_A"", ""reason"": ""no compatible A species""}, {""attempt"": 2, ""stage"": ""charge_compatible_A"", ""reason"": ""no compatible A species""}, {""attempt"": 3, ""stage"": ""charge_compatible_A"", ""reason"": ""no compatible A species""}, {""attempt"": 4, ""stage"": ""charge_compatible_A"", ""reason"": ""no compatible A species""}, {""attempt"": 5, ""stage"": ""charge_compatible_A"", ""reason"": ""no compatible A species""}, {""attempt"": 6, ""stage"": ""charge_compatible_A"", ""reason"": ""no compatible A species""}, {""attempt"": 7, ""stage"": ""charge_compatible_A"", ""reason"": ""no compatible A species""}, {""attempt"": 8, ""stage"": ""charge_compatible_A"", ""reason"": ""no compatible A species""}, {""attempt"": 9, ""stage"": ""charge_compatible_A"", ""reason"": ""no compatible A species""}, {""attempt"": 10, ""stage"": ""charge_compatible_A"", ""reason"": ""no compatible A species""}, {""attempt"": 11, ""stage"": ""charge_compatible_A"", ""reason"": ""no compatible A species""}, {""attempt"": 12, ""stage"": ""charge_compatible_A"", ""reason"": ""no compatible A species""}]",
cmr_9747df17e8f2ed98427d905413929dd6,K:1|N:3|Ni:1,joint_perturb_0p05,1,1683872028,nitride,,,,K,Ni,N,2.240000009536743,0.0,False,12,12,0,0,0,0.0,0,0.0,,,,False,False,False,False,False,,False,False,invalid,,,3.948362112045288,2.3601632118225098,-0.016703307628631592,,True,"{""charge_compatible_A"": 12}","[{""attempt"": 1, ""stage"": ""charge_compatible_A"", ""reason"": ""no compatible A species""}, {""attempt"": 2, ""stage"": ""charge_compatible_A"", ""reason"": ""no compatible A species""}, {""attempt"": 3, ""stage"": ""charge_compatible_A"", ""reason"": ""no compatible A species""}, {""attempt"": 4, ""stage"": ""charge_compatible_A"", ""reason"": ""no compatible A species""}, {""attempt"": 5, ""stage"": ""charge_compatible_A"", ""reason"": ""no compatible A species""}, {""attempt"": 6, ""stage"": ""charge_compatible_A"", ""reason"": ""no compatible A species""}, {""attempt"": 7, ""stage"": ""charge_compatible_A"", ""reason"": ""no compatible A species""}, {""attempt"": 8, ""stage"": ""charge_compatible_A"", ""reason"": ""no compatible A species""}, {""attempt"": 9, ""stage"": ""charge_compatible_A"", ""reason"": ""no compatible A species""}, {""attempt"": 10, ""stage"": ""charge_compatible_A"", ""reason"": ""no compatible A species""}, {""attempt"": 11, ""stage"": ""charge_compatible_A"", ""reason"": ""no compatible A species""}, {""attempt"": 12, ""stage"": ""charge_compatible_A"", ""reason"": ""no compatible A species""}]",
cmr_9747df17e8f2ed98427d905413929dd6,K:1|N:3|Ni:1,joint_perturb_0p05,2,2135997872,nitride,,,,K,Ni,N,2.240000009536743,0.0,False,12,12,0,0,0,0.0,0,0.0,,,,False,False,False,False,False,,False,False,invalid,,,3.948362112045288,2.3601632118225098,-0.016703307628631592,,True,"{""charge_compatible_A"": 12}","[{""attempt"": 1, ""stage"": ""charge_compatible_A"", ""reason"": ""no compatible A species""}, {""attempt"": 2, ""stage"": ""charge_compatible_A"", ""reason"": ""no compatible A species""}, {""attempt"": 3, ""stage"": ""charge_compatible_A"", ""reason"": ""no compatible A species""}, {""attempt"": 4, ""stage"": ""charge_compatible_A"", ""reason"": ""no compatible A species""}, {""attempt"": 5, ""stage"": ""charge_compatible_A"", ""reason"": ""no compatible A species""}, {""attempt"": 6, ""stage"": ""charge_compatible_A"", ""reason"": ""no compatible A species""}, {""attempt"": 7, ""stage"": ""charge_compatible_A"", ""reason"": ""no compatible A species""}, {""attempt"": 8, ""stage"": ""charge_compatible_A"", ""reason"": ""no compatible A species""}, {""attempt"": 9, ""stage"": ""charge_compatible_A"", ""reason"": ""no compatible A species""}, {""attempt"": 10, ""stage"": ""charge_compatible_A"", ""reason"": ""no compatible A species""}, {""attempt"": 11, ""stage"": ""charge_compatible_A"", ""reason"": ""no compatible A species""}, {""attempt"": 12, ""stage"": ""charge_compatible_A"", ""reason"": ""no compatible A species""}]",
cmr_98f26503186c693384501157616036cb,Cr:1|N:3|Na:1,joint,0,324450895,nitride,,,,Na,Cr,N,1.4199999570846558,0.0,False,12,12,0,0,0,0.0,0,0.0,,,,False,False,False,False,False,,False,False,invalid,,,3.948739767074585,1.4253284931182861,0.010609835386276245,,True,"{""charge_compatible_A"": 12}","[{""attempt"": 1, ""stage"": ""charge_compatible_A"", ""reason"": ""no compatible A species""}, {""attempt"": 2, ""stage"": ""charge_compatible_A"", ""reason"": ""no compatible A species""}, {""attempt"": 3, ""stage"": ""charge_compatible_A"", ""reason"": ""no compatible A species""}, {""attempt"": 4, ""stage"": ""charge_compatible_A"", ""reason"": ""no compatible A species""}, {""attempt"": 5, ""stage"": ""charge_compatible_A"", ""reason"": ""no compatible A species""}, {""attempt"": 6, ""stage"": ""charge_compatible_A"", ""reason"": ""no compatible A species""}, {""attempt"": 7, ""stage"": ""charge_compatible_A"", ""reason"": ""no compatible A species""}, {""attempt"": 8, ""stage"": ""charge_compatible_A"", ""reason"": ""no compatible A species""}, {""attempt"": 9, ""stage"": ""charge_compatible_A"", ""reason"": ""no compatible A species""}, {""attempt"": 10, ""stage"": ""charge_compatible_A"", ""reason"": ""no compatible A species""}, {""attempt"": 11, ""stage"": ""charge_compatible_A"", ""reason"": ""no compatible A species""}, {""attempt"": 12, ""stage"": ""charge_compatible_A"", ""reason"": ""no compatible A species""}]",
cmr_98f26503186c693384501157616036cb,Cr:1|N:3|Na:1,joint,1,1097403655,nitride,,,,Na,Cr,N,1.4199999570846558,0.0,False,12,12,0,0,0,0.0,0,0.0,,,,False,False,False,False,False,,False,False,invalid,,,3.948739767074585,1.4253284931182861,0.010609835386276245,,True,"{""charge_compatible_A"": 12}","[{""attempt"": 1, ""stage"": ""charge_compatible_A"", ""reason"": ""no compatible A species""}, {""attempt"": 2, ""stage"": ""charge_compatible_A"", ""reason"": ""no compatible A species""}, {""attempt"": 3, ""stage"": ""charge_compatible_A"", ""reason"": ""no compatible A species""}, {""attempt"": 4, ""stage"": ""charge_compatible_A"", ""reason"": ""no compatible A species""}, {""attempt"": 5, ""stage"": ""charge_compatible_A"", ""reason"": ""no compatible A species""}, {""attempt"": 6, ""stage"": ""charge_compatible_A"", ""reason"": ""no compatible A species""}, {""attempt"": 7, ""stage"": ""charge_compatible_A"", ""reason"": ""no compatible A species""}, {""attempt"": 8, ""stage"": ""charge_compatible_A"", ""reason"": ""no compatible A species""}, {""attempt"": 9, ""stage"": ""charge_compatible_A"", ""reason"": ""no compatible A species""}, {""attempt"": 10, ""stage"": ""charge_compatible_A"", ""reason"": ""no compatible A species""}, {""attempt"": 11, ""stage"": ""charge_compatible_A"", ""reason"": ""no compatible A species""}, {""attempt"": 12, ""stage"": ""charge_compatible_A"", ""reason"": ""no compatible A species""}]",
cmr_98f26503186c693384501157616036cb,Cr:1|N:3|Na:1,joint,2,1254319080,nitride,,,,Na,Cr,N,1.4199999570846558,0.0,False,12,12,0,0,0,0.0,0,0.0,,,,False,False,False,False,False,,False,False,invalid,,,3.948739767074585,1.4253284931182861,0.010609835386276245,,True,"{""charge_compatible_A"": 12}","[{""attempt"": 1, ""stage"": ""charge_compatible_A"", ""reason"": ""no compatible A species""}, {""attempt"": 2, ""stage"": ""charge_compatible_A"", ""reason"": ""no compatible A species""}, {""attempt"": 3, ""stage"": ""charge_compatible_A"", ""reason"": ""no compatible A species""}, {""attempt"": 4, ""stage"": ""charge_compatible_A"", ""reason"": ""no compatible A species""}, {""attempt"": 5, ""stage"": ""charge_compatible_A"", ""reason"": ""no compatible A species""}, {""attempt"": 6, ""stage"": ""charge_compatible_A"", ""reason"": ""no compatible A species""}, {""attempt"": 7, ""stage"": ""charge_compatible_A"", ""reason"": ""no compatible A species""}, {""attempt"": 8, ""stage"": ""charge_compatible_A"", ""reason"": ""no compatible A species""}, {""attempt"": 9, ""stage"": ""charge_compatible_A"", ""reason"": ""no compatible A species""}, {""attempt"": 10, ""stage"": ""charge_compatible_A"", ""reason"": ""no compatible A species""}, {""attempt"": 11, ""stage"": ""charge_compatible_A"", ""reason"": ""no compatible A species""}, {""attempt"": 12, ""stage"": ""charge_compatible_A"", ""reason"": ""no compatible A species""}]",
cmr_98f26503186c693384501157616036cb,Cr:1|N:3|Na:1,fixed_real,0,324450895,nitride,cmr_11dacddcba738021fcb7a8ad9b578f91,False,False,Na,Cr,N,1.4199999570846558,0.0,False,12,12,0,0,0,0.0,0,0.0,,,,False,False,False,False,False,,False,False,invalid,,,3.95226788520813,1.8354103565216064,0.005299866199493408,,True,"{""charge_compatible_A"": 12}","[{""attempt"": 1, ""stage"": ""charge_compatible_A"", ""reason"": ""no compatible A species""}, {""attempt"": 2, ""stage"": ""charge_compatible_A"", ""reason"": ""no compatible A species""}, {""attempt"": 3, ""stage"": ""charge_compatible_A"", ""reason"": ""no compatible A species""}, {""attempt"": 4, ""stage"": ""charge_compatible_A"", ""reason"": ""no compatible A species""}, {""attempt"": 5, ""stage"": ""charge_compatible_A"", ""reason"": ""no compatible A species""}, {""attempt"": 6, ""stage"": ""charge_compatible_A"", ""reason"": ""no compatible A species""}, {""attempt"": 7, ""stage"": ""charge_compatible_A"", ""reason"": ""no compatible A species""}, {""attempt"": 8, ""stage"": ""charge_compatible_A"", ""reason"": ""no compatible A species""}, {""attempt"": 9, ""stage"": ""charge_compatible_A"", ""reason"": ""no compatible A species""}, {""attempt"": 10, ""stage"": ""charge_compatible_A"", ""reason"": ""no compatible A species""}, {""attempt"": 11, ""stage"": ""charge_compatible_A"", ""reason"": ""no compatible A species""}, {""attempt"": 12, ""stage"": ""charge_compatible_A"", ""reason"": ""no compatible A species""}]",
cmr_98f26503186c693384501157616036cb,Cr:1|N:3|Na:1,fixed_real,1,1097403655,nitride,cmr_11dacddcba738021fcb7a8ad9b578f91,False,False,Na,Cr,N,1.4199999570846558,0.0,False,12,12,0,0,0,0.0,0,0.0,,,,False,False,False,False,False,,False,False,invalid,,,3.95226788520813,1.8354103565216064,0.005299866199493408,,True,"{""charge_compatible_A"": 12}","[{""attempt"": 1, ""stage"": ""charge_compatible_A"", ""reason"": ""no compatible A species""}, {""attempt"": 2, ""stage"": ""charge_compatible_A"", ""reason"": ""no compatible A species""}, {""attempt"": 3, ""stage"": ""charge_compatible_A"", ""reason"": ""no compatible A species""}, {""attempt"": 4, ""stage"": ""charge_compatible_A"", ""reason"": ""no compatible A species""}, {""attempt"": 5, ""stage"": ""charge_compatible_A"", ""reason"": ""no compatible A species""}, {""attempt"": 6, ""stage"": ""charge_compatible_A"", ""reason"": ""no compatible A species""}, {""attempt"": 7, ""stage"": ""charge_compatible_A"", ""reason"": ""no compatible A species""}, {""attempt"": 8, ""stage"": ""charge_compatible_A"", ""reason"": ""no compatible A species""}, {""attempt"": 9, ""stage"": ""charge_compatible_A"", ""reason"": ""no compatible A species""}, {""attempt"": 10, ""stage"": ""charge_compatible_A"", ""reason"": ""no compatible A species""}, {""attempt"": 11, ""stage"": ""charge_compatible_A"", ""reason"": ""no compatible A species""}, {""attempt"": 12, ""stage"": ""charge_compatible_A"", ""reason"": ""no compatible A species""}]",
cmr_98f26503186c693384501157616036cb,Cr:1|N:3|Na:1,fixed_real,2,1254319080,nitride,cmr_11dacddcba738021fcb7a8ad9b578f91,False,False,Na,Cr,N,1.4199999570846558,0.0,False,12,12,0,0,0,0.0,0,0.0,,,,False,False,False,False,False,,False,False,invalid,,,3.95226788520813,1.8354103565216064,0.005299866199493408,,True,"{""charge_compatible_A"": 12}","[{""attempt"": 1, ""stage"": ""charge_compatible_A"", ""reason"": ""no compatible A species""}, {""attempt"": 2, ""stage"": ""charge_compatible_A"", ""reason"": ""no compatible A species""}, {""attempt"": 3, ""stage"": ""charge_compatible_A"", ""reason"": ""no compatible A species""}, {""attempt"": 4, ""stage"": ""charge_compatible_A"", ""reason"": ""no compatible A species""}, {""attempt"": 5, ""stage"": ""charge_compatible_A"", ""reason"": ""no compatible A species""}, {""attempt"": 6, ""stage"": ""charge_compatible_A"", ""reason"": ""no compatible A species""}, {""attempt"": 7, ""stage"": ""charge_compatible_A"", ""reason"": ""no compatible A species""}, {""attempt"": 8, ""stage"": ""charge_compatible_A"", ""reason"": ""no compatible A species""}, {""attempt"": 9, ""stage"": ""charge_compatible_A"", ""reason"": ""no compatible A species""}, {""attempt"": 10, ""stage"": ""charge_compatible_A"", ""reason"": ""no compatible A species""}, {""attempt"": 11, ""stage"": ""charge_compatible_A"", ""reason"": ""no compatible A species""}, {""attempt"": 12, ""stage"": ""charge_compatible_A"", ""reason"": ""no compatible A species""}]",
cmr_98f26503186c693384501157616036cb,Cr:1|N:3|Na:1,property,0,324450895,nitride,,,,Na,Cr,N,1.4199999570846558,0.0,False,12,12,0,0,0,0.0,0,0.0,,,,False,False,False,False,False,,False,False,invalid,,,3.948945999145508,1.4256514310836792,0.005496680736541748,,True,"{""charge_compatible_A"": 12}","[{""attempt"": 1, ""stage"": ""charge_compatible_A"", ""reason"": ""no compatible A species""}, {""attempt"": 2, ""stage"": ""charge_compatible_A"", ""reason"": ""no compatible A species""}, {""attempt"": 3, ""stage"": ""charge_compatible_A"", ""reason"": ""no compatible A species""}, {""attempt"": 4, ""stage"": ""charge_compatible_A"", ""reason"": ""no compatible A species""}, {""attempt"": 5, ""stage"": ""charge_compatible_A"", ""reason"": ""no compatible A species""}, {""attempt"": 6, ""stage"": ""charge_compatible_A"", ""reason"": ""no compatible A species""}, {""attempt"": 7, ""stage"": ""charge_compatible_A"", ""reason"": ""no compatible A species""}, {""attempt"": 8, ""stage"": ""charge_compatible_A"", ""reason"": ""no compatible A species""}, {""attempt"": 9, ""stage"": ""charge_compatible_A"", ""reason"": ""no compatible A species""}, {""attempt"": 10, ""stage"": ""charge_compatible_A"", ""reason"": ""no compatible A species""}, {""attempt"": 11, ""stage"": ""charge_compatible_A"", ""reason"": ""no compatible A species""}, {""attempt"": 12, ""stage"": ""charge_compatible_A"", ""reason"": ""no compatible A species""}]",
cmr_98f26503186c693384501157616036cb,Cr:1|N:3|Na:1,property,1,1097403655,nitride,,,,Na,Cr,N,1.4199999570846558,0.0,False,12,12,0,0,0,0.0,0,0.0,,,,False,False,False,False,False,,False,False,invalid,,,3.948945999145508,1.4256514310836792,0.005496680736541748,,True,"{""charge_compatible_A"": 12}","[{""attempt"": 1, ""stage"": ""charge_compatible_A"", ""reason"": ""no compatible A species""}, {""attempt"": 2, ""stage"": ""charge_compatible_A"", ""reason"": ""no compatible A species""}, {""attempt"": 3, ""stage"": ""charge_compatible_A"", ""reason"": ""no compatible A species""}, {""attempt"": 4, ""stage"": ""charge_compatible_A"", ""reason"": ""no compatible A species""}, {""attempt"": 5, ""stage"": ""charge_compatible_A"", ""reason"": ""no compatible A species""}, {""attempt"": 6, ""stage"": ""charge_compatible_A"", ""reason"": ""no compatible A species""}, {""attempt"": 7, ""stage"": ""charge_compatible_A"", ""reason"": ""no compatible A species""}, {""attempt"": 8, ""stage"": ""charge_compatible_A"", ""reason"": ""no compatible A species""}, {""attempt"": 9, ""stage"": ""charge_compatible_A"", ""reason"": ""no compatible A species""}, {""attempt"": 10, ""stage"": ""charge_compatible_A"", ""reason"": ""no compatible A species""}, {""attempt"": 11, ""stage"": ""charge_compatible_A"", ""reason"": ""no compatible A species""}, {""attempt"": 12, ""stage"": ""charge_compatible_A"", ""reason"": ""no compatible A species""}]",
cmr_98f26503186c693384501157616036cb,Cr:1|N:3|Na:1,property,2,1254319080,nitride,,,,Na,Cr,N,1.4199999570846558,0.0,False,12,12,0,0,0,0.0,0,0.0,,,,False,False,False,False,False,,False,False,invalid,,,3.948945999145508,1.4256514310836792,0.005496680736541748,,True,"{""charge_compatible_A"": 12}","[{""attempt"": 1, ""stage"": ""charge_compatible_A"", ""reason"": ""no compatible A species""}, {""attempt"": 2, ""stage"": ""charge_compatible_A"", ""reason"": ""no compatible A species""}, {""attempt"": 3, ""stage"": ""charge_compatible_A"", ""reason"": ""no compatible A species""}, {""attempt"": 4, ""stage"": ""charge_compatible_A"", ""reason"": ""no compatible A species""}, {""attempt"": 5, ""stage"": ""charge_compatible_A"", ""reason"": ""no compatible A species""}, {""attempt"": 6, ""stage"": ""charge_compatible_A"", ""reason"": ""no compatible A species""}, {""attempt"": 7, ""stage"": ""charge_compatible_A"", ""reason"": ""no compatible A species""}, {""attempt"": 8, ""stage"": ""charge_compatible_A"", ""reason"": ""no compatible A species""}, {""attempt"": 9, ""stage"": ""charge_compatible_A"", ""reason"": ""no compatible A species""}, {""attempt"": 10, ""stage"": ""charge_compatible_A"", ""reason"": ""no compatible A species""}, {""attempt"": 11, ""stage"": ""charge_compatible_A"", ""reason"": ""no compatible A species""}, {""attempt"": 12, ""stage"": ""charge_compatible_A"", ""reason"": ""no compatible A species""}]",
cmr_98f26503186c693384501157616036cb,Cr:1|N:3|Na:1,crystal,0,324450895,nitride,,,,Na,Cr,N,1.4199999570846558,0.0,False,12,12,11,0,0,0.0,0,0.0,,,,False,False,False,False,False,,False,False,invalid,,,3.962831497192383,1.1225279569625854,2.7684249877929688,,True,"{""charge_compatible_A"": 1, ""tolerance/mu"": 11}","[{""attempt"": 1, ""stage"": ""tolerance/mu"", ""reason"": ""mu=1.23 outside [0.41,0.90]""}, {""attempt"": 2, ""stage"": ""tolerance/mu"", ""reason"": ""mu=1.23 outside [0.41,0.90]""}, {""attempt"": 3, ""stage"": ""tolerance/mu"", ""reason"": ""mu=1.23 outside [0.41,0.90]""}, {""attempt"": 4, ""stage"": ""tolerance/mu"", ""reason"": ""mu=1.23 outside [0.41,0.90]""}, {""attempt"": 5, ""stage"": ""tolerance/mu"", ""reason"": ""mu=1.23 outside [0.41,0.90]""}, {""attempt"": 6, ""stage"": ""tolerance/mu"", ""reason"": ""mu=1.23 outside [0.41,0.90]""}, {""attempt"": 7, ""stage"": ""tolerance/mu"", ""reason"": ""mu=1.23 outside [0.41,0.90]""}, {""attempt"": 8, ""stage"": ""charge_compatible_A"", ""reason"": ""no compatible A species""}, {""attempt"": 9, ""stage"": ""tolerance/mu"", ""reason"": ""mu=1.23 outside [0.41,0.90]""}, {""attempt"": 10, ""stage"": ""tolerance/mu"", ""reason"": ""mu=1.23 outside [0.41,0.90]""}, {""attempt"": 11, ""stage"": ""tolerance/mu"", ""reason"": ""mu=1.23 outside [0.41,0.90]""}, {""attempt"": 12, ""stage"": ""tolerance/mu"", ""reason"": ""mu=1.23 outside [0.41,0.90]""}]",
cmr_98f26503186c693384501157616036cb,Cr:1|N:3|Na:1,crystal,1,1097403655,nitride,,,,Na,Cr,N,1.4199999570846558,0.0,False,12,12,11,0,0,0.0,0,0.0,,,,False,False,False,False,False,,False,False,invalid,,,3.962831497192383,1.1225279569625854,2.7684249877929688,,True,"{""charge_compatible_A"": 1, ""tolerance/mu"": 11}","[{""attempt"": 1, ""stage"": ""tolerance/mu"", ""reason"": ""mu=1.23 outside [0.41,0.90]""}, {""attempt"": 2, ""stage"": ""tolerance/mu"", ""reason"": ""mu=1.23 outside [0.41,0.90]""}, {""attempt"": 3, ""stage"": ""tolerance/mu"", ""reason"": ""mu=1.23 outside [0.41,0.90]""}, {""attempt"": 4, ""stage"": ""tolerance/mu"", ""reason"": ""mu=1.23 outside [0.41,0.90]""}, {""attempt"": 5, ""stage"": ""tolerance/mu"", ""reason"": ""mu=1.23 outside [0.41,0.90]""}, {""attempt"": 6, ""stage"": ""tolerance/mu"", ""reason"": ""mu=1.23 outside [0.41,0.90]""}, {""attempt"": 7, ""stage"": ""tolerance/mu"", ""reason"": ""mu=1.23 outside [0.41,0.90]""}, {""attempt"": 8, ""stage"": ""tolerance/mu"", ""reason"": ""mu=1.23 outside [0.41,0.90]""}, {""attempt"": 9, ""stage"": ""charge_compatible_A"", ""reason"": ""no compatible A species""}, {""attempt"": 10, ""stage"": ""tolerance/mu"", ""reason"": ""mu=1.23 outside [0.41,0.90]""}, {""attempt"": 11, ""stage"": ""tolerance/mu"", ""reason"": ""mu=1.23 outside [0.41,0.90]""}, {""attempt"": 12, ""stage"": ""tolerance/mu"", ""reason"": ""mu=1.23 outside [0.41,0.90]""}]",
cmr_98f26503186c693384501157616036cb,Cr:1|N:3|Na:1,crystal,2,1254319080,nitride,,,,Na,Cr,N,1.4199999570846558,0.0,False,12,12,9,0,0,0.0,0,0.0,,,,False,False,False,False,False,,False,False,invalid,,,3.962831497192383,1.1225279569625854,2.7684249877929688,,True,"{""charge_compatible_A"": 3, ""tolerance/mu"": 9}","[{""attempt"": 1, ""stage"": ""tolerance/mu"", ""reason"": ""mu=1.23 outside [0.41,0.90]""}, {""attempt"": 2, ""stage"": ""tolerance/mu"", ""reason"": ""mu=1.23 outside [0.41,0.90]""}, {""attempt"": 3, ""stage"": ""charge_compatible_A"", ""reason"": ""no compatible A species""}, {""attempt"": 4, ""stage"": ""tolerance/mu"", ""reason"": ""mu=1.23 outside [0.41,0.90]""}, {""attempt"": 5, ""stage"": ""tolerance/mu"", ""reason"": ""mu=1.23 outside [0.41,0.90]""}, {""attempt"": 6, ""stage"": ""tolerance/mu"", ""reason"": ""mu=1.23 outside [0.41,0.90]""}, {""attempt"": 7, ""stage"": ""tolerance/mu"", ""reason"": ""mu=1.23 outside [0.41,0.90]""}, {""attempt"": 8, ""stage"": ""tolerance/mu"", ""reason"": ""mu=1.23 outside [0.41,0.90]""}, {""attempt"": 9, ""stage"": ""tolerance/mu"", ""reason"": ""mu=1.23 outside [0.41,0.90]""}, {""attempt"": 10, ""stage"": ""tolerance/mu"", ""reason"": ""mu=1.23 outside [0.41,0.90]""}, {""attempt"": 11, ""stage"": ""charge_compatible_A"", ""reason"": ""no compatible A species""}, {""attempt"": 12, ""stage"": ""charge_compatible_A"", ""reason"": ""no compatible A species""}]",
cmr_98f26503186c693384501157616036cb,Cr:1|N:3|Na:1,joint_perturb_0p01,0,324450895,nitride,,,,Na,Cr,N,1.4199999570846558,0.0,False,12,12,0,0,0,0.0,0,0.0,,,,False,False,False,False,False,,False,False,invalid,,,3.9492082595825195,1.4476981163024902,0.000975191593170166,,True,"{""charge_compatible_A"": 12}","[{""attempt"": 1, ""stage"": ""charge_compatible_A"", ""reason"": ""no compatible A species""}, {""attempt"": 2, ""stage"": ""charge_compatible_A"", ""reason"": ""no compatible A species""}, {""attempt"": 3, ""stage"": ""charge_compatible_A"", ""reason"": ""no compatible A species""}, {""attempt"": 4, ""stage"": ""charge_compatible_A"", ""reason"": ""no compatible A species""}, {""attempt"": 5, ""stage"": ""charge_compatible_A"", ""reason"": ""no compatible A species""}, {""attempt"": 6, ""stage"": ""charge_compatible_A"", ""reason"": ""no compatible A species""}, {""attempt"": 7, ""stage"": ""charge_compatible_A"", ""reason"": ""no compatible A species""}, {""attempt"": 8, ""stage"": ""charge_compatible_A"", ""reason"": ""no compatible A species""}, {""attempt"": 9, ""stage"": ""charge_compatible_A"", ""reason"": ""no compatible A species""}, {""attempt"": 10, ""stage"": ""charge_compatible_A"", ""reason"": ""no compatible A species""}, {""attempt"": 11, ""stage"": ""charge_compatible_A"", ""reason"": ""no compatible A species""}, {""attempt"": 12, ""stage"": ""charge_compatible_A"", ""reason"": ""no compatible A species""}]",
cmr_98f26503186c693384501157616036cb,Cr:1|N:3|Na:1,joint_perturb_0p01,1,1097403655,nitride,,,,Na,Cr,N,1.4199999570846558,0.0,False,12,12,0,0,0,0.0,0,0.0,,,,False,False,False,False,False,,False,False,invalid,,,3.9492082595825195,1.4476981163024902,0.000975191593170166,,True,"{""charge_compatible_A"": 12}","[{""attempt"": 1, ""stage"": ""charge_compatible_A"", ""reason"": ""no compatible A species""}, {""attempt"": 2, ""stage"": ""charge_compatible_A"", ""reason"": ""no compatible A species""}, {""attempt"": 3, ""stage"": ""charge_compatible_A"", ""reason"": ""no compatible A species""}, {""attempt"": 4, ""stage"": ""charge_compatible_A"", ""reason"": ""no compatible A species""}, {""attempt"": 5, ""stage"": ""charge_compatible_A"", ""reason"": ""no compatible A species""}, {""attempt"": 6, ""stage"": ""charge_compatible_A"", ""reason"": ""no compatible A species""}, {""attempt"": 7, ""stage"": ""charge_compatible_A"", ""reason"": ""no compatible A species""}, {""attempt"": 8, ""stage"": ""charge_compatible_A"", ""reason"": ""no compatible A species""}, {""attempt"": 9, ""stage"": ""charge_compatible_A"", ""reason"": ""no compatible A species""}, {""attempt"": 10, ""stage"": ""charge_compatible_A"", ""reason"": ""no compatible A species""}, {""attempt"": 11, ""stage"": ""charge_compatible_A"", ""reason"": ""no compatible A species""}, {""attempt"": 12, ""stage"": ""charge_compatible_A"", ""reason"": ""no compatible A species""}]",
cmr_98f26503186c693384501157616036cb,Cr:1|N:3|Na:1,joint_perturb_0p01,2,1254319080,nitride,,,,Na,Cr,N,1.4199999570846558,0.0,False,12,12,0,0,0,0.0,0,0.0,,,,False,False,False,False,False,,False,False,invalid,,,3.9492082595825195,1.4476981163024902,0.000975191593170166,,True,"{""charge_compatible_A"": 12}","[{""attempt"": 1, ""stage"": ""charge_compatible_A"", ""reason"": ""no compatible A species""}, {""attempt"": 2, ""stage"": ""charge_compatible_A"", ""reason"": ""no compatible A species""}, {""attempt"": 3, ""stage"": ""charge_compatible_A"", ""reason"": ""no compatible A species""}, {""attempt"": 4, ""stage"": ""charge_compatible_A"", ""reason"": ""no compatible A species""}, {""attempt"": 5, ""stage"": ""charge_compatible_A"", ""reason"": ""no compatible A species""}, {""attempt"": 6, ""stage"": ""charge_compatible_A"", ""reason"": ""no compatible A species""}, {""attempt"": 7, ""stage"": ""charge_compatible_A"", ""reason"": ""no compatible A species""}, {""attempt"": 8, ""stage"": ""charge_compatible_A"", ""reason"": ""no compatible A species""}, {""attempt"": 9, ""stage"": ""charge_compatible_A"", ""reason"": ""no compatible A species""}, {""attempt"": 10, ""stage"": ""charge_compatible_A"", ""reason"": ""no compatible A species""}, {""attempt"": 11, ""stage"": ""charge_compatible_A"", ""reason"": ""no compatible A species""}, {""attempt"": 12, ""stage"": ""charge_compatible_A"", ""reason"": ""no compatible A species""}]",
cmr_98f26503186c693384501157616036cb,Cr:1|N:3|Na:1,joint_perturb_0p05,0,324450895,nitride,,,,Na,Cr,N,1.4199999570846558,0.0,False,12,12,0,0,0,0.0,0,0.0,,,,False,False,False,False,False,,False,False,invalid,,,3.951181650161743,1.5898830890655518,-0.0431770384311676,,True,"{""charge_compatible_A"": 12}","[{""attempt"": 1, ""stage"": ""charge_compatible_A"", ""reason"": ""no compatible A species""}, {""attempt"": 2, ""stage"": ""charge_compatible_A"", ""reason"": ""no compatible A species""}, {""attempt"": 3, ""stage"": ""charge_compatible_A"", ""reason"": ""no compatible A species""}, {""attempt"": 4, ""stage"": ""charge_compatible_A"", ""reason"": ""no compatible A species""}, {""attempt"": 5, ""stage"": ""charge_compatible_A"", ""reason"": ""no compatible A species""}, {""attempt"": 6, ""stage"": ""charge_compatible_A"", ""reason"": ""no compatible A species""}, {""attempt"": 7, ""stage"": ""charge_compatible_A"", ""reason"": ""no compatible A species""}, {""attempt"": 8, ""stage"": ""charge_compatible_A"", ""reason"": ""no compatible A species""}, {""attempt"": 9, ""stage"": ""charge_compatible_A"", ""reason"": ""no compatible A species""}, {""attempt"": 10, ""stage"": ""charge_compatible_A"", ""reason"": ""no compatible A species""}, {""attempt"": 11, ""stage"": ""charge_compatible_A"", ""reason"": ""no compatible A species""}, {""attempt"": 12, ""stage"": ""charge_compatible_A"", ""reason"": ""no compatible A species""}]",
cmr_98f26503186c693384501157616036cb,Cr:1|N:3|Na:1,joint_perturb_0p05,1,1097403655,nitride,,,,Na,Cr,N,1.4199999570846558,0.0,False,12,12,0,0,0,0.0,0,0.0,,,,False,False,False,False,False,,False,False,invalid,,,3.951181650161743,1.5898830890655518,-0.0431770384311676,,True,"{""charge_compatible_A"": 12}","[{""attempt"": 1, ""stage"": ""charge_compatible_A"", ""reason"": ""no compatible A species""}, {""attempt"": 2, ""stage"": ""charge_compatible_A"", ""reason"": ""no compatible A species""}, {""attempt"": 3, ""stage"": ""charge_compatible_A"", ""reason"": ""no compatible A species""}, {""attempt"": 4, ""stage"": ""charge_compatible_A"", ""reason"": ""no compatible A species""}, {""attempt"": 5, ""stage"": ""charge_compatible_A"", ""reason"": ""no compatible A species""}, {""attempt"": 6, ""stage"": ""charge_compatible_A"", ""reason"": ""no compatible A species""}, {""attempt"": 7, ""stage"": ""charge_compatible_A"", ""reason"": ""no compatible A species""}, {""attempt"": 8, ""stage"": ""charge_compatible_A"", ""reason"": ""no compatible A species""}, {""attempt"": 9, ""stage"": ""charge_compatible_A"", ""reason"": ""no compatible A species""}, {""attempt"": 10, ""stage"": ""charge_compatible_A"", ""reason"": ""no compatible A species""}, {""attempt"": 11, ""stage"": ""charge_compatible_A"", ""reason"": ""no compatible A species""}, {""attempt"": 12, ""stage"": ""charge_compatible_A"", ""reason"": ""no compatible A species""}]",
cmr_98f26503186c693384501157616036cb,Cr:1|N:3|Na:1,joint_perturb_0p05,2,1254319080,nitride,,,,Na,Cr,N,1.4199999570846558,0.0,False,12,12,0,0,0,0.0,0,0.0,,,,False,False,False,False,False,,False,False,invalid,,,3.951181650161743,1.5898830890655518,-0.0431770384311676,,True,"{""charge_compatible_A"": 12}","[{""attempt"": 1, ""stage"": ""charge_compatible_A"", ""reason"": ""no compatible A species""}, {""attempt"": 2, ""stage"": ""charge_compatible_A"", ""reason"": ""no compatible A species""}, {""attempt"": 3, ""stage"": ""charge_compatible_A"", ""reason"": ""no compatible A species""}, {""attempt"": 4, ""stage"": ""charge_compatible_A"", ""reason"": ""no compatible A species""}, {""attempt"": 5, ""stage"": ""charge_compatible_A"", ""reason"": ""no compatible A species""}, {""attempt"": 6, ""stage"": ""charge_compatible_A"", ""reason"": ""no compatible A species""}, {""attempt"": 7, ""stage"": ""charge_compatible_A"", ""reason"": ""no compatible A species""}, {""attempt"": 8, ""stage"": ""charge_compatible_A"", ""reason"": ""no compatible A species""}, {""attempt"": 9, ""stage"": ""charge_compatible_A"", ""reason"": ""no compatible A species""}, {""attempt"": 10, ""stage"": ""charge_compatible_A"", ""reason"": ""no compatible A species""}, {""attempt"": 11, ""stage"": ""charge_compatible_A"", ""reason"": ""no compatible A species""}, {""attempt"": 12, ""stage"": ""charge_compatible_A"", ""reason"": ""no compatible A species""}]",
cmr_a36c62d0c7f3713321685a5cb6488f21,La:1|Ni:1|O:3,joint,0,1289465058,oxide,,,,La,Ni,O,0.36000001430511475,0.0,True,12,1,1,0,0,0.0,0,0.0,Ba,Mn,O,False,False,False,True,False,BaMnO3,False,False,composition_incompatible,2.1374999999999997,4.275,3.9463322162628174,0.3652002811431885,-0.017870277166366577,299567ae9f490652c95b4c377973b4f0dc0b5ad7,True,{},[],joint:3
cmr_a36c62d0c7f3713321685a5cb6488f21,La:1|Ni:1|O:3,joint,1,824227129,oxide,,,,La,Ni,O,0.36000001430511475,0.0,True,12,1,1,0,0,0.0,0,0.0,Ba,Mn,O,False,False,False,True,False,BaMnO3,False,False,composition_incompatible,2.1374999999999997,4.275,3.9463322162628174,0.3652002811431885,-0.017870277166366577,299567ae9f490652c95b4c377973b4f0dc0b5ad7,True,{},[],joint:3
cmr_a36c62d0c7f3713321685a5cb6488f21,La:1|Ni:1|O:3,joint,2,722206096,oxide,,,,La,Ni,O,0.36000001430511475,0.0,True,12,1,1,0,0,0.0,0,0.0,Ba,Mn,O,False,False,False,True,False,BaMnO3,False,False,composition_incompatible,2.1374999999999997,4.275,3.9463322162628174,0.3652002811431885,-0.017870277166366577,299567ae9f490652c95b4c377973b4f0dc0b5ad7,True,{},[],joint:3
cmr_a36c62d0c7f3713321685a5cb6488f21,La:1|Ni:1|O:3,fixed_real,0,1289465058,oxide,cmr_11dacddcba738021fcb7a8ad9b578f91,False,True,La,Ni,O,0.36000001430511475,0.0,True,12,1,1,0,0,0.0,0,0.0,Ca,Ti,O,False,False,False,True,False,CaTiO3,False,False,composition_incompatible,2.111666666666667,4.223333333333334,3.95226788520813,1.8354103565216064,0.005299866199493408,869b6974300531619d19bd921b6a465232a0674a,True,{},[],fixed_real:0
cmr_a36c62d0c7f3713321685a5cb6488f21,La:1|Ni:1|O:3,fixed_real,1,824227129,oxide,cmr_11dacddcba738021fcb7a8ad9b578f91,False,True,La,Ni,O,0.36000001430511475,0.0,True,12,1,1,0,0,0.0,0,0.0,Ca,Ti,O,False,False,False,True,False,CaTiO3,False,False,composition_incompatible,2.111666666666667,4.223333333333334,3.95226788520813,1.8354103565216064,0.005299866199493408,869b6974300531619d19bd921b6a465232a0674a,True,{},[],fixed_real:0
cmr_a36c62d0c7f3713321685a5cb6488f21,La:1|Ni:1|O:3,fixed_real,2,722206096,oxide,cmr_11dacddcba738021fcb7a8ad9b578f91,False,True,La,Ni,O,0.36000001430511475,0.0,True,12,1,1,0,0,0.0,0,0.0,Ca,Ti,O,False,False,False,True,False,CaTiO3,False,False,composition_incompatible,2.111666666666667,4.223333333333334,3.95226788520813,1.8354103565216064,0.005299866199493408,869b6974300531619d19bd921b6a465232a0674a,True,{},[],fixed_real:0
cmr_a36c62d0c7f3713321685a5cb6488f21,La:1|Ni:1|O:3,property,0,1289465058,oxide,,,,La,Ni,O,0.36000001430511475,0.0,True,12,1,1,0,0,0.0,0,0.0,Ba,Ti,O,False,False,False,True,False,BaTiO3,False,False,composition_incompatible,2.111666666666667,4.223333333333334,3.949284315109253,0.3698539733886719,-0.0044190287590026855,37d0beb67e1039eb34bda26368d1f4dc015b9cb3,True,{},[],property:1
cmr_a36c62d0c7f3713321685a5cb6488f21,La:1|Ni:1|O:3,property,1,824227129,oxide,,,,La,Ni,O,0.36000001430511475,0.0,True,12,1,1,0,0,0.0,0,0.0,Ba,Ti,O,False,False,False,True,False,BaTiO3,False,False,composition_incompatible,2.111666666666667,4.223333333333334,3.949284315109253,0.3698539733886719,-0.0044190287590026855,37d0beb67e1039eb34bda26368d1f4dc015b9cb3,True,{},[],property:1
cmr_a36c62d0c7f3713321685a5cb6488f21,La:1|Ni:1|O:3,property,2,722206096,oxide,,,,La,Ni,O,0.36000001430511475,0.0,True,12,1,1,0,0,0.0,0,0.0,Ba,Ti,O,False,False,False,True,False,BaTiO3,False,False,composition_incompatible,2.111666666666667,4.223333333333334,3.949284315109253,0.3698539733886719,-0.0044190287590026855,37d0beb67e1039eb34bda26368d1f4dc015b9cb3,True,{},[],property:1
cmr_a36c62d0c7f3713321685a5cb6488f21,La:1|Ni:1|O:3,crystal,0,1289465058,oxide,,,,La,Ni,O,0.36000001430511475,0.0,False,12,12,12,0,0,0.0,0,0.0,,,,False,False,False,False,False,,False,False,invalid,,,3.9681437015533447,0.6728224754333496,5.475061416625977,,True,"{""tolerance/mu"": 12}","[{""attempt"": 1, ""stage"": ""tolerance/mu"", ""reason"": ""t=0.78 outside [0.80,1.05]""}, {""attempt"": 2, ""stage"": ""tolerance/mu"", ""reason"": ""t=0.78 outside [0.80,1.05]""}, {""attempt"": 3, ""stage"": ""tolerance/mu"", ""reason"": ""t=0.78 outside [0.80,1.05]""}, {""attempt"": 4, ""stage"": ""tolerance/mu"", ""reason"": ""t=0.78 outside [0.80,1.05]""}, {""attempt"": 5, ""stage"": ""tolerance/mu"", ""reason"": ""t=0.78 outside [0.80,1.05]""}, {""attempt"": 6, ""stage"": ""tolerance/mu"", ""reason"": ""t=0.78 outside [0.80,1.05]""}, {""attempt"": 7, ""stage"": ""tolerance/mu"", ""reason"": ""t=0.78 outside [0.80,1.05]""}, {""attempt"": 8, ""stage"": ""tolerance/mu"", ""reason"": ""t=0.78 outside [0.80,1.05]""}, {""attempt"": 9, ""stage"": ""tolerance/mu"", ""reason"": ""t=0.78 outside [0.80,1.05]""}, {""attempt"": 10, ""stage"": ""tolerance/mu"", ""reason"": ""t=0.78 outside [0.80,1.05]""}, {""attempt"": 11, ""stage"": ""tolerance/mu"", ""reason"": ""t=0.78 outside [0.80,1.05]""}, {""attempt"": 12, ""stage"": ""tolerance/mu"", ""reason"": ""t=0.78 outside [0.80,1.05]""}]",
cmr_a36c62d0c7f3713321685a5cb6488f21,La:1|Ni:1|O:3,crystal,1,824227129,oxide,,,,La,Ni,O,0.36000001430511475,0.0,False,12,12,12,0,0,0.0,0,0.0,,,,False,False,False,False,False,,False,False,invalid,,,3.9681437015533447,0.6728224754333496,5.475061416625977,,True,"{""tolerance/mu"": 12}","[{""attempt"": 1, ""stage"": ""tolerance/mu"", ""reason"": ""t=0.78 outside [0.80,1.05]""}, {""attempt"": 2, ""stage"": ""tolerance/mu"", ""reason"": ""t=0.78 outside [0.80,1.05]""}, {""attempt"": 3, ""stage"": ""tolerance/mu"", ""reason"": ""t=0.78 outside [0.80,1.05]""}, {""attempt"": 4, ""stage"": ""tolerance/mu"", ""reason"": ""t=0.78 outside [0.80,1.05]""}, {""attempt"": 5, ""stage"": ""tolerance/mu"", ""reason"": ""t=0.78 outside [0.80,1.05]""}, {""attempt"": 6, ""stage"": ""tolerance/mu"", ""reason"": ""t=0.78 outside [0.80,1.05]""}, {""attempt"": 7, ""stage"": ""tolerance/mu"", ""reason"": ""t=0.78 outside [0.80,1.05]""}, {""attempt"": 8, ""stage"": ""tolerance/mu"", ""reason"": ""t=0.78 outside [0.80,1.05]""}, {""attempt"": 9, ""stage"": ""tolerance/mu"", ""reason"": ""t=0.78 outside [0.80,1.05]""}, {""attempt"": 10, ""stage"": ""tolerance/mu"", ""reason"": ""t=0.78 outside [0.80,1.05]""}, {""attempt"": 11, ""stage"": ""tolerance/mu"", ""reason"": ""t=0.78 outside [0.80,1.05]""}, {""attempt"": 12, ""stage"": ""tolerance/mu"", ""reason"": ""t=0.78 outside [0.80,1.05]""}]",
cmr_a36c62d0c7f3713321685a5cb6488f21,La:1|Ni:1|O:3,crystal,2,722206096,oxide,,,,La,Ni,O,0.36000001430511475,0.0,False,12,12,12,0,0,0.0,0,0.0,,,,False,False,False,False,False,,False,False,invalid,,,3.9681437015533447,0.6728224754333496,5.475061416625977,,True,"{""tolerance/mu"": 12}","[{""attempt"": 1, ""stage"": ""tolerance/mu"", ""reason"": ""t=0.78 outside [0.80,1.05]""}, {""attempt"": 2, ""stage"": ""tolerance/mu"", ""reason"": ""t=0.78 outside [0.80,1.05]""}, {""attempt"": 3, ""stage"": ""tolerance/mu"", ""reason"": ""t=0.78 outside [0.80,1.05]""}, {""attempt"": 4, ""stage"": ""tolerance/mu"", ""reason"": ""t=0.78 outside [0.80,1.05]""}, {""attempt"": 5, ""stage"": ""tolerance/mu"", ""reason"": ""t=0.78 outside [0.80,1.05]""}, {""attempt"": 6, ""stage"": ""tolerance/mu"", ""reason"": ""t=0.78 outside [0.80,1.05]""}, {""attempt"": 7, ""stage"": ""tolerance/mu"", ""reason"": ""t=0.78 outside [0.80,1.05]""}, {""attempt"": 8, ""stage"": ""tolerance/mu"", ""reason"": ""t=0.78 outside [0.80,1.05]""}, {""attempt"": 9, ""stage"": ""tolerance/mu"", ""reason"": ""t=0.78 outside [0.80,1.05]""}, {""attempt"": 10, ""stage"": ""tolerance/mu"", ""reason"": ""t=0.78 outside [0.80,1.05]""}, {""attempt"": 11, ""stage"": ""tolerance/mu"", ""reason"": ""t=0.78 outside [0.80,1.05]""}, {""attempt"": 12, ""stage"": ""tolerance/mu"", ""reason"": ""t=0.78 outside [0.80,1.05]""}]",
cmr_a36c62d0c7f3713321685a5cb6488f21,La:1|Ni:1|O:3,joint_perturb_0p01,0,1289465058,oxide,,,,La,Ni,O,0.36000001430511475,0.0,True,12,1,1,0,0,0.0,0,0.0,Ba,Mn,O,False,False,False,True,False,BaMnO3,False,False,composition_incompatible,2.1374999999999997,4.275,3.946762800216675,0.3793032169342041,0.0005315542221069336,299567ae9f490652c95b4c377973b4f0dc0b5ad7,True,{},[],joint_perturb_0p01:3
cmr_a36c62d0c7f3713321685a5cb6488f21,La:1|Ni:1|O:3,joint_perturb_0p01,1,824227129,oxide,,,,La,Ni,O,0.36000001430511475,0.0,True,12,1,1,0,0,0.0,0,0.0,Ba,Mn,O,False,False,False,True,False,BaMnO3,False,False,composition_incompatible,2.1374999999999997,4.275,3.946762800216675,0.3793032169342041,0.0005315542221069336,299567ae9f490652c95b4c377973b4f0dc0b5ad7,True,{},[],joint_perturb_0p01:3
cmr_a36c62d0c7f3713321685a5cb6488f21,La:1|Ni:1|O:3,joint_perturb_0p01,2,722206096,oxide,,,,La,Ni,O,0.36000001430511475,0.0,True,12,1,1,0,0,0.0,0,0.0,Ba,Mn,O,False,False,False,True,False,BaMnO3,False,False,composition_incompatible,2.1374999999999997,4.275,3.946762800216675,0.3793032169342041,0.0005315542221069336,299567ae9f490652c95b4c377973b4f0dc0b5ad7,True,{},[],joint_perturb_0p01:3
cmr_a36c62d0c7f3713321685a5cb6488f21,La:1|Ni:1|O:3,joint_perturb_0p05,0,1289465058,oxide,,,,La,Ni,O,0.36000001430511475,0.0,True,12,1,1,0,0,0.0,0,0.0,La,Fe,O,True,False,False,True,False,LaFeO3,False,False,composition_incompatible,2.1124999999999994,4.225,3.9484951496124268,0.43571460247039795,0.07413884997367859,27d1dbbe33732dac64781bd052c7ae748a2d08c6,True,{},[],joint_perturb_0p05:3
cmr_a36c62d0c7f3713321685a5cb6488f21,La:1|Ni:1|O:3,joint_perturb_0p05,1,824227129,oxide,,,,La,Ni,O,0.36000001430511475,0.0,True,12,1,1,0,0,0.0,0,0.0,Ba,Mn,O,False,False,False,True,False,BaMnO3,False,False,composition_incompatible,2.1374999999999997,4.275,3.9484951496124268,0.43571460247039795,0.07413884997367859,299567ae9f490652c95b4c377973b4f0dc0b5ad7,True,{},[],joint_perturb_0p05:2
cmr_a36c62d0c7f3713321685a5cb6488f21,La:1|Ni:1|O:3,joint_perturb_0p05,2,722206096,oxide,,,,La,Ni,O,0.36000001430511475,0.0,True,12,1,1,0,0,0.0,0,0.0,Ba,Mn,O,False,False,False,True,False,BaMnO3,False,False,composition_incompatible,2.1374999999999997,4.275,3.9484951496124268,0.43571460247039795,0.07413884997367859,299567ae9f490652c95b4c377973b4f0dc0b5ad7,True,{},[],joint_perturb_0p05:2
cmr_bd8c8bb480ad1e9422f4b5cd79215eba,Cs:1|O:3|W:1,joint,0,1735735411,oxide,,,,Cs,W,O,-0.03999999910593033,0.0,True,12,1,1,0,0,0.0,0,0.0,Ba,V,O,False,False,False,True,False,BaVO3,False,False,composition_incompatible,2.0374999999999996,4.075,3.9490346908569336,-0.04098784923553467,0.005419135093688965,bad93c37345ab06870c3d176ca5d7eb95ffe46d4,True,{},[],joint:0
cmr_bd8c8bb480ad1e9422f4b5cd79215eba,Cs:1|O:3|W:1,joint,1,1498718546,oxide,,,,Cs,W,O,-0.03999999910593033,0.0,True,12,1,1,0,0,0.0,0,0.0,Ba,V,O,False,False,False,True,False,BaVO3,False,False,composition_incompatible,2.0374999999999996,4.075,3.9490346908569336,-0.04098784923553467,0.005419135093688965,bad93c37345ab06870c3d176ca5d7eb95ffe46d4,True,{},[],joint:0
cmr_bd8c8bb480ad1e9422f4b5cd79215eba,Cs:1|O:3|W:1,joint,2,939238687,oxide,,,,Cs,W,O,-0.03999999910593033,0.0,True,12,1,1,0,0,0.0,0,0.0,Ba,V,O,False,False,False,True,False,BaVO3,False,False,composition_incompatible,2.0374999999999996,4.075,3.9490346908569336,-0.04098784923553467,0.005419135093688965,bad93c37345ab06870c3d176ca5d7eb95ffe46d4,True,{},[],joint:0
cmr_bd8c8bb480ad1e9422f4b5cd79215eba,Cs:1|O:3|W:1,fixed_real,0,1735735411,oxide,cmr_11dacddcba738021fcb7a8ad9b578f91,False,True,Cs,W,O,-0.03999999910593033,0.0,True,12,1,1,0,0,0.0,0,0.0,Ca,Ti,O,False,False,False,True,False,CaTiO3,False,False,composition_incompatible,2.111666666666667,4.223333333333334,3.95226788520813,1.8354103565216064,0.005299866199493408,869b6974300531619d19bd921b6a465232a0674a,True,{},[],fixed_real:0
cmr_bd8c8bb480ad1e9422f4b5cd79215eba,Cs:1|O:3|W:1,fixed_real,1,1498718546,oxide,cmr_11dacddcba738021fcb7a8ad9b578f91,False,True,Cs,W,O,-0.03999999910593033,0.0,True,12,1,1,0,0,0.0,0,0.0,Ca,Ti,O,False,False,False,True,False,CaTiO3,False,False,composition_incompatible,2.111666666666667,4.223333333333334,3.95226788520813,1.8354103565216064,0.005299866199493408,869b6974300531619d19bd921b6a465232a0674a,True,{},[],fixed_real:0
cmr_bd8c8bb480ad1e9422f4b5cd79215eba,Cs:1|O:3|W:1,fixed_real,2,939238687,oxide,cmr_11dacddcba738021fcb7a8ad9b578f91,False,True,Cs,W,O,-0.03999999910593033,0.0,True,12,1,1,0,0,0.0,0,0.0,Ca,Ti,O,False,False,False,True,False,CaTiO3,False,False,composition_incompatible,2.111666666666667,4.223333333333334,3.95226788520813,1.8354103565216064,0.005299866199493408,869b6974300531619d19bd921b6a465232a0674a,True,{},[],fixed_real:0
cmr_bd8c8bb480ad1e9422f4b5cd79215eba,Cs:1|O:3|W:1,property,0,1735735411,oxide,,,,Cs,W,O,-0.03999999910593033,0.0,True,12,1,1,0,0,0.0,0,0.0,Ba,Ge,O,False,False,False,True,False,BaGeO3,False,False,composition_incompatible,2.0300000000000002,4.0600000000000005,3.947845458984375,-0.030667543411254883,0.018365681171417236,9632eb9ee1ec2b9f6af954d2e36b638340e022ba,True,{},[],property:0
cmr_bd8c8bb480ad1e9422f4b5cd79215eba,Cs:1|O:3|W:1,property,1,1498718546,oxide,,,,Cs,W,O,-0.03999999910593033,0.0,True,12,1,1,0,0,0.0,0,0.0,Cs,Nb,O,True,False,False,True,False,CsNbO3,False,False,composition_incompatible,2.08,4.16,3.947845458984375,-0.030667543411254883,0.018365681171417236,c6e54d5b825015d6a1b5b19c8ccc4f3fdf3962eb,True,{},[],property:3
cmr_bd8c8bb480ad1e9422f4b5cd79215eba,Cs:1|O:3|W:1,property,2,939238687,oxide,,,,Cs,W,O,-0.03999999910593033,0.0,True,12,1,1,0,0,0.0,0,0.0,Ba,Ge,O,False,False,False,True,False,BaGeO3,False,False,composition_incompatible,2.0300000000000002,4.0600000000000005,3.947845458984375,-0.030667543411254883,0.018365681171417236,9632eb9ee1ec2b9f6af954d2e36b638340e022ba,True,{},[],property:0
cmr_bd8c8bb480ad1e9422f4b5cd79215eba,Cs:1|O:3|W:1,crystal,0,1735735411,oxide,,,,Cs,W,O,-0.03999999910593033,0.0,False,12,12,12,0,0,0.0,0,0.0,,,,False,False,False,False,False,,False,False,invalid,,,3.9623301029205322,1.5882251262664795,4.443432331085205,,True,"{""tolerance/mu"": 12}","[{""attempt"": 1, ""stage"": ""tolerance/mu"", ""reason"": ""t=1.07 outside [0.80,1.05]""}, {""attempt"": 2, ""stage"": ""tolerance/mu"", ""reason"": ""t=0.78 outside [0.80,1.05]""}, {""attempt"": 3, ""stage"": ""tolerance/mu"", ""reason"": ""t=0.78 outside [0.80,1.05]""}, {""attempt"": 4, ""stage"": ""tolerance/mu"", ""reason"": ""t=0.78 outside [0.80,1.05]""}, {""attempt"": 5, ""stage"": ""tolerance/mu"", ""reason"": ""t=1.07 outside [0.80,1.05]""}, {""attempt"": 6, ""stage"": ""tolerance/mu"", ""reason"": ""t=0.78 outside [0.80,1.05]""}, {""attempt"": 7, ""stage"": ""tolerance/mu"", ""reason"": ""t=1.07 outside [0.80,1.05]""}, {""attempt"": 8, ""stage"": ""tolerance/mu"", ""reason"": ""t=0.78 outside [0.80,1.05]""}, {""attempt"": 9, ""stage"": ""tolerance/mu"", ""reason"": ""t=0.78 outside [0.80,1.05]""}, {""attempt"": 10, ""stage"": ""tolerance/mu"", ""reason"": ""t=1.07 outside [0.80,1.05]""}, {""attempt"": 11, ""stage"": ""tolerance/mu"", ""reason"": ""t=1.07 outside [0.80,1.05]""}, {""attempt"": 12, ""stage"": ""tolerance/mu"", ""reason"": ""t=1.07 outside [0.80,1.05]""}]",
cmr_bd8c8bb480ad1e9422f4b5cd79215eba,Cs:1|O:3|W:1,crystal,1,1498718546,oxide,,,,Cs,W,O,-0.03999999910593033,0.0,False,12,12,12,0,0,0.0,0,0.0,,,,False,False,False,False,False,,False,False,invalid,,,3.9623301029205322,1.5882251262664795,4.443432331085205,,True,"{""tolerance/mu"": 12}","[{""attempt"": 1, ""stage"": ""tolerance/mu"", ""reason"": ""t=0.78 outside [0.80,1.05]""}, {""attempt"": 2, ""stage"": ""tolerance/mu"", ""reason"": ""t=1.07 outside [0.80,1.05]""}, {""attempt"": 3, ""stage"": ""tolerance/mu"", ""reason"": ""t=1.07 outside [0.80,1.05]""}, {""attempt"": 4, ""stage"": ""tolerance/mu"", ""reason"": ""t=0.78 outside [0.80,1.05]""}, {""attempt"": 5, ""stage"": ""tolerance/mu"", ""reason"": ""t=1.07 outside [0.80,1.05]""}, {""attempt"": 6, ""stage"": ""tolerance/mu"", ""reason"": ""t=0.78 outside [0.80,1.05]""}, {""attempt"": 7, ""stage"": ""tolerance/mu"", ""reason"": ""t=1.07 outside [0.80,1.05]""}, {""attempt"": 8, ""stage"": ""tolerance/mu"", ""reason"": ""t=0.78 outside [0.80,1.05]""}, {""attempt"": 9, ""stage"": ""tolerance/mu"", ""reason"": ""t=1.07 outside [0.80,1.05]""}, {""attempt"": 10, ""stage"": ""tolerance/mu"", ""reason"": ""t=1.07 outside [0.80,1.05]""}, {""attempt"": 11, ""stage"": ""tolerance/mu"", ""reason"": ""t=0.78 outside [0.80,1.05]""}, {""attempt"": 12, ""stage"": ""tolerance/mu"", ""reason"": ""t=0.78 outside [0.80,1.05]""}]",
cmr_bd8c8bb480ad1e9422f4b5cd79215eba,Cs:1|O:3|W:1,crystal,2,939238687,oxide,,,,Cs,W,O,-0.03999999910593033,0.0,False,12,12,12,0,0,0.0,0,0.0,,,,False,False,False,False,False,,False,False,invalid,,,3.9623301029205322,1.5882251262664795,4.443432331085205,,True,"{""tolerance/mu"": 12}","[{""attempt"": 1, ""stage"": ""tolerance/mu"", ""reason"": ""t=1.07 outside [0.80,1.05]""}, {""attempt"": 2, ""stage"": ""tolerance/mu"", ""reason"": ""t=0.78 outside [0.80,1.05]""}, {""attempt"": 3, ""stage"": ""tolerance/mu"", ""reason"": ""t=0.78 outside [0.80,1.05]""}, {""attempt"": 4, ""stage"": ""tolerance/mu"", ""reason"": ""t=0.78 outside [0.80,1.05]""}, {""attempt"": 5, ""stage"": ""tolerance/mu"", ""reason"": ""t=1.07 outside [0.80,1.05]""}, {""attempt"": 6, ""stage"": ""tolerance/mu"", ""reason"": ""t=1.07 outside [0.80,1.05]""}, {""attempt"": 7, ""stage"": ""tolerance/mu"", ""reason"": ""t=1.07 outside [0.80,1.05]""}, {""attempt"": 8, ""stage"": ""tolerance/mu"", ""reason"": ""t=0.78 outside [0.80,1.05]""}, {""attempt"": 9, ""stage"": ""tolerance/mu"", ""reason"": ""t=1.07 outside [0.80,1.05]""}, {""attempt"": 10, ""stage"": ""tolerance/mu"", ""reason"": ""t=1.07 outside [0.80,1.05]""}, {""attempt"": 11, ""stage"": ""tolerance/mu"", ""reason"": ""t=0.78 outside [0.80,1.05]""}, {""attempt"": 12, ""stage"": ""tolerance/mu"", ""reason"": ""t=0.78 outside [0.80,1.05]""}]",
cmr_bd8c8bb480ad1e9422f4b5cd79215eba,Cs:1|O:3|W:1,joint_perturb_0p01,0,1735735411,oxide,,,,Cs,W,O,-0.03999999910593033,0.0,True,12,1,1,0,0,0.0,0,0.0,Ba,V,O,False,False,False,True,False,BaVO3,False,False,composition_incompatible,2.0374999999999996,4.075,3.949265480041504,-0.028926968574523926,0.016025841236114502,bad93c37345ab06870c3d176ca5d7eb95ffe46d4,True,{},[],joint_perturb_0p01:0
cmr_bd8c8bb480ad1e9422f4b5cd79215eba,Cs:1|O:3|W:1,joint_perturb_0p01,1,1498718546,oxide,,,,Cs,W,O,-0.03999999910593033,0.0,True,12,1,1,0,0,0.0,0,0.0,Ba,V,O,False,False,False,True,False,BaVO3,False,False,composition_incompatible,2.0374999999999996,4.075,3.949265480041504,-0.028926968574523926,0.016025841236114502,bad93c37345ab06870c3d176ca5d7eb95ffe46d4,True,{},[],joint_perturb_0p01:0
cmr_bd8c8bb480ad1e9422f4b5cd79215eba,Cs:1|O:3|W:1,joint_perturb_0p01,2,939238687,oxide,,,,Cs,W,O,-0.03999999910593033,0.0,True,12,1,1,0,0,0.0,0,0.0,Ba,V,O,False,False,False,True,False,BaVO3,False,False,composition_incompatible,2.0374999999999996,4.075,3.949265480041504,-0.028926968574523926,0.016025841236114502,bad93c37345ab06870c3d176ca5d7eb95ffe46d4,True,{},[],joint_perturb_0p01:0
cmr_bd8c8bb480ad1e9422f4b5cd79215eba,Cs:1|O:3|W:1,joint_perturb_0p05,0,1735735411,oxide,,,,Cs,W,O,-0.03999999910593033,0.0,True,12,1,1,0,0,0.0,0,0.0,Ba,V,O,False,False,False,True,False,BaVO3,False,False,composition_incompatible,2.0374999999999996,4.075,3.950580358505249,0.02828669548034668,0.07980048656463623,bad93c37345ab06870c3d176ca5d7eb95ffe46d4,True,{},[],joint_perturb_0p05:0
cmr_bd8c8bb480ad1e9422f4b5cd79215eba,Cs:1|O:3|W:1,joint_perturb_0p05,1,1498718546,oxide,,,,Cs,W,O,-0.03999999910593033,0.0,True,12,2,2,0,0,0.0,0,0.0,Ba,V,O,False,False,False,True,False,BaVO3,False,False,composition_incompatible,2.0374999999999996,4.075,3.950580358505249,0.02828669548034668,0.07980048656463623,bad93c37345ab06870c3d176ca5d7eb95ffe46d4,True,"{""tolerance/mu"": 1}","[{""attempt"": 1, ""stage"": ""tolerance/mu"", ""reason"": ""t=0.78 outside [0.80,1.05]""}]",joint_perturb_0p05:0
cmr_bd8c8bb480ad1e9422f4b5cd79215eba,Cs:1|O:3|W:1,joint_perturb_0p05,2,939238687,oxide,,,,Cs,W,O,-0.03999999910593033,0.0,True,12,1,1,0,0,0.0,0,0.0,Ba,V,O,False,False,False,True,False,BaVO3,False,False,composition_incompatible,2.0374999999999996,4.075,3.950580358505249,0.02828669548034668,0.07980048656463623,bad93c37345ab06870c3d176ca5d7eb95ffe46d4,True,{},[],joint_perturb_0p05:0
cmr_bf604be7ac3009a8fed955cf6716a2df,Fe:1|N:3|Rb:1,joint,0,902995535,nitride,,,,Rb,Fe,N,2.0999999046325684,0.0,False,12,12,0,0,0,0.0,0,0.0,,,,False,False,False,False,False,,False,False,invalid,,,3.950413942337036,2.10813570022583,0.003040224313735962,,True,"{""charge_compatible_A"": 12}","[{""attempt"": 1, ""stage"": ""charge_compatible_A"", ""reason"": ""no compatible A species""}, {""attempt"": 2, ""stage"": ""charge_compatible_A"", ""reason"": ""no compatible A species""}, {""attempt"": 3, ""stage"": ""charge_compatible_A"", ""reason"": ""no compatible A species""}, {""attempt"": 4, ""stage"": ""charge_compatible_A"", ""reason"": ""no compatible A species""}, {""attempt"": 5, ""stage"": ""charge_compatible_A"", ""reason"": ""no compatible A species""}, {""attempt"": 6, ""stage"": ""charge_compatible_A"", ""reason"": ""no compatible A species""}, {""attempt"": 7, ""stage"": ""charge_compatible_A"", ""reason"": ""no compatible A species""}, {""attempt"": 8, ""stage"": ""charge_compatible_A"", ""reason"": ""no compatible A species""}, {""attempt"": 9, ""stage"": ""charge_compatible_A"", ""reason"": ""no compatible A species""}, {""attempt"": 10, ""stage"": ""charge_compatible_A"", ""reason"": ""no compatible A species""}, {""attempt"": 11, ""stage"": ""charge_compatible_A"", ""reason"": ""no compatible A species""}, {""attempt"": 12, ""stage"": ""charge_compatible_A"", ""reason"": ""no compatible A species""}]",
cmr_bf604be7ac3009a8fed955cf6716a2df,Fe:1|N:3|Rb:1,joint,1,816950790,nitride,,,,Rb,Fe,N,2.0999999046325684,0.0,False,12,12,0,0,0,0.0,0,0.0,,,,False,False,False,False,False,,False,False,invalid,,,3.950413942337036,2.10813570022583,0.003040224313735962,,True,"{""charge_compatible_A"": 12}","[{""attempt"": 1, ""stage"": ""charge_compatible_A"", ""reason"": ""no compatible A species""}, {""attempt"": 2, ""stage"": ""charge_compatible_A"", ""reason"": ""no compatible A species""}, {""attempt"": 3, ""stage"": ""charge_compatible_A"", ""reason"": ""no compatible A species""}, {""attempt"": 4, ""stage"": ""charge_compatible_A"", ""reason"": ""no compatible A species""}, {""attempt"": 5, ""stage"": ""charge_compatible_A"", ""reason"": ""no compatible A species""}, {""attempt"": 6, ""stage"": ""charge_compatible_A"", ""reason"": ""no compatible A species""}, {""attempt"": 7, ""stage"": ""charge_compatible_A"", ""reason"": ""no compatible A species""}, {""attempt"": 8, ""stage"": ""charge_compatible_A"", ""reason"": ""no compatible A species""}, {""attempt"": 9, ""stage"": ""charge_compatible_A"", ""reason"": ""no compatible A species""}, {""attempt"": 10, ""stage"": ""charge_compatible_A"", ""reason"": ""no compatible A species""}, {""attempt"": 11, ""stage"": ""charge_compatible_A"", ""reason"": ""no compatible A species""}, {""attempt"": 12, ""stage"": ""charge_compatible_A"", ""reason"": ""no compatible A species""}]",
cmr_bf604be7ac3009a8fed955cf6716a2df,Fe:1|N:3|Rb:1,joint,2,682041290,nitride,,,,Rb,Fe,N,2.0999999046325684,0.0,False,12,12,0,0,0,0.0,0,0.0,,,,False,False,False,False,False,,False,False,invalid,,,3.950413942337036,2.10813570022583,0.003040224313735962,,True,"{""charge_compatible_A"": 12}","[{""attempt"": 1, ""stage"": ""charge_compatible_A"", ""reason"": ""no compatible A species""}, {""attempt"": 2, ""stage"": ""charge_compatible_A"", ""reason"": ""no compatible A species""}, {""attempt"": 3, ""stage"": ""charge_compatible_A"", ""reason"": ""no compatible A species""}, {""attempt"": 4, ""stage"": ""charge_compatible_A"", ""reason"": ""no compatible A species""}, {""attempt"": 5, ""stage"": ""charge_compatible_A"", ""reason"": ""no compatible A species""}, {""attempt"": 6, ""stage"": ""charge_compatible_A"", ""reason"": ""no compatible A species""}, {""attempt"": 7, ""stage"": ""charge_compatible_A"", ""reason"": ""no compatible A species""}, {""attempt"": 8, ""stage"": ""charge_compatible_A"", ""reason"": ""no compatible A species""}, {""attempt"": 9, ""stage"": ""charge_compatible_A"", ""reason"": ""no compatible A species""}, {""attempt"": 10, ""stage"": ""charge_compatible_A"", ""reason"": ""no compatible A species""}, {""attempt"": 11, ""stage"": ""charge_compatible_A"", ""reason"": ""no compatible A species""}, {""attempt"": 12, ""stage"": ""charge_compatible_A"", ""reason"": ""no compatible A species""}]",
cmr_bf604be7ac3009a8fed955cf6716a2df,Fe:1|N:3|Rb:1,fixed_real,0,902995535,nitride,cmr_11dacddcba738021fcb7a8ad9b578f91,False,False,Rb,Fe,N,2.0999999046325684,0.0,False,12,12,0,0,0,0.0,0,0.0,,,,False,False,False,False,False,,False,False,invalid,,,3.95226788520813,1.8354103565216064,0.005299866199493408,,True,"{""charge_compatible_A"": 12}","[{""attempt"": 1, ""stage"": ""charge_compatible_A"", ""reason"": ""no compatible A species""}, {""attempt"": 2, ""stage"": ""charge_compatible_A"", ""reason"": ""no compatible A species""}, {""attempt"": 3, ""stage"": ""charge_compatible_A"", ""reason"": ""no compatible A species""}, {""attempt"": 4, ""stage"": ""charge_compatible_A"", ""reason"": ""no compatible A species""}, {""attempt"": 5, ""stage"": ""charge_compatible_A"", ""reason"": ""no compatible A species""}, {""attempt"": 6, ""stage"": ""charge_compatible_A"", ""reason"": ""no compatible A species""}, {""attempt"": 7, ""stage"": ""charge_compatible_A"", ""reason"": ""no compatible A species""}, {""attempt"": 8, ""stage"": ""charge_compatible_A"", ""reason"": ""no compatible A species""}, {""attempt"": 9, ""stage"": ""charge_compatible_A"", ""reason"": ""no compatible A species""}, {""attempt"": 10, ""stage"": ""charge_compatible_A"", ""reason"": ""no compatible A species""}, {""attempt"": 11, ""stage"": ""charge_compatible_A"", ""reason"": ""no compatible A species""}, {""attempt"": 12, ""stage"": ""charge_compatible_A"", ""reason"": ""no compatible A species""}]",
cmr_bf604be7ac3009a8fed955cf6716a2df,Fe:1|N:3|Rb:1,fixed_real,1,816950790,nitride,cmr_11dacddcba738021fcb7a8ad9b578f91,False,False,Rb,Fe,N,2.0999999046325684,0.0,False,12,12,0,0,0,0.0,0,0.0,,,,False,False,False,False,False,,False,False,invalid,,,3.95226788520813,1.8354103565216064,0.005299866199493408,,True,"{""charge_compatible_A"": 12}","[{""attempt"": 1, ""stage"": ""charge_compatible_A"", ""reason"": ""no compatible A species""}, {""attempt"": 2, ""stage"": ""charge_compatible_A"", ""reason"": ""no compatible A species""}, {""attempt"": 3, ""stage"": ""charge_compatible_A"", ""reason"": ""no compatible A species""}, {""attempt"": 4, ""stage"": ""charge_compatible_A"", ""reason"": ""no compatible A species""}, {""attempt"": 5, ""stage"": ""charge_compatible_A"", ""reason"": ""no compatible A species""}, {""attempt"": 6, ""stage"": ""charge_compatible_A"", ""reason"": ""no compatible A species""}, {""attempt"": 7, ""stage"": ""charge_compatible_A"", ""reason"": ""no compatible A species""}, {""attempt"": 8, ""stage"": ""charge_compatible_A"", ""reason"": ""no compatible A species""}, {""attempt"": 9, ""stage"": ""charge_compatible_A"", ""reason"": ""no compatible A species""}, {""attempt"": 10, ""stage"": ""charge_compatible_A"", ""reason"": ""no compatible A species""}, {""attempt"": 11, ""stage"": ""charge_compatible_A"", ""reason"": ""no compatible A species""}, {""attempt"": 12, ""stage"": ""charge_compatible_A"", ""reason"": ""no compatible A species""}]",
cmr_bf604be7ac3009a8fed955cf6716a2df,Fe:1|N:3|Rb:1,fixed_real,2,682041290,nitride,cmr_11dacddcba738021fcb7a8ad9b578f91,False,False,Rb,Fe,N,2.0999999046325684,0.0,False,12,12,0,0,0,0.0,0,0.0,,,,False,False,False,False,False,,False,False,invalid,,,3.95226788520813,1.8354103565216064,0.005299866199493408,,True,"{""charge_compatible_A"": 12}","[{""attempt"": 1, ""stage"": ""charge_compatible_A"", ""reason"": ""no compatible A species""}, {""attempt"": 2, ""stage"": ""charge_compatible_A"", ""reason"": ""no compatible A species""}, {""attempt"": 3, ""stage"": ""charge_compatible_A"", ""reason"": ""no compatible A species""}, {""attempt"": 4, ""stage"": ""charge_compatible_A"", ""reason"": ""no compatible A species""}, {""attempt"": 5, ""stage"": ""charge_compatible_A"", ""reason"": ""no compatible A species""}, {""attempt"": 6, ""stage"": ""charge_compatible_A"", ""reason"": ""no compatible A species""}, {""attempt"": 7, ""stage"": ""charge_compatible_A"", ""reason"": ""no compatible A species""}, {""attempt"": 8, ""stage"": ""charge_compatible_A"", ""reason"": ""no compatible A species""}, {""attempt"": 9, ""stage"": ""charge_compatible_A"", ""reason"": ""no compatible A species""}, {""attempt"": 10, ""stage"": ""charge_compatible_A"", ""reason"": ""no compatible A species""}, {""attempt"": 11, ""stage"": ""charge_compatible_A"", ""reason"": ""no compatible A species""}, {""attempt"": 12, ""stage"": ""charge_compatible_A"", ""reason"": ""no compatible A species""}]",
cmr_bf604be7ac3009a8fed955cf6716a2df,Fe:1|N:3|Rb:1,property,0,902995535,nitride,,,,Rb,Fe,N,2.0999999046325684,0.0,False,12,12,0,0,0,0.0,0,0.0,,,,False,False,False,False,False,,False,False,invalid,,,3.9504730701446533,2.1023213863372803,0.006600886583328247,,True,"{""charge_compatible_A"": 12}","[{""attempt"": 1, ""stage"": ""charge_compatible_A"", ""reason"": ""no compatible A species""}, {""attempt"": 2, ""stage"": ""charge_compatible_A"", ""reason"": ""no compatible A species""}, {""attempt"": 3, ""stage"": ""charge_compatible_A"", ""reason"": ""no compatible A species""}, {""attempt"": 4, ""stage"": ""charge_compatible_A"", ""reason"": ""no compatible A species""}, {""attempt"": 5, ""stage"": ""charge_compatible_A"", ""reason"": ""no compatible A species""}, {""attempt"": 6, ""stage"": ""charge_compatible_A"", ""reason"": ""no compatible A species""}, {""attempt"": 7, ""stage"": ""charge_compatible_A"", ""reason"": ""no compatible A species""}, {""attempt"": 8, ""stage"": ""charge_compatible_A"", ""reason"": ""no compatible A species""}, {""attempt"": 9, ""stage"": ""charge_compatible_A"", ""reason"": ""no compatible A species""}, {""attempt"": 10, ""stage"": ""charge_compatible_A"", ""reason"": ""no compatible A species""}, {""attempt"": 11, ""stage"": ""charge_compatible_A"", ""reason"": ""no compatible A species""}, {""attempt"": 12, ""stage"": ""charge_compatible_A"", ""reason"": ""no compatible A species""}]",
cmr_bf604be7ac3009a8fed955cf6716a2df,Fe:1|N:3|Rb:1,property,1,816950790,nitride,,,,Rb,Fe,N,2.0999999046325684,0.0,False,12,12,0,0,0,0.0,0,0.0,,,,False,False,False,False,False,,False,False,invalid,,,3.9504730701446533,2.1023213863372803,0.006600886583328247,,True,"{""charge_compatible_A"": 12}","[{""attempt"": 1, ""stage"": ""charge_compatible_A"", ""reason"": ""no compatible A species""}, {""attempt"": 2, ""stage"": ""charge_compatible_A"", ""reason"": ""no compatible A species""}, {""attempt"": 3, ""stage"": ""charge_compatible_A"", ""reason"": ""no compatible A species""}, {""attempt"": 4, ""stage"": ""charge_compatible_A"", ""reason"": ""no compatible A species""}, {""attempt"": 5, ""stage"": ""charge_compatible_A"", ""reason"": ""no compatible A species""}, {""attempt"": 6, ""stage"": ""charge_compatible_A"", ""reason"": ""no compatible A species""}, {""attempt"": 7, ""stage"": ""charge_compatible_A"", ""reason"": ""no compatible A species""}, {""attempt"": 8, ""stage"": ""charge_compatible_A"", ""reason"": ""no compatible A species""}, {""attempt"": 9, ""stage"": ""charge_compatible_A"", ""reason"": ""no compatible A species""}, {""attempt"": 10, ""stage"": ""charge_compatible_A"", ""reason"": ""no compatible A species""}, {""attempt"": 11, ""stage"": ""charge_compatible_A"", ""reason"": ""no compatible A species""}, {""attempt"": 12, ""stage"": ""charge_compatible_A"", ""reason"": ""no compatible A species""}]",
cmr_bf604be7ac3009a8fed955cf6716a2df,Fe:1|N:3|Rb:1,property,2,682041290,nitride,,,,Rb,Fe,N,2.0999999046325684,0.0,False,12,12,0,0,0,0.0,0,0.0,,,,False,False,False,False,False,,False,False,invalid,,,3.9504730701446533,2.1023213863372803,0.006600886583328247,,True,"{""charge_compatible_A"": 12}","[{""attempt"": 1, ""stage"": ""charge_compatible_A"", ""reason"": ""no compatible A species""}, {""attempt"": 2, ""stage"": ""charge_compatible_A"", ""reason"": ""no compatible A species""}, {""attempt"": 3, ""stage"": ""charge_compatible_A"", ""reason"": ""no compatible A species""}, {""attempt"": 4, ""stage"": ""charge_compatible_A"", ""reason"": ""no compatible A species""}, {""attempt"": 5, ""stage"": ""charge_compatible_A"", ""reason"": ""no compatible A species""}, {""attempt"": 6, ""stage"": ""charge_compatible_A"", ""reason"": ""no compatible A species""}, {""attempt"": 7, ""stage"": ""charge_compatible_A"", ""reason"": ""no compatible A species""}, {""attempt"": 8, ""stage"": ""charge_compatible_A"", ""reason"": ""no compatible A species""}, {""attempt"": 9, ""stage"": ""charge_compatible_A"", ""reason"": ""no compatible A species""}, {""attempt"": 10, ""stage"": ""charge_compatible_A"", ""reason"": ""no compatible A species""}, {""attempt"": 11, ""stage"": ""charge_compatible_A"", ""reason"": ""no compatible A species""}, {""attempt"": 12, ""stage"": ""charge_compatible_A"", ""reason"": ""no compatible A species""}]",
cmr_bf604be7ac3009a8fed955cf6716a2df,Fe:1|N:3|Rb:1,crystal,0,902995535,nitride,,,,Rb,Fe,N,2.0999999046325684,0.0,False,12,12,9,0,0,0.0,0,0.0,,,,False,False,False,False,False,,False,False,invalid,,,3.9637038707733154,2.017667770385742,1.871634602546692,,True,"{""charge_compatible_A"": 3, ""tolerance/mu"": 9}","[{""attempt"": 1, ""stage"": ""tolerance/mu"", ""reason"": ""mu=1.23 outside [0.41,0.90]""}, {""attempt"": 2, ""stage"": ""charge_compatible_A"", ""reason"": ""no compatible A species""}, {""attempt"": 3, ""stage"": ""tolerance/mu"", ""reason"": ""mu=1.23 outside [0.41,0.90]""}, {""attempt"": 4, ""stage"": ""tolerance/mu"", ""reason"": ""mu=1.23 outside [0.41,0.90]""}, {""attempt"": 5, ""stage"": ""tolerance/mu"", ""reason"": ""mu=1.23 outside [0.41,0.90]""}, {""attempt"": 6, ""stage"": ""tolerance/mu"", ""reason"": ""mu=1.23 outside [0.41,0.90]""}, {""attempt"": 7, ""stage"": ""charge_compatible_A"", ""reason"": ""no compatible A species""}, {""attempt"": 8, ""stage"": ""charge_compatible_A"", ""reason"": ""no compatible A species""}, {""attempt"": 9, ""stage"": ""tolerance/mu"", ""reason"": ""mu=1.23 outside [0.41,0.90]""}, {""attempt"": 10, ""stage"": ""tolerance/mu"", ""reason"": ""mu=1.23 outside [0.41,0.90]""}, {""attempt"": 11, ""stage"": ""tolerance/mu"", ""reason"": ""mu=1.23 outside [0.41,0.90]""}, {""attempt"": 12, ""stage"": ""tolerance/mu"", ""reason"": ""mu=1.23 outside [0.41,0.90]""}]",
cmr_bf604be7ac3009a8fed955cf6716a2df,Fe:1|N:3|Rb:1,crystal,1,816950790,nitride,,,,Rb,Fe,N,2.0999999046325684,0.0,False,12,12,8,0,0,0.0,0,0.0,,,,False,False,False,False,False,,False,False,invalid,,,3.9637038707733154,2.017667770385742,1.871634602546692,,True,"{""charge_compatible_A"": 4, ""tolerance/mu"": 8}","[{""attempt"": 1, ""stage"": ""charge_compatible_A"", ""reason"": ""no compatible A species""}, {""attempt"": 2, ""stage"": ""tolerance/mu"", ""reason"": ""mu=1.23 outside [0.41,0.90]""}, {""attempt"": 3, ""stage"": ""tolerance/mu"", ""reason"": ""mu=1.23 outside [0.41,0.90]""}, {""attempt"": 4, ""stage"": ""charge_compatible_A"", ""reason"": ""no compatible A species""}, {""attempt"": 5, ""stage"": ""charge_compatible_A"", ""reason"": ""no compatible A species""}, {""attempt"": 6, ""stage"": ""tolerance/mu"", ""reason"": ""mu=1.23 outside [0.41,0.90]""}, {""attempt"": 7, ""stage"": ""tolerance/mu"", ""reason"": ""mu=1.23 outside [0.41,0.90]""}, {""attempt"": 8, ""stage"": ""charge_compatible_A"", ""reason"": ""no compatible A species""}, {""attempt"": 9, ""stage"": ""tolerance/mu"", ""reason"": ""mu=1.23 outside [0.41,0.90]""}, {""attempt"": 10, ""stage"": ""tolerance/mu"", ""reason"": ""mu=1.23 outside [0.41,0.90]""}, {""attempt"": 11, ""stage"": ""tolerance/mu"", ""reason"": ""mu=1.23 outside [0.41,0.90]""}, {""attempt"": 12, ""stage"": ""tolerance/mu"", ""reason"": ""mu=1.23 outside [0.41,0.90]""}]",
cmr_bf604be7ac3009a8fed955cf6716a2df,Fe:1|N:3|Rb:1,crystal,2,682041290,nitride,,,,Rb,Fe,N,2.0999999046325684,0.0,False,12,12,7,0,0,0.0,0,0.0,,,,False,False,False,False,False,,False,False,invalid,,,3.9637038707733154,2.017667770385742,1.871634602546692,,True,"{""charge_compatible_A"": 5, ""tolerance/mu"": 7}","[{""attempt"": 1, ""stage"": ""charge_compatible_A"", ""reason"": ""no compatible A species""}, {""attempt"": 2, ""stage"": ""charge_compatible_A"", ""reason"": ""no compatible A species""}, {""attempt"": 3, ""stage"": ""tolerance/mu"", ""reason"": ""mu=1.23 outside [0.41,0.90]""}, {""attempt"": 4, ""stage"": ""tolerance/mu"", ""reason"": ""mu=1.23 outside [0.41,0.90]""}, {""attempt"": 5, ""stage"": ""charge_compatible_A"", ""reason"": ""no compatible A species""}, {""attempt"": 6, ""stage"": ""tolerance/mu"", ""reason"": ""mu=1.23 outside [0.41,0.90]""}, {""attempt"": 7, ""stage"": ""charge_compatible_A"", ""reason"": ""no compatible A species""}, {""attempt"": 8, ""stage"": ""tolerance/mu"", ""reason"": ""mu=1.23 outside [0.41,0.90]""}, {""attempt"": 9, ""stage"": ""tolerance/mu"", ""reason"": ""mu=1.23 outside [0.41,0.90]""}, {""attempt"": 10, ""stage"": ""tolerance/mu"", ""reason"": ""mu=1.23 outside [0.41,0.90]""}, {""attempt"": 11, ""stage"": ""charge_compatible_A"", ""reason"": ""no compatible A species""}, {""attempt"": 12, ""stage"": ""tolerance/mu"", ""reason"": ""mu=1.23 outside [0.41,0.90]""}]",
cmr_bf604be7ac3009a8fed955cf6716a2df,Fe:1|N:3|Rb:1,joint_perturb_0p01,0,902995535,nitride,,,,Rb,Fe,N,2.0999999046325684,0.0,False,12,12,0,0,0,0.0,0,0.0,,,,False,False,False,False,False,,False,False,invalid,,,3.9508965015411377,2.107538938522339,0.0005921721458435059,,True,"{""charge_compatible_A"": 12}","[{""attempt"": 1, ""stage"": ""charge_compatible_A"", ""reason"": ""no compatible A species""}, {""attempt"": 2, ""stage"": ""charge_compatible_A"", ""reason"": ""no compatible A species""}, {""attempt"": 3, ""stage"": ""charge_compatible_A"", ""reason"": ""no compatible A species""}, {""attempt"": 4, ""stage"": ""charge_compatible_A"", ""reason"": ""no compatible A species""}, {""attempt"": 5, ""stage"": ""charge_compatible_A"", ""reason"": ""no compatible A species""}, {""attempt"": 6, ""stage"": ""charge_compatible_A"", ""reason"": ""no compatible A species""}, {""attempt"": 7, ""stage"": ""charge_compatible_A"", ""reason"": ""no compatible A species""}, {""attempt"": 8, ""stage"": ""charge_compatible_A"", ""reason"": ""no compatible A species""}, {""attempt"": 9, ""stage"": ""charge_compatible_A"", ""reason"": ""no compatible A species""}, {""attempt"": 10, ""stage"": ""charge_compatible_A"", ""reason"": ""no compatible A species""}, {""attempt"": 11, ""stage"": ""charge_compatible_A"", ""reason"": ""no compatible A species""}, {""attempt"": 12, ""stage"": ""charge_compatible_A"", ""reason"": ""no compatible A species""}]",
cmr_bf604be7ac3009a8fed955cf6716a2df,Fe:1|N:3|Rb:1,joint_perturb_0p01,1,816950790,nitride,,,,Rb,Fe,N,2.0999999046325684,0.0,False,12,12,0,0,0,0.0,0,0.0,,,,False,False,False,False,False,,False,False,invalid,,,3.9508965015411377,2.107538938522339,0.0005921721458435059,,True,"{""charge_compatible_A"": 12}","[{""attempt"": 1, ""stage"": ""charge_compatible_A"", ""reason"": ""no compatible A species""}, {""attempt"": 2, ""stage"": ""charge_compatible_A"", ""reason"": ""no compatible A species""}, {""attempt"": 3, ""stage"": ""charge_compatible_A"", ""reason"": ""no compatible A species""}, {""attempt"": 4, ""stage"": ""charge_compatible_A"", ""reason"": ""no compatible A species""}, {""attempt"": 5, ""stage"": ""charge_compatible_A"", ""reason"": ""no compatible A species""}, {""attempt"": 6, ""stage"": ""charge_compatible_A"", ""reason"": ""no compatible A species""}, {""attempt"": 7, ""stage"": ""charge_compatible_A"", ""reason"": ""no compatible A species""}, {""attempt"": 8, ""stage"": ""charge_compatible_A"", ""reason"": ""no compatible A species""}, {""attempt"": 9, ""stage"": ""charge_compatible_A"", ""reason"": ""no compatible A species""}, {""attempt"": 10, ""stage"": ""charge_compatible_A"", ""reason"": ""no compatible A species""}, {""attempt"": 11, ""stage"": ""charge_compatible_A"", ""reason"": ""no compatible A species""}, {""attempt"": 12, ""stage"": ""charge_compatible_A"", ""reason"": ""no compatible A species""}]",
cmr_bf604be7ac3009a8fed955cf6716a2df,Fe:1|N:3|Rb:1,joint_perturb_0p01,2,682041290,nitride,,,,Rb,Fe,N,2.0999999046325684,0.0,False,12,12,0,0,0,0.0,0,0.0,,,,False,False,False,False,False,,False,False,invalid,,,3.9508965015411377,2.107538938522339,0.0005921721458435059,,True,"{""charge_compatible_A"": 12}","[{""attempt"": 1, ""stage"": ""charge_compatible_A"", ""reason"": ""no compatible A species""}, {""attempt"": 2, ""stage"": ""charge_compatible_A"", ""reason"": ""no compatible A species""}, {""attempt"": 3, ""stage"": ""charge_compatible_A"", ""reason"": ""no compatible A species""}, {""attempt"": 4, ""stage"": ""charge_compatible_A"", ""reason"": ""no compatible A species""}, {""attempt"": 5, ""stage"": ""charge_compatible_A"", ""reason"": ""no compatible A species""}, {""attempt"": 6, ""stage"": ""charge_compatible_A"", ""reason"": ""no compatible A species""}, {""attempt"": 7, ""stage"": ""charge_compatible_A"", ""reason"": ""no compatible A species""}, {""attempt"": 8, ""stage"": ""charge_compatible_A"", ""reason"": ""no compatible A species""}, {""attempt"": 9, ""stage"": ""charge_compatible_A"", ""reason"": ""no compatible A species""}, {""attempt"": 10, ""stage"": ""charge_compatible_A"", ""reason"": ""no compatible A species""}, {""attempt"": 11, ""stage"": ""charge_compatible_A"", ""reason"": ""no compatible A species""}, {""attempt"": 12, ""stage"": ""charge_compatible_A"", ""reason"": ""no compatible A species""}]",
cmr_bf604be7ac3009a8fed955cf6716a2df,Fe:1|N:3|Rb:1,joint_perturb_0p05,0,902995535,nitride,,,,Rb,Fe,N,2.0999999046325684,0.0,False,12,12,0,0,0,0.0,0,0.0,,,,False,False,False,False,False,,False,False,invalid,,,3.950615882873535,2.090492010116577,-0.008357793092727661,,True,"{""charge_compatible_A"": 12}","[{""attempt"": 1, ""stage"": ""charge_compatible_A"", ""reason"": ""no compatible A species""}, {""attempt"": 2, ""stage"": ""charge_compatible_A"", ""reason"": ""no compatible A species""}, {""attempt"": 3, ""stage"": ""charge_compatible_A"", ""reason"": ""no compatible A species""}, {""attempt"": 4, ""stage"": ""charge_compatible_A"", ""reason"": ""no compatible A species""}, {""attempt"": 5, ""stage"": ""charge_compatible_A"", ""reason"": ""no compatible A species""}, {""attempt"": 6, ""stage"": ""charge_compatible_A"", ""reason"": ""no compatible A species""}, {""attempt"": 7, ""stage"": ""charge_compatible_A"", ""reason"": ""no compatible A species""}, {""attempt"": 8, ""stage"": ""charge_compatible_A"", ""reason"": ""no compatible A species""}, {""attempt"": 9, ""stage"": ""charge_compatible_A"", ""reason"": ""no compatible A species""}, {""attempt"": 10, ""stage"": ""charge_compatible_A"", ""reason"": ""no compatible A species""}, {""attempt"": 11, ""stage"": ""charge_compatible_A"", ""reason"": ""no compatible A species""}, {""attempt"": 12, ""stage"": ""charge_compatible_A"", ""reason"": ""no compatible A species""}]",
cmr_bf604be7ac3009a8fed955cf6716a2df,Fe:1|N:3|Rb:1,joint_perturb_0p05,1,816950790,nitride,,,,Rb,Fe,N,2.0999999046325684,0.0,False,12,12,0,0,0,0.0,0,0.0,,,,False,False,False,False,False,,False,False,invalid,,,3.950615882873535,2.090492010116577,-0.008357793092727661,,True,"{""charge_compatible_A"": 12}","[{""attempt"": 1, ""stage"": ""charge_compatible_A"", ""reason"": ""no compatible A species""}, {""attempt"": 2, ""stage"": ""charge_compatible_A"", ""reason"": ""no compatible A species""}, {""attempt"": 3, ""stage"": ""charge_compatible_A"", ""reason"": ""no compatible A species""}, {""attempt"": 4, ""stage"": ""charge_compatible_A"", ""reason"": ""no compatible A species""}, {""attempt"": 5, ""stage"": ""charge_compatible_A"", ""reason"": ""no compatible A species""}, {""attempt"": 6, ""stage"": ""charge_compatible_A"", ""reason"": ""no compatible A species""}, {""attempt"": 7, ""stage"": ""charge_compatible_A"", ""reason"": ""no compatible A species""}, {""attempt"": 8, ""stage"": ""charge_compatible_A"", ""reason"": ""no compatible A species""}, {""attempt"": 9, ""stage"": ""charge_compatible_A"", ""reason"": ""no compatible A species""}, {""attempt"": 10, ""stage"": ""charge_compatible_A"", ""reason"": ""no compatible A species""}, {""attempt"": 11, ""stage"": ""charge_compatible_A"", ""reason"": ""no compatible A species""}, {""attempt"": 12, ""stage"": ""charge_compatible_A"", ""reason"": ""no compatible A species""}]",
cmr_bf604be7ac3009a8fed955cf6716a2df,Fe:1|N:3|Rb:1,joint_perturb_0p05,2,682041290,nitride,,,,Rb,Fe,N,2.0999999046325684,0.0,False,12,12,0,0,0,0.0,0,0.0,,,,False,False,False,False,False,,False,False,invalid,,,3.950615882873535,2.090492010116577,-0.008357793092727661,,True,"{""charge_compatible_A"": 12}","[{""attempt"": 1, ""stage"": ""charge_compatible_A"", ""reason"": ""no compatible A species""}, {""attempt"": 2, ""stage"": ""charge_compatible_A"", ""reason"": ""no compatible A species""}, {""attempt"": 3, ""stage"": ""charge_compatible_A"", ""reason"": ""no compatible A species""}, {""attempt"": 4, ""stage"": ""charge_compatible_A"", ""reason"": ""no compatible A species""}, {""attempt"": 5, ""stage"": ""charge_compatible_A"", ""reason"": ""no compatible A species""}, {""attempt"": 6, ""stage"": ""charge_compatible_A"", ""reason"": ""no compatible A species""}, {""attempt"": 7, ""stage"": ""charge_compatible_A"", ""reason"": ""no compatible A species""}, {""attempt"": 8, ""stage"": ""charge_compatible_A"", ""reason"": ""no compatible A species""}, {""attempt"": 9, ""stage"": ""charge_compatible_A"", ""reason"": ""no compatible A species""}, {""attempt"": 10, ""stage"": ""charge_compatible_A"", ""reason"": ""no compatible A species""}, {""attempt"": 11, ""stage"": ""charge_compatible_A"", ""reason"": ""no compatible A species""}, {""attempt"": 12, ""stage"": ""charge_compatible_A"", ""reason"": ""no compatible A species""}]",
cmr_dbcef27061099822569740c11818d051,Cs:1|O:3|Pb:1,joint,0,788741404,oxide,,,,Cs,Pb,O,0.8999999761581421,0.0,True,12,1,1,0,0,0.0,0,0.0,Ba,Ti,O,False,False,False,True,False,BaTiO3,False,False,composition_incompatible,2.111666666666667,4.223333333333334,3.9574973583221436,0.910197377204895,0.00250813364982605,37d0beb67e1039eb34bda26368d1f4dc015b9cb3,True,{},[],joint:8
cmr_dbcef27061099822569740c11818d051,Cs:1|O:3|Pb:1,joint,1,858619172,oxide,,,,Cs,Pb,O,0.8999999761581421,0.0,True,12,1,1,0,0,0.0,0,0.0,Ba,Ti,O,False,False,False,True,False,BaTiO3,False,False,composition_incompatible,2.111666666666667,4.223333333333334,3.9574973583221436,0.910197377204895,0.00250813364982605,37d0beb67e1039eb34bda26368d1f4dc015b9cb3,True,{},[],joint:8
cmr_dbcef27061099822569740c11818d051,Cs:1|O:3|Pb:1,joint,2,25749433,oxide,,,,Cs,Pb,O,0.8999999761581421,0.0,True,12,1,1,0,0,0.0,0,0.0,Sr,Ti,O,False,False,False,True,False,SrTiO3,False,False,composition_incompatible,2.111666666666667,4.223333333333334,3.9574973583221436,0.910197377204895,0.00250813364982605,0c7c696f17b65cd85437e9c56e708a214bbb6581,True,{},[],joint:9
cmr_dbcef27061099822569740c11818d051,Cs:1|O:3|Pb:1,fixed_real,0,788741404,oxide,cmr_11dacddcba738021fcb7a8ad9b578f91,False,True,Cs,Pb,O,0.8999999761581421,0.0,True,12,1,1,0,0,0.0,0,0.0,Ca,Ti,O,False,False,False,True,False,CaTiO3,False,False,composition_incompatible,2.111666666666667,4.223333333333334,3.95226788520813,1.8354103565216064,0.005299866199493408,869b6974300531619d19bd921b6a465232a0674a,True,{},[],fixed_real:0
cmr_dbcef27061099822569740c11818d051,Cs:1|O:3|Pb:1,fixed_real,1,858619172,oxide,cmr_11dacddcba738021fcb7a8ad9b578f91,False,True,Cs,Pb,O,0.8999999761581421,0.0,True,12,1,1,0,0,0.0,0,0.0,Ca,Ti,O,False,False,False,True,False,CaTiO3,False,False,composition_incompatible,2.111666666666667,4.223333333333334,3.95226788520813,1.8354103565216064,0.005299866199493408,869b6974300531619d19bd921b6a465232a0674a,True,{},[],fixed_real:0
cmr_dbcef27061099822569740c11818d051,Cs:1|O:3|Pb:1,fixed_real,2,25749433,oxide,cmr_11dacddcba738021fcb7a8ad9b578f91,False,True,Cs,Pb,O,0.8999999761581421,0.0,True,12,1,1,0,0,0.0,0,0.0,Ca,Ti,O,False,False,False,True,False,CaTiO3,False,False,composition_incompatible,2.111666666666667,4.223333333333334,3.95226788520813,1.8354103565216064,0.005299866199493408,869b6974300531619d19bd921b6a465232a0674a,True,{},[],fixed_real:0
cmr_dbcef27061099822569740c11818d051,Cs:1|O:3|Pb:1,property,0,788741404,oxide,,,,Cs,Pb,O,0.8999999761581421,0.0,True,12,1,1,0,0,0.0,0,0.0,Ba,Ti,O,False,False,False,True,False,BaTiO3,False,False,composition_incompatible,2.111666666666667,4.223333333333334,3.949669599533081,0.8974327445030212,0.0011687874794006348,37d0beb67e1039eb34bda26368d1f4dc015b9cb3,True,{},[],property:1
cmr_dbcef27061099822569740c11818d051,Cs:1|O:3|Pb:1,property,1,858619172,oxide,,,,Cs,Pb,O,0.8999999761581421,0.0,True,12,1,1,0,0,0.0,0,0.0,Ba,Ti,O,False,False,False,True,False,BaTiO3,False,False,composition_incompatible,2.111666666666667,4.223333333333334,3.949669599533081,0.8974327445030212,0.0011687874794006348,37d0beb67e1039eb34bda26368d1f4dc015b9cb3,True,{},[],property:1
cmr_dbcef27061099822569740c11818d051,Cs:1|O:3|Pb:1,property,2,25749433,oxide,,,,Cs,Pb,O,0.8999999761581421,0.0,True,12,1,1,0,0,0.0,0,0.0,Ba,Ti,O,False,False,False,True,False,BaTiO3,False,False,composition_incompatible,2.111666666666667,4.223333333333334,3.949669599533081,0.8974327445030212,0.0011687874794006348,37d0beb67e1039eb34bda26368d1f4dc015b9cb3,True,{},[],property:1
cmr_dbcef27061099822569740c11818d051,Cs:1|O:3|Pb:1,crystal,0,788741404,oxide,,,,Cs,Pb,O,0.8999999761581421,0.0,True,12,4,4,0,0,0.0,0,0.0,La,Al,O,False,False,False,True,False,LaAlO3,False,False,composition_incompatible,1.9349999999999998,3.87,3.9794952869415283,1.610191822052002,2.4503073692321777,3fd034891f2d2516ac646e13011b8785bc4e7c09,True,"{""tolerance/mu"": 3}","[{""attempt"": 1, ""stage"": ""tolerance/mu"", ""reason"": ""t=0.75 outside [0.80,1.05]""}, {""attempt"": 2, ""stage"": ""tolerance/mu"", ""reason"": ""t=0.75 outside [0.80,1.05]""}, {""attempt"": 3, ""stage"": ""tolerance/mu"", ""reason"": ""t=0.75 outside [0.80,1.05]""}]",crystal:6
cmr_dbcef27061099822569740c11818d051,Cs:1|O:3|Pb:1,crystal,1,858619172,oxide,,,,Cs,Pb,O,0.8999999761581421,0.0,True,12,1,1,0,0,0.0,0,0.0,La,Al,O,False,False,False,True,False,LaAlO3,False,False,composition_incompatible,1.9349999999999998,3.87,3.9794952869415283,1.610191822052002,2.4503073692321777,3fd034891f2d2516ac646e13011b8785bc4e7c09,True,{},[],crystal:6
cmr_dbcef27061099822569740c11818d051,Cs:1|O:3|Pb:1,crystal,2,25749433,oxide,,,,Cs,Pb,O,0.8999999761581421,0.0,True,12,2,2,0,0,0.0,0,0.0,La,Al,O,False,False,False,True,False,LaAlO3,False,False,composition_incompatible,1.9349999999999998,3.87,3.9794952869415283,1.610191822052002,2.4503073692321777,3fd034891f2d2516ac646e13011b8785bc4e7c09,True,"{""tolerance/mu"": 1}","[{""attempt"": 1, ""stage"": ""tolerance/mu"", ""reason"": ""t=0.75 outside [0.80,1.05]""}]",crystal:6
cmr_dbcef27061099822569740c11818d051,Cs:1|O:3|Pb:1,joint_perturb_0p01,0,788741404,oxide,,,,Cs,Pb,O,0.8999999761581421,0.0,True,12,2,1,0,0,0.0,0,0.0,Ba,Ti,O,False,False,False,True,False,BaTiO3,False,False,composition_incompatible,2.111666666666667,4.223333333333334,3.9579551219940186,0.8951036334037781,0.005431711673736572,37d0beb67e1039eb34bda26368d1f4dc015b9cb3,True,"{""charge_compatible_A"": 1}","[{""attempt"": 1, ""stage"": ""charge_compatible_A"", ""reason"": ""no compatible A species""}]",joint_perturb_0p01:5
cmr_dbcef27061099822569740c11818d051,Cs:1|O:3|Pb:1,joint_perturb_0p01,1,858619172,oxide,,,,Cs,Pb,O,0.8999999761581421,0.0,True,12,1,1,0,0,0.0,0,0.0,Ba,Ti,O,False,False,False,True,False,BaTiO3,False,False,composition_incompatible,2.111666666666667,4.223333333333334,3.9579551219940186,0.8951036334037781,0.005431711673736572,37d0beb67e1039eb34bda26368d1f4dc015b9cb3,True,{},[],joint_perturb_0p01:5
cmr_dbcef27061099822569740c11818d051,Cs:1|O:3|Pb:1,joint_perturb_0p01,2,25749433,oxide,,,,Cs,Pb,O,0.8999999761581421,0.0,True,12,2,1,0,0,0.0,0,0.0,Ba,Ti,O,False,False,False,True,False,BaTiO3,False,False,composition_incompatible,2.111666666666667,4.223333333333334,3.9579551219940186,0.8951036334037781,0.005431711673736572,37d0beb67e1039eb34bda26368d1f4dc015b9cb3,True,"{""charge_compatible_A"": 1}","[{""attempt"": 1, ""stage"": ""charge_compatible_A"", ""reason"": ""no compatible A species""}]",joint_perturb_0p01:5
cmr_dbcef27061099822569740c11818d051,Cs:1|O:3|Pb:1,joint_perturb_0p05,0,788741404,oxide,,,,Cs,Pb,O,0.8999999761581421,0.0,True,12,2,1,0,0,0.0,0,0.0,Ba,Ti,O,False,False,False,True,False,BaTiO3,False,False,composition_incompatible,2.111666666666667,4.223333333333334,3.959785223007202,0.8452387452125549,0.017218410968780518,37d0beb67e1039eb34bda26368d1f4dc015b9cb3,True,"{""charge_compatible_A"": 1}","[{""attempt"": 1, ""stage"": ""charge_compatible_A"", ""reason"": ""no compatible A species""}]",joint_perturb_0p05:5
cmr_dbcef27061099822569740c11818d051,Cs:1|O:3|Pb:1,joint_perturb_0p05,1,858619172,oxide,,,,Cs,Pb,O,0.8999999761581421,0.0,True,12,2,1,0,0,0.0,0,0.0,Ba,Ti,O,False,False,False,True,False,BaTiO3,False,False,composition_incompatible,2.111666666666667,4.223333333333334,3.959785223007202,0.8452387452125549,0.017218410968780518,37d0beb67e1039eb34bda26368d1f4dc015b9cb3,True,"{""charge_compatible_A"": 1}","[{""attempt"": 1, ""stage"": ""charge_compatible_A"", ""reason"": ""no compatible A species""}]",joint_perturb_0p05:5
cmr_dbcef27061099822569740c11818d051,Cs:1|O:3|Pb:1,joint_perturb_0p05,2,25749433,oxide,,,,Cs,Pb,O,0.8999999761581421,0.0,True,12,2,1,0,0,0.0,0,0.0,Ba,Ti,O,False,False,False,True,False,BaTiO3,False,False,composition_incompatible,2.111666666666667,4.223333333333334,3.959785223007202,0.8452387452125549,0.017218410968780518,37d0beb67e1039eb34bda26368d1f4dc015b9cb3,True,"{""charge_compatible_A"": 1}","[{""attempt"": 1, ""stage"": ""charge_compatible_A"", ""reason"": ""no compatible A species""}]",joint_perturb_0p05:5
cmr_e8bb6f6ece3b11691f6fbdf699fa676a,Ca:1|Co:1|N:3,joint,0,1625558961,nitride,,,,Ca,Co,N,1.5399999618530273,0.0,False,12,12,0,0,0,0.0,0,0.0,,,,False,False,False,False,False,,False,False,invalid,,,3.946249008178711,1.5382159948349,0.0017712116241455078,,True,"{""charge_compatible_A"": 12}","[{""attempt"": 1, ""stage"": ""charge_compatible_A"", ""reason"": ""no compatible A species""}, {""attempt"": 2, ""stage"": ""charge_compatible_A"", ""reason"": ""no compatible A species""}, {""attempt"": 3, ""stage"": ""charge_compatible_A"", ""reason"": ""no compatible A species""}, {""attempt"": 4, ""stage"": ""charge_compatible_A"", ""reason"": ""no compatible A species""}, {""attempt"": 5, ""stage"": ""charge_compatible_A"", ""reason"": ""no compatible A species""}, {""attempt"": 6, ""stage"": ""charge_compatible_A"", ""reason"": ""no compatible A species""}, {""attempt"": 7, ""stage"": ""charge_compatible_A"", ""reason"": ""no compatible A species""}, {""attempt"": 8, ""stage"": ""charge_compatible_A"", ""reason"": ""no compatible A species""}, {""attempt"": 9, ""stage"": ""charge_compatible_A"", ""reason"": ""no compatible A species""}, {""attempt"": 10, ""stage"": ""charge_compatible_A"", ""reason"": ""no compatible A species""}, {""attempt"": 11, ""stage"": ""charge_compatible_A"", ""reason"": ""no compatible A species""}, {""attempt"": 12, ""stage"": ""charge_compatible_A"", ""reason"": ""no compatible A species""}]",
cmr_e8bb6f6ece3b11691f6fbdf699fa676a,Ca:1|Co:1|N:3,joint,1,1911842536,nitride,,,,Ca,Co,N,1.5399999618530273,0.0,False,12,12,0,0,0,0.0,0,0.0,,,,False,False,False,False,False,,False,False,invalid,,,3.946249008178711,1.5382159948349,0.0017712116241455078,,True,"{""charge_compatible_A"": 12}","[{""attempt"": 1, ""stage"": ""charge_compatible_A"", ""reason"": ""no compatible A species""}, {""attempt"": 2, ""stage"": ""charge_compatible_A"", ""reason"": ""no compatible A species""}, {""attempt"": 3, ""stage"": ""charge_compatible_A"", ""reason"": ""no compatible A species""}, {""attempt"": 4, ""stage"": ""charge_compatible_A"", ""reason"": ""no compatible A species""}, {""attempt"": 5, ""stage"": ""charge_compatible_A"", ""reason"": ""no compatible A species""}, {""attempt"": 6, ""stage"": ""charge_compatible_A"", ""reason"": ""no compatible A species""}, {""attempt"": 7, ""stage"": ""charge_compatible_A"", ""reason"": ""no compatible A species""}, {""attempt"": 8, ""stage"": ""charge_compatible_A"", ""reason"": ""no compatible A species""}, {""attempt"": 9, ""stage"": ""charge_compatible_A"", ""reason"": ""no compatible A species""}, {""attempt"": 10, ""stage"": ""charge_compatible_A"", ""reason"": ""no compatible A species""}, {""attempt"": 11, ""stage"": ""charge_compatible_A"", ""reason"": ""no compatible A species""}, {""attempt"": 12, ""stage"": ""charge_compatible_A"", ""reason"": ""no compatible A species""}]",
cmr_e8bb6f6ece3b11691f6fbdf699fa676a,Ca:1|Co:1|N:3,joint,2,1388362105,nitride,,,,Ca,Co,N,1.5399999618530273,0.0,False,12,12,0,0,0,0.0,0,0.0,,,,False,False,False,False,False,,False,False,invalid,,,3.946249008178711,1.5382159948349,0.0017712116241455078,,True,"{""charge_compatible_A"": 12}","[{""attempt"": 1, ""stage"": ""charge_compatible_A"", ""reason"": ""no compatible A species""}, {""attempt"": 2, ""stage"": ""charge_compatible_A"", ""reason"": ""no compatible A species""}, {""attempt"": 3, ""stage"": ""charge_compatible_A"", ""reason"": ""no compatible A species""}, {""attempt"": 4, ""stage"": ""charge_compatible_A"", ""reason"": ""no compatible A species""}, {""attempt"": 5, ""stage"": ""charge_compatible_A"", ""reason"": ""no compatible A species""}, {""attempt"": 6, ""stage"": ""charge_compatible_A"", ""reason"": ""no compatible A species""}, {""attempt"": 7, ""stage"": ""charge_compatible_A"", ""reason"": ""no compatible A species""}, {""attempt"": 8, ""stage"": ""charge_compatible_A"", ""reason"": ""no compatible A species""}, {""attempt"": 9, ""stage"": ""charge_compatible_A"", ""reason"": ""no compatible A species""}, {""attempt"": 10, ""stage"": ""charge_compatible_A"", ""reason"": ""no compatible A species""}, {""attempt"": 11, ""stage"": ""charge_compatible_A"", ""reason"": ""no compatible A species""}, {""attempt"": 12, ""stage"": ""charge_compatible_A"", ""reason"": ""no compatible A species""}]",
cmr_e8bb6f6ece3b11691f6fbdf699fa676a,Ca:1|Co:1|N:3,fixed_real,0,1625558961,nitride,cmr_11dacddcba738021fcb7a8ad9b578f91,False,False,Ca,Co,N,1.5399999618530273,0.0,False,12,12,0,0,0,0.0,0,0.0,,,,False,False,False,False,False,,False,False,invalid,,,3.95226788520813,1.8354103565216064,0.005299866199493408,,True,"{""charge_compatible_A"": 12}","[{""attempt"": 1, ""stage"": ""charge_compatible_A"", ""reason"": ""no compatible A species""}, {""attempt"": 2, ""stage"": ""charge_compatible_A"", ""reason"": ""no compatible A species""}, {""attempt"": 3, ""stage"": ""charge_compatible_A"", ""reason"": ""no compatible A species""}, {""attempt"": 4, ""stage"": ""charge_compatible_A"", ""reason"": ""no compatible A species""}, {""attempt"": 5, ""stage"": ""charge_compatible_A"", ""reason"": ""no compatible A species""}, {""attempt"": 6, ""stage"": ""charge_compatible_A"", ""reason"": ""no compatible A species""}, {""attempt"": 7, ""stage"": ""charge_compatible_A"", ""reason"": ""no compatible A species""}, {""attempt"": 8, ""stage"": ""charge_compatible_A"", ""reason"": ""no compatible A species""}, {""attempt"": 9, ""stage"": ""charge_compatible_A"", ""reason"": ""no compatible A species""}, {""attempt"": 10, ""stage"": ""charge_compatible_A"", ""reason"": ""no compatible A species""}, {""attempt"": 11, ""stage"": ""charge_compatible_A"", ""reason"": ""no compatible A species""}, {""attempt"": 12, ""stage"": ""charge_compatible_A"", ""reason"": ""no compatible A species""}]",
cmr_e8bb6f6ece3b11691f6fbdf699fa676a,Ca:1|Co:1|N:3,fixed_real,1,1911842536,nitride,cmr_11dacddcba738021fcb7a8ad9b578f91,False,False,Ca,Co,N,1.5399999618530273,0.0,False,12,12,0,0,0,0.0,0,0.0,,,,False,False,False,False,False,,False,False,invalid,,,3.95226788520813,1.8354103565216064,0.005299866199493408,,True,"{""charge_compatible_A"": 12}","[{""attempt"": 1, ""stage"": ""charge_compatible_A"", ""reason"": ""no compatible A species""}, {""attempt"": 2, ""stage"": ""charge_compatible_A"", ""reason"": ""no compatible A species""}, {""attempt"": 3, ""stage"": ""charge_compatible_A"", ""reason"": ""no compatible A species""}, {""attempt"": 4, ""stage"": ""charge_compatible_A"", ""reason"": ""no compatible A species""}, {""attempt"": 5, ""stage"": ""charge_compatible_A"", ""reason"": ""no compatible A species""}, {""attempt"": 6, ""stage"": ""charge_compatible_A"", ""reason"": ""no compatible A species""}, {""attempt"": 7, ""stage"": ""charge_compatible_A"", ""reason"": ""no compatible A species""}, {""attempt"": 8, ""stage"": ""charge_compatible_A"", ""reason"": ""no compatible A species""}, {""attempt"": 9, ""stage"": ""charge_compatible_A"", ""reason"": ""no compatible A species""}, {""attempt"": 10, ""stage"": ""charge_compatible_A"", ""reason"": ""no compatible A species""}, {""attempt"": 11, ""stage"": ""charge_compatible_A"", ""reason"": ""no compatible A species""}, {""attempt"": 12, ""stage"": ""charge_compatible_A"", ""reason"": ""no compatible A species""}]",
cmr_e8bb6f6ece3b11691f6fbdf699fa676a,Ca:1|Co:1|N:3,fixed_real,2,1388362105,nitride,cmr_11dacddcba738021fcb7a8ad9b578f91,False,False,Ca,Co,N,1.5399999618530273,0.0,False,12,12,0,0,0,0.0,0,0.0,,,,False,False,False,False,False,,False,False,invalid,,,3.95226788520813,1.8354103565216064,0.005299866199493408,,True,"{""charge_compatible_A"": 12}","[{""attempt"": 1, ""stage"": ""charge_compatible_A"", ""reason"": ""no compatible A species""}, {""attempt"": 2, ""stage"": ""charge_compatible_A"", ""reason"": ""no compatible A species""}, {""attempt"": 3, ""stage"": ""charge_compatible_A"", ""reason"": ""no compatible A species""}, {""attempt"": 4, ""stage"": ""charge_compatible_A"", ""reason"": ""no compatible A species""}, {""attempt"": 5, ""stage"": ""charge_compatible_A"", ""reason"": ""no compatible A species""}, {""attempt"": 6, ""stage"": ""charge_compatible_A"", ""reason"": ""no compatible A species""}, {""attempt"": 7, ""stage"": ""charge_compatible_A"", ""reason"": ""no compatible A species""}, {""attempt"": 8, ""stage"": ""charge_compatible_A"", ""reason"": ""no compatible A species""}, {""attempt"": 9, ""stage"": ""charge_compatible_A"", ""reason"": ""no compatible A species""}, {""attempt"": 10, ""stage"": ""charge_compatible_A"", ""reason"": ""no compatible A species""}, {""attempt"": 11, ""stage"": ""charge_compatible_A"", ""reason"": ""no compatible A species""}, {""attempt"": 12, ""stage"": ""charge_compatible_A"", ""reason"": ""no compatible A species""}]",
cmr_e8bb6f6ece3b11691f6fbdf699fa676a,Ca:1|Co:1|N:3,property,0,1625558961,nitride,,,,Ca,Co,N,1.5399999618530273,0.0,False,12,12,0,0,0,0.0,0,0.0,,,,False,False,False,False,False,,False,False,invalid,,,3.9488437175750732,1.5430806875228882,0.004350423812866211,,True,"{""charge_compatible_A"": 12}","[{""attempt"": 1, ""stage"": ""charge_compatible_A"", ""reason"": ""no compatible A species""}, {""attempt"": 2, ""stage"": ""charge_compatible_A"", ""reason"": ""no compatible A species""}, {""attempt"": 3, ""stage"": ""charge_compatible_A"", ""reason"": ""no compatible A species""}, {""attempt"": 4, ""stage"": ""charge_compatible_A"", ""reason"": ""no compatible A species""}, {""attempt"": 5, ""stage"": ""charge_compatible_A"", ""reason"": ""no compatible A species""}, {""attempt"": 6, ""stage"": ""charge_compatible_A"", ""reason"": ""no compatible A species""}, {""attempt"": 7, ""stage"": ""charge_compatible_A"", ""reason"": ""no compatible A species""}, {""attempt"": 8, ""stage"": ""charge_compatible_A"", ""reason"": ""no compatible A species""}, {""attempt"": 9, ""stage"": ""charge_compatible_A"", ""reason"": ""no compatible A species""}, {""attempt"": 10, ""stage"": ""charge_compatible_A"", ""reason"": ""no compatible A species""}, {""attempt"": 11, ""stage"": ""charge_compatible_A"", ""reason"": ""no compatible A species""}, {""attempt"": 12, ""stage"": ""charge_compatible_A"", ""reason"": ""no compatible A species""}]",
cmr_e8bb6f6ece3b11691f6fbdf699fa676a,Ca:1|Co:1|N:3,property,1,1911842536,nitride,,,,Ca,Co,N,1.5399999618530273,0.0,False,12,12,0,0,0,0.0,0,0.0,,,,False,False,False,False,False,,False,False,invalid,,,3.9488437175750732,1.5430806875228882,0.004350423812866211,,True,"{""charge_compatible_A"": 12}","[{""attempt"": 1, ""stage"": ""charge_compatible_A"", ""reason"": ""no compatible A species""}, {""attempt"": 2, ""stage"": ""charge_compatible_A"", ""reason"": ""no compatible A species""}, {""attempt"": 3, ""stage"": ""charge_compatible_A"", ""reason"": ""no compatible A species""}, {""attempt"": 4, ""stage"": ""charge_compatible_A"", ""reason"": ""no compatible A species""}, {""attempt"": 5, ""stage"": ""charge_compatible_A"", ""reason"": ""no compatible A species""}, {""attempt"": 6, ""stage"": ""charge_compatible_A"", ""reason"": ""no compatible A species""}, {""attempt"": 7, ""stage"": ""charge_compatible_A"", ""reason"": ""no compatible A species""}, {""attempt"": 8, ""stage"": ""charge_compatible_A"", ""reason"": ""no compatible A species""}, {""attempt"": 9, ""stage"": ""charge_compatible_A"", ""reason"": ""no compatible A species""}, {""attempt"": 10, ""stage"": ""charge_compatible_A"", ""reason"": ""no compatible A species""}, {""attempt"": 11, ""stage"": ""charge_compatible_A"", ""reason"": ""no compatible A species""}, {""attempt"": 12, ""stage"": ""charge_compatible_A"", ""reason"": ""no compatible A species""}]",
cmr_e8bb6f6ece3b11691f6fbdf699fa676a,Ca:1|Co:1|N:3,property,2,1388362105,nitride,,,,Ca,Co,N,1.5399999618530273,0.0,False,12,12,0,0,0,0.0,0,0.0,,,,False,False,False,False,False,,False,False,invalid,,,3.9488437175750732,1.5430806875228882,0.004350423812866211,,True,"{""charge_compatible_A"": 12}","[{""attempt"": 1, ""stage"": ""charge_compatible_A"", ""reason"": ""no compatible A species""}, {""attempt"": 2, ""stage"": ""charge_compatible_A"", ""reason"": ""no compatible A species""}, {""attempt"": 3, ""stage"": ""charge_compatible_A"", ""reason"": ""no compatible A species""}, {""attempt"": 4, ""stage"": ""charge_compatible_A"", ""reason"": ""no compatible A species""}, {""attempt"": 5, ""stage"": ""charge_compatible_A"", ""reason"": ""no compatible A species""}, {""attempt"": 6, ""stage"": ""charge_compatible_A"", ""reason"": ""no compatible A species""}, {""attempt"": 7, ""stage"": ""charge_compatible_A"", ""reason"": ""no compatible A species""}, {""attempt"": 8, ""stage"": ""charge_compatible_A"", ""reason"": ""no compatible A species""}, {""attempt"": 9, ""stage"": ""charge_compatible_A"", ""reason"": ""no compatible A species""}, {""attempt"": 10, ""stage"": ""charge_compatible_A"", ""reason"": ""no compatible A species""}, {""attempt"": 11, ""stage"": ""charge_compatible_A"", ""reason"": ""no compatible A species""}, {""attempt"": 12, ""stage"": ""charge_compatible_A"", ""reason"": ""no compatible A species""}]",
cmr_e8bb6f6ece3b11691f6fbdf699fa676a,Ca:1|Co:1|N:3,crystal,0,1625558961,nitride,,,,Ca,Co,N,1.5399999618530273,0.0,False,12,12,0,0,0,0.0,0,0.0,,,,False,False,False,False,False,,False,False,invalid,,,3.9562032222747803,1.362286925315857,3.846806526184082,,True,"{""charge_compatible_A"": 12}","[{""attempt"": 1, ""stage"": ""charge_compatible_A"", ""reason"": ""no compatible A species""}, {""attempt"": 2, ""stage"": ""charge_compatible_A"", ""reason"": ""no compatible A species""}, {""attempt"": 3, ""stage"": ""charge_compatible_A"", ""reason"": ""no compatible A species""}, {""attempt"": 4, ""stage"": ""charge_compatible_A"", ""reason"": ""no compatible A species""}, {""attempt"": 5, ""stage"": ""charge_compatible_A"", ""reason"": ""no compatible A species""}, {""attempt"": 6, ""stage"": ""charge_compatible_A"", ""reason"": ""no compatible A species""}, {""attempt"": 7, ""stage"": ""charge_compatible_A"", ""reason"": ""no compatible A species""}, {""attempt"": 8, ""stage"": ""charge_compatible_A"", ""reason"": ""no compatible A species""}, {""attempt"": 9, ""stage"": ""charge_compatible_A"", ""reason"": ""no compatible A species""}, {""attempt"": 10, ""stage"": ""charge_compatible_A"", ""reason"": ""no compatible A species""}, {""attempt"": 11, ""stage"": ""charge_compatible_A"", ""reason"": ""no compatible A species""}, {""attempt"": 12, ""stage"": ""charge_compatible_A"", ""reason"": ""no compatible A species""}]",
cmr_e8bb6f6ece3b11691f6fbdf699fa676a,Ca:1|Co:1|N:3,crystal,1,1911842536,nitride,,,,Ca,Co,N,1.5399999618530273,0.0,False,12,12,0,0,0,0.0,0,0.0,,,,False,False,False,False,False,,False,False,invalid,,,3.9562032222747803,1.362286925315857,3.846806526184082,,True,"{""charge_compatible_A"": 12}","[{""attempt"": 1, ""stage"": ""charge_compatible_A"", ""reason"": ""no compatible A species""}, {""attempt"": 2, ""stage"": ""charge_compatible_A"", ""reason"": ""no compatible A species""}, {""attempt"": 3, ""stage"": ""charge_compatible_A"", ""reason"": ""no compatible A species""}, {""attempt"": 4, ""stage"": ""charge_compatible_A"", ""reason"": ""no compatible A species""}, {""attempt"": 5, ""stage"": ""charge_compatible_A"", ""reason"": ""no compatible A species""}, {""attempt"": 6, ""stage"": ""charge_compatible_A"", ""reason"": ""no compatible A species""}, {""attempt"": 7, ""stage"": ""charge_compatible_A"", ""reason"": ""no compatible A species""}, {""attempt"": 8, ""stage"": ""charge_compatible_A"", ""reason"": ""no compatible A species""}, {""attempt"": 9, ""stage"": ""charge_compatible_A"", ""reason"": ""no compatible A species""}, {""attempt"": 10, ""stage"": ""charge_compatible_A"", ""reason"": ""no compatible A species""}, {""attempt"": 11, ""stage"": ""charge_compatible_A"", ""reason"": ""no compatible A species""}, {""attempt"": 12, ""stage"": ""charge_compatible_A"", ""reason"": ""no compatible A species""}]",
cmr_e8bb6f6ece3b11691f6fbdf699fa676a,Ca:1|Co:1|N:3,crystal,2,1388362105,nitride,,,,Ca,Co,N,1.5399999618530273,0.0,False,12,12,0,0,0,0.0,0,0.0,,,,False,False,False,False,False,,False,False,invalid,,,3.9562032222747803,1.362286925315857,3.846806526184082,,True,"{""charge_compatible_A"": 12}","[{""attempt"": 1, ""stage"": ""charge_compatible_A"", ""reason"": ""no compatible A species""}, {""attempt"": 2, ""stage"": ""charge_compatible_A"", ""reason"": ""no compatible A species""}, {""attempt"": 3, ""stage"": ""charge_compatible_A"", ""reason"": ""no compatible A species""}, {""attempt"": 4, ""stage"": ""charge_compatible_A"", ""reason"": ""no compatible A species""}, {""attempt"": 5, ""stage"": ""charge_compatible_A"", ""reason"": ""no compatible A species""}, {""attempt"": 6, ""stage"": ""charge_compatible_A"", ""reason"": ""no compatible A species""}, {""attempt"": 7, ""stage"": ""charge_compatible_A"", ""reason"": ""no compatible A species""}, {""attempt"": 8, ""stage"": ""charge_compatible_A"", ""reason"": ""no compatible A species""}, {""attempt"": 9, ""stage"": ""charge_compatible_A"", ""reason"": ""no compatible A species""}, {""attempt"": 10, ""stage"": ""charge_compatible_A"", ""reason"": ""no compatible A species""}, {""attempt"": 11, ""stage"": ""charge_compatible_A"", ""reason"": ""no compatible A species""}, {""attempt"": 12, ""stage"": ""charge_compatible_A"", ""reason"": ""no compatible A species""}]",
cmr_e8bb6f6ece3b11691f6fbdf699fa676a,Ca:1|Co:1|N:3,joint_perturb_0p01,0,1625558961,nitride,,,,Ca,Co,N,1.5399999618530273,0.0,False,12,12,0,0,0,0.0,0,0.0,,,,False,False,False,False,False,,False,False,invalid,,,3.946249008178711,1.5558092594146729,0.00229838490486145,,True,"{""charge_compatible_A"": 12}","[{""attempt"": 1, ""stage"": ""charge_compatible_A"", ""reason"": ""no compatible A species""}, {""attempt"": 2, ""stage"": ""charge_compatible_A"", ""reason"": ""no compatible A species""}, {""attempt"": 3, ""stage"": ""charge_compatible_A"", ""reason"": ""no compatible A species""}, {""attempt"": 4, ""stage"": ""charge_compatible_A"", ""reason"": ""no compatible A species""}, {""attempt"": 5, ""stage"": ""charge_compatible_A"", ""reason"": ""no compatible A species""}, {""attempt"": 6, ""stage"": ""charge_compatible_A"", ""reason"": ""no compatible A species""}, {""attempt"": 7, ""stage"": ""charge_compatible_A"", ""reason"": ""no compatible A species""}, {""attempt"": 8, ""stage"": ""charge_compatible_A"", ""reason"": ""no compatible A species""}, {""attempt"": 9, ""stage"": ""charge_compatible_A"", ""reason"": ""no compatible A species""}, {""attempt"": 10, ""stage"": ""charge_compatible_A"", ""reason"": ""no compatible A species""}, {""attempt"": 11, ""stage"": ""charge_compatible_A"", ""reason"": ""no compatible A species""}, {""attempt"": 12, ""stage"": ""charge_compatible_A"", ""reason"": ""no compatible A species""}]",
cmr_e8bb6f6ece3b11691f6fbdf699fa676a,Ca:1|Co:1|N:3,joint_perturb_0p01,1,1911842536,nitride,,,,Ca,Co,N,1.5399999618530273,0.0,False,12,12,0,0,0,0.0,0,0.0,,,,False,False,False,False,False,,False,False,invalid,,,3.946249008178711,1.5558092594146729,0.00229838490486145,,True,"{""charge_compatible_A"": 12}","[{""attempt"": 1, ""stage"": ""charge_compatible_A"", ""reason"": ""no compatible A species""}, {""attempt"": 2, ""stage"": ""charge_compatible_A"", ""reason"": ""no compatible A species""}, {""attempt"": 3, ""stage"": ""charge_compatible_A"", ""reason"": ""no compatible A species""}, {""attempt"": 4, ""stage"": ""charge_compatible_A"", ""reason"": ""no compatible A species""}, {""attempt"": 5, ""stage"": ""charge_compatible_A"", ""reason"": ""no compatible A species""}, {""attempt"": 6, ""stage"": ""charge_compatible_A"", ""reason"": ""no compatible A species""}, {""attempt"": 7, ""stage"": ""charge_compatible_A"", ""reason"": ""no compatible A species""}, {""attempt"": 8, ""stage"": ""charge_compatible_A"", ""reason"": ""no compatible A species""}, {""attempt"": 9, ""stage"": ""charge_compatible_A"", ""reason"": ""no compatible A species""}, {""attempt"": 10, ""stage"": ""charge_compatible_A"", ""reason"": ""no compatible A species""}, {""attempt"": 11, ""stage"": ""charge_compatible_A"", ""reason"": ""no compatible A species""}, {""attempt"": 12, ""stage"": ""charge_compatible_A"", ""reason"": ""no compatible A species""}]",
cmr_e8bb6f6ece3b11691f6fbdf699fa676a,Ca:1|Co:1|N:3,joint_perturb_0p01,2,1388362105,nitride,,,,Ca,Co,N,1.5399999618530273,0.0,False,12,12,0,0,0,0.0,0,0.0,,,,False,False,False,False,False,,False,False,invalid,,,3.946249008178711,1.5558092594146729,0.00229838490486145,,True,"{""charge_compatible_A"": 12}","[{""attempt"": 1, ""stage"": ""charge_compatible_A"", ""reason"": ""no compatible A species""}, {""attempt"": 2, ""stage"": ""charge_compatible_A"", ""reason"": ""no compatible A species""}, {""attempt"": 3, ""stage"": ""charge_compatible_A"", ""reason"": ""no compatible A species""}, {""attempt"": 4, ""stage"": ""charge_compatible_A"", ""reason"": ""no compatible A species""}, {""attempt"": 5, ""stage"": ""charge_compatible_A"", ""reason"": ""no compatible A species""}, {""attempt"": 6, ""stage"": ""charge_compatible_A"", ""reason"": ""no compatible A species""}, {""attempt"": 7, ""stage"": ""charge_compatible_A"", ""reason"": ""no compatible A species""}, {""attempt"": 8, ""stage"": ""charge_compatible_A"", ""reason"": ""no compatible A species""}, {""attempt"": 9, ""stage"": ""charge_compatible_A"", ""reason"": ""no compatible A species""}, {""attempt"": 10, ""stage"": ""charge_compatible_A"", ""reason"": ""no compatible A species""}, {""attempt"": 11, ""stage"": ""charge_compatible_A"", ""reason"": ""no compatible A species""}, {""attempt"": 12, ""stage"": ""charge_compatible_A"", ""reason"": ""no compatible A species""}]",
cmr_e8bb6f6ece3b11691f6fbdf699fa676a,Ca:1|Co:1|N:3,joint_perturb_0p05,0,1625558961,nitride,,,,Ca,Co,N,1.5399999618530273,0.0,False,12,12,0,0,0,0.0,0,0.0,,,,False,False,False,False,False,,False,False,invalid,,,3.946249008178711,1.643838882446289,0.005815267562866211,,True,"{""charge_compatible_A"": 12}","[{""attempt"": 1, ""stage"": ""charge_compatible_A"", ""reason"": ""no compatible A species""}, {""attempt"": 2, ""stage"": ""charge_compatible_A"", ""reason"": ""no compatible A species""}, {""attempt"": 3, ""stage"": ""charge_compatible_A"", ""reason"": ""no compatible A species""}, {""attempt"": 4, ""stage"": ""charge_compatible_A"", ""reason"": ""no compatible A species""}, {""attempt"": 5, ""stage"": ""charge_compatible_A"", ""reason"": ""no compatible A species""}, {""attempt"": 6, ""stage"": ""charge_compatible_A"", ""reason"": ""no compatible A species""}, {""attempt"": 7, ""stage"": ""charge_compatible_A"", ""reason"": ""no compatible A species""}, {""attempt"": 8, ""stage"": ""charge_compatible_A"", ""reason"": ""no compatible A species""}, {""attempt"": 9, ""stage"": ""charge_compatible_A"", ""reason"": ""no compatible A species""}, {""attempt"": 10, ""stage"": ""charge_compatible_A"", ""reason"": ""no compatible A species""}, {""attempt"": 11, ""stage"": ""charge_compatible_A"", ""reason"": ""no compatible A species""}, {""attempt"": 12, ""stage"": ""charge_compatible_A"", ""reason"": ""no compatible A species""}]",
cmr_e8bb6f6ece3b11691f6fbdf699fa676a,Ca:1|Co:1|N:3,joint_perturb_0p05,1,1911842536,nitride,,,,Ca,Co,N,1.5399999618530273,0.0,False,12,12,0,0,0,0.0,0,0.0,,,,False,False,False,False,False,,False,False,invalid,,,3.946249008178711,1.643838882446289,0.005815267562866211,,True,"{""charge_compatible_A"": 12}","[{""attempt"": 1, ""stage"": ""charge_compatible_A"", ""reason"": ""no compatible A species""}, {""attempt"": 2, ""stage"": ""charge_compatible_A"", ""reason"": ""no compatible A species""}, {""attempt"": 3, ""stage"": ""charge_compatible_A"", ""reason"": ""no compatible A species""}, {""attempt"": 4, ""stage"": ""charge_compatible_A"", ""reason"": ""no compatible A species""}, {""attempt"": 5, ""stage"": ""charge_compatible_A"", ""reason"": ""no compatible A species""}, {""attempt"": 6, ""stage"": ""charge_compatible_A"", ""reason"": ""no compatible A species""}, {""attempt"": 7, ""stage"": ""charge_compatible_A"", ""reason"": ""no compatible A species""}, {""attempt"": 8, ""stage"": ""charge_compatible_A"", ""reason"": ""no compatible A species""}, {""attempt"": 9, ""stage"": ""charge_compatible_A"", ""reason"": ""no compatible A species""}, {""attempt"": 10, ""stage"": ""charge_compatible_A"", ""reason"": ""no compatible A species""}, {""attempt"": 11, ""stage"": ""charge_compatible_A"", ""reason"": ""no compatible A species""}, {""attempt"": 12, ""stage"": ""charge_compatible_A"", ""reason"": ""no compatible A species""}]",
cmr_e8bb6f6ece3b11691f6fbdf699fa676a,Ca:1|Co:1|N:3,joint_perturb_0p05,2,1388362105,nitride,,,,Ca,Co,N,1.5399999618530273,0.0,False,12,12,0,0,0,0.0,0,0.0,,,,False,False,False,False,False,,False,False,invalid,,,3.946249008178711,1.643838882446289,0.005815267562866211,,True,"{""charge_compatible_A"": 12}","[{""attempt"": 1, ""stage"": ""charge_compatible_A"", ""reason"": ""no compatible A species""}, {""attempt"": 2, ""stage"": ""charge_compatible_A"", ""reason"": ""no compatible A species""}, {""attempt"": 3, ""stage"": ""charge_compatible_A"", ""reason"": ""no compatible A species""}, {""attempt"": 4, ""stage"": ""charge_compatible_A"", ""reason"": ""no compatible A species""}, {""attempt"": 5, ""stage"": ""charge_compatible_A"", ""reason"": ""no compatible A species""}, {""attempt"": 6, ""stage"": ""charge_compatible_A"", ""reason"": ""no compatible A species""}, {""attempt"": 7, ""stage"": ""charge_compatible_A"", ""reason"": ""no compatible A species""}, {""attempt"": 8, ""stage"": ""charge_compatible_A"", ""reason"": ""no compatible A species""}, {""attempt"": 9, ""stage"": ""charge_compatible_A"", ""reason"": ""no compatible A species""}, {""attempt"": 10, ""stage"": ""charge_compatible_A"", ""reason"": ""no compatible A species""}, {""attempt"": 11, ""stage"": ""charge_compatible_A"", ""reason"": ""no compatible A species""}, {""attempt"": 12, ""stage"": ""charge_compatible_A"", ""reason"": ""no compatible A species""}]",
cmr_fa3beecfda0e2ee6c4c5dd7cb9227cca,Ca:1|N:3|Zr:1,joint,0,1987583405,nitride,,,,Ca,Zr,N,1.340000033378601,0.0,False,12,12,0,0,0,0.0,0,0.0,,,,False,False,False,False,False,,False,False,invalid,,,3.95296573638916,1.3409978151321411,0.0031122565269470215,,True,"{""charge_compatible_A"": 12}","[{""attempt"": 1, ""stage"": ""charge_compatible_A"", ""reason"": ""no compatible A species""}, {""attempt"": 2, ""stage"": ""charge_compatible_A"", ""reason"": ""no compatible A species""}, {""attempt"": 3, ""stage"": ""charge_compatible_A"", ""reason"": ""no compatible A species""}, {""attempt"": 4, ""stage"": ""charge_compatible_A"", ""reason"": ""no compatible A species""}, {""attempt"": 5, ""stage"": ""charge_compatible_A"", ""reason"": ""no compatible A species""}, {""attempt"": 6, ""stage"": ""charge_compatible_A"", ""reason"": ""no compatible A species""}, {""attempt"": 7, ""stage"": ""charge_compatible_A"", ""reason"": ""no compatible A species""}, {""attempt"": 8, ""stage"": ""charge_compatible_A"", ""reason"": ""no compatible A species""}, {""attempt"": 9, ""stage"": ""charge_compatible_A"", ""reason"": ""no compatible A species""}, {""attempt"": 10, ""stage"": ""charge_compatible_A"", ""reason"": ""no compatible A species""}, {""attempt"": 11, ""stage"": ""charge_compatible_A"", ""reason"": ""no compatible A species""}, {""attempt"": 12, ""stage"": ""charge_compatible_A"", ""reason"": ""no compatible A species""}]",
cmr_fa3beecfda0e2ee6c4c5dd7cb9227cca,Ca:1|N:3|Zr:1,joint,1,694388398,nitride,,,,Ca,Zr,N,1.340000033378601,0.0,False,12,12,0,0,0,0.0,0,0.0,,,,False,False,False,False,False,,False,False,invalid,,,3.95296573638916,1.3409978151321411,0.0031122565269470215,,True,"{""charge_compatible_A"": 12}","[{""attempt"": 1, ""stage"": ""charge_compatible_A"", ""reason"": ""no compatible A species""}, {""attempt"": 2, ""stage"": ""charge_compatible_A"", ""reason"": ""no compatible A species""}, {""attempt"": 3, ""stage"": ""charge_compatible_A"", ""reason"": ""no compatible A species""}, {""attempt"": 4, ""stage"": ""charge_compatible_A"", ""reason"": ""no compatible A species""}, {""attempt"": 5, ""stage"": ""charge_compatible_A"", ""reason"": ""no compatible A species""}, {""attempt"": 6, ""stage"": ""charge_compatible_A"", ""reason"": ""no compatible A species""}, {""attempt"": 7, ""stage"": ""charge_compatible_A"", ""reason"": ""no compatible A species""}, {""attempt"": 8, ""stage"": ""charge_compatible_A"", ""reason"": ""no compatible A species""}, {""attempt"": 9, ""stage"": ""charge_compatible_A"", ""reason"": ""no compatible A species""}, {""attempt"": 10, ""stage"": ""charge_compatible_A"", ""reason"": ""no compatible A species""}, {""attempt"": 11, ""stage"": ""charge_compatible_A"", ""reason"": ""no compatible A species""}, {""attempt"": 12, ""stage"": ""charge_compatible_A"", ""reason"": ""no compatible A species""}]",
cmr_fa3beecfda0e2ee6c4c5dd7cb9227cca,Ca:1|N:3|Zr:1,joint,2,1380185573,nitride,,,,Ca,Zr,N,1.340000033378601,0.0,False,12,12,0,0,0,0.0,0,0.0,,,,False,False,False,False,False,,False,False,invalid,,,3.95296573638916,1.3409978151321411,0.0031122565269470215,,True,"{""charge_compatible_A"": 12}","[{""attempt"": 1, ""stage"": ""charge_compatible_A"", ""reason"": ""no compatible A species""}, {""attempt"": 2, ""stage"": ""charge_compatible_A"", ""reason"": ""no compatible A species""}, {""attempt"": 3, ""stage"": ""charge_compatible_A"", ""reason"": ""no compatible A species""}, {""attempt"": 4, ""stage"": ""charge_compatible_A"", ""reason"": ""no compatible A species""}, {""attempt"": 5, ""stage"": ""charge_compatible_A"", ""reason"": ""no compatible A species""}, {""attempt"": 6, ""stage"": ""charge_compatible_A"", ""reason"": ""no compatible A species""}, {""attempt"": 7, ""stage"": ""charge_compatible_A"", ""reason"": ""no compatible A species""}, {""attempt"": 8, ""stage"": ""charge_compatible_A"", ""reason"": ""no compatible A species""}, {""attempt"": 9, ""stage"": ""charge_compatible_A"", ""reason"": ""no compatible A species""}, {""attempt"": 10, ""stage"": ""charge_compatible_A"", ""reason"": ""no compatible A species""}, {""attempt"": 11, ""stage"": ""charge_compatible_A"", ""reason"": ""no compatible A species""}, {""attempt"": 12, ""stage"": ""charge_compatible_A"", ""reason"": ""no compatible A species""}]",
cmr_fa3beecfda0e2ee6c4c5dd7cb9227cca,Ca:1|N:3|Zr:1,fixed_real,0,1987583405,nitride,cmr_11dacddcba738021fcb7a8ad9b578f91,False,False,Ca,Zr,N,1.340000033378601,0.0,False,12,12,0,0,0,0.0,0,0.0,,,,False,False,False,False,False,,False,False,invalid,,,3.95226788520813,1.8354103565216064,0.005299866199493408,,True,"{""charge_compatible_A"": 12}","[{""attempt"": 1, ""stage"": ""charge_compatible_A"", ""reason"": ""no compatible A species""}, {""attempt"": 2, ""stage"": ""charge_compatible_A"", ""reason"": ""no compatible A species""}, {""attempt"": 3, ""stage"": ""charge_compatible_A"", ""reason"": ""no compatible A species""}, {""attempt"": 4, ""stage"": ""charge_compatible_A"", ""reason"": ""no compatible A species""}, {""attempt"": 5, ""stage"": ""charge_compatible_A"", ""reason"": ""no compatible A species""}, {""attempt"": 6, ""stage"": ""charge_compatible_A"", ""reason"": ""no compatible A species""}, {""attempt"": 7, ""stage"": ""charge_compatible_A"", ""reason"": ""no compatible A species""}, {""attempt"": 8, ""stage"": ""charge_compatible_A"", ""reason"": ""no compatible A species""}, {""attempt"": 9, ""stage"": ""charge_compatible_A"", ""reason"": ""no compatible A species""}, {""attempt"": 10, ""stage"": ""charge_compatible_A"", ""reason"": ""no compatible A species""}, {""attempt"": 11, ""stage"": ""charge_compatible_A"", ""reason"": ""no compatible A species""}, {""attempt"": 12, ""stage"": ""charge_compatible_A"", ""reason"": ""no compatible A species""}]",
cmr_fa3beecfda0e2ee6c4c5dd7cb9227cca,Ca:1|N:3|Zr:1,fixed_real,1,694388398,nitride,cmr_11dacddcba738021fcb7a8ad9b578f91,False,False,Ca,Zr,N,1.340000033378601,0.0,False,12,12,0,0,0,0.0,0,0.0,,,,False,False,False,False,False,,False,False,invalid,,,3.95226788520813,1.8354103565216064,0.005299866199493408,,True,"{""charge_compatible_A"": 12}","[{""attempt"": 1, ""stage"": ""charge_compatible_A"", ""reason"": ""no compatible A species""}, {""attempt"": 2, ""stage"": ""charge_compatible_A"", ""reason"": ""no compatible A species""}, {""attempt"": 3, ""stage"": ""charge_compatible_A"", ""reason"": ""no compatible A species""}, {""attempt"": 4, ""stage"": ""charge_compatible_A"", ""reason"": ""no compatible A species""}, {""attempt"": 5, ""stage"": ""charge_compatible_A"", ""reason"": ""no compatible A species""}, {""attempt"": 6, ""stage"": ""charge_compatible_A"", ""reason"": ""no compatible A species""}, {""attempt"": 7, ""stage"": ""charge_compatible_A"", ""reason"": ""no compatible A species""}, {""attempt"": 8, ""stage"": ""charge_compatible_A"", ""reason"": ""no compatible A species""}, {""attempt"": 9, ""stage"": ""charge_compatible_A"", ""reason"": ""no compatible A species""}, {""attempt"": 10, ""stage"": ""charge_compatible_A"", ""reason"": ""no compatible A species""}, {""attempt"": 11, ""stage"": ""charge_compatible_A"", ""reason"": ""no compatible A species""}, {""attempt"": 12, ""stage"": ""charge_compatible_A"", ""reason"": ""no compatible A species""}]",
cmr_fa3beecfda0e2ee6c4c5dd7cb9227cca,Ca:1|N:3|Zr:1,fixed_real,2,1380185573,nitride,cmr_11dacddcba738021fcb7a8ad9b578f91,False,False,Ca,Zr,N,1.340000033378601,0.0,False,12,12,0,0,0,0.0,0,0.0,,,,False,False,False,False,False,,False,False,invalid,,,3.95226788520813,1.8354103565216064,0.005299866199493408,,True,"{""charge_compatible_A"": 12}","[{""attempt"": 1, ""stage"": ""charge_compatible_A"", ""reason"": ""no compatible A species""}, {""attempt"": 2, ""stage"": ""charge_compatible_A"", ""reason"": ""no compatible A species""}, {""attempt"": 3, ""stage"": ""charge_compatible_A"", ""reason"": ""no compatible A species""}, {""attempt"": 4, ""stage"": ""charge_compatible_A"", ""reason"": ""no compatible A species""}, {""attempt"": 5, ""stage"": ""charge_compatible_A"", ""reason"": ""no compatible A species""}, {""attempt"": 6, ""stage"": ""charge_compatible_A"", ""reason"": ""no compatible A species""}, {""attempt"": 7, ""stage"": ""charge_compatible_A"", ""reason"": ""no compatible A species""}, {""attempt"": 8, ""stage"": ""charge_compatible_A"", ""reason"": ""no compatible A species""}, {""attempt"": 9, ""stage"": ""charge_compatible_A"", ""reason"": ""no compatible A species""}, {""attempt"": 10, ""stage"": ""charge_compatible_A"", ""reason"": ""no compatible A species""}, {""attempt"": 11, ""stage"": ""charge_compatible_A"", ""reason"": ""no compatible A species""}, {""attempt"": 12, ""stage"": ""charge_compatible_A"", ""reason"": ""no compatible A species""}]",
cmr_fa3beecfda0e2ee6c4c5dd7cb9227cca,Ca:1|N:3|Zr:1,property,0,1987583405,nitride,,,,Ca,Zr,N,1.340000033378601,0.0,False,12,12,0,0,0,0.0,0,0.0,,,,False,False,False,False,False,,False,False,invalid,,,3.948923349380493,1.3411359786987305,0.005257636308670044,,True,"{""charge_compatible_A"": 12}","[{""attempt"": 1, ""stage"": ""charge_compatible_A"", ""reason"": ""no compatible A species""}, {""attempt"": 2, ""stage"": ""charge_compatible_A"", ""reason"": ""no compatible A species""}, {""attempt"": 3, ""stage"": ""charge_compatible_A"", ""reason"": ""no compatible A species""}, {""attempt"": 4, ""stage"": ""charge_compatible_A"", ""reason"": ""no compatible A species""}, {""attempt"": 5, ""stage"": ""charge_compatible_A"", ""reason"": ""no compatible A species""}, {""attempt"": 6, ""stage"": ""charge_compatible_A"", ""reason"": ""no compatible A species""}, {""attempt"": 7, ""stage"": ""charge_compatible_A"", ""reason"": ""no compatible A species""}, {""attempt"": 8, ""stage"": ""charge_compatible_A"", ""reason"": ""no compatible A species""}, {""attempt"": 9, ""stage"": ""charge_compatible_A"", ""reason"": ""no compatible A species""}, {""attempt"": 10, ""stage"": ""charge_compatible_A"", ""reason"": ""no compatible A species""}, {""attempt"": 11, ""stage"": ""charge_compatible_A"", ""reason"": ""no compatible A species""}, {""attempt"": 12, ""stage"": ""charge_compatible_A"", ""reason"": ""no compatible A species""}]",
cmr_fa3beecfda0e2ee6c4c5dd7cb9227cca,Ca:1|N:3|Zr:1,property,1,694388398,nitride,,,,Ca,Zr,N,1.340000033378601,0.0,False,12,12,0,0,0,0.0,0,0.0,,,,False,False,False,False,False,,False,False,invalid,,,3.948923349380493,1.3411359786987305,0.005257636308670044,,True,"{""charge_compatible_A"": 12}","[{""attempt"": 1, ""stage"": ""charge_compatible_A"", ""reason"": ""no compatible A species""}, {""attempt"": 2, ""stage"": ""charge_compatible_A"", ""reason"": ""no compatible A species""}, {""attempt"": 3, ""stage"": ""charge_compatible_A"", ""reason"": ""no compatible A species""}, {""attempt"": 4, ""stage"": ""charge_compatible_A"", ""reason"": ""no compatible A species""}, {""attempt"": 5, ""stage"": ""charge_compatible_A"", ""reason"": ""no compatible A species""}, {""attempt"": 6, ""stage"": ""charge_compatible_A"", ""reason"": ""no compatible A species""}, {""attempt"": 7, ""stage"": ""charge_compatible_A"", ""reason"": ""no compatible A species""}, {""attempt"": 8, ""stage"": ""charge_compatible_A"", ""reason"": ""no compatible A species""}, {""attempt"": 9, ""stage"": ""charge_compatible_A"", ""reason"": ""no compatible A species""}, {""attempt"": 10, ""stage"": ""charge_compatible_A"", ""reason"": ""no compatible A species""}, {""attempt"": 11, ""stage"": ""charge_compatible_A"", ""reason"": ""no compatible A species""}, {""attempt"": 12, ""stage"": ""charge_compatible_A"", ""reason"": ""no compatible A species""}]",
cmr_fa3beecfda0e2ee6c4c5dd7cb9227cca,Ca:1|N:3|Zr:1,property,2,1380185573,nitride,,,,Ca,Zr,N,1.340000033378601,0.0,False,12,12,0,0,0,0.0,0,0.0,,,,False,False,False,False,False,,False,False,invalid,,,3.948923349380493,1.3411359786987305,0.005257636308670044,,True,"{""charge_compatible_A"": 12}","[{""attempt"": 1, ""stage"": ""charge_compatible_A"", ""reason"": ""no compatible A species""}, {""attempt"": 2, ""stage"": ""charge_compatible_A"", ""reason"": ""no compatible A species""}, {""attempt"": 3, ""stage"": ""charge_compatible_A"", ""reason"": ""no compatible A species""}, {""attempt"": 4, ""stage"": ""charge_compatible_A"", ""reason"": ""no compatible A species""}, {""attempt"": 5, ""stage"": ""charge_compatible_A"", ""reason"": ""no compatible A species""}, {""attempt"": 6, ""stage"": ""charge_compatible_A"", ""reason"": ""no compatible A species""}, {""attempt"": 7, ""stage"": ""charge_compatible_A"", ""reason"": ""no compatible A species""}, {""attempt"": 8, ""stage"": ""charge_compatible_A"", ""reason"": ""no compatible A species""}, {""attempt"": 9, ""stage"": ""charge_compatible_A"", ""reason"": ""no compatible A species""}, {""attempt"": 10, ""stage"": ""charge_compatible_A"", ""reason"": ""no compatible A species""}, {""attempt"": 11, ""stage"": ""charge_compatible_A"", ""reason"": ""no compatible A species""}, {""attempt"": 12, ""stage"": ""charge_compatible_A"", ""reason"": ""no compatible A species""}]",
cmr_fa3beecfda0e2ee6c4c5dd7cb9227cca,Ca:1|N:3|Zr:1,crystal,0,1987583405,nitride,,,,Ca,Zr,N,1.340000033378601,0.0,False,12,12,0,0,0,0.0,0,0.0,,,,False,False,False,False,False,,False,False,invalid,,,3.968294143676758,1.1020606756210327,2.6526546478271484,,True,"{""charge_compatible_A"": 12}","[{""attempt"": 1, ""stage"": ""charge_compatible_A"", ""reason"": ""no compatible A species""}, {""attempt"": 2, ""stage"": ""charge_compatible_A"", ""reason"": ""no compatible A species""}, {""attempt"": 3, ""stage"": ""charge_compatible_A"", ""reason"": ""no compatible A species""}, {""attempt"": 4, ""stage"": ""charge_compatible_A"", ""reason"": ""no compatible A species""}, {""attempt"": 5, ""stage"": ""charge_compatible_A"", ""reason"": ""no compatible A species""}, {""attempt"": 6, ""stage"": ""charge_compatible_A"", ""reason"": ""no compatible A species""}, {""attempt"": 7, ""stage"": ""charge_compatible_A"", ""reason"": ""no compatible A species""}, {""attempt"": 8, ""stage"": ""charge_compatible_A"", ""reason"": ""no compatible A species""}, {""attempt"": 9, ""stage"": ""charge_compatible_A"", ""reason"": ""no compatible A species""}, {""attempt"": 10, ""stage"": ""charge_compatible_A"", ""reason"": ""no compatible A species""}, {""attempt"": 11, ""stage"": ""charge_compatible_A"", ""reason"": ""no compatible A species""}, {""attempt"": 12, ""stage"": ""charge_compatible_A"", ""reason"": ""no compatible A species""}]",
cmr_fa3beecfda0e2ee6c4c5dd7cb9227cca,Ca:1|N:3|Zr:1,crystal,1,694388398,nitride,,,,Ca,Zr,N,1.340000033378601,0.0,False,12,12,0,0,0,0.0,0,0.0,,,,False,False,False,False,False,,False,False,invalid,,,3.968294143676758,1.1020606756210327,2.6526546478271484,,True,"{""charge_compatible_A"": 12}","[{""attempt"": 1, ""stage"": ""charge_compatible_A"", ""reason"": ""no compatible A species""}, {""attempt"": 2, ""stage"": ""charge_compatible_A"", ""reason"": ""no compatible A species""}, {""attempt"": 3, ""stage"": ""charge_compatible_A"", ""reason"": ""no compatible A species""}, {""attempt"": 4, ""stage"": ""charge_compatible_A"", ""reason"": ""no compatible A species""}, {""attempt"": 5, ""stage"": ""charge_compatible_A"", ""reason"": ""no compatible A species""}, {""attempt"": 6, ""stage"": ""charge_compatible_A"", ""reason"": ""no compatible A species""}, {""attempt"": 7, ""stage"": ""charge_compatible_A"", ""reason"": ""no compatible A species""}, {""attempt"": 8, ""stage"": ""charge_compatible_A"", ""reason"": ""no compatible A species""}, {""attempt"": 9, ""stage"": ""charge_compatible_A"", ""reason"": ""no compatible A species""}, {""attempt"": 10, ""stage"": ""charge_compatible_A"", ""reason"": ""no compatible A species""}, {""attempt"": 11, ""stage"": ""charge_compatible_A"", ""reason"": ""no compatible A species""}, {""attempt"": 12, ""stage"": ""charge_compatible_A"", ""reason"": ""no compatible A species""}]",
cmr_fa3beecfda0e2ee6c4c5dd7cb9227cca,Ca:1|N:3|Zr:1,crystal,2,1380185573,nitride,,,,Ca,Zr,N,1.340000033378601,0.0,False,12,12,0,0,0,0.0,0,0.0,,,,False,False,False,False,False,,False,False,invalid,,,3.968294143676758,1.1020606756210327,2.6526546478271484,,True,"{""charge_compatible_A"": 12}","[{""attempt"": 1, ""stage"": ""charge_compatible_A"", ""reason"": ""no compatible A species""}, {""attempt"": 2, ""stage"": ""charge_compatible_A"", ""reason"": ""no compatible A species""}, {""attempt"": 3, ""stage"": ""charge_compatible_A"", ""reason"": ""no compatible A species""}, {""attempt"": 4, ""stage"": ""charge_compatible_A"", ""reason"": ""no compatible A species""}, {""attempt"": 5, ""stage"": ""charge_compatible_A"", ""reason"": ""no compatible A species""}, {""attempt"": 6, ""stage"": ""charge_compatible_A"", ""reason"": ""no compatible A species""}, {""attempt"": 7, ""stage"": ""charge_compatible_A"", ""reason"": ""no compatible A species""}, {""attempt"": 8, ""stage"": ""charge_compatible_A"", ""reason"": ""no compatible A species""}, {""attempt"": 9, ""stage"": ""charge_compatible_A"", ""reason"": ""no compatible A species""}, {""attempt"": 10, ""stage"": ""charge_compatible_A"", ""reason"": ""no compatible A species""}, {""attempt"": 11, ""stage"": ""charge_compatible_A"", ""reason"": ""no compatible A species""}, {""attempt"": 12, ""stage"": ""charge_compatible_A"", ""reason"": ""no compatible A species""}]",
cmr_fa3beecfda0e2ee6c4c5dd7cb9227cca,Ca:1|N:3|Zr:1,joint_perturb_0p01,0,1987583405,nitride,,,,Ca,Zr,N,1.340000033378601,0.0,False,12,12,0,0,0,0.0,0,0.0,,,,False,False,False,False,False,,False,False,invalid,,,3.9529342651367188,1.3112279176712036,-0.0007700324058532715,,True,"{""charge_compatible_A"": 12}","[{""attempt"": 1, ""stage"": ""charge_compatible_A"", ""reason"": ""no compatible A species""}, {""attempt"": 2, ""stage"": ""charge_compatible_A"", ""reason"": ""no compatible A species""}, {""attempt"": 3, ""stage"": ""charge_compatible_A"", ""reason"": ""no compatible A species""}, {""attempt"": 4, ""stage"": ""charge_compatible_A"", ""reason"": ""no compatible A species""}, {""attempt"": 5, ""stage"": ""charge_compatible_A"", ""reason"": ""no compatible A species""}, {""attempt"": 6, ""stage"": ""charge_compatible_A"", ""reason"": ""no compatible A species""}, {""attempt"": 7, ""stage"": ""charge_compatible_A"", ""reason"": ""no compatible A species""}, {""attempt"": 8, ""stage"": ""charge_compatible_A"", ""reason"": ""no compatible A species""}, {""attempt"": 9, ""stage"": ""charge_compatible_A"", ""reason"": ""no compatible A species""}, {""attempt"": 10, ""stage"": ""charge_compatible_A"", ""reason"": ""no compatible A species""}, {""attempt"": 11, ""stage"": ""charge_compatible_A"", ""reason"": ""no compatible A species""}, {""attempt"": 12, ""stage"": ""charge_compatible_A"", ""reason"": ""no compatible A species""}]",
cmr_fa3beecfda0e2ee6c4c5dd7cb9227cca,Ca:1|N:3|Zr:1,joint_perturb_0p01,1,694388398,nitride,,,,Ca,Zr,N,1.340000033378601,0.0,False,12,12,0,0,0,0.0,0,0.0,,,,False,False,False,False,False,,False,False,invalid,,,3.9529342651367188,1.3112279176712036,-0.0007700324058532715,,True,"{""charge_compatible_A"": 12}","[{""attempt"": 1, ""stage"": ""charge_compatible_A"", ""reason"": ""no compatible A species""}, {""attempt"": 2, ""stage"": ""charge_compatible_A"", ""reason"": ""no compatible A species""}, {""attempt"": 3, ""stage"": ""charge_compatible_A"", ""reason"": ""no compatible A species""}, {""attempt"": 4, ""stage"": ""charge_compatible_A"", ""reason"": ""no compatible A species""}, {""attempt"": 5, ""stage"": ""charge_compatible_A"", ""reason"": ""no compatible A species""}, {""attempt"": 6, ""stage"": ""charge_compatible_A"", ""reason"": ""no compatible A species""}, {""attempt"": 7, ""stage"": ""charge_compatible_A"", ""reason"": ""no compatible A species""}, {""attempt"": 8, ""stage"": ""charge_compatible_A"", ""reason"": ""no compatible A species""}, {""attempt"": 9, ""stage"": ""charge_compatible_A"", ""reason"": ""no compatible A species""}, {""attempt"": 10, ""stage"": ""charge_compatible_A"", ""reason"": ""no compatible A species""}, {""attempt"": 11, ""stage"": ""charge_compatible_A"", ""reason"": ""no compatible A species""}, {""attempt"": 12, ""stage"": ""charge_compatible_A"", ""reason"": ""no compatible A species""}]",
cmr_fa3beecfda0e2ee6c4c5dd7cb9227cca,Ca:1|N:3|Zr:1,joint_perturb_0p01,2,1380185573,nitride,,,,Ca,Zr,N,1.340000033378601,0.0,False,12,12,0,0,0,0.0,0,0.0,,,,False,False,False,False,False,,False,False,invalid,,,3.9529342651367188,1.3112279176712036,-0.0007700324058532715,,True,"{""charge_compatible_A"": 12}","[{""attempt"": 1, ""stage"": ""charge_compatible_A"", ""reason"": ""no compatible A species""}, {""attempt"": 2, ""stage"": ""charge_compatible_A"", ""reason"": ""no compatible A species""}, {""attempt"": 3, ""stage"": ""charge_compatible_A"", ""reason"": ""no compatible A species""}, {""attempt"": 4, ""stage"": ""charge_compatible_A"", ""reason"": ""no compatible A species""}, {""attempt"": 5, ""stage"": ""charge_compatible_A"", ""reason"": ""no compatible A species""}, {""attempt"": 6, ""stage"": ""charge_compatible_A"", ""reason"": ""no compatible A species""}, {""attempt"": 7, ""stage"": ""charge_compatible_A"", ""reason"": ""no compatible A species""}, {""attempt"": 8, ""stage"": ""charge_compatible_A"", ""reason"": ""no compatible A species""}, {""attempt"": 9, ""stage"": ""charge_compatible_A"", ""reason"": ""no compatible A species""}, {""attempt"": 10, ""stage"": ""charge_compatible_A"", ""reason"": ""no compatible A species""}, {""attempt"": 11, ""stage"": ""charge_compatible_A"", ""reason"": ""no compatible A species""}, {""attempt"": 12, ""stage"": ""charge_compatible_A"", ""reason"": ""no compatible A species""}]",
cmr_fa3beecfda0e2ee6c4c5dd7cb9227cca,Ca:1|N:3|Zr:1,joint_perturb_0p05,0,1987583405,nitride,,,,Ca,Zr,N,1.340000033378601,0.0,False,12,12,0,0,0,0.0,0,0.0,,,,False,False,False,False,False,,False,False,invalid,,,3.952807664871216,1.1873351335525513,-0.016179025173187256,,True,"{""charge_compatible_A"": 12}","[{""attempt"": 1, ""stage"": ""charge_compatible_A"", ""reason"": ""no compatible A species""}, {""attempt"": 2, ""stage"": ""charge_compatible_A"", ""reason"": ""no compatible A species""}, {""attempt"": 3, ""stage"": ""charge_compatible_A"", ""reason"": ""no compatible A species""}, {""attempt"": 4, ""stage"": ""charge_compatible_A"", ""reason"": ""no compatible A species""}, {""attempt"": 5, ""stage"": ""charge_compatible_A"", ""reason"": ""no compatible A species""}, {""attempt"": 6, ""stage"": ""charge_compatible_A"", ""reason"": ""no compatible A species""}, {""attempt"": 7, ""stage"": ""charge_compatible_A"", ""reason"": ""no compatible A species""}, {""attempt"": 8, ""stage"": ""charge_compatible_A"", ""reason"": ""no compatible A species""}, {""attempt"": 9, ""stage"": ""charge_compatible_A"", ""reason"": ""no compatible A species""}, {""attempt"": 10, ""stage"": ""charge_compatible_A"", ""reason"": ""no compatible A species""}, {""attempt"": 11, ""stage"": ""charge_compatible_A"", ""reason"": ""no compatible A species""}, {""attempt"": 12, ""stage"": ""charge_compatible_A"", ""reason"": ""no compatible A species""}]",
cmr_fa3beecfda0e2ee6c4c5dd7cb9227cca,Ca:1|N:3|Zr:1,joint_perturb_0p05,1,694388398,nitride,,,,Ca,Zr,N,1.340000033378601,0.0,False,12,12,0,0,0,0.0,0,0.0,,,,False,False,False,False,False,,False,False,invalid,,,3.952807664871216,1.1873351335525513,-0.016179025173187256,,True,"{""charge_compatible_A"": 12}","[{""attempt"": 1, ""stage"": ""charge_compatible_A"", ""reason"": ""no compatible A species""}, {""attempt"": 2, ""stage"": ""charge_compatible_A"", ""reason"": ""no compatible A species""}, {""attempt"": 3, ""stage"": ""charge_compatible_A"", ""reason"": ""no compatible A species""}, {""attempt"": 4, ""stage"": ""charge_compatible_A"", ""reason"": ""no compatible A species""}, {""attempt"": 5, ""stage"": ""charge_compatible_A"", ""reason"": ""no compatible A species""}, {""attempt"": 6, ""stage"": ""charge_compatible_A"", ""reason"": ""no compatible A species""}, {""attempt"": 7, ""stage"": ""charge_compatible_A"", ""reason"": ""no compatible A species""}, {""attempt"": 8, ""stage"": ""charge_compatible_A"", ""reason"": ""no compatible A species""}, {""attempt"": 9, ""stage"": ""charge_compatible_A"", ""reason"": ""no compatible A species""}, {""attempt"": 10, ""stage"": ""charge_compatible_A"", ""reason"": ""no compatible A species""}, {""attempt"": 11, ""stage"": ""charge_compatible_A"", ""reason"": ""no compatible A species""}, {""attempt"": 12, ""stage"": ""charge_compatible_A"", ""reason"": ""no compatible A species""}]",
cmr_fa3beecfda0e2ee6c4c5dd7cb9227cca,Ca:1|N:3|Zr:1,joint_perturb_0p05,2,1380185573,nitride,,,,Ca,Zr,N,1.340000033378601,0.0,False,12,12,0,0,0,0.0,0,0.0,,,,False,False,False,False,False,,False,False,invalid,,,3.952807664871216,1.1873351335525513,-0.016179025173187256,,True,"{""charge_compatible_A"": 12}","[{""attempt"": 1, ""stage"": ""charge_compatible_A"", ""reason"": ""no compatible A species""}, {""attempt"": 2, ""stage"": ""charge_compatible_A"", ""reason"": ""no compatible A species""}, {""attempt"": 3, ""stage"": ""charge_compatible_A"", ""reason"": ""no compatible A species""}, {""attempt"": 4, ""stage"": ""charge_compatible_A"", ""reason"": ""no compatible A species""}, {""attempt"": 5, ""stage"": ""charge_compatible_A"", ""reason"": ""no compatible A species""}, {""attempt"": 6, ""stage"": ""charge_compatible_A"", ""reason"": ""no compatible A species""}, {""attempt"": 7, ""stage"": ""charge_compatible_A"", ""reason"": ""no compatible A species""}, {""attempt"": 8, ""stage"": ""charge_compatible_A"", ""reason"": ""no compatible A species""}, {""attempt"": 9, ""stage"": ""charge_compatible_A"", ""reason"": ""no compatible A species""}, {""attempt"": 10, ""stage"": ""charge_compatible_A"", ""reason"": ""no compatible A species""}, {""attempt"": 11, ""stage"": ""charge_compatible_A"", ""reason"": ""no compatible A species""}, {""attempt"": 12, ""stage"": ""charge_compatible_A"", ""reason"": ""no compatible A species""}]",
